date,day_of_week,session,order_placed_time,order_completed_time,direction,entry_price,sl_price,tp_price,exit_price,sl_size,probability,result,realised_r,exit_reason,max_r_reached,terminal_r,terminal_reason,be_moved,checkpoints,bars_held,trade_duration,sl_excursion_pips,taken,applied_threshold,applied_max_sl_pips,applied_tp_multiple,mitigation_time,entry_deferred,ob_top,ob_bottom,ob_touch_no,excluded_gates
2023-01-03,Tuesday,london,2023-01-03 07:00:00+00:00,2023-01-03 20:00:00+00:00,bearish,138.219,138.781,135.97099999999995,138.219,0.5620000000000118,-1.759393187604514,breakeven,0.0,be_stop,1.4893238434163194,0.0,be_stop,True,1,13,0 days 13:00:00,5.000000000001137,False,-31.61,22.0,4.0,2023-01-03 06:00:00+00:00,True,138.761,138.44,1,daily_mitigation_ob_caused_displacement;daily_mitigation_ob_caused_imbalance;daily_mitigation_ob_flip_zone;daily_mitigation_ob_has_inducement;daily_mitigation_ob_swept_liquidity;daily_mitigation_ob_swept_liquidity_fractal;daily_mitigation_ob_swept_liquidity_fvg;daily_mitigation_ob_swept_liquidity_internal;daily_mitigation_ob_swept_liquidity_previous_candle;daily_mitigation_ob_swept_liquidity_swing;daily_ob_target_caused_displacement;daily_ob_target_caused_imbalance;daily_ob_target_flip_zone;daily_ob_target_has_inducement;daily_ob_target_swept_liquidity;daily_ob_target_swept_liquidity_fractal;daily_ob_target_swept_liquidity_fvg;daily_ob_target_swept_liquidity_internal;daily_ob_target_swept_liquidity_previous_candle;daily_ob_target_swept_liquidity_swing;h1_mitigation_ob_flip_zone;h1_mitigation_ob_swept_liquidity_fractal;h1_mitigation_ob_swept_liquidity_fvg;h1_mitigation_ob_swept_liquidity_internal;h1_mitigation_ob_swept_liquidity_previous_candle;h1_mitigation_ob_swept_liquidity_swing;h1_ob_target_flip_zone;h1_ob_target_swept_liquidity;h1_ob_target_swept_liquidity_fractal;h1_ob_target_swept_liquidity_fvg;h1_ob_target_swept_liquidity_previous_candle;h1_ob_target_swept_liquidity_swing;h4_mitigation_ob_caused_displacement;h4_mitigation_ob_caused_imbalance;h4_mitigation_ob_flip_zone;h4_mitigation_ob_has_inducement;h4_mitigation_ob_swept_liquidity;h4_mitigation_ob_swept_liquidity_fractal;h4_mitigation_ob_swept_liquidity_fvg;h4_mitigation_ob_swept_liquidity_internal;h4_mitigation_ob_swept_liquidity_previous_candle;h4_mitigation_ob_swept_liquidity_swing;h4_mitigation_ob_within_daily_ob;h4_ob_target_flip_zone;h4_ob_target_swept_liquidity;h4_ob_target_swept_liquidity_fractal;h4_ob_target_swept_liquidity_internal;h4_ob_target_swept_liquidity_previous_candle;h4_ob_target_swept_liquidity_swing
2023-01-05,Thursday,ny,2023-01-05 12:00:00+00:00,2023-01-05 17:00:00+00:00,bullish,140.726,140.35,142.23000000000002,140.35,0.3760000000000048,-16.992022661688132,loss,-1.0,sl,1.6755319148935837,-1.0,sl,False,0,5,0 days 05:00:00,21.79999999999893,False,-31.61,22.0,4.0,2023-01-05 11:00:00+00:00,True,140.615,140.37,1,daily_mitigation_ob_caused_displacement;daily_mitigation_ob_caused_imbalance;daily_mitigation_ob_flip_zone;daily_mitigation_ob_has_inducement;daily_mitigation_ob_swept_liquidity;daily_mitigation_ob_swept_liquidity_fractal;daily_mitigation_ob_swept_liquidity_fvg;daily_mitigation_ob_swept_liquidity_internal;daily_mitigation_ob_swept_liquidity_previous_candle;daily_mitigation_ob_swept_liquidity_swing;daily_ob_target_flip_zone;daily_ob_target_swept_liquidity_fractal;daily_ob_target_swept_liquidity_fvg;daily_ob_target_swept_liquidity_internal;daily_ob_target_swept_liquidity_previous_candle;daily_ob_target_swept_liquidity_swing;h1_mitigation_ob_flip_zone;h1_mitigation_ob_swept_liquidity;h1_mitigation_ob_swept_liquidity_fractal;h1_mitigation_ob_swept_liquidity_internal;h1_mitigation_ob_swept_liquidity_previous_candle;h1_mitigation_ob_swept_liquidity_swing;h1_ob_target_flip_zone;h1_ob_target_swept_liquidity;h1_ob_target_swept_liquidity_fvg;h1_ob_target_swept_liquidity_internal;h1_ob_target_swept_liquidity_previous_candle;h1_ob_target_swept_liquidity_swing;h4_mitigation_ob_caused_displacement;h4_mitigation_ob_caused_imbalance;h4_mitigation_ob_flip_zone;h4_mitigation_ob_has_inducement;h4_mitigation_ob_swept_liquidity;h4_mitigation_ob_swept_liquidity_fractal;h4_mitigation_ob_swept_liquidity_fvg;h4_mitigation_ob_swept_liquidity_internal;h4_mitigation_ob_swept_liquidity_previous_candle;h4_mitigation_ob_swept_liquidity_swing;h4_mitigation_ob_within_daily_ob;h4_ob_target_flip_zone;h4_ob_target_swept_liquidity;h4_ob_target_swept_liquidity_fractal;h4_ob_target_swept_liquidity_internal;h4_ob_target_swept_liquidity_previous_candle;h4_ob_target_swept_liquidity_swing
2023-01-05,Thursday,ny,2023-01-05 12:00:00+00:00,2023-01-05 17:00:00+00:00,bullish,140.726,140.28199999999998,142.50200000000007,140.28199999999998,0.4440000000000168,-10.919845577636156,loss,-1.0,sl,1.418918918918855,-1.0,sl,False,0,5,0 days 05:00:00,14.999999999997726,False,-31.61,22.0,4.0,2023-01-05 12:00:00+00:00,False,140.533,140.302,1,daily_mitigation_ob_caused_displacement;daily_mitigation_ob_caused_imbalance;daily_mitigation_ob_flip_zone;daily_mitigation_ob_has_inducement;daily_mitigation_ob_swept_liquidity;daily_mitigation_ob_swept_liquidity_fractal;daily_mitigation_ob_swept_liquidity_fvg;daily_mitigation_ob_swept_liquidity_internal;daily_mitigation_ob_swept_liquidity_previous_candle;daily_mitigation_ob_swept_liquidity_swing;daily_ob_target_flip_zone;daily_ob_target_swept_liquidity_fractal;daily_ob_target_swept_liquidity_fvg;daily_ob_target_swept_liquidity_internal;daily_ob_target_swept_liquidity_previous_candle;daily_ob_target_swept_liquidity_swing;h1_mitigation_ob_flip_zone;h1_mitigation_ob_swept_liquidity;h1_mitigation_ob_swept_liquidity_fractal;h1_mitigation_ob_swept_liquidity_fvg;h1_mitigation_ob_swept_liquidity_internal;h1_mitigation_ob_swept_liquidity_swing;h1_ob_target_flip_zone;h1_ob_target_swept_liquidity;h1_ob_target_swept_liquidity_fvg;h1_ob_target_swept_liquidity_internal;h1_ob_target_swept_liquidity_previous_candle;h1_ob_target_swept_liquidity_swing;h4_mitigation_ob_caused_displacement;h4_mitigation_ob_caused_imbalance;h4_mitigation_ob_flip_zone;h4_mitigation_ob_has_inducement;h4_mitigation_ob_swept_liquidity;h4_mitigation_ob_swept_liquidity_fractal;h4_mitigation_ob_swept_liquidity_fvg;h4_mitigation_ob_swept_liquidity_internal;h4_mitigation_ob_swept_liquidity_previous_candle;h4_mitigation_ob_swept_liquidity_swing;h4_mitigation_ob_within_daily_ob;h4_ob_target_flip_zone;h4_ob_target_swept_liquidity;h4_ob_target_swept_liquidity_fractal;h4_ob_target_swept_liquidity_internal;h4_ob_target_swept_liquidity_previous_candle;h4_ob_target_swept_liquidity_swing
2023-01-06,Friday,ny,2023-01-06 12:00:00+00:00,2023-01-06 13:00:00+00:00,bullish,141.337,140.87699999999998,143.17700000000002,140.87699999999998,0.46000000000000796,-12.219865346015837,loss,-1.0,sl,0.1195652173913171,-1.0,sl,False,0,1,0 days 01:00:00,44.899999999998386,False,-31.61,22.0,4.0,2023-01-06 11:00:00+00:00,True,141.137,140.897,1,daily_mitigation_ob_caused_displacement;daily_mitigation_ob_caused_imbalance;daily_mitigation_ob_flip_zone;daily_mitigation_ob_has_inducement;daily_mitigation_ob_swept_liquidity;daily_mitigation_ob_swept_liquidity_fractal;daily_mitigation_ob_swept_liquidity_fvg;daily_mitigation_ob_swept_liquidity_internal;daily_mitigation_ob_swept_liquidity_previous_candle;daily_mitigation_ob_swept_liquidity_swing;daily_ob_target_flip_zone;daily_ob_target_swept_liquidity_fractal;daily_ob_target_swept_liquidity_fvg;daily_ob_target_swept_liquidity_internal;daily_ob_target_swept_liquidity_previous_candle;daily_ob_target_swept_liquidity_swing;h1_mitigation_ob_flip_zone;h1_mitigation_ob_swept_liquidity_fractal;h1_mitigation_ob_swept_liquidity_fvg;h1_mitigation_ob_swept_liquidity_internal;h1_mitigation_ob_swept_liquidity_previous_candle;h1_mitigation_ob_swept_liquidity_swing;h1_ob_target_flip_zone;h1_ob_target_swept_liquidity_fractal;h1_ob_target_swept_liquidity_fvg;h1_ob_target_swept_liquidity_internal;h1_ob_target_swept_liquidity_previous_candle;h1_ob_target_swept_liquidity_swing;h4_mitigation_ob_caused_displacement;h4_mitigation_ob_caused_imbalance;h4_mitigation_ob_flip_zone;h4_mitigation_ob_has_inducement;h4_mitigation_ob_swept_liquidity;h4_mitigation_ob_swept_liquidity_fractal;h4_mitigation_ob_swept_liquidity_fvg;h4_mitigation_ob_swept_liquidity_internal;h4_mitigation_ob_swept_liquidity_previous_candle;h4_mitigation_ob_swept_liquidity_swing;h4_mitigation_ob_within_daily_ob;h4_ob_target_flip_zone;h4_ob_target_swept_liquidity;h4_ob_target_swept_liquidity_fractal;h4_ob_target_swept_liquidity_internal;h4_ob_target_swept_liquidity_previous_candle;h4_ob_target_swept_liquidity_swing
2023-01-11,Wednesday,london,2023-01-11 09:00:00+00:00,2023-01-11 12:00:00+00:00,bearish,142.307,142.68300000000002,140.80299999999986,142.68300000000002,0.3760000000000332,-0.3731022401258915,loss,-1.0,sl,0.3031914893616113,-1.0,sl,False,0,3,0 days 03:00:00,0.09999999999763531,False,-31.61,22.0,4.0,2023-01-11 09:00:00+00:00,False,142.663,142.489,1,daily_mitigation_ob_flip_zone;daily_mitigation_ob_swept_liquidity_fractal;daily_mitigation_ob_swept_liquidity_fvg;daily_mitigation_ob_swept_liquidity_internal;daily_mitigation_ob_swept_liquidity_previous_candle;daily_mitigation_ob_swept_liquidity_swing;daily_ob_target_caused_displacement;daily_ob_target_caused_imbalance;daily_ob_target_flip_zone;daily_ob_target_has_inducement;daily_ob_target_swept_liquidity;daily_ob_target_swept_liquidity_fractal;daily_ob_target_swept_liquidity_fvg;daily_ob_target_swept_liquidity_internal;daily_ob_target_swept_liquidity_previous_candle;daily_ob_target_swept_liquidity_swing;h1_mitigation_ob_flip_zone;h1_mitigation_ob_swept_liquidity_fractal;h1_mitigation_ob_swept_liquidity_fvg;h1_mitigation_ob_swept_liquidity_internal;h1_mitigation_ob_swept_liquidity_previous_candle;h1_mitigation_ob_swept_liquidity_swing;h1_ob_target_flip_zone;h1_ob_target_swept_liquidity_fractal;h1_ob_target_swept_liquidity_fvg;h1_ob_target_swept_liquidity_internal;h1_ob_target_swept_liquidity_previous_candle;h1_ob_target_swept_liquidity_swing;h4_mitigation_ob_caused_displacement;h4_mitigation_ob_caused_imbalance;h4_mitigation_ob_flip_zone;h4_mitigation_ob_has_inducement;h4_mitigation_ob_swept_liquidity;h4_mitigation_ob_swept_liquidity_fractal;h4_mitigation_ob_swept_liquidity_fvg;h4_mitigation_ob_swept_liquidity_internal;h4_mitigation_ob_swept_liquidity_previous_candle;h4_mitigation_ob_swept_liquidity_swing;h4_mitigation_ob_within_daily_ob;h4_ob_target_flip_zone;h4_ob_target_swept_liquidity_fractal;h4_ob_target_swept_liquidity_fvg;h4_ob_target_swept_liquidity_internal;h4_ob_target_swept_liquidity_previous_candle;h4_ob_target_swept_liquidity_swing
2023-01-11,Wednesday,ny,2023-01-11 12:00:00+00:00,2023-01-11 14:00:00+00:00,bearish,142.599,142.68300000000002,142.26299999999986,142.68300000000002,0.0840000000000316,46.533169607269684,loss,-1.0,sl,1.035714285713766,-1.0,sl,False,0,2,0 days 02:00:00,12.499999999997158,True,-31.61,22.0,4.0,2023-01-11 12:00:00+00:00,False,142.663,142.489,2,daily_mitigation_ob_flip_zone;daily_mitigation_ob_swept_liquidity_fractal;daily_mitigation_ob_swept_liquidity_fvg;daily_mitigation_ob_swept_liquidity_internal;daily_mitigation_ob_swept_liquidity_previous_candle;daily_mitigation_ob_swept_liquidity_swing;daily_ob_target_caused_displacement;daily_ob_target_caused_imbalance;daily_ob_target_flip_zone;daily_ob_target_has_inducement;daily_ob_target_swept_liquidity;daily_ob_target_swept_liquidity_fractal;daily_ob_target_swept_liquidity_fvg;daily_ob_target_swept_liquidity_internal;daily_ob_target_swept_liquidity_previous_candle;daily_ob_target_swept_liquidity_swing;h1_mitigation_ob_flip_zone;h1_mitigation_ob_swept_liquidity_fractal;h1_mitigation_ob_swept_liquidity_fvg;h1_mitigation_ob_swept_liquidity_internal;h1_mitigation_ob_swept_liquidity_previous_candle;h1_mitigation_ob_swept_liquidity_swing;h1_ob_target_flip_zone;h1_ob_target_swept_liquidity_fractal;h1_ob_target_swept_liquidity_fvg;h1_ob_target_swept_liquidity_internal;h1_ob_target_swept_liquidity_previous_candle;h1_ob_target_swept_liquidity_swing;h4_mitigation_ob_caused_displacement;h4_mitigation_ob_caused_imbalance;h4_mitigation_ob_flip_zone;h4_mitigation_ob_has_inducement;h4_mitigation_ob_swept_liquidity;h4_mitigation_ob_swept_liquidity_fractal;h4_mitigation_ob_swept_liquidity_fvg;h4_mitigation_ob_swept_liquidity_internal;h4_mitigation_ob_swept_liquidity_previous_candle;h4_mitigation_ob_swept_liquidity_swing;h4_mitigation_ob_within_daily_ob;h4_ob_target_caused_displacement;h4_ob_target_caused_imbalance;h4_ob_target_flip_zone;h4_ob_target_has_inducement;h4_ob_target_swept_liquidity;h4_ob_target_swept_liquidity_fractal;h4_ob_target_swept_liquidity_fvg;h4_ob_target_swept_liquidity_internal;h4_ob_target_swept_liquidity_previous_candle;h4_ob_target_swept_liquidity_swing;h4_ob_target_within_daily_ob
2023-01-12,Thursday,ny,2023-01-12 13:00:00+00:00,2023-01-12 15:00:00+00:00,bullish,140.4,140.27499999999998,140.90000000000012,140.27499999999998,0.12500000000002842,-15.754337337363761,loss,-1.0,sl,3.815999999999163,-1.0,sl,False,0,2,0 days 02:00:00,5.3999999999973625,True,-31.61,22.0,4.0,2023-01-12 13:00:00+00:00,False,140.671,140.295,1,daily_mitigation_ob_caused_displacement;daily_mitigation_ob_caused_imbalance;daily_mitigation_ob_flip_zone;daily_mitigation_ob_has_inducement;daily_mitigation_ob_swept_liquidity;daily_mitigation_ob_swept_liquidity_fractal;daily_mitigation_ob_swept_liquidity_fvg;daily_mitigation_ob_swept_liquidity_internal;daily_mitigation_ob_swept_liquidity_previous_candle;daily_mitigation_ob_swept_liquidity_swing;daily_ob_target_caused_displacement;daily_ob_target_caused_imbalance;daily_ob_target_flip_zone;daily_ob_target_has_inducement;daily_ob_target_swept_liquidity;daily_ob_target_swept_liquidity_fractal;daily_ob_target_swept_liquidity_fvg;daily_ob_target_swept_liquidity_internal;daily_ob_target_swept_liquidity_previous_candle;daily_ob_target_swept_liquidity_swing;h1_mitigation_ob_flip_zone;h1_mitigation_ob_swept_liquidity_fractal;h1_mitigation_ob_swept_liquidity_fvg;h1_mitigation_ob_swept_liquidity_internal;h1_mitigation_ob_swept_liquidity_previous_candle;h1_mitigation_ob_swept_liquidity_swing;h1_ob_target_flip_zone;h1_ob_target_swept_liquidity;h1_ob_target_swept_liquidity_fractal;h1_ob_target_swept_liquidity_fvg;h1_ob_target_swept_liquidity_internal;h1_ob_target_swept_liquidity_swing;h4_mitigation_ob_flip_zone;h4_mitigation_ob_swept_liquidity;h4_mitigation_ob_swept_liquidity_fractal;h4_mitigation_ob_swept_liquidity_fvg;h4_mitigation_ob_swept_liquidity_internal;h4_mitigation_ob_swept_liquidity_swing;h4_ob_target_caused_displacement;h4_ob_target_caused_imbalance;h4_ob_target_flip_zone;h4_ob_target_has_inducement;h4_ob_target_swept_liquidity;h4_ob_target_swept_liquidity_fractal;h4_ob_target_swept_liquidity_fvg;h4_ob_target_swept_liquidity_internal;h4_ob_target_swept_liquidity_previous_candle;h4_ob_target_swept_liquidity_swing;h4_ob_target_within_daily_ob
2023-01-13,Friday,ny,2023-01-13 14:00:00+00:00,2023-01-13 19:00:00+00:00,bearish,138.128,139.258,133.6079999999999,138.473,1.1300000000000239,-2.961322811663301,loss,-0.305309734513292,friday_close,0.10619469026546335,-0.305309734513292,friday_close,False,0,5,0 days 05:00:00,0.0,False,-31.61,22.0,4.0,2023-01-13 14:00:00+00:00,False,139.238,138.941,1,daily_mitigation_ob_caused_displacement;daily_mitigation_ob_caused_imbalance;daily_mitigation_ob_flip_zone;daily_mitigation_ob_has_inducement;daily_mitigation_ob_swept_liquidity;daily_mitigation_ob_swept_liquidity_fractal;daily_mitigation_ob_swept_liquidity_fvg;daily_mitigation_ob_swept_liquidity_internal;daily_mitigation_ob_swept_liquidity_previous_candle;daily_mitigation_ob_swept_liquidity_swing;daily_ob_target_caused_displacement;daily_ob_target_caused_imbalance;daily_ob_target_flip_zone;daily_ob_target_has_inducement;daily_ob_target_swept_liquidity;daily_ob_target_swept_liquidity_fractal;daily_ob_target_swept_liquidity_fvg;daily_ob_target_swept_liquidity_internal;daily_ob_target_swept_liquidity_previous_candle;daily_ob_target_swept_liquidity_swing;h1_mitigation_ob_flip_zone;h1_mitigation_ob_swept_liquidity_fractal;h1_mitigation_ob_swept_liquidity_fvg;h1_mitigation_ob_swept_liquidity_internal;h1_mitigation_ob_swept_liquidity_previous_candle;h1_mitigation_ob_swept_liquidity_swing;h1_ob_target_flip_zone;h1_ob_target_swept_liquidity;h1_ob_target_swept_liquidity_fractal;h1_ob_target_swept_liquidity_fvg;h1_ob_target_swept_liquidity_previous_candle;h1_ob_target_swept_liquidity_swing;h4_mitigation_ob_caused_displacement;h4_mitigation_ob_caused_imbalance;h4_mitigation_ob_flip_zone;h4_mitigation_ob_has_inducement;h4_mitigation_ob_swept_liquidity;h4_mitigation_ob_swept_liquidity_fractal;h4_mitigation_ob_swept_liquidity_fvg;h4_mitigation_ob_swept_liquidity_internal;h4_mitigation_ob_swept_liquidity_previous_candle;h4_mitigation_ob_swept_liquidity_swing;h4_mitigation_ob_within_daily_ob;h4_ob_target_flip_zone;h4_ob_target_swept_liquidity;h4_ob_target_swept_liquidity_fractal;h4_ob_target_swept_liquidity_internal;h4_ob_target_swept_liquidity_previous_candle;h4_ob_target_swept_liquidity_swing
2023-01-17,Tuesday,london,2023-01-17 09:00:00+00:00,2023-01-17 15:00:00+00:00,bullish,139.302,138.953,140.69799999999995,138.953,0.34899999999998954,-29.17990595972546,loss,-1.0,sl,0.8968481375358911,-1.0,sl,False,0,6,0 days 06:00:00,54.59999999999923,False,-31.61,22.0,4.0,2023-01-17 09:00:00+00:00,False,139.106,138.973,1,daily_mitigation_ob_caused_displacement;daily_mitigation_ob_caused_imbalance;daily_mitigation_ob_flip_zone;daily_mitigation_ob_has_inducement;daily_mitigation_ob_swept_liquidity;daily_mitigation_ob_swept_liquidity_fractal;daily_mitigation_ob_swept_liquidity_fvg;daily_mitigation_ob_swept_liquidity_internal;daily_mitigation_ob_swept_liquidity_previous_candle;daily_mitigation_ob_swept_liquidity_swing;daily_ob_target_caused_displacement;daily_ob_target_caused_imbalance;daily_ob_target_flip_zone;daily_ob_target_has_inducement;daily_ob_target_swept_liquidity;daily_ob_target_swept_liquidity_fractal;daily_ob_target_swept_liquidity_fvg;daily_ob_target_swept_liquidity_internal;daily_ob_target_swept_liquidity_previous_candle;daily_ob_target_swept_liquidity_swing;h1_mitigation_ob_flip_zone;h1_mitigation_ob_swept_liquidity;h1_mitigation_ob_swept_liquidity_fvg;h1_mitigation_ob_swept_liquidity_internal;h1_mitigation_ob_swept_liquidity_swing;h1_ob_target_flip_zone;h1_ob_target_swept_liquidity_fractal;h1_ob_target_swept_liquidity_fvg;h1_ob_target_swept_liquidity_internal;h1_ob_target_swept_liquidity_previous_candle;h1_ob_target_swept_liquidity_swing;h4_mitigation_ob_caused_displacement;h4_mitigation_ob_caused_imbalance;h4_mitigation_ob_flip_zone;h4_mitigation_ob_has_inducement;h4_mitigation_ob_swept_liquidity;h4_mitigation_ob_swept_liquidity_fractal;h4_mitigation_ob_swept_liquidity_fvg;h4_mitigation_ob_swept_liquidity_internal;h4_mitigation_ob_swept_liquidity_previous_candle;h4_mitigation_ob_swept_liquidity_swing;h4_mitigation_ob_within_daily_ob;h4_ob_target_caused_displacement;h4_ob_target_caused_imbalance;h4_ob_target_flip_zone;h4_ob_target_has_inducement;h4_ob_target_swept_liquidity;h4_ob_target_swept_liquidity_fractal;h4_ob_target_swept_liquidity_fvg;h4_ob_target_swept_liquidity_internal;h4_ob_target_swept_liquidity_previous_candle;h4_ob_target_swept_liquidity_swing;h4_ob_target_within_daily_ob
2023-01-20,Friday,ny,2023-01-20 14:00:00+00:00,2023-01-20 19:00:00+00:00,bearish,140.917,141.685,137.845,140.588,0.7680000000000007,-23.053164606291837,win,0.42838541666667634,friday_close,0.5911458333333429,0.42838541666667634,friday_close,False,0,5,0 days 05:00:00,0.0,False,-31.61,22.0,4.0,2023-01-20 14:00:00+00:00,False,141.665,141.01,1,daily_mitigation_ob_caused_displacement;daily_mitigation_ob_caused_imbalance;daily_mitigation_ob_flip_zone;daily_mitigation_ob_has_inducement;daily_mitigation_ob_swept_liquidity;daily_mitigation_ob_swept_liquidity_fractal;daily_mitigation_ob_swept_liquidity_fvg;daily_mitigation_ob_swept_liquidity_internal;daily_mitigation_ob_swept_liquidity_previous_candle;daily_mitigation_ob_swept_liquidity_swing;daily_ob_target_caused_displacement;daily_ob_target_caused_imbalance;daily_ob_target_flip_zone;daily_ob_target_has_inducement;daily_ob_target_swept_liquidity;daily_ob_target_swept_liquidity_fractal;daily_ob_target_swept_liquidity_fvg;daily_ob_target_swept_liquidity_internal;daily_ob_target_swept_liquidity_previous_candle;daily_ob_target_swept_liquidity_swing;h1_mitigation_ob_flip_zone;h1_mitigation_ob_swept_liquidity_fractal;h1_mitigation_ob_swept_liquidity_fvg;h1_mitigation_ob_swept_liquidity_internal;h1_mitigation_ob_swept_liquidity_previous_candle;h1_mitigation_ob_swept_liquidity_swing;h1_ob_target_flip_zone;h1_ob_target_swept_liquidity_fractal;h1_ob_target_swept_liquidity_fvg;h1_ob_target_swept_liquidity_internal;h1_ob_target_swept_liquidity_previous_candle;h1_ob_target_swept_liquidity_swing;h4_mitigation_ob_caused_displacement;h4_mitigation_ob_caused_imbalance;h4_mitigation_ob_flip_zone;h4_mitigation_ob_has_inducement;h4_mitigation_ob_swept_liquidity;h4_mitigation_ob_swept_liquidity_fractal;h4_mitigation_ob_swept_liquidity_fvg;h4_mitigation_ob_swept_liquidity_internal;h4_mitigation_ob_swept_liquidity_previous_candle;h4_mitigation_ob_swept_liquidity_swing;h4_mitigation_ob_within_daily_ob;h4_ob_target_flip_zone;h4_ob_target_swept_liquidity_fractal;h4_ob_target_swept_liquidity_fvg;h4_ob_target_swept_liquidity_internal;h4_ob_target_swept_liquidity_previous_candle;h4_ob_target_swept_liquidity_swing
2023-01-25,Wednesday,ny,2023-01-25 13:00:00+00:00,2023-01-25 23:00:00+00:00,bullish,141.291,140.613,144.003,141.291,0.6779999999999973,-4.518050289909901,breakeven,0.0,be_stop,0.26991150442476913,0.0,be_stop,True,1,10,0 days 10:00:00,16.100000000000136,False,-31.61,22.0,4.0,2023-01-25 13:00:00+00:00,False,140.811,140.633,1,daily_mitigation_ob_caused_displacement;daily_mitigation_ob_caused_imbalance;daily_mitigation_ob_flip_zone;daily_mitigation_ob_has_inducement;daily_mitigation_ob_swept_liquidity;daily_mitigation_ob_swept_liquidity_fractal;daily_mitigation_ob_swept_liquidity_fvg;daily_mitigation_ob_swept_liquidity_internal;daily_mitigation_ob_swept_liquidity_previous_candle;daily_mitigation_ob_swept_liquidity_swing;daily_ob_target_flip_zone;daily_ob_target_swept_liquidity_fractal;daily_ob_target_swept_liquidity_fvg;daily_ob_target_swept_liquidity_internal;daily_ob_target_swept_liquidity_previous_candle;daily_ob_target_swept_liquidity_swing;h1_mitigation_ob_flip_zone;h1_mitigation_ob_swept_liquidity;h1_mitigation_ob_swept_liquidity_fvg;h1_mitigation_ob_swept_liquidity_internal;h1_mitigation_ob_swept_liquidity_previous_candle;h1_mitigation_ob_swept_liquidity_swing;h1_ob_target_flip_zone;h1_ob_target_swept_liquidity_fractal;h1_ob_target_swept_liquidity_fvg;h1_ob_target_swept_liquidity_internal;h1_ob_target_swept_liquidity_previous_candle;h1_ob_target_swept_liquidity_swing;h4_mitigation_ob_caused_displacement;h4_mitigation_ob_caused_imbalance;h4_mitigation_ob_flip_zone;h4_mitigation_ob_has_inducement;h4_mitigation_ob_swept_liquidity;h4_mitigation_ob_swept_liquidity_fractal;h4_mitigation_ob_swept_liquidity_fvg;h4_mitigation_ob_swept_liquidity_internal;h4_mitigation_ob_swept_liquidity_previous_candle;h4_mitigation_ob_swept_liquidity_swing;h4_mitigation_ob_within_daily_ob;h4_ob_target_flip_zone;h4_ob_target_swept_liquidity;h4_ob_target_swept_liquidity_fractal;h4_ob_target_swept_liquidity_fvg;h4_ob_target_swept_liquidity_internal;h4_ob_target_swept_liquidity_swing
2023-01-26,Thursday,london,2023-01-26 08:00:00+00:00,2023-01-26 19:00:00+00:00,bearish,141.604,142.127,139.51200000000003,141.679,0.5229999999999961,-9.912950187739595,loss,-0.1434034416825797,cut_19h,0.6558317399617979,-0.1434034416825797,cut_19h,False,1,11,0 days 11:00:00,0.0,False,-31.61,22.0,4.0,2023-01-26 08:00:00+00:00,False,142.107,141.478,1,daily_mitigation_ob_caused_displacement;daily_mitigation_ob_caused_imbalance;daily_mitigation_ob_flip_zone;daily_mitigation_ob_has_inducement;daily_mitigation_ob_swept_liquidity;daily_mitigation_ob_swept_liquidity_fractal;daily_mitigation_ob_swept_liquidity_fvg;daily_mitigation_ob_swept_liquidity_internal;daily_mitigation_ob_swept_liquidity_previous_candle;daily_mitigation_ob_swept_liquidity_swing;daily_ob_target_flip_zone;daily_ob_target_swept_liquidity;daily_ob_target_swept_liquidity_fractal;daily_ob_target_swept_liquidity_fvg;daily_ob_target_swept_liquidity_internal;daily_ob_target_swept_liquidity_swing;h1_mitigation_ob_flip_zone;h1_mitigation_ob_swept_liquidity_fractal;h1_mitigation_ob_swept_liquidity_fvg;h1_mitigation_ob_swept_liquidity_internal;h1_mitigation_ob_swept_liquidity_previous_candle;h1_mitigation_ob_swept_liquidity_swing;h1_ob_target_flip_zone;h1_ob_target_swept_liquidity_fractal;h1_ob_target_swept_liquidity_fvg;h1_ob_target_swept_liquidity_internal;h1_ob_target_swept_liquidity_previous_candle;h1_ob_target_swept_liquidity_swing;h4_mitigation_ob_caused_displacement;h4_mitigation_ob_caused_imbalance;h4_mitigation_ob_flip_zone;h4_mitigation_ob_has_inducement;h4_mitigation_ob_swept_liquidity;h4_mitigation_ob_swept_liquidity_fractal;h4_mitigation_ob_swept_liquidity_fvg;h4_mitigation_ob_swept_liquidity_internal;h4_mitigation_ob_swept_liquidity_previous_candle;h4_mitigation_ob_swept_liquidity_swing;h4_mitigation_ob_within_daily_ob;h4_ob_target_flip_zone;h4_ob_target_swept_liquidity_fractal;h4_ob_target_swept_liquidity_fvg;h4_ob_target_swept_liquidity_internal;h4_ob_target_swept_liquidity_previous_candle;h4_ob_target_swept_liquidity_swing
2023-01-30,Monday,london,2023-01-30 09:00:00+00:00,2023-01-30 10:00:00+00:00,bearish,141.683,141.835,141.07499999999993,141.835,0.15200000000001523,29.398624198171763,loss,-1.0,sl,0.11184210526311976,-1.0,sl,False,0,1,0 days 01:00:00,0.0,True,-31.61,22.0,4.0,2023-01-30 09:00:00+00:00,False,141.815,141.656,1,daily_mitigation_ob_caused_displacement;daily_mitigation_ob_caused_imbalance;daily_mitigation_ob_flip_zone;daily_mitigation_ob_has_inducement;daily_mitigation_ob_swept_liquidity;daily_mitigation_ob_swept_liquidity_fractal;daily_mitigation_ob_swept_liquidity_fvg;daily_mitigation_ob_swept_liquidity_internal;daily_mitigation_ob_swept_liquidity_previous_candle;daily_mitigation_ob_swept_liquidity_swing;daily_ob_target_caused_displacement;daily_ob_target_caused_imbalance;daily_ob_target_flip_zone;daily_ob_target_has_inducement;daily_ob_target_swept_liquidity;daily_ob_target_swept_liquidity_fractal;daily_ob_target_swept_liquidity_fvg;daily_ob_target_swept_liquidity_internal;daily_ob_target_swept_liquidity_previous_candle;daily_ob_target_swept_liquidity_swing;h1_mitigation_ob_flip_zone;h1_mitigation_ob_swept_liquidity_fractal;h1_mitigation_ob_swept_liquidity_fvg;h1_mitigation_ob_swept_liquidity_internal;h1_mitigation_ob_swept_liquidity_previous_candle;h1_mitigation_ob_swept_liquidity_swing;h1_ob_target_caused_displacement;h1_ob_target_caused_imbalance;h1_ob_target_flip_zone;h1_ob_target_has_inducement;h1_ob_target_swept_liquidity;h1_ob_target_swept_liquidity_fractal;h1_ob_target_swept_liquidity_fvg;h1_ob_target_swept_liquidity_internal;h1_ob_target_swept_liquidity_previous_candle;h1_ob_target_swept_liquidity_swing;h1_ob_target_within_h4_ob;h4_mitigation_ob_flip_zone;h4_mitigation_ob_swept_liquidity_fractal;h4_mitigation_ob_swept_liquidity_fvg;h4_mitigation_ob_swept_liquidity_internal;h4_mitigation_ob_swept_liquidity_previous_candle;h4_mitigation_ob_swept_liquidity_swing;h4_ob_target_caused_displacement;h4_ob_target_caused_imbalance;h4_ob_target_flip_zone;h4_ob_target_has_inducement;h4_ob_target_swept_liquidity;h4_ob_target_swept_liquidity_fractal;h4_ob_target_swept_liquidity_fvg;h4_ob_target_swept_liquidity_internal;h4_ob_target_swept_liquidity_previous_candle;h4_ob_target_swept_liquidity_swing;h4_ob_target_within_daily_ob
2023-02-01,Wednesday,london,2023-02-01 07:00:00+00:00,2023-02-01 20:00:00+00:00,bearish,141.63,141.99300000000002,140.17799999999988,141.63,0.36300000000002797,-4.758973060528978,breakeven,0.0,be_stop,2.011019283746373,0.0,be_stop,True,1,13,0 days 13:00:00,5.400000000000205,False,-31.61,22.0,4.0,2023-02-01 06:00:00+00:00,True,141.973,141.668,1,daily_mitigation_ob_caused_displacement;daily_mitigation_ob_caused_imbalance;daily_mitigation_ob_flip_zone;daily_mitigation_ob_has_inducement;daily_mitigation_ob_swept_liquidity;daily_mitigation_ob_swept_liquidity_fractal;daily_mitigation_ob_swept_liquidity_fvg;daily_mitigation_ob_swept_liquidity_internal;daily_mitigation_ob_swept_liquidity_previous_candle;daily_mitigation_ob_swept_liquidity_swing;daily_ob_target_caused_displacement;daily_ob_target_caused_imbalance;daily_ob_target_flip_zone;daily_ob_target_has_inducement;daily_ob_target_swept_liquidity;daily_ob_target_swept_liquidity_fractal;daily_ob_target_swept_liquidity_fvg;daily_ob_target_swept_liquidity_internal;daily_ob_target_swept_liquidity_previous_candle;daily_ob_target_swept_liquidity_swing;h1_mitigation_ob_flip_zone;h1_mitigation_ob_swept_liquidity;h1_mitigation_ob_swept_liquidity_fractal;h1_mitigation_ob_swept_liquidity_fvg;h1_ob_target_flip_zone;h1_ob_target_swept_liquidity_fractal;h1_ob_target_swept_liquidity_fvg;h1_ob_target_swept_liquidity_internal;h1_ob_target_swept_liquidity_previous_candle;h1_ob_target_swept_liquidity_swing;h4_mitigation_ob_caused_displacement;h4_mitigation_ob_caused_imbalance;h4_mitigation_ob_flip_zone;h4_mitigation_ob_has_inducement;h4_mitigation_ob_swept_liquidity;h4_mitigation_ob_swept_liquidity_fractal;h4_mitigation_ob_swept_liquidity_fvg;h4_mitigation_ob_swept_liquidity_internal;h4_mitigation_ob_swept_liquidity_previous_candle;h4_mitigation_ob_swept_liquidity_swing;h4_mitigation_ob_within_daily_ob;h4_ob_target_flip_zone;h4_ob_target_swept_liquidity_fractal;h4_ob_target_swept_liquidity_fvg;h4_ob_target_swept_liquidity_internal;h4_ob_target_swept_liquidity_previous_candle;h4_ob_target_swept_liquidity_swing
2023-02-03,Friday,ny,2023-02-03 12:00:00+00:00,2023-02-03 14:00:00+00:00,bullish,140.402,140.10299999999998,141.598,141.598,0.2990000000000066,-25.85076505810473,win,4.0,tp,6.494983277591855,4.525083612040063,friday_close,False,0,2,0 days 02:00:00,0.0,False,-31.61,22.0,4.0,2023-02-03 12:00:00+00:00,False,140.276,140.123,1,daily_mitigation_ob_caused_displacement;daily_mitigation_ob_caused_imbalance;daily_mitigation_ob_flip_zone;daily_mitigation_ob_has_inducement;daily_mitigation_ob_swept_liquidity;daily_mitigation_ob_swept_liquidity_fractal;daily_mitigation_ob_swept_liquidity_fvg;daily_mitigation_ob_swept_liquidity_internal;daily_mitigation_ob_swept_liquidity_previous_candle;daily_mitigation_ob_swept_liquidity_swing;daily_ob_target_flip_zone;daily_ob_target_swept_liquidity_fractal;daily_ob_target_swept_liquidity_fvg;daily_ob_target_swept_liquidity_internal;daily_ob_target_swept_liquidity_previous_candle;daily_ob_target_swept_liquidity_swing;h1_mitigation_ob_flip_zone;h1_mitigation_ob_swept_liquidity_fractal;h1_mitigation_ob_swept_liquidity_fvg;h1_mitigation_ob_swept_liquidity_internal;h1_mitigation_ob_swept_liquidity_previous_candle;h1_mitigation_ob_swept_liquidity_swing;h1_ob_target_flip_zone;h1_ob_target_swept_liquidity_fractal;h1_ob_target_swept_liquidity_fvg;h1_ob_target_swept_liquidity_internal;h1_ob_target_swept_liquidity_previous_candle;h1_ob_target_swept_liquidity_swing;h4_mitigation_ob_caused_displacement;h4_mitigation_ob_caused_imbalance;h4_mitigation_ob_flip_zone;h4_mitigation_ob_has_inducement;h4_mitigation_ob_swept_liquidity;h4_mitigation_ob_swept_liquidity_fractal;h4_mitigation_ob_swept_liquidity_fvg;h4_mitigation_ob_swept_liquidity_internal;h4_mitigation_ob_swept_liquidity_previous_candle;h4_mitigation_ob_swept_liquidity_swing;h4_mitigation_ob_within_daily_ob;h4_ob_target_flip_zone;h4_ob_target_swept_liquidity_fractal;h4_ob_target_swept_liquidity_fvg;h4_ob_target_swept_liquidity_internal;h4_ob_target_swept_liquidity_previous_candle;h4_ob_target_swept_liquidity_swing
2023-02-08,Wednesday,ny,2023-02-08 12:00:00+00:00,2023-02-08 13:00:00+00:00,bearish,140.683,140.847,140.02699999999993,140.847,0.1640000000000157,2.7879092880106517,loss,-1.0,sl,0.1463414634146257,-1.0,sl,False,0,1,0 days 01:00:00,4.800000000000182,True,-31.61,22.0,4.0,2023-02-08 11:00:00+00:00,True,140.827,140.67,1,daily_mitigation_ob_caused_displacement;daily_mitigation_ob_caused_imbalance;daily_mitigation_ob_flip_zone;daily_mitigation_ob_has_inducement;daily_mitigation_ob_swept_liquidity;daily_mitigation_ob_swept_liquidity_fractal;daily_mitigation_ob_swept_liquidity_fvg;daily_mitigation_ob_swept_liquidity_internal;daily_mitigation_ob_swept_liquidity_previous_candle;daily_mitigation_ob_swept_liquidity_swing;daily_ob_target_caused_displacement;daily_ob_target_caused_imbalance;daily_ob_target_flip_zone;daily_ob_target_has_inducement;daily_ob_target_swept_liquidity;daily_ob_target_swept_liquidity_fractal;daily_ob_target_swept_liquidity_fvg;daily_ob_target_swept_liquidity_internal;daily_ob_target_swept_liquidity_previous_candle;daily_ob_target_swept_liquidity_swing;h1_mitigation_ob_flip_zone;h1_mitigation_ob_swept_liquidity;h1_mitigation_ob_swept_liquidity_fractal;h1_mitigation_ob_swept_liquidity_fvg;h1_mitigation_ob_swept_liquidity_internal;h1_mitigation_ob_swept_liquidity_swing;h1_ob_target_flip_zone;h1_ob_target_swept_liquidity;h1_ob_target_swept_liquidity_fractal;h1_ob_target_swept_liquidity_fvg;h1_ob_target_swept_liquidity_internal;h1_ob_target_swept_liquidity_swing;h4_mitigation_ob_caused_displacement;h4_mitigation_ob_caused_imbalance;h4_mitigation_ob_flip_zone;h4_mitigation_ob_has_inducement;h4_mitigation_ob_swept_liquidity;h4_mitigation_ob_swept_liquidity_fractal;h4_mitigation_ob_swept_liquidity_fvg;h4_mitigation_ob_swept_liquidity_internal;h4_mitigation_ob_swept_liquidity_previous_candle;h4_mitigation_ob_swept_liquidity_swing;h4_mitigation_ob_within_daily_ob;h4_ob_target_caused_displacement;h4_ob_target_caused_imbalance;h4_ob_target_flip_zone;h4_ob_target_has_inducement;h4_ob_target_swept_liquidity;h4_ob_target_swept_liquidity_fractal;h4_ob_target_swept_liquidity_fvg;h4_ob_target_swept_liquidity_internal;h4_ob_target_swept_liquidity_previous_candle;h4_ob_target_swept_liquidity_swing;h4_ob_target_within_daily_ob
2023-02-09,Thursday,london,2023-02-09 07:00:00+00:00,2023-02-09 19:00:00+00:00,bearish,140.758,141.50500000000002,137.76999999999995,141.176,0.7470000000000141,3.797872671454424,loss,-0.5595716198125436,cut_19h,0.19678714859440027,-0.5595716198125436,cut_19h,False,1,12,0 days 12:00:00,0.0,False,-31.61,22.0,4.0,2023-02-09 06:00:00+00:00,True,141.485,141.315,1,daily_mitigation_ob_caused_displacement;daily_mitigation_ob_caused_imbalance;daily_mitigation_ob_flip_zone;daily_mitigation_ob_has_inducement;daily_mitigation_ob_swept_liquidity;daily_mitigation_ob_swept_liquidity_fractal;daily_mitigation_ob_swept_liquidity_fvg;daily_mitigation_ob_swept_liquidity_internal;daily_mitigation_ob_swept_liquidity_previous_candle;daily_mitigation_ob_swept_liquidity_swing;daily_ob_target_flip_zone;daily_ob_target_swept_liquidity;daily_ob_target_swept_liquidity_fractal;daily_ob_target_swept_liquidity_fvg;daily_ob_target_swept_liquidity_internal;daily_ob_target_swept_liquidity_swing;h1_mitigation_ob_flip_zone;h1_mitigation_ob_swept_liquidity;h1_mitigation_ob_swept_liquidity_fractal;h1_mitigation_ob_swept_liquidity_internal;h1_mitigation_ob_swept_liquidity_previous_candle;h1_mitigation_ob_swept_liquidity_swing;h1_ob_target_flip_zone;h1_ob_target_swept_liquidity;h1_ob_target_swept_liquidity_fractal;h1_ob_target_swept_liquidity_fvg;h1_ob_target_swept_liquidity_internal;h1_ob_target_swept_liquidity_swing;h4_mitigation_ob_caused_displacement;h4_mitigation_ob_caused_imbalance;h4_mitigation_ob_flip_zone;h4_mitigation_ob_has_inducement;h4_mitigation_ob_swept_liquidity;h4_mitigation_ob_swept_liquidity_fractal;h4_mitigation_ob_swept_liquidity_fvg;h4_mitigation_ob_swept_liquidity_internal;h4_mitigation_ob_swept_liquidity_previous_candle;h4_mitigation_ob_swept_liquidity_swing;h4_mitigation_ob_within_daily_ob;h4_ob_target_flip_zone;h4_ob_target_swept_liquidity_fractal;h4_ob_target_swept_liquidity_fvg;h4_ob_target_swept_liquidity_internal;h4_ob_target_swept_liquidity_previous_candle;h4_ob_target_swept_liquidity_swing
2023-02-15,Wednesday,ny,2023-02-15 12:00:00+00:00,2023-02-16 19:00:00+00:00,bullish,143.0,142.71699999999998,144.13200000000006,143.0,0.28300000000001546,-17.510666233991206,breakeven,0.0,be_stop,1.5547703180211085,0.0,be_stop,True,2,31,1 days 07:00:00,0.9999999999990905,False,-31.61,22.0,4.0,2023-02-15 11:00:00+00:00,True,142.895,142.737,1,daily_mitigation_ob_caused_displacement;daily_mitigation_ob_caused_imbalance;daily_mitigation_ob_flip_zone;daily_mitigation_ob_has_inducement;daily_mitigation_ob_swept_liquidity;daily_mitigation_ob_swept_liquidity_fractal;daily_mitigation_ob_swept_liquidity_fvg;daily_mitigation_ob_swept_liquidity_internal;daily_mitigation_ob_swept_liquidity_previous_candle;daily_mitigation_ob_swept_liquidity_swing;daily_ob_target_flip_zone;daily_ob_target_swept_liquidity_fractal;daily_ob_target_swept_liquidity_fvg;daily_ob_target_swept_liquidity_internal;daily_ob_target_swept_liquidity_previous_candle;daily_ob_target_swept_liquidity_swing;h1_mitigation_ob_flip_zone;h1_mitigation_ob_swept_liquidity_fractal;h1_mitigation_ob_swept_liquidity_fvg;h1_mitigation_ob_swept_liquidity_internal;h1_mitigation_ob_swept_liquidity_previous_candle;h1_mitigation_ob_swept_liquidity_swing;h1_ob_target_flip_zone;h1_ob_target_swept_liquidity;h1_ob_target_swept_liquidity_fvg;h1_ob_target_swept_liquidity_internal;h1_ob_target_swept_liquidity_previous_candle;h1_ob_target_swept_liquidity_swing;h4_mitigation_ob_caused_displacement;h4_mitigation_ob_caused_imbalance;h4_mitigation_ob_flip_zone;h4_mitigation_ob_has_inducement;h4_mitigation_ob_swept_liquidity;h4_mitigation_ob_swept_liquidity_fractal;h4_mitigation_ob_swept_liquidity_fvg;h4_mitigation_ob_swept_liquidity_internal;h4_mitigation_ob_swept_liquidity_previous_candle;h4_mitigation_ob_swept_liquidity_swing;h4_mitigation_ob_within_daily_ob;h4_ob_target_flip_zone;h4_ob_target_swept_liquidity_fractal;h4_ob_target_swept_liquidity_fvg;h4_ob_target_swept_liquidity_internal;h4_ob_target_swept_liquidity_previous_candle;h4_ob_target_swept_liquidity_swing
2023-02-17,Friday,ny,2023-02-17 13:00:00+00:00,2023-02-17 19:00:00+00:00,bullish,143.27,142.89999999999998,144.75000000000014,143.436,0.37000000000003297,24.322535030483678,win,0.44864864864860005,friday_close,0.6378378378377539,0.44864864864860005,friday_close,False,0,6,0 days 06:00:00,0.0,False,-31.61,22.0,4.0,2023-02-17 13:00:00+00:00,False,143.081,142.92,1,daily_mitigation_ob_caused_displacement;daily_mitigation_ob_caused_imbalance;daily_mitigation_ob_flip_zone;daily_mitigation_ob_has_inducement;daily_mitigation_ob_swept_liquidity;daily_mitigation_ob_swept_liquidity_fractal;daily_mitigation_ob_swept_liquidity_fvg;daily_mitigation_ob_swept_liquidity_internal;daily_mitigation_ob_swept_liquidity_previous_candle;daily_mitigation_ob_swept_liquidity_swing;daily_ob_target_flip_zone;daily_ob_target_swept_liquidity_fractal;daily_ob_target_swept_liquidity_fvg;daily_ob_target_swept_liquidity_internal;daily_ob_target_swept_liquidity_previous_candle;daily_ob_target_swept_liquidity_swing;h1_mitigation_ob_flip_zone;h1_mitigation_ob_swept_liquidity_fractal;h1_mitigation_ob_swept_liquidity_fvg;h1_mitigation_ob_swept_liquidity_internal;h1_mitigation_ob_swept_liquidity_previous_candle;h1_mitigation_ob_swept_liquidity_swing;h1_ob_target_flip_zone;h1_ob_target_swept_liquidity;h1_ob_target_swept_liquidity_fvg;h1_ob_target_swept_liquidity_internal;h1_ob_target_swept_liquidity_previous_candle;h1_ob_target_swept_liquidity_swing;h4_mitigation_ob_flip_zone;h4_mitigation_ob_swept_liquidity;h4_mitigation_ob_swept_liquidity_fvg;h4_mitigation_ob_swept_liquidity_internal;h4_mitigation_ob_swept_liquidity_previous_candle;h4_mitigation_ob_swept_liquidity_swing;h4_ob_target_flip_zone;h4_ob_target_swept_liquidity_fractal;h4_ob_target_swept_liquidity_fvg;h4_ob_target_swept_liquidity_internal;h4_ob_target_swept_liquidity_previous_candle;h4_ob_target_swept_liquidity_swing
2023-02-20,Monday,ny,2023-02-20 14:00:00+00:00,2023-02-21 02:00:00+00:00,bullish,143.179,142.89999999999998,144.2950000000001,143.179,0.2790000000000248,19.13769745085924,breakeven,0.0,be_stop,1.440860215053588,0.0,be_stop,True,1,12,0 days 12:00:00,1.2000000000000455,False,-31.61,22.0,4.0,2023-02-20 14:00:00+00:00,False,143.081,142.92,2,daily_mitigation_ob_caused_displacement;daily_mitigation_ob_caused_imbalance;daily_mitigation_ob_flip_zone;daily_mitigation_ob_has_inducement;daily_mitigation_ob_swept_liquidity;daily_mitigation_ob_swept_liquidity_fractal;daily_mitigation_ob_swept_liquidity_fvg;daily_mitigation_ob_swept_liquidity_internal;daily_mitigation_ob_swept_liquidity_previous_candle;daily_mitigation_ob_swept_liquidity_swing;daily_ob_target_flip_zone;daily_ob_target_swept_liquidity_fractal;daily_ob_target_swept_liquidity_fvg;daily_ob_target_swept_liquidity_internal;daily_ob_target_swept_liquidity_previous_candle;daily_ob_target_swept_liquidity_swing;h1_mitigation_ob_flip_zone;h1_mitigation_ob_swept_liquidity_fractal;h1_mitigation_ob_swept_liquidity_fvg;h1_mitigation_ob_swept_liquidity_internal;h1_mitigation_ob_swept_liquidity_previous_candle;h1_mitigation_ob_swept_liquidity_swing;h1_ob_target_flip_zone;h1_ob_target_swept_liquidity_fractal;h1_ob_target_swept_liquidity_fvg;h1_ob_target_swept_liquidity_internal;h1_ob_target_swept_liquidity_previous_candle;h1_ob_target_swept_liquidity_swing;h4_mitigation_ob_caused_displacement;h4_mitigation_ob_caused_imbalance;h4_mitigation_ob_flip_zone;h4_mitigation_ob_has_inducement;h4_mitigation_ob_swept_liquidity;h4_mitigation_ob_swept_liquidity_fractal;h4_mitigation_ob_swept_liquidity_fvg;h4_mitigation_ob_swept_liquidity_internal;h4_mitigation_ob_swept_liquidity_previous_candle;h4_mitigation_ob_swept_liquidity_swing;h4_mitigation_ob_within_daily_ob;h4_ob_target_flip_zone;h4_ob_target_swept_liquidity_fractal;h4_ob_target_swept_liquidity_fvg;h4_ob_target_swept_liquidity_internal;h4_ob_target_swept_liquidity_previous_candle;h4_ob_target_swept_liquidity_swing
2023-02-23,Thursday,ny,2023-02-23 14:00:00+00:00,2023-02-24 09:00:00+00:00,bearish,143.062,143.70700000000002,140.48199999999997,143.062,0.6450000000000102,-8.547421612307529,breakeven,0.0,be_stop,1.4201550387597066,0.0,be_stop,True,1,19,0 days 19:00:00,15.500000000000114,False,-31.61,22.0,4.0,2023-02-23 14:00:00+00:00,False,143.687,143.506,1,daily_mitigation_ob_caused_displacement;daily_mitigation_ob_caused_imbalance;daily_mitigation_ob_flip_zone;daily_mitigation_ob_has_inducement;daily_mitigation_ob_swept_liquidity;daily_mitigation_ob_swept_liquidity_fractal;daily_mitigation_ob_swept_liquidity_fvg;daily_mitigation_ob_swept_liquidity_internal;daily_mitigation_ob_swept_liquidity_previous_candle;daily_mitigation_ob_swept_liquidity_swing;daily_ob_target_flip_zone;daily_ob_target_swept_liquidity_fractal;daily_ob_target_swept_liquidity_fvg;daily_ob_target_swept_liquidity_internal;daily_ob_target_swept_liquidity_previous_candle;daily_ob_target_swept_liquidity_swing;h1_mitigation_ob_flip_zone;h1_mitigation_ob_swept_liquidity_fractal;h1_mitigation_ob_swept_liquidity_fvg;h1_mitigation_ob_swept_liquidity_internal;h1_mitigation_ob_swept_liquidity_previous_candle;h1_mitigation_ob_swept_liquidity_swing;h1_ob_target_flip_zone;h1_ob_target_swept_liquidity;h1_ob_target_swept_liquidity_fractal;h1_ob_target_swept_liquidity_internal;h1_ob_target_swept_liquidity_previous_candle;h1_ob_target_swept_liquidity_swing;h4_mitigation_ob_flip_zone;h4_mitigation_ob_swept_liquidity_fractal;h4_mitigation_ob_swept_liquidity_fvg;h4_mitigation_ob_swept_liquidity_internal;h4_mitigation_ob_swept_liquidity_previous_candle;h4_mitigation_ob_swept_liquidity_swing;h4_ob_target_flip_zone;h4_ob_target_swept_liquidity;h4_ob_target_swept_liquidity_fractal;h4_ob_target_swept_liquidity_internal;h4_ob_target_swept_liquidity_swing
2023-02-24,Friday,ny,2023-02-24 14:00:00+00:00,2023-02-24 15:00:00+00:00,bearish,143.63,143.739,143.19399999999996,143.739,0.10900000000000887,-34.079059703685026,loss,-1.0,sl,0.0,-1.0,sl,False,0,1,0 days 01:00:00,11.599999999998545,False,-31.61,22.0,4.0,2023-02-24 14:00:00+00:00,False,143.719,143.53,1,daily_mitigation_ob_flip_zone;daily_mitigation_ob_swept_liquidity_fractal;daily_mitigation_ob_swept_liquidity_fvg;daily_mitigation_ob_swept_liquidity_internal;daily_mitigation_ob_swept_liquidity_previous_candle;daily_mitigation_ob_swept_liquidity_swing;daily_ob_target_caused_displacement;daily_ob_target_caused_imbalance;daily_ob_target_flip_zone;daily_ob_target_has_inducement;daily_ob_target_swept_liquidity;daily_ob_target_swept_liquidity_fractal;daily_ob_target_swept_liquidity_fvg;daily_ob_target_swept_liquidity_internal;daily_ob_target_swept_liquidity_previous_candle;daily_ob_target_swept_liquidity_swing;h1_mitigation_ob_flip_zone;h1_mitigation_ob_swept_liquidity_fractal;h1_mitigation_ob_swept_liquidity_fvg;h1_mitigation_ob_swept_liquidity_internal;h1_mitigation_ob_swept_liquidity_previous_candle;h1_mitigation_ob_swept_liquidity_swing;h1_ob_target_flip_zone;h1_ob_target_swept_liquidity_fractal;h1_ob_target_swept_liquidity_fvg;h1_ob_target_swept_liquidity_internal;h1_ob_target_swept_liquidity_previous_candle;h1_ob_target_swept_liquidity_swing;h4_mitigation_ob_flip_zone;h4_mitigation_ob_swept_liquidity_fractal;h4_mitigation_ob_swept_liquidity_fvg;h4_mitigation_ob_swept_liquidity_internal;h4_mitigation_ob_swept_liquidity_previous_candle;h4_mitigation_ob_swept_liquidity_swing;h4_ob_target_caused_displacement;h4_ob_target_caused_imbalance;h4_ob_target_flip_zone;h4_ob_target_has_inducement;h4_ob_target_swept_liquidity;h4_ob_target_swept_liquidity_fractal;h4_ob_target_swept_liquidity_fvg;h4_ob_target_swept_liquidity_internal;h4_ob_target_swept_liquidity_previous_candle;h4_ob_target_swept_liquidity_swing;h4_ob_target_within_daily_ob
2023-02-27,Monday,ny,2023-02-27 14:00:00+00:00,2023-02-28 18:00:00+00:00,bullish,143.979,143.577,145.58700000000007,143.979,0.40200000000001523,-9.171261951685276,breakeven,0.0,be_stop,3.7114427860694867,0.0,be_stop,True,1,28,1 days 04:00:00,10.699999999999932,False,-31.61,22.0,4.0,2023-02-27 14:00:00+00:00,False,143.772,143.597,1,daily_mitigation_ob_caused_displacement;daily_mitigation_ob_caused_imbalance;daily_mitigation_ob_flip_zone;daily_mitigation_ob_has_inducement;daily_mitigation_ob_swept_liquidity;daily_mitigation_ob_swept_liquidity_fractal;daily_mitigation_ob_swept_liquidity_fvg;daily_mitigation_ob_swept_liquidity_internal;daily_mitigation_ob_swept_liquidity_previous_candle;daily_mitigation_ob_swept_liquidity_swing;daily_ob_target_flip_zone;daily_ob_target_swept_liquidity_fractal;daily_ob_target_swept_liquidity_fvg;daily_ob_target_swept_liquidity_internal;daily_ob_target_swept_liquidity_previous_candle;daily_ob_target_swept_liquidity_swing;h1_mitigation_ob_flip_zone;h1_mitigation_ob_swept_liquidity;h1_mitigation_ob_swept_liquidity_fvg;h1_mitigation_ob_swept_liquidity_internal;h1_mitigation_ob_swept_liquidity_previous_candle;h1_mitigation_ob_swept_liquidity_swing;h1_ob_target_flip_zone;h1_ob_target_swept_liquidity;h1_ob_target_swept_liquidity_fvg;h1_ob_target_swept_liquidity_internal;h1_ob_target_swept_liquidity_previous_candle;h1_ob_target_swept_liquidity_swing;h4_mitigation_ob_caused_displacement;h4_mitigation_ob_caused_imbalance;h4_mitigation_ob_flip_zone;h4_mitigation_ob_has_inducement;h4_mitigation_ob_swept_liquidity;h4_mitigation_ob_swept_liquidity_fractal;h4_mitigation_ob_swept_liquidity_fvg;h4_mitigation_ob_swept_liquidity_internal;h4_mitigation_ob_swept_liquidity_previous_candle;h4_mitigation_ob_swept_liquidity_swing;h4_mitigation_ob_within_daily_ob;h4_ob_target_flip_zone;h4_ob_target_swept_liquidity;h4_ob_target_swept_liquidity_fractal;h4_ob_target_swept_liquidity_internal;h4_ob_target_swept_liquidity_swing
2023-03-01,Wednesday,ny,2023-03-01 14:00:00+00:00,2023-03-01 15:00:00+00:00,bearish,145.099,145.197,144.70699999999994,145.197,0.09800000000001319,-10.10640466260127,loss,-1.0,sl,0.0,-1.0,sl,False,0,1,0 days 01:00:00,8.799999999999386,True,-31.61,22.0,4.0,2023-03-01 14:00:00+00:00,False,145.177,144.857,1,daily_mitigation_ob_flip_zone;daily_mitigation_ob_swept_liquidity_fractal;daily_mitigation_ob_swept_liquidity_fvg;daily_mitigation_ob_swept_liquidity_internal;daily_mitigation_ob_swept_liquidity_previous_candle;daily_mitigation_ob_swept_liquidity_swing;daily_ob_target_caused_displacement;daily_ob_target_caused_imbalance;daily_ob_target_flip_zone;daily_ob_target_has_inducement;daily_ob_target_swept_liquidity;daily_ob_target_swept_liquidity_fractal;daily_ob_target_swept_liquidity_fvg;daily_ob_target_swept_liquidity_internal;daily_ob_target_swept_liquidity_previous_candle;daily_ob_target_swept_liquidity_swing;h1_mitigation_ob_flip_zone;h1_mitigation_ob_swept_liquidity;h1_mitigation_ob_swept_liquidity_fractal;h1_mitigation_ob_swept_liquidity_fvg;h1_mitigation_ob_swept_liquidity_previous_candle;h1_mitigation_ob_swept_liquidity_swing;h1_ob_target_flip_zone;h1_ob_target_swept_liquidity_fractal;h1_ob_target_swept_liquidity_fvg;h1_ob_target_swept_liquidity_internal;h1_ob_target_swept_liquidity_previous_candle;h1_ob_target_swept_liquidity_swing;h4_mitigation_ob_flip_zone;h4_mitigation_ob_swept_liquidity;h4_mitigation_ob_swept_liquidity_fvg;h4_mitigation_ob_swept_liquidity_internal;h4_mitigation_ob_swept_liquidity_previous_candle;h4_mitigation_ob_swept_liquidity_swing;h4_ob_target_caused_displacement;h4_ob_target_caused_imbalance;h4_ob_target_flip_zone;h4_ob_target_has_inducement;h4_ob_target_swept_liquidity;h4_ob_target_swept_liquidity_fractal;h4_ob_target_swept_liquidity_fvg;h4_ob_target_swept_liquidity_internal;h4_ob_target_swept_liquidity_previous_candle;h4_ob_target_swept_liquidity_swing;h4_ob_target_within_daily_ob
2023-03-03,Friday,london,2023-03-03 09:00:00+00:00,2023-03-03 11:00:00+00:00,bullish,144.458,144.386,144.746,144.386,0.07200000000000273,22.323707162490376,loss,-1.0,sl,3.75,-1.0,sl,False,0,2,0 days 02:00:00,3.499999999999659,True,-31.61,22.0,4.0,2023-03-03 09:00:00+00:00,False,144.698,144.406,2,daily_mitigation_ob_caused_displacement;daily_mitigation_ob_caused_imbalance;daily_mitigation_ob_flip_zone;daily_mitigation_ob_has_inducement;daily_mitigation_ob_swept_liquidity;daily_mitigation_ob_swept_liquidity_fractal;daily_mitigation_ob_swept_liquidity_fvg;daily_mitigation_ob_swept_liquidity_internal;daily_mitigation_ob_swept_liquidity_previous_candle;daily_mitigation_ob_swept_liquidity_swing;daily_ob_target_caused_displacement;daily_ob_target_caused_imbalance;daily_ob_target_flip_zone;daily_ob_target_has_inducement;daily_ob_target_swept_liquidity;daily_ob_target_swept_liquidity_fractal;daily_ob_target_swept_liquidity_fvg;daily_ob_target_swept_liquidity_internal;daily_ob_target_swept_liquidity_previous_candle;daily_ob_target_swept_liquidity_swing;h1_mitigation_ob_flip_zone;h1_mitigation_ob_swept_liquidity;h1_mitigation_ob_swept_liquidity_fractal;h1_mitigation_ob_swept_liquidity_internal;h1_mitigation_ob_swept_liquidity_swing;h1_ob_target_caused_displacement;h1_ob_target_caused_imbalance;h1_ob_target_flip_zone;h1_ob_target_has_inducement;h1_ob_target_swept_liquidity;h1_ob_target_swept_liquidity_fractal;h1_ob_target_swept_liquidity_fvg;h1_ob_target_swept_liquidity_internal;h1_ob_target_swept_liquidity_previous_candle;h1_ob_target_swept_liquidity_swing;h1_ob_target_within_h4_ob;h4_mitigation_ob_flip_zone;h4_mitigation_ob_swept_liquidity;h4_mitigation_ob_swept_liquidity_fractal;h4_mitigation_ob_swept_liquidity_internal;h4_mitigation_ob_swept_liquidity_swing;h4_ob_target_caused_displacement;h4_ob_target_caused_imbalance;h4_ob_target_flip_zone;h4_ob_target_has_inducement;h4_ob_target_swept_liquidity;h4_ob_target_swept_liquidity_fractal;h4_ob_target_swept_liquidity_fvg;h4_ob_target_swept_liquidity_internal;h4_ob_target_swept_liquidity_previous_candle;h4_ob_target_swept_liquidity_swing;h4_ob_target_within_daily_ob
2023-03-06,Monday,ny,2023-03-06 13:00:00+00:00,2023-03-07 08:00:00+00:00,bullish,144.763,144.518,145.74300000000002,144.763,0.24500000000000455,-1.4943339548563315,breakeven,0.0,be_stop,2.763265306122367,0.0,be_stop,True,1,19,0 days 19:00:00,4.500000000001592,False,-31.61,22.0,4.0,2023-03-06 13:00:00+00:00,False,144.673,144.538,1,daily_mitigation_ob_caused_displacement;daily_mitigation_ob_caused_imbalance;daily_mitigation_ob_flip_zone;daily_mitigation_ob_has_inducement;daily_mitigation_ob_swept_liquidity;daily_mitigation_ob_swept_liquidity_fractal;daily_mitigation_ob_swept_liquidity_fvg;daily_mitigation_ob_swept_liquidity_internal;daily_mitigation_ob_swept_liquidity_previous_candle;daily_mitigation_ob_swept_liquidity_swing;daily_ob_target_caused_displacement;daily_ob_target_caused_imbalance;daily_ob_target_flip_zone;daily_ob_target_has_inducement;daily_ob_target_swept_liquidity;daily_ob_target_swept_liquidity_fractal;daily_ob_target_swept_liquidity_fvg;daily_ob_target_swept_liquidity_internal;daily_ob_target_swept_liquidity_previous_candle;daily_ob_target_swept_liquidity_swing;h1_mitigation_ob_flip_zone;h1_mitigation_ob_swept_liquidity;h1_mitigation_ob_swept_liquidity_fractal;h1_mitigation_ob_swept_liquidity_internal;h1_mitigation_ob_swept_liquidity_swing;h1_ob_target_flip_zone;h1_ob_target_swept_liquidity;h1_ob_target_swept_liquidity_fvg;h1_ob_target_swept_liquidity_swing;h4_mitigation_ob_caused_displacement;h4_mitigation_ob_caused_imbalance;h4_mitigation_ob_flip_zone;h4_mitigation_ob_has_inducement;h4_mitigation_ob_swept_liquidity;h4_mitigation_ob_swept_liquidity_fractal;h4_mitigation_ob_swept_liquidity_fvg;h4_mitigation_ob_swept_liquidity_internal;h4_mitigation_ob_swept_liquidity_previous_candle;h4_mitigation_ob_swept_liquidity_swing;h4_mitigation_ob_within_daily_ob;h4_ob_target_caused_displacement;h4_ob_target_caused_imbalance;h4_ob_target_flip_zone;h4_ob_target_has_inducement;h4_ob_target_swept_liquidity;h4_ob_target_swept_liquidity_fractal;h4_ob_target_swept_liquidity_fvg;h4_ob_target_swept_liquidity_internal;h4_ob_target_swept_liquidity_previous_candle;h4_ob_target_swept_liquidity_swing;h4_ob_target_within_daily_ob
2023-03-07,Tuesday,london,2023-03-07 09:00:00+00:00,2023-03-07 18:00:00+00:00,bullish,144.776,144.589,145.52400000000006,144.589,0.18700000000001182,-3.9163773150377224,loss,-1.0,sl,2.780748663101331,-1.0,sl,False,0,9,0 days 09:00:00,3.299999999998704,True,-31.61,22.0,4.0,2023-03-07 09:00:00+00:00,False,144.765,144.609,1,daily_mitigation_ob_caused_displacement;daily_mitigation_ob_caused_imbalance;daily_mitigation_ob_flip_zone;daily_mitigation_ob_has_inducement;daily_mitigation_ob_swept_liquidity;daily_mitigation_ob_swept_liquidity_fractal;daily_mitigation_ob_swept_liquidity_fvg;daily_mitigation_ob_swept_liquidity_internal;daily_mitigation_ob_swept_liquidity_previous_candle;daily_mitigation_ob_swept_liquidity_swing;daily_ob_target_caused_displacement;daily_ob_target_caused_imbalance;daily_ob_target_flip_zone;daily_ob_target_has_inducement;daily_ob_target_swept_liquidity;daily_ob_target_swept_liquidity_fractal;daily_ob_target_swept_liquidity_fvg;daily_ob_target_swept_liquidity_internal;daily_ob_target_swept_liquidity_previous_candle;daily_ob_target_swept_liquidity_swing;h1_mitigation_ob_flip_zone;h1_mitigation_ob_swept_liquidity;h1_mitigation_ob_swept_liquidity_fractal;h1_mitigation_ob_swept_liquidity_fvg;h1_mitigation_ob_swept_liquidity_internal;h1_mitigation_ob_swept_liquidity_swing;h1_ob_target_flip_zone;h1_ob_target_swept_liquidity_fractal;h1_ob_target_swept_liquidity_fvg;h1_ob_target_swept_liquidity_internal;h1_ob_target_swept_liquidity_previous_candle;h1_ob_target_swept_liquidity_swing;h4_mitigation_ob_caused_displacement;h4_mitigation_ob_caused_imbalance;h4_mitigation_ob_flip_zone;h4_mitigation_ob_has_inducement;h4_mitigation_ob_swept_liquidity;h4_mitigation_ob_swept_liquidity_fractal;h4_mitigation_ob_swept_liquidity_fvg;h4_mitigation_ob_swept_liquidity_internal;h4_mitigation_ob_swept_liquidity_previous_candle;h4_mitigation_ob_swept_liquidity_swing;h4_mitigation_ob_within_daily_ob;h4_ob_target_caused_displacement;h4_ob_target_caused_imbalance;h4_ob_target_flip_zone;h4_ob_target_has_inducement;h4_ob_target_swept_liquidity;h4_ob_target_swept_liquidity_fractal;h4_ob_target_swept_liquidity_fvg;h4_ob_target_swept_liquidity_internal;h4_ob_target_swept_liquidity_previous_candle;h4_ob_target_swept_liquidity_swing;h4_ob_target_within_daily_ob
2023-03-08,Wednesday,london,2023-03-08 09:00:00+00:00,2023-03-08 11:00:00+00:00,bullish,144.917,144.76299999999998,145.5330000000001,144.76299999999998,0.15400000000002478,-5.750043319214891,loss,-1.0,sl,1.292207792207664,-1.0,sl,False,0,2,0 days 02:00:00,16.99999999999875,True,-31.61,22.0,4.0,2023-03-08 09:00:00+00:00,False,144.932,144.783,1,daily_mitigation_ob_caused_displacement;daily_mitigation_ob_caused_imbalance;daily_mitigation_ob_flip_zone;daily_mitigation_ob_has_inducement;daily_mitigation_ob_swept_liquidity;daily_mitigation_ob_swept_liquidity_fractal;daily_mitigation_ob_swept_liquidity_fvg;daily_mitigation_ob_swept_liquidity_internal;daily_mitigation_ob_swept_liquidity_previous_candle;daily_mitigation_ob_swept_liquidity_swing;daily_ob_target_caused_displacement;daily_ob_target_caused_imbalance;daily_ob_target_flip_zone;daily_ob_target_has_inducement;daily_ob_target_swept_liquidity;daily_ob_target_swept_liquidity_fractal;daily_ob_target_swept_liquidity_fvg;daily_ob_target_swept_liquidity_internal;daily_ob_target_swept_liquidity_previous_candle;daily_ob_target_swept_liquidity_swing;h1_mitigation_ob_flip_zone;h1_mitigation_ob_swept_liquidity_fractal;h1_mitigation_ob_swept_liquidity_fvg;h1_mitigation_ob_swept_liquidity_internal;h1_mitigation_ob_swept_liquidity_previous_candle;h1_mitigation_ob_swept_liquidity_swing;h1_ob_target_flip_zone;h1_ob_target_swept_liquidity_fractal;h1_ob_target_swept_liquidity_fvg;h1_ob_target_swept_liquidity_internal;h1_ob_target_swept_liquidity_previous_candle;h1_ob_target_swept_liquidity_swing;h4_mitigation_ob_caused_displacement;h4_mitigation_ob_caused_imbalance;h4_mitigation_ob_flip_zone;h4_mitigation_ob_has_inducement;h4_mitigation_ob_swept_liquidity;h4_mitigation_ob_swept_liquidity_fractal;h4_mitigation_ob_swept_liquidity_fvg;h4_mitigation_ob_swept_liquidity_internal;h4_mitigation_ob_swept_liquidity_previous_candle;h4_mitigation_ob_swept_liquidity_swing;h4_mitigation_ob_within_daily_ob;h4_ob_target_caused_displacement;h4_ob_target_caused_imbalance;h4_ob_target_flip_zone;h4_ob_target_has_inducement;h4_ob_target_swept_liquidity;h4_ob_target_swept_liquidity_fractal;h4_ob_target_swept_liquidity_fvg;h4_ob_target_swept_liquidity_internal;h4_ob_target_swept_liquidity_previous_candle;h4_ob_target_swept_liquidity_swing;h4_ob_target_within_daily_ob
2023-03-10,Friday,ny,2023-03-10 13:00:00+00:00,2023-03-10 14:00:00+00:00,bullish,144.727,144.51,145.59500000000006,144.51,0.21700000000001296,-20.249647514809954,loss,-1.0,sl,0.3041474654377814,-1.0,sl,False,0,1,0 days 01:00:00,83.29999999999984,True,-31.61,22.0,4.0,2023-03-10 13:00:00+00:00,False,144.796,144.53,1,daily_mitigation_ob_caused_displacement;daily_mitigation_ob_caused_imbalance;daily_mitigation_ob_flip_zone;daily_mitigation_ob_has_inducement;daily_mitigation_ob_swept_liquidity;daily_mitigation_ob_swept_liquidity_fractal;daily_mitigation_ob_swept_liquidity_fvg;daily_mitigation_ob_swept_liquidity_internal;daily_mitigation_ob_swept_liquidity_previous_candle;daily_mitigation_ob_swept_liquidity_swing;daily_ob_target_caused_displacement;daily_ob_target_caused_imbalance;daily_ob_target_flip_zone;daily_ob_target_has_inducement;daily_ob_target_swept_liquidity;daily_ob_target_swept_liquidity_fractal;daily_ob_target_swept_liquidity_fvg;daily_ob_target_swept_liquidity_internal;daily_ob_target_swept_liquidity_previous_candle;daily_ob_target_swept_liquidity_swing;h1_mitigation_ob_flip_zone;h1_mitigation_ob_swept_liquidity_fractal;h1_mitigation_ob_swept_liquidity_fvg;h1_mitigation_ob_swept_liquidity_internal;h1_mitigation_ob_swept_liquidity_previous_candle;h1_mitigation_ob_swept_liquidity_swing;h1_ob_target_flip_zone;h1_ob_target_swept_liquidity_fractal;h1_ob_target_swept_liquidity_fvg;h1_ob_target_swept_liquidity_internal;h1_ob_target_swept_liquidity_previous_candle;h1_ob_target_swept_liquidity_swing;h4_mitigation_ob_caused_displacement;h4_mitigation_ob_caused_imbalance;h4_mitigation_ob_flip_zone;h4_mitigation_ob_has_inducement;h4_mitigation_ob_swept_liquidity;h4_mitigation_ob_swept_liquidity_fractal;h4_mitigation_ob_swept_liquidity_fvg;h4_mitigation_ob_swept_liquidity_internal;h4_mitigation_ob_swept_liquidity_previous_candle;h4_mitigation_ob_swept_liquidity_swing;h4_mitigation_ob_within_daily_ob;h4_ob_target_caused_displacement;h4_ob_target_caused_imbalance;h4_ob_target_flip_zone;h4_ob_target_has_inducement;h4_ob_target_swept_liquidity;h4_ob_target_swept_liquidity_fractal;h4_ob_target_swept_liquidity_fvg;h4_ob_target_swept_liquidity_internal;h4_ob_target_swept_liquidity_previous_candle;h4_ob_target_swept_liquidity_swing;h4_ob_target_within_daily_ob
2023-03-15,Wednesday,london,2023-03-15 07:00:00+00:00,2023-03-15 08:00:00+00:00,bearish,144.816,144.916,144.41600000000003,144.916,0.09999999999999432,3.606114829718336,loss,-1.0,sl,0.0,-1.0,sl,False,0,1,0 days 01:00:00,4.300000000000637,True,-31.61,22.0,4.0,2023-03-15 07:00:00+00:00,False,144.896,144.681,1,daily_mitigation_ob_flip_zone;daily_mitigation_ob_swept_liquidity_fractal;daily_mitigation_ob_swept_liquidity_fvg;daily_mitigation_ob_swept_liquidity_internal;daily_mitigation_ob_swept_liquidity_previous_candle;daily_mitigation_ob_swept_liquidity_swing;daily_ob_target_caused_displacement;daily_ob_target_caused_imbalance;daily_ob_target_flip_zone;daily_ob_target_has_inducement;daily_ob_target_swept_liquidity;daily_ob_target_swept_liquidity_fractal;daily_ob_target_swept_liquidity_fvg;daily_ob_target_swept_liquidity_internal;daily_ob_target_swept_liquidity_previous_candle;daily_ob_target_swept_liquidity_swing;h1_mitigation_ob_flip_zone;h1_mitigation_ob_swept_liquidity;h1_mitigation_ob_swept_liquidity_fractal;h1_mitigation_ob_swept_liquidity_fvg;h1_mitigation_ob_swept_liquidity_internal;h1_mitigation_ob_swept_liquidity_swing;h1_ob_target_flip_zone;h1_ob_target_swept_liquidity_fractal;h1_ob_target_swept_liquidity_fvg;h1_ob_target_swept_liquidity_internal;h1_ob_target_swept_liquidity_previous_candle;h1_ob_target_swept_liquidity_swing;h4_mitigation_ob_flip_zone;h4_mitigation_ob_swept_liquidity;h4_mitigation_ob_swept_liquidity_fvg;h4_mitigation_ob_swept_liquidity_internal;h4_mitigation_ob_swept_liquidity_previous_candle;h4_mitigation_ob_swept_liquidity_swing;h4_ob_target_caused_displacement;h4_ob_target_caused_imbalance;h4_ob_target_flip_zone;h4_ob_target_has_inducement;h4_ob_target_swept_liquidity;h4_ob_target_swept_liquidity_fractal;h4_ob_target_swept_liquidity_fvg;h4_ob_target_swept_liquidity_internal;h4_ob_target_swept_liquidity_previous_candle;h4_ob_target_swept_liquidity_swing;h4_ob_target_within_daily_ob
2023-03-15,Wednesday,ny,2023-03-15 13:00:00+00:00,2023-03-16 12:00:00+00:00,bullish,139.974,139.52599999999998,141.76600000000002,139.974,0.4480000000000075,-38.363007901017355,breakeven,0.0,be_stop,3.5937499999999702,0.0,be_stop,True,1,23,0 days 23:00:00,10.199999999997544,False,-31.61,22.0,4.0,2023-03-15 13:00:00+00:00,False,140.111,139.546,1,daily_mitigation_ob_caused_displacement;daily_mitigation_ob_caused_imbalance;daily_mitigation_ob_flip_zone;daily_mitigation_ob_has_inducement;daily_mitigation_ob_swept_liquidity;daily_mitigation_ob_swept_liquidity_fractal;daily_mitigation_ob_swept_liquidity_fvg;daily_mitigation_ob_swept_liquidity_internal;daily_mitigation_ob_swept_liquidity_previous_candle;daily_mitigation_ob_swept_liquidity_swing;daily_ob_target_caused_displacement;daily_ob_target_caused_imbalance;daily_ob_target_flip_zone;daily_ob_target_has_inducement;daily_ob_target_swept_liquidity;daily_ob_target_swept_liquidity_fractal;daily_ob_target_swept_liquidity_fvg;daily_ob_target_swept_liquidity_internal;daily_ob_target_swept_liquidity_previous_candle;daily_ob_target_swept_liquidity_swing;h1_mitigation_ob_flip_zone;h1_mitigation_ob_swept_liquidity_fractal;h1_mitigation_ob_swept_liquidity_fvg;h1_mitigation_ob_swept_liquidity_internal;h1_mitigation_ob_swept_liquidity_previous_candle;h1_mitigation_ob_swept_liquidity_swing;h1_ob_target_caused_displacement;h1_ob_target_caused_imbalance;h1_ob_target_flip_zone;h1_ob_target_has_inducement;h1_ob_target_swept_liquidity;h1_ob_target_swept_liquidity_fractal;h1_ob_target_swept_liquidity_fvg;h1_ob_target_swept_liquidity_internal;h1_ob_target_swept_liquidity_previous_candle;h1_ob_target_swept_liquidity_swing;h1_ob_target_within_h4_ob;h4_mitigation_ob_flip_zone;h4_mitigation_ob_swept_liquidity;h4_mitigation_ob_swept_liquidity_fractal;h4_mitigation_ob_swept_liquidity_fvg;h4_mitigation_ob_swept_liquidity_internal;h4_mitigation_ob_swept_liquidity_previous_candle;h4_ob_target_caused_displacement;h4_ob_target_caused_imbalance;h4_ob_target_flip_zone;h4_ob_target_has_inducement;h4_ob_target_swept_liquidity;h4_ob_target_swept_liquidity_fractal;h4_ob_target_swept_liquidity_fvg;h4_ob_target_swept_liquidity_internal;h4_ob_target_swept_liquidity_previous_candle;h4_ob_target_swept_liquidity_swing;h4_ob_target_within_daily_ob
2023-03-21,Tuesday,ny,2023-03-21 13:00:00+00:00,2023-03-21 19:00:00+00:00,bearish,142.517,143.03300000000002,140.45299999999992,142.683,0.5160000000000196,-13.820554160894508,loss,-0.3217054263565708,cut_19h,1.2034883720929956,-0.3217054263565708,cut_19h,False,1,6,0 days 06:00:00,0.0,False,-31.61,22.0,4.0,2023-03-21 13:00:00+00:00,False,143.013,142.759,1,daily_mitigation_ob_caused_displacement;daily_mitigation_ob_caused_imbalance;daily_mitigation_ob_flip_zone;daily_mitigation_ob_has_inducement;daily_mitigation_ob_swept_liquidity;daily_mitigation_ob_swept_liquidity_fractal;daily_mitigation_ob_swept_liquidity_fvg;daily_mitigation_ob_swept_liquidity_internal;daily_mitigation_ob_swept_liquidity_previous_candle;daily_mitigation_ob_swept_liquidity_swing;daily_ob_target_caused_displacement;daily_ob_target_caused_imbalance;daily_ob_target_flip_zone;daily_ob_target_has_inducement;daily_ob_target_swept_liquidity;daily_ob_target_swept_liquidity_fractal;daily_ob_target_swept_liquidity_fvg;daily_ob_target_swept_liquidity_internal;daily_ob_target_swept_liquidity_previous_candle;daily_ob_target_swept_liquidity_swing;h1_mitigation_ob_flip_zone;h1_mitigation_ob_swept_liquidity;h1_mitigation_ob_swept_liquidity_fvg;h1_mitigation_ob_swept_liquidity_previous_candle;h1_mitigation_ob_swept_liquidity_swing;h1_ob_target_flip_zone;h1_ob_target_swept_liquidity;h1_ob_target_swept_liquidity_fractal;h1_ob_target_swept_liquidity_fvg;h1_ob_target_swept_liquidity_internal;h1_ob_target_swept_liquidity_swing;h4_mitigation_ob_caused_displacement;h4_mitigation_ob_caused_imbalance;h4_mitigation_ob_flip_zone;h4_mitigation_ob_has_inducement;h4_mitigation_ob_swept_liquidity;h4_mitigation_ob_swept_liquidity_fractal;h4_mitigation_ob_swept_liquidity_fvg;h4_mitigation_ob_swept_liquidity_internal;h4_mitigation_ob_swept_liquidity_previous_candle;h4_mitigation_ob_swept_liquidity_swing;h4_mitigation_ob_within_daily_ob;h4_ob_target_flip_zone;h4_ob_target_swept_liquidity_fractal;h4_ob_target_swept_liquidity_fvg;h4_ob_target_swept_liquidity_internal;h4_ob_target_swept_liquidity_previous_candle;h4_ob_target_swept_liquidity_swing
2023-03-22,Wednesday,ny,2023-03-22 14:00:00+00:00,2023-03-22 19:00:00+00:00,bullish,143.06,142.688,144.54800000000006,142.978,0.3720000000000141,-3.5534486390627307,loss,-0.22043010752685624,cut_19h,0.45161290322580644,-0.22043010752685624,cut_19h,False,1,5,0 days 05:00:00,0.0,False,-31.61,22.0,4.0,2023-03-22 14:00:00+00:00,False,142.981,142.708,1,daily_mitigation_ob_caused_displacement;daily_mitigation_ob_caused_imbalance;daily_mitigation_ob_flip_zone;daily_mitigation_ob_has_inducement;daily_mitigation_ob_swept_liquidity;daily_mitigation_ob_swept_liquidity_fractal;daily_mitigation_ob_swept_liquidity_fvg;daily_mitigation_ob_swept_liquidity_internal;daily_mitigation_ob_swept_liquidity_previous_candle;daily_mitigation_ob_swept_liquidity_swing;daily_ob_target_flip_zone;daily_ob_target_swept_liquidity_fractal;daily_ob_target_swept_liquidity_fvg;daily_ob_target_swept_liquidity_internal;daily_ob_target_swept_liquidity_previous_candle;daily_ob_target_swept_liquidity_swing;h1_mitigation_ob_flip_zone;h1_mitigation_ob_swept_liquidity_fractal;h1_mitigation_ob_swept_liquidity_fvg;h1_mitigation_ob_swept_liquidity_internal;h1_mitigation_ob_swept_liquidity_previous_candle;h1_mitigation_ob_swept_liquidity_swing;h1_ob_target_flip_zone;h1_ob_target_swept_liquidity;h1_ob_target_swept_liquidity_fvg;h1_ob_target_swept_liquidity_previous_candle;h1_ob_target_swept_liquidity_swing;h4_mitigation_ob_caused_displacement;h4_mitigation_ob_caused_imbalance;h4_mitigation_ob_flip_zone;h4_mitigation_ob_has_inducement;h4_mitigation_ob_swept_liquidity;h4_mitigation_ob_swept_liquidity_fractal;h4_mitigation_ob_swept_liquidity_fvg;h4_mitigation_ob_swept_liquidity_internal;h4_mitigation_ob_swept_liquidity_previous_candle;h4_mitigation_ob_swept_liquidity_swing;h4_mitigation_ob_within_daily_ob;h4_ob_target_flip_zone;h4_ob_target_swept_liquidity;h4_ob_target_swept_liquidity_fvg;h4_ob_target_swept_liquidity_internal;h4_ob_target_swept_liquidity_previous_candle;h4_ob_target_swept_liquidity_swing
2023-03-23,Thursday,london,2023-03-23 08:00:00+00:00,2023-03-23 18:00:00+00:00,bearish,143.001,143.24300000000002,142.03299999999993,142.03299999999993,0.24200000000001864,-13.984317601809138,win,4.0,tp,10.0,9.677685950412531,friday_close,True,1,10,0 days 10:00:00,0.0,False,-31.61,22.0,4.0,2023-03-23 08:00:00+00:00,False,143.223,142.925,1,daily_mitigation_ob_caused_displacement;daily_mitigation_ob_caused_imbalance;daily_mitigation_ob_flip_zone;daily_mitigation_ob_has_inducement;daily_mitigation_ob_swept_liquidity;daily_mitigation_ob_swept_liquidity_fractal;daily_mitigation_ob_swept_liquidity_fvg;daily_mitigation_ob_swept_liquidity_internal;daily_mitigation_ob_swept_liquidity_previous_candle;daily_mitigation_ob_swept_liquidity_swing;daily_ob_target_caused_displacement;daily_ob_target_caused_imbalance;daily_ob_target_flip_zone;daily_ob_target_has_inducement;daily_ob_target_swept_liquidity;daily_ob_target_swept_liquidity_fractal;daily_ob_target_swept_liquidity_fvg;daily_ob_target_swept_liquidity_internal;daily_ob_target_swept_liquidity_previous_candle;daily_ob_target_swept_liquidity_swing;h1_mitigation_ob_flip_zone;h1_mitigation_ob_swept_liquidity_fractal;h1_mitigation_ob_swept_liquidity_fvg;h1_mitigation_ob_swept_liquidity_internal;h1_mitigation_ob_swept_liquidity_previous_candle;h1_mitigation_ob_swept_liquidity_swing;h1_ob_target_caused_displacement;h1_ob_target_caused_imbalance;h1_ob_target_flip_zone;h1_ob_target_has_inducement;h1_ob_target_swept_liquidity;h1_ob_target_swept_liquidity_fractal;h1_ob_target_swept_liquidity_fvg;h1_ob_target_swept_liquidity_internal;h1_ob_target_swept_liquidity_previous_candle;h1_ob_target_swept_liquidity_swing;h1_ob_target_within_h4_ob;h4_mitigation_ob_caused_displacement;h4_mitigation_ob_caused_imbalance;h4_mitigation_ob_flip_zone;h4_mitigation_ob_has_inducement;h4_mitigation_ob_swept_liquidity;h4_mitigation_ob_swept_liquidity_fractal;h4_mitigation_ob_swept_liquidity_fvg;h4_mitigation_ob_swept_liquidity_internal;h4_mitigation_ob_swept_liquidity_previous_candle;h4_mitigation_ob_swept_liquidity_swing;h4_mitigation_ob_within_daily_ob;h4_ob_target_caused_displacement;h4_ob_target_caused_imbalance;h4_ob_target_flip_zone;h4_ob_target_has_inducement;h4_ob_target_swept_liquidity;h4_ob_target_swept_liquidity_fractal;h4_ob_target_swept_liquidity_fvg;h4_ob_target_swept_liquidity_internal;h4_ob_target_swept_liquidity_previous_candle;h4_ob_target_swept_liquidity_swing;h4_ob_target_within_daily_ob
2023-03-24,Friday,london,2023-03-24 07:00:00+00:00,2023-03-24 08:00:00+00:00,bullish,141.035,140.55499999999998,142.95500000000007,140.55499999999998,0.4800000000000182,-1.4698065715795257,loss,-1.0,sl,0.0,-1.0,sl,False,0,1,0 days 01:00:00,63.39999999999861,False,-31.61,22.0,4.0,2023-03-24 06:00:00+00:00,True,140.898,140.575,2,daily_mitigation_ob_caused_displacement;daily_mitigation_ob_caused_imbalance;daily_mitigation_ob_flip_zone;daily_mitigation_ob_has_inducement;daily_mitigation_ob_swept_liquidity;daily_mitigation_ob_swept_liquidity_fractal;daily_mitigation_ob_swept_liquidity_fvg;daily_mitigation_ob_swept_liquidity_internal;daily_mitigation_ob_swept_liquidity_previous_candle;daily_mitigation_ob_swept_liquidity_swing;daily_ob_target_caused_displacement;daily_ob_target_caused_imbalance;daily_ob_target_flip_zone;daily_ob_target_has_inducement;daily_ob_target_swept_liquidity;daily_ob_target_swept_liquidity_fractal;daily_ob_target_swept_liquidity_fvg;daily_ob_target_swept_liquidity_internal;daily_ob_target_swept_liquidity_previous_candle;daily_ob_target_swept_liquidity_swing;h1_mitigation_ob_flip_zone;h1_mitigation_ob_swept_liquidity;h1_mitigation_ob_swept_liquidity_fractal;h1_mitigation_ob_swept_liquidity_fvg;h1_mitigation_ob_swept_liquidity_internal;h1_mitigation_ob_swept_liquidity_swing;h1_ob_target_flip_zone;h1_ob_target_swept_liquidity;h1_ob_target_swept_liquidity_fvg;h1_ob_target_swept_liquidity_internal;h1_ob_target_swept_liquidity_swing;h4_mitigation_ob_caused_displacement;h4_mitigation_ob_caused_imbalance;h4_mitigation_ob_flip_zone;h4_mitigation_ob_has_inducement;h4_mitigation_ob_swept_liquidity;h4_mitigation_ob_swept_liquidity_fractal;h4_mitigation_ob_swept_liquidity_fvg;h4_mitigation_ob_swept_liquidity_internal;h4_mitigation_ob_swept_liquidity_previous_candle;h4_mitigation_ob_swept_liquidity_swing;h4_mitigation_ob_within_daily_ob;h4_ob_target_flip_zone;h4_ob_target_swept_liquidity;h4_ob_target_swept_liquidity_fractal;h4_ob_target_swept_liquidity_fvg;h4_ob_target_swept_liquidity_internal;h4_ob_target_swept_liquidity_swing
2023-03-29,Wednesday,london,2023-03-29 07:00:00+00:00,2023-03-30 12:00:00+00:00,bullish,143.002,142.563,144.7580000000001,144.7580000000001,0.4390000000000214,-6.1189334190464875,win,4.0,tp,6.07289293849628,2.9225512528472084,friday_close,True,2,29,1 days 05:00:00,0.0,False,-31.61,22.0,4.0,2023-03-29 07:00:00+00:00,False,142.744,142.583,1,daily_mitigation_ob_caused_displacement;daily_mitigation_ob_caused_imbalance;daily_mitigation_ob_flip_zone;daily_mitigation_ob_has_inducement;daily_mitigation_ob_swept_liquidity;daily_mitigation_ob_swept_liquidity_fractal;daily_mitigation_ob_swept_liquidity_fvg;daily_mitigation_ob_swept_liquidity_internal;daily_mitigation_ob_swept_liquidity_previous_candle;daily_mitigation_ob_swept_liquidity_swing;daily_ob_target_flip_zone;daily_ob_target_swept_liquidity_fractal;daily_ob_target_swept_liquidity_fvg;daily_ob_target_swept_liquidity_internal;daily_ob_target_swept_liquidity_previous_candle;daily_ob_target_swept_liquidity_swing;h1_mitigation_ob_flip_zone;h1_mitigation_ob_swept_liquidity;h1_mitigation_ob_swept_liquidity_fractal;h1_mitigation_ob_swept_liquidity_fvg;h1_mitigation_ob_swept_liquidity_internal;h1_mitigation_ob_swept_liquidity_swing;h1_ob_target_flip_zone;h1_ob_target_swept_liquidity;h1_ob_target_swept_liquidity_fvg;h1_ob_target_swept_liquidity_previous_candle;h1_ob_target_swept_liquidity_swing;h4_mitigation_ob_caused_displacement;h4_mitigation_ob_caused_imbalance;h4_mitigation_ob_flip_zone;h4_mitigation_ob_has_inducement;h4_mitigation_ob_swept_liquidity;h4_mitigation_ob_swept_liquidity_fractal;h4_mitigation_ob_swept_liquidity_fvg;h4_mitigation_ob_swept_liquidity_internal;h4_mitigation_ob_swept_liquidity_previous_candle;h4_mitigation_ob_swept_liquidity_swing;h4_mitigation_ob_within_daily_ob;h4_ob_target_flip_zone;h4_ob_target_swept_liquidity;h4_ob_target_swept_liquidity_fvg;h4_ob_target_swept_liquidity_internal;h4_ob_target_swept_liquidity_previous_candle;h4_ob_target_swept_liquidity_swing
2023-03-31,Friday,london,2023-03-31 06:00:00+00:00,2023-03-31 14:00:00+00:00,bullish,145.21,144.547,147.86200000000005,144.547,0.6630000000000109,27.91805811411081,loss,-1.0,sl,0.24736048265457702,-1.0,sl,False,0,8,0 days 08:00:00,1.300000000000523,False,-31.61,22.0,4.0,2023-03-31 05:00:00+00:00,True,144.742,144.567,1,daily_mitigation_ob_caused_displacement;daily_mitigation_ob_caused_imbalance;daily_mitigation_ob_flip_zone;daily_mitigation_ob_has_inducement;daily_mitigation_ob_swept_liquidity;daily_mitigation_ob_swept_liquidity_fractal;daily_mitigation_ob_swept_liquidity_fvg;daily_mitigation_ob_swept_liquidity_internal;daily_mitigation_ob_swept_liquidity_previous_candle;daily_mitigation_ob_swept_liquidity_swing;daily_ob_target_caused_displacement;daily_ob_target_caused_imbalance;daily_ob_target_flip_zone;daily_ob_target_has_inducement;daily_ob_target_swept_liquidity;daily_ob_target_swept_liquidity_fractal;daily_ob_target_swept_liquidity_fvg;daily_ob_target_swept_liquidity_internal;daily_ob_target_swept_liquidity_previous_candle;daily_ob_target_swept_liquidity_swing;h1_mitigation_ob_flip_zone;h1_mitigation_ob_swept_liquidity;h1_mitigation_ob_swept_liquidity_fractal;h1_mitigation_ob_swept_liquidity_internal;h1_mitigation_ob_swept_liquidity_previous_candle;h1_mitigation_ob_swept_liquidity_swing;h1_ob_target_flip_zone;h1_ob_target_swept_liquidity;h1_ob_target_swept_liquidity_internal;h1_ob_target_swept_liquidity_swing;h4_mitigation_ob_caused_displacement;h4_mitigation_ob_caused_imbalance;h4_mitigation_ob_flip_zone;h4_mitigation_ob_has_inducement;h4_mitigation_ob_swept_liquidity;h4_mitigation_ob_swept_liquidity_fractal;h4_mitigation_ob_swept_liquidity_fvg;h4_mitigation_ob_swept_liquidity_internal;h4_mitigation_ob_swept_liquidity_previous_candle;h4_mitigation_ob_swept_liquidity_swing;h4_mitigation_ob_within_daily_ob;h4_ob_target_flip_zone;h4_ob_target_swept_liquidity_fractal;h4_ob_target_swept_liquidity_fvg;h4_ob_target_swept_liquidity_internal;h4_ob_target_swept_liquidity_previous_candle;h4_ob_target_swept_liquidity_swing
2023-04-05,Wednesday,ny,2023-04-05 11:00:00+00:00,2023-04-06 14:00:00+00:00,bearish,143.768,144.372,141.35199999999995,143.768,0.6040000000000134,-20.402977304209603,breakeven,0.0,be_stop,2.023178807946989,0.0,be_stop,True,1,27,1 days 03:00:00,18.799999999998818,False,-31.61,22.0,4.0,2023-04-05 10:00:00+00:00,True,144.352,144.169,1,daily_mitigation_ob_caused_displacement;daily_mitigation_ob_caused_imbalance;daily_mitigation_ob_flip_zone;daily_mitigation_ob_has_inducement;daily_mitigation_ob_swept_liquidity;daily_mitigation_ob_swept_liquidity_fractal;daily_mitigation_ob_swept_liquidity_fvg;daily_mitigation_ob_swept_liquidity_internal;daily_mitigation_ob_swept_liquidity_previous_candle;daily_mitigation_ob_swept_liquidity_swing;daily_ob_target_flip_zone;daily_ob_target_swept_liquidity;daily_ob_target_swept_liquidity_fractal;daily_ob_target_swept_liquidity_internal;daily_ob_target_swept_liquidity_previous_candle;daily_ob_target_swept_liquidity_swing;h1_mitigation_ob_flip_zone;h1_mitigation_ob_swept_liquidity_fractal;h1_mitigation_ob_swept_liquidity_fvg;h1_mitigation_ob_swept_liquidity_internal;h1_mitigation_ob_swept_liquidity_previous_candle;h1_mitigation_ob_swept_liquidity_swing;h1_ob_target_flip_zone;h1_ob_target_swept_liquidity_fractal;h1_ob_target_swept_liquidity_fvg;h1_ob_target_swept_liquidity_internal;h1_ob_target_swept_liquidity_previous_candle;h1_ob_target_swept_liquidity_swing;h4_mitigation_ob_caused_displacement;h4_mitigation_ob_caused_imbalance;h4_mitigation_ob_flip_zone;h4_mitigation_ob_has_inducement;h4_mitigation_ob_swept_liquidity;h4_mitigation_ob_swept_liquidity_fractal;h4_mitigation_ob_swept_liquidity_fvg;h4_mitigation_ob_swept_liquidity_internal;h4_mitigation_ob_swept_liquidity_previous_candle;h4_mitigation_ob_swept_liquidity_swing;h4_mitigation_ob_within_daily_ob;h4_ob_target_flip_zone;h4_ob_target_swept_liquidity_fractal;h4_ob_target_swept_liquidity_fvg;h4_ob_target_swept_liquidity_internal;h4_ob_target_swept_liquidity_previous_candle;h4_ob_target_swept_liquidity_swing
2023-04-10,Monday,ny,2023-04-10 12:00:00+00:00,2023-04-10 14:00:00+00:00,bearish,144.642,144.976,143.30599999999998,144.976,0.3340000000000032,-9.335739534647582,loss,-1.0,sl,0.1407185628742413,-1.0,sl,False,0,2,0 days 02:00:00,9.200000000001296,False,-31.61,22.0,4.0,2023-04-10 12:00:00+00:00,False,144.956,144.774,1,daily_mitigation_ob_caused_displacement;daily_mitigation_ob_caused_imbalance;daily_mitigation_ob_flip_zone;daily_mitigation_ob_has_inducement;daily_mitigation_ob_swept_liquidity;daily_mitigation_ob_swept_liquidity_fractal;daily_mitigation_ob_swept_liquidity_fvg;daily_mitigation_ob_swept_liquidity_internal;daily_mitigation_ob_swept_liquidity_previous_candle;daily_mitigation_ob_swept_liquidity_swing;daily_ob_target_caused_displacement;daily_ob_target_caused_imbalance;daily_ob_target_flip_zone;daily_ob_target_has_inducement;daily_ob_target_swept_liquidity;daily_ob_target_swept_liquidity_fractal;daily_ob_target_swept_liquidity_fvg;daily_ob_target_swept_liquidity_internal;daily_ob_target_swept_liquidity_previous_candle;daily_ob_target_swept_liquidity_swing;h1_mitigation_ob_flip_zone;h1_mitigation_ob_swept_liquidity_fractal;h1_mitigation_ob_swept_liquidity_fvg;h1_mitigation_ob_swept_liquidity_internal;h1_mitigation_ob_swept_liquidity_previous_candle;h1_mitigation_ob_swept_liquidity_swing;h1_ob_target_swept_liquidity;h1_ob_target_swept_liquidity_fvg;h1_ob_target_swept_liquidity_previous_candle;h1_ob_target_swept_liquidity_swing;h4_mitigation_ob_caused_displacement;h4_mitigation_ob_caused_imbalance;h4_mitigation_ob_flip_zone;h4_mitigation_ob_has_inducement;h4_mitigation_ob_swept_liquidity;h4_mitigation_ob_swept_liquidity_fractal;h4_mitigation_ob_swept_liquidity_fvg;h4_mitigation_ob_swept_liquidity_internal;h4_mitigation_ob_swept_liquidity_previous_candle;h4_mitigation_ob_swept_liquidity_swing;h4_mitigation_ob_within_daily_ob;h4_ob_target_caused_displacement;h4_ob_target_caused_imbalance;h4_ob_target_flip_zone;h4_ob_target_has_inducement;h4_ob_target_swept_liquidity;h4_ob_target_swept_liquidity_fractal;h4_ob_target_swept_liquidity_fvg;h4_ob_target_swept_liquidity_internal;h4_ob_target_swept_liquidity_previous_candle;h4_ob_target_swept_liquidity_swing;h4_ob_target_within_daily_ob
2023-04-17,Monday,london,2023-04-17 07:00:00+00:00,2023-04-17 08:00:00+00:00,bullish,147.347,146.90599999999998,149.11100000000013,146.90599999999998,0.4410000000000309,-2.425244919196891,loss,-1.0,sl,0.009070294784558723,-1.0,sl,False,0,1,0 days 01:00:00,11.199999999996635,False,-31.61,22.0,4.0,2023-04-17 07:00:00+00:00,False,147.096,146.926,1,daily_mitigation_ob_caused_displacement;daily_mitigation_ob_caused_imbalance;daily_mitigation_ob_flip_zone;daily_mitigation_ob_has_inducement;daily_mitigation_ob_swept_liquidity;daily_mitigation_ob_swept_liquidity_fractal;daily_mitigation_ob_swept_liquidity_fvg;daily_mitigation_ob_swept_liquidity_internal;daily_mitigation_ob_swept_liquidity_previous_candle;daily_mitigation_ob_swept_liquidity_swing;daily_ob_target_caused_displacement;daily_ob_target_caused_imbalance;daily_ob_target_flip_zone;daily_ob_target_has_inducement;daily_ob_target_swept_liquidity;daily_ob_target_swept_liquidity_fractal;daily_ob_target_swept_liquidity_fvg;daily_ob_target_swept_liquidity_internal;daily_ob_target_swept_liquidity_previous_candle;daily_ob_target_swept_liquidity_swing;h1_mitigation_ob_flip_zone;h1_mitigation_ob_swept_liquidity_fractal;h1_mitigation_ob_swept_liquidity_fvg;h1_mitigation_ob_swept_liquidity_internal;h1_mitigation_ob_swept_liquidity_previous_candle;h1_mitigation_ob_swept_liquidity_swing;h1_ob_target_flip_zone;h1_ob_target_swept_liquidity;h1_ob_target_swept_liquidity_fractal;h1_ob_target_swept_liquidity_fvg;h1_ob_target_swept_liquidity_internal;h1_ob_target_swept_liquidity_previous_candle;h4_mitigation_ob_caused_displacement;h4_mitigation_ob_caused_imbalance;h4_mitigation_ob_flip_zone;h4_mitigation_ob_has_inducement;h4_mitigation_ob_swept_liquidity;h4_mitigation_ob_swept_liquidity_fractal;h4_mitigation_ob_swept_liquidity_fvg;h4_mitigation_ob_swept_liquidity_internal;h4_mitigation_ob_swept_liquidity_previous_candle;h4_mitigation_ob_swept_liquidity_swing;h4_mitigation_ob_within_daily_ob;h4_ob_target_flip_zone;h4_ob_target_swept_liquidity_fractal;h4_ob_target_swept_liquidity_fvg;h4_ob_target_swept_liquidity_internal;h4_ob_target_swept_liquidity_previous_candle;h4_ob_target_swept_liquidity_swing
2023-04-18,Tuesday,ny,2023-04-18 12:00:00+00:00,2023-04-20 23:00:00+00:00,bullish,147.008,146.7,148.2400000000001,147.008,0.30800000000002115,31.54631726832955,breakeven,0.0,be_stop,2.756493506493283,0.0,be_stop,True,3,59,2 days 11:00:00,8.899999999999864,False,-31.61,22.0,4.0,2023-04-18 12:00:00+00:00,False,146.893,146.72,1,daily_mitigation_ob_caused_displacement;daily_mitigation_ob_caused_imbalance;daily_mitigation_ob_flip_zone;daily_mitigation_ob_has_inducement;daily_mitigation_ob_swept_liquidity;daily_mitigation_ob_swept_liquidity_fractal;daily_mitigation_ob_swept_liquidity_fvg;daily_mitigation_ob_swept_liquidity_internal;daily_mitigation_ob_swept_liquidity_previous_candle;daily_mitigation_ob_swept_liquidity_swing;daily_ob_target_caused_displacement;daily_ob_target_caused_imbalance;daily_ob_target_flip_zone;daily_ob_target_has_inducement;daily_ob_target_swept_liquidity;daily_ob_target_swept_liquidity_fractal;daily_ob_target_swept_liquidity_fvg;daily_ob_target_swept_liquidity_internal;daily_ob_target_swept_liquidity_previous_candle;daily_ob_target_swept_liquidity_swing;h1_mitigation_ob_flip_zone;h1_mitigation_ob_swept_liquidity;h1_mitigation_ob_swept_liquidity_fvg;h1_mitigation_ob_swept_liquidity_internal;h1_mitigation_ob_swept_liquidity_previous_candle;h1_mitigation_ob_swept_liquidity_swing;h1_ob_target_flip_zone;h1_ob_target_swept_liquidity_fractal;h1_ob_target_swept_liquidity_fvg;h1_ob_target_swept_liquidity_internal;h1_ob_target_swept_liquidity_previous_candle;h1_ob_target_swept_liquidity_swing;h4_mitigation_ob_caused_displacement;h4_mitigation_ob_caused_imbalance;h4_mitigation_ob_flip_zone;h4_mitigation_ob_has_inducement;h4_mitigation_ob_swept_liquidity;h4_mitigation_ob_swept_liquidity_fractal;h4_mitigation_ob_swept_liquidity_fvg;h4_mitigation_ob_swept_liquidity_internal;h4_mitigation_ob_swept_liquidity_previous_candle;h4_mitigation_ob_swept_liquidity_swing;h4_mitigation_ob_within_daily_ob;h4_ob_target_flip_zone;h4_ob_target_swept_liquidity_fractal;h4_ob_target_swept_liquidity_fvg;h4_ob_target_swept_liquidity_internal;h4_ob_target_swept_liquidity_previous_candle;h4_ob_target_swept_liquidity_swing
2023-04-18,Tuesday,ny,2023-04-18 13:00:00+00:00,2023-04-18 18:00:00+00:00,bearish,146.997,147.3,145.78500000000003,147.081,0.30299999999999727,-35.43132625150782,loss,-0.2772277227721964,cut_19h,0.6864686468647812,-0.2772277227721964,cut_19h,False,1,5,0 days 05:00:00,0.0,False,-31.61,22.0,4.0,2023-04-18 13:00:00+00:00,False,147.28,147.069,1,daily_mitigation_ob_caused_displacement;daily_mitigation_ob_caused_imbalance;daily_mitigation_ob_flip_zone;daily_mitigation_ob_has_inducement;daily_mitigation_ob_swept_liquidity;daily_mitigation_ob_swept_liquidity_fractal;daily_mitigation_ob_swept_liquidity_fvg;daily_mitigation_ob_swept_liquidity_internal;daily_mitigation_ob_swept_liquidity_previous_candle;daily_mitigation_ob_swept_liquidity_swing;daily_ob_target_caused_displacement;daily_ob_target_caused_imbalance;daily_ob_target_flip_zone;daily_ob_target_has_inducement;daily_ob_target_swept_liquidity;daily_ob_target_swept_liquidity_fractal;daily_ob_target_swept_liquidity_fvg;daily_ob_target_swept_liquidity_internal;daily_ob_target_swept_liquidity_previous_candle;daily_ob_target_swept_liquidity_swing;h1_mitigation_ob_flip_zone;h1_mitigation_ob_swept_liquidity_fractal;h1_mitigation_ob_swept_liquidity_fvg;h1_mitigation_ob_swept_liquidity_internal;h1_mitigation_ob_swept_liquidity_previous_candle;h1_mitigation_ob_swept_liquidity_swing;h1_ob_target_flip_zone;h1_ob_target_swept_liquidity;h1_ob_target_swept_liquidity_fractal;h1_ob_target_swept_liquidity_fvg;h1_ob_target_swept_liquidity_internal;h1_ob_target_swept_liquidity_swing;h4_mitigation_ob_caused_displacement;h4_mitigation_ob_caused_imbalance;h4_mitigation_ob_flip_zone;h4_mitigation_ob_has_inducement;h4_mitigation_ob_swept_liquidity;h4_mitigation_ob_swept_liquidity_fractal;h4_mitigation_ob_swept_liquidity_fvg;h4_mitigation_ob_swept_liquidity_internal;h4_mitigation_ob_swept_liquidity_previous_candle;h4_mitigation_ob_swept_liquidity_swing;h4_mitigation_ob_within_daily_ob;h4_ob_target_caused_displacement;h4_ob_target_caused_imbalance;h4_ob_target_flip_zone;h4_ob_target_has_inducement;h4_ob_target_swept_liquidity;h4_ob_target_swept_liquidity_fractal;h4_ob_target_swept_liquidity_fvg;h4_ob_target_swept_liquidity_internal;h4_ob_target_swept_liquidity_previous_candle;h4_ob_target_swept_liquidity_swing;h4_ob_target_within_daily_ob
2023-04-19,Wednesday,london,2023-04-19 07:00:00+00:00,2023-04-19 08:00:00+00:00,bearish,147.702,147.769,147.43399999999997,147.769,0.06700000000000728,-17.613780832137333,loss,-1.0,sl,0.0,-1.0,sl,False,0,1,0 days 01:00:00,3.8999999999987267,True,-31.61,22.0,4.0,2023-04-19 07:00:00+00:00,False,147.749,147.524,1,daily_mitigation_ob_caused_displacement;daily_mitigation_ob_caused_imbalance;daily_mitigation_ob_flip_zone;daily_mitigation_ob_has_inducement;daily_mitigation_ob_swept_liquidity;daily_mitigation_ob_swept_liquidity_fractal;daily_mitigation_ob_swept_liquidity_fvg;daily_mitigation_ob_swept_liquidity_internal;daily_mitigation_ob_swept_liquidity_previous_candle;daily_mitigation_ob_swept_liquidity_swing;daily_ob_target_caused_displacement;daily_ob_target_caused_imbalance;daily_ob_target_flip_zone;daily_ob_target_has_inducement;daily_ob_target_swept_liquidity;daily_ob_target_swept_liquidity_fractal;daily_ob_target_swept_liquidity_fvg;daily_ob_target_swept_liquidity_internal;daily_ob_target_swept_liquidity_previous_candle;daily_ob_target_swept_liquidity_swing;h1_mitigation_ob_flip_zone;h1_mitigation_ob_swept_liquidity;h1_mitigation_ob_swept_liquidity_fractal;h1_mitigation_ob_swept_liquidity_fvg;h1_mitigation_ob_swept_liquidity_internal;h1_mitigation_ob_swept_liquidity_previous_candle;h1_ob_target_flip_zone;h1_ob_target_swept_liquidity_fractal;h1_ob_target_swept_liquidity_fvg;h1_ob_target_swept_liquidity_internal;h1_ob_target_swept_liquidity_previous_candle;h1_ob_target_swept_liquidity_swing;h4_mitigation_ob_caused_displacement;h4_mitigation_ob_caused_imbalance;h4_mitigation_ob_flip_zone;h4_mitigation_ob_has_inducement;h4_mitigation_ob_swept_liquidity;h4_mitigation_ob_swept_liquidity_fractal;h4_mitigation_ob_swept_liquidity_fvg;h4_mitigation_ob_swept_liquidity_internal;h4_mitigation_ob_swept_liquidity_previous_candle;h4_mitigation_ob_swept_liquidity_swing;h4_mitigation_ob_within_daily_ob;h4_ob_target_caused_displacement;h4_ob_target_caused_imbalance;h4_ob_target_flip_zone;h4_ob_target_has_inducement;h4_ob_target_swept_liquidity;h4_ob_target_swept_liquidity_fractal;h4_ob_target_swept_liquidity_fvg;h4_ob_target_swept_liquidity_internal;h4_ob_target_swept_liquidity_previous_candle;h4_ob_target_swept_liquidity_swing;h4_ob_target_within_daily_ob
2023-04-20,Thursday,ny,2023-04-20 11:00:00+00:00,2023-04-20 12:00:00+00:00,bullish,147.518,147.404,147.97400000000002,147.404,0.11400000000000432,0.21326794070663535,loss,-1.0,sl,0.0,-1.0,sl,False,0,1,0 days 01:00:00,25.899999999998613,True,-31.61,22.0,4.0,2023-04-20 10:00:00+00:00,True,147.656,147.424,1,daily_mitigation_ob_caused_displacement;daily_mitigation_ob_caused_imbalance;daily_mitigation_ob_flip_zone;daily_mitigation_ob_has_inducement;daily_mitigation_ob_swept_liquidity;daily_mitigation_ob_swept_liquidity_fractal;daily_mitigation_ob_swept_liquidity_fvg;daily_mitigation_ob_swept_liquidity_internal;daily_mitigation_ob_swept_liquidity_previous_candle;daily_mitigation_ob_swept_liquidity_swing;daily_ob_target_caused_displacement;daily_ob_target_caused_imbalance;daily_ob_target_flip_zone;daily_ob_target_has_inducement;daily_ob_target_swept_liquidity;daily_ob_target_swept_liquidity_fractal;daily_ob_target_swept_liquidity_fvg;daily_ob_target_swept_liquidity_internal;daily_ob_target_swept_liquidity_previous_candle;daily_ob_target_swept_liquidity_swing;h1_mitigation_ob_flip_zone;h1_mitigation_ob_swept_liquidity;h1_mitigation_ob_swept_liquidity_internal;h1_mitigation_ob_swept_liquidity_previous_candle;h1_mitigation_ob_swept_liquidity_swing;h1_ob_target_caused_displacement;h1_ob_target_caused_imbalance;h1_ob_target_flip_zone;h1_ob_target_has_inducement;h1_ob_target_swept_liquidity;h1_ob_target_swept_liquidity_fractal;h1_ob_target_swept_liquidity_fvg;h1_ob_target_swept_liquidity_internal;h1_ob_target_swept_liquidity_previous_candle;h1_ob_target_swept_liquidity_swing;h1_ob_target_within_h4_ob;h4_mitigation_ob_caused_displacement;h4_mitigation_ob_caused_imbalance;h4_mitigation_ob_flip_zone;h4_mitigation_ob_has_inducement;h4_mitigation_ob_swept_liquidity;h4_mitigation_ob_swept_liquidity_fractal;h4_mitigation_ob_swept_liquidity_fvg;h4_mitigation_ob_swept_liquidity_internal;h4_mitigation_ob_swept_liquidity_previous_candle;h4_mitigation_ob_swept_liquidity_swing;h4_mitigation_ob_within_daily_ob;h4_ob_target_caused_displacement;h4_ob_target_caused_imbalance;h4_ob_target_flip_zone;h4_ob_target_has_inducement;h4_ob_target_swept_liquidity;h4_ob_target_swept_liquidity_fractal;h4_ob_target_swept_liquidity_fvg;h4_ob_target_swept_liquidity_internal;h4_ob_target_swept_liquidity_previous_candle;h4_ob_target_swept_liquidity_swing;h4_ob_target_within_daily_ob
2023-04-25,Tuesday,london,2023-04-25 06:00:00+00:00,2023-04-25 07:00:00+00:00,bullish,148.585,148.041,150.76100000000005,148.041,0.5440000000000111,-1.3073371301694934,loss,-1.0,sl,0.0036764705882005276,-1.0,sl,False,0,1,0 days 01:00:00,24.399999999999977,False,-31.61,22.0,4.0,2023-04-25 06:00:00+00:00,False,148.247,148.061,1,daily_mitigation_ob_caused_displacement;daily_mitigation_ob_caused_imbalance;daily_mitigation_ob_flip_zone;daily_mitigation_ob_has_inducement;daily_mitigation_ob_swept_liquidity;daily_mitigation_ob_swept_liquidity_fractal;daily_mitigation_ob_swept_liquidity_fvg;daily_mitigation_ob_swept_liquidity_internal;daily_mitigation_ob_swept_liquidity_previous_candle;daily_mitigation_ob_swept_liquidity_swing;daily_ob_target_caused_displacement;daily_ob_target_caused_imbalance;daily_ob_target_flip_zone;daily_ob_target_has_inducement;daily_ob_target_swept_liquidity;daily_ob_target_swept_liquidity_fractal;daily_ob_target_swept_liquidity_fvg;daily_ob_target_swept_liquidity_internal;daily_ob_target_swept_liquidity_previous_candle;daily_ob_target_swept_liquidity_swing;h1_mitigation_ob_flip_zone;h1_mitigation_ob_swept_liquidity;h1_mitigation_ob_swept_liquidity_fvg;h1_mitigation_ob_swept_liquidity_internal;h1_mitigation_ob_swept_liquidity_previous_candle;h1_mitigation_ob_swept_liquidity_swing;h1_ob_target_flip_zone;h1_ob_target_swept_liquidity_fractal;h1_ob_target_swept_liquidity_fvg;h1_ob_target_swept_liquidity_internal;h1_ob_target_swept_liquidity_previous_candle;h1_ob_target_swept_liquidity_swing;h4_mitigation_ob_flip_zone;h4_mitigation_ob_swept_liquidity;h4_mitigation_ob_swept_liquidity_fractal;h4_mitigation_ob_swept_liquidity_internal;h4_mitigation_ob_swept_liquidity_swing;h4_ob_target_flip_zone;h4_ob_target_swept_liquidity_fractal;h4_ob_target_swept_liquidity_fvg;h4_ob_target_swept_liquidity_internal;h4_ob_target_swept_liquidity_previous_candle;h4_ob_target_swept_liquidity_swing
2023-04-25,Tuesday,london,2023-04-25 07:00:00+00:00,2023-04-28 04:00:00+00:00,bearish,147.998,148.768,144.91799999999995,147.998,0.7700000000000102,-0.8955237601309446,breakeven,0.0,be_stop,2.2259740259739944,0.0,be_stop,True,3,69,2 days 21:00:00,49.500000000000455,False,-31.61,22.0,4.0,2023-04-25 07:00:00+00:00,False,148.748,148.541,2,daily_mitigation_ob_caused_displacement;daily_mitigation_ob_caused_imbalance;daily_mitigation_ob_flip_zone;daily_mitigation_ob_has_inducement;daily_mitigation_ob_swept_liquidity;daily_mitigation_ob_swept_liquidity_fractal;daily_mitigation_ob_swept_liquidity_fvg;daily_mitigation_ob_swept_liquidity_internal;daily_mitigation_ob_swept_liquidity_previous_candle;daily_mitigation_ob_swept_liquidity_swing;daily_ob_target_flip_zone;daily_ob_target_swept_liquidity_fractal;daily_ob_target_swept_liquidity_fvg;daily_ob_target_swept_liquidity_internal;daily_ob_target_swept_liquidity_previous_candle;daily_ob_target_swept_liquidity_swing;h1_mitigation_ob_flip_zone;h1_mitigation_ob_swept_liquidity_fractal;h1_mitigation_ob_swept_liquidity_fvg;h1_mitigation_ob_swept_liquidity_internal;h1_mitigation_ob_swept_liquidity_previous_candle;h1_mitigation_ob_swept_liquidity_swing;h1_ob_target_flip_zone;h1_ob_target_swept_liquidity;h1_ob_target_swept_liquidity_fvg;h1_ob_target_swept_liquidity_previous_candle;h4_mitigation_ob_caused_displacement;h4_mitigation_ob_caused_imbalance;h4_mitigation_ob_flip_zone;h4_mitigation_ob_has_inducement;h4_mitigation_ob_swept_liquidity;h4_mitigation_ob_swept_liquidity_fractal;h4_mitigation_ob_swept_liquidity_fvg;h4_mitigation_ob_swept_liquidity_internal;h4_mitigation_ob_swept_liquidity_previous_candle;h4_mitigation_ob_swept_liquidity_swing;h4_mitigation_ob_within_daily_ob;h4_ob_target_flip_zone;h4_ob_target_swept_liquidity_fractal;h4_ob_target_swept_liquidity_fvg;h4_ob_target_swept_liquidity_internal;h4_ob_target_swept_liquidity_previous_candle;h4_ob_target_swept_liquidity_swing
2023-04-27,Thursday,london,2023-04-27 08:00:00+00:00,2023-04-27 11:00:00+00:00,bullish,147.946,147.29899999999998,150.53400000000008,147.29899999999998,0.6470000000000198,-21.795215501651597,loss,-1.0,sl,0.05255023183924386,-1.0,sl,False,0,3,0 days 03:00:00,9.699999999997999,False,-31.61,22.0,4.0,2023-04-27 08:00:00+00:00,False,147.573,147.319,1,daily_mitigation_ob_caused_displacement;daily_mitigation_ob_caused_imbalance;daily_mitigation_ob_flip_zone;daily_mitigation_ob_has_inducement;daily_mitigation_ob_swept_liquidity;daily_mitigation_ob_swept_liquidity_fractal;daily_mitigation_ob_swept_liquidity_fvg;daily_mitigation_ob_swept_liquidity_internal;daily_mitigation_ob_swept_liquidity_previous_candle;daily_mitigation_ob_swept_liquidity_swing;daily_ob_target_caused_displacement;daily_ob_target_caused_imbalance;daily_ob_target_flip_zone;daily_ob_target_has_inducement;daily_ob_target_swept_liquidity;daily_ob_target_swept_liquidity_fractal;daily_ob_target_swept_liquidity_fvg;daily_ob_target_swept_liquidity_internal;daily_ob_target_swept_liquidity_previous_candle;daily_ob_target_swept_liquidity_swing;h1_mitigation_ob_flip_zone;h1_mitigation_ob_swept_liquidity_fractal;h1_mitigation_ob_swept_liquidity_fvg;h1_mitigation_ob_swept_liquidity_internal;h1_mitigation_ob_swept_liquidity_previous_candle;h1_mitigation_ob_swept_liquidity_swing;h1_ob_target_flip_zone;h1_ob_target_swept_liquidity;h1_ob_target_swept_liquidity_fractal;h1_ob_target_swept_liquidity_previous_candle;h1_ob_target_swept_liquidity_swing;h4_mitigation_ob_caused_displacement;h4_mitigation_ob_caused_imbalance;h4_mitigation_ob_flip_zone;h4_mitigation_ob_has_inducement;h4_mitigation_ob_swept_liquidity;h4_mitigation_ob_swept_liquidity_fractal;h4_mitigation_ob_swept_liquidity_fvg;h4_mitigation_ob_swept_liquidity_internal;h4_mitigation_ob_swept_liquidity_previous_candle;h4_mitigation_ob_swept_liquidity_swing;h4_mitigation_ob_within_daily_ob;h4_ob_target_flip_zone;h4_ob_target_swept_liquidity_fractal;h4_ob_target_swept_liquidity_fvg;h4_ob_target_swept_liquidity_internal;h4_ob_target_swept_liquidity_previous_candle;h4_ob_target_swept_liquidity_swing
2023-05-02,Tuesday,ny,2023-05-02 11:00:00+00:00,2023-05-02 14:00:00+00:00,bullish,150.675,150.28,152.25500000000005,150.28,0.39500000000001023,-6.508169417909533,loss,-1.0,sl,0.6632911392404903,-1.0,sl,False,0,3,0 days 03:00:00,44.90000000000123,False,-31.61,22.0,4.0,2023-05-02 10:00:00+00:00,True,150.498,150.3,1,daily_mitigation_ob_caused_displacement;daily_mitigation_ob_caused_imbalance;daily_mitigation_ob_flip_zone;daily_mitigation_ob_has_inducement;daily_mitigation_ob_swept_liquidity;daily_mitigation_ob_swept_liquidity_fractal;daily_mitigation_ob_swept_liquidity_fvg;daily_mitigation_ob_swept_liquidity_internal;daily_mitigation_ob_swept_liquidity_previous_candle;daily_mitigation_ob_swept_liquidity_swing;daily_ob_target_caused_displacement;daily_ob_target_caused_imbalance;daily_ob_target_flip_zone;daily_ob_target_has_inducement;daily_ob_target_swept_liquidity;daily_ob_target_swept_liquidity_fractal;daily_ob_target_swept_liquidity_fvg;daily_ob_target_swept_liquidity_internal;daily_ob_target_swept_liquidity_previous_candle;daily_ob_target_swept_liquidity_swing;h1_mitigation_ob_flip_zone;h1_mitigation_ob_swept_liquidity;h1_mitigation_ob_swept_liquidity_fractal;h1_mitigation_ob_swept_liquidity_internal;h1_mitigation_ob_swept_liquidity_swing;h1_ob_target_flip_zone;h1_ob_target_swept_liquidity_fractal;h1_ob_target_swept_liquidity_fvg;h1_ob_target_swept_liquidity_internal;h1_ob_target_swept_liquidity_previous_candle;h1_ob_target_swept_liquidity_swing;h4_mitigation_ob_caused_displacement;h4_mitigation_ob_caused_imbalance;h4_mitigation_ob_flip_zone;h4_mitigation_ob_has_inducement;h4_mitigation_ob_swept_liquidity;h4_mitigation_ob_swept_liquidity_fractal;h4_mitigation_ob_swept_liquidity_fvg;h4_mitigation_ob_swept_liquidity_internal;h4_mitigation_ob_swept_liquidity_previous_candle;h4_mitigation_ob_swept_liquidity_swing;h4_mitigation_ob_within_daily_ob;h4_ob_target_caused_displacement;h4_ob_target_caused_imbalance;h4_ob_target_flip_zone;h4_ob_target_has_inducement;h4_ob_target_swept_liquidity;h4_ob_target_swept_liquidity_fractal;h4_ob_target_swept_liquidity_fvg;h4_ob_target_swept_liquidity_internal;h4_ob_target_swept_liquidity_previous_candle;h4_ob_target_swept_liquidity_swing;h4_ob_target_within_daily_ob
2023-05-03,Wednesday,london,2023-05-03 07:00:00+00:00,2023-05-03 18:00:00+00:00,bearish,149.877,150.138,148.83300000000003,149.877,0.2609999999999957,-15.885228385346629,breakeven,0.0,be_stop,2.1532567049809237,0.0,be_stop,True,1,11,0 days 11:00:00,9.699999999997999,False,-31.61,22.0,4.0,2023-05-03 07:00:00+00:00,False,150.118,149.979,1,daily_mitigation_ob_caused_displacement;daily_mitigation_ob_caused_imbalance;daily_mitigation_ob_flip_zone;daily_mitigation_ob_has_inducement;daily_mitigation_ob_swept_liquidity;daily_mitigation_ob_swept_liquidity_fractal;daily_mitigation_ob_swept_liquidity_fvg;daily_mitigation_ob_swept_liquidity_internal;daily_mitigation_ob_swept_liquidity_previous_candle;daily_mitigation_ob_swept_liquidity_swing;daily_ob_target_caused_displacement;daily_ob_target_caused_imbalance;daily_ob_target_flip_zone;daily_ob_target_has_inducement;daily_ob_target_swept_liquidity;daily_ob_target_swept_liquidity_fractal;daily_ob_target_swept_liquidity_fvg;daily_ob_target_swept_liquidity_internal;daily_ob_target_swept_liquidity_previous_candle;daily_ob_target_swept_liquidity_swing;h1_mitigation_ob_flip_zone;h1_mitigation_ob_swept_liquidity;h1_mitigation_ob_swept_liquidity_fractal;h1_mitigation_ob_swept_liquidity_internal;h1_mitigation_ob_swept_liquidity_previous_candle;h1_mitigation_ob_swept_liquidity_swing;h1_ob_target_flip_zone;h1_ob_target_swept_liquidity;h1_ob_target_swept_liquidity_fractal;h1_ob_target_swept_liquidity_fvg;h1_ob_target_swept_liquidity_internal;h1_ob_target_swept_liquidity_swing;h4_mitigation_ob_caused_displacement;h4_mitigation_ob_caused_imbalance;h4_mitigation_ob_flip_zone;h4_mitigation_ob_has_inducement;h4_mitigation_ob_swept_liquidity;h4_mitigation_ob_swept_liquidity_fractal;h4_mitigation_ob_swept_liquidity_fvg;h4_mitigation_ob_swept_liquidity_internal;h4_mitigation_ob_swept_liquidity_previous_candle;h4_mitigation_ob_swept_liquidity_swing;h4_mitigation_ob_within_daily_ob;h4_ob_target_caused_displacement;h4_ob_target_caused_imbalance;h4_ob_target_flip_zone;h4_ob_target_has_inducement;h4_ob_target_swept_liquidity;h4_ob_target_swept_liquidity_fractal;h4_ob_target_swept_liquidity_fvg;h4_ob_target_swept_liquidity_internal;h4_ob_target_swept_liquidity_previous_candle;h4_ob_target_swept_liquidity_swing;h4_ob_target_within_daily_ob
2023-05-03,Wednesday,ny,2023-05-03 11:00:00+00:00,2023-05-03 18:00:00+00:00,bullish,149.615,149.147,151.48700000000008,149.526,0.46800000000001774,-0.7248292911558227,loss,-0.19017094017093006,cut_19h,0.6282051282050675,-0.19017094017093006,cut_19h,False,1,7,0 days 07:00:00,0.0,False,-31.61,22.0,4.0,2023-05-03 11:00:00+00:00,False,149.516,149.167,1,daily_mitigation_ob_caused_displacement;daily_mitigation_ob_caused_imbalance;daily_mitigation_ob_flip_zone;daily_mitigation_ob_has_inducement;daily_mitigation_ob_swept_liquidity;daily_mitigation_ob_swept_liquidity_fractal;daily_mitigation_ob_swept_liquidity_fvg;daily_mitigation_ob_swept_liquidity_internal;daily_mitigation_ob_swept_liquidity_previous_candle;daily_mitigation_ob_swept_liquidity_swing;daily_ob_target_caused_displacement;daily_ob_target_caused_imbalance;daily_ob_target_flip_zone;daily_ob_target_has_inducement;daily_ob_target_swept_liquidity;daily_ob_target_swept_liquidity_fractal;daily_ob_target_swept_liquidity_fvg;daily_ob_target_swept_liquidity_internal;daily_ob_target_swept_liquidity_previous_candle;daily_ob_target_swept_liquidity_swing;h1_mitigation_ob_flip_zone;h1_mitigation_ob_swept_liquidity;h1_mitigation_ob_swept_liquidity_fractal;h1_mitigation_ob_swept_liquidity_fvg;h1_mitigation_ob_swept_liquidity_internal;h1_mitigation_ob_swept_liquidity_swing;h1_ob_target_flip_zone;h1_ob_target_swept_liquidity;h1_ob_target_swept_liquidity_fractal;h1_ob_target_swept_liquidity_internal;h1_ob_target_swept_liquidity_swing;h4_mitigation_ob_caused_displacement;h4_mitigation_ob_caused_imbalance;h4_mitigation_ob_flip_zone;h4_mitigation_ob_has_inducement;h4_mitigation_ob_swept_liquidity;h4_mitigation_ob_swept_liquidity_fractal;h4_mitigation_ob_swept_liquidity_fvg;h4_mitigation_ob_swept_liquidity_internal;h4_mitigation_ob_swept_liquidity_previous_candle;h4_mitigation_ob_swept_liquidity_swing;h4_mitigation_ob_within_daily_ob;h4_ob_target_caused_displacement;h4_ob_target_caused_imbalance;h4_ob_target_flip_zone;h4_ob_target_has_inducement;h4_ob_target_swept_liquidity;h4_ob_target_swept_liquidity_fractal;h4_ob_target_swept_liquidity_fvg;h4_ob_target_swept_liquidity_internal;h4_ob_target_swept_liquidity_previous_candle;h4_ob_target_swept_liquidity_swing;h4_ob_target_within_daily_ob
2023-05-03,Wednesday,ny,2023-05-03 13:00:00+00:00,2023-05-03 19:00:00+00:00,bullish,149.432,149.147,150.57199999999997,149.432,0.2849999999999966,-9.23246731193427,breakeven,0.0,be_stop,1.9017543859649406,0.0,be_stop,True,1,6,0 days 06:00:00,23.099999999999454,False,-31.61,22.0,4.0,2023-05-03 13:00:00+00:00,False,149.516,149.167,2,daily_mitigation_ob_caused_displacement;daily_mitigation_ob_caused_imbalance;daily_mitigation_ob_flip_zone;daily_mitigation_ob_has_inducement;daily_mitigation_ob_swept_liquidity;daily_mitigation_ob_swept_liquidity_fractal;daily_mitigation_ob_swept_liquidity_fvg;daily_mitigation_ob_swept_liquidity_internal;daily_mitigation_ob_swept_liquidity_previous_candle;daily_mitigation_ob_swept_liquidity_swing;daily_ob_target_caused_displacement;daily_ob_target_caused_imbalance;daily_ob_target_flip_zone;daily_ob_target_has_inducement;daily_ob_target_swept_liquidity;daily_ob_target_swept_liquidity_fractal;daily_ob_target_swept_liquidity_fvg;daily_ob_target_swept_liquidity_internal;daily_ob_target_swept_liquidity_previous_candle;daily_ob_target_swept_liquidity_swing;h1_mitigation_ob_flip_zone;h1_mitigation_ob_swept_liquidity;h1_mitigation_ob_swept_liquidity_fractal;h1_mitigation_ob_swept_liquidity_fvg;h1_mitigation_ob_swept_liquidity_internal;h1_mitigation_ob_swept_liquidity_swing;h1_ob_target_flip_zone;h1_ob_target_swept_liquidity;h1_ob_target_swept_liquidity_fractal;h1_ob_target_swept_liquidity_internal;h1_ob_target_swept_liquidity_swing;h4_mitigation_ob_caused_displacement;h4_mitigation_ob_caused_imbalance;h4_mitigation_ob_flip_zone;h4_mitigation_ob_has_inducement;h4_mitigation_ob_swept_liquidity;h4_mitigation_ob_swept_liquidity_fractal;h4_mitigation_ob_swept_liquidity_fvg;h4_mitigation_ob_swept_liquidity_internal;h4_mitigation_ob_swept_liquidity_previous_candle;h4_mitigation_ob_swept_liquidity_swing;h4_mitigation_ob_within_daily_ob;h4_ob_target_flip_zone;h4_ob_target_swept_liquidity_fractal;h4_ob_target_swept_liquidity_fvg;h4_ob_target_swept_liquidity_internal;h4_ob_target_swept_liquidity_previous_candle;h4_ob_target_swept_liquidity_swing
2023-05-10,Wednesday,london,2023-05-10 07:00:00+00:00,2023-05-11 11:00:00+00:00,bearish,148.283,148.709,146.57899999999992,146.57899999999992,0.42600000000001614,-1.0082785076427372,win,4.0,tp,5.053990610328428,2.469483568075006,friday_close,True,2,28,1 days 04:00:00,0.0,False,-31.61,22.0,4.0,2023-05-10 07:00:00+00:00,False,148.689,148.533,1,daily_mitigation_ob_caused_displacement;daily_mitigation_ob_caused_imbalance;daily_mitigation_ob_flip_zone;daily_mitigation_ob_has_inducement;daily_mitigation_ob_swept_liquidity;daily_mitigation_ob_swept_liquidity_fractal;daily_mitigation_ob_swept_liquidity_fvg;daily_mitigation_ob_swept_liquidity_internal;daily_mitigation_ob_swept_liquidity_previous_candle;daily_mitigation_ob_swept_liquidity_swing;daily_ob_target_caused_displacement;daily_ob_target_caused_imbalance;daily_ob_target_flip_zone;daily_ob_target_has_inducement;daily_ob_target_swept_liquidity;daily_ob_target_swept_liquidity_fractal;daily_ob_target_swept_liquidity_fvg;daily_ob_target_swept_liquidity_internal;daily_ob_target_swept_liquidity_previous_candle;daily_ob_target_swept_liquidity_swing;h1_mitigation_ob_flip_zone;h1_mitigation_ob_swept_liquidity;h1_mitigation_ob_swept_liquidity_fractal;h1_mitigation_ob_swept_liquidity_fvg;h1_mitigation_ob_swept_liquidity_internal;h1_mitigation_ob_swept_liquidity_swing;h1_ob_target_flip_zone;h1_ob_target_swept_liquidity;h1_ob_target_swept_liquidity_fvg;h1_ob_target_swept_liquidity_previous_candle;h1_ob_target_swept_liquidity_swing;h4_mitigation_ob_flip_zone;h4_mitigation_ob_swept_liquidity_fractal;h4_mitigation_ob_swept_liquidity_fvg;h4_mitigation_ob_swept_liquidity_internal;h4_mitigation_ob_swept_liquidity_previous_candle;h4_mitigation_ob_swept_liquidity_swing;h4_ob_target_caused_displacement;h4_ob_target_caused_imbalance;h4_ob_target_flip_zone;h4_ob_target_has_inducement;h4_ob_target_swept_liquidity;h4_ob_target_swept_liquidity_fractal;h4_ob_target_swept_liquidity_fvg;h4_ob_target_swept_liquidity_internal;h4_ob_target_swept_liquidity_previous_candle;h4_ob_target_swept_liquidity_swing;h4_ob_target_within_daily_ob
2023-05-11,Thursday,london,2023-05-11 07:00:00+00:00,2023-05-11 11:00:00+00:00,bullish,147.065,146.62599999999998,148.82100000000008,146.62599999999998,0.4390000000000214,-10.6179953766662,loss,-1.0,sl,0.7471526195899476,-1.0,sl,False,0,4,0 days 04:00:00,11.799999999996658,False,-31.61,22.0,4.0,2023-05-11 07:00:00+00:00,False,146.911,146.646,1,daily_mitigation_ob_caused_displacement;daily_mitigation_ob_caused_imbalance;daily_mitigation_ob_flip_zone;daily_mitigation_ob_has_inducement;daily_mitigation_ob_swept_liquidity;daily_mitigation_ob_swept_liquidity_fractal;daily_mitigation_ob_swept_liquidity_fvg;daily_mitigation_ob_swept_liquidity_internal;daily_mitigation_ob_swept_liquidity_previous_candle;daily_mitigation_ob_swept_liquidity_swing;daily_ob_target_caused_displacement;daily_ob_target_caused_imbalance;daily_ob_target_flip_zone;daily_ob_target_has_inducement;daily_ob_target_swept_liquidity;daily_ob_target_swept_liquidity_fractal;daily_ob_target_swept_liquidity_fvg;daily_ob_target_swept_liquidity_internal;daily_ob_target_swept_liquidity_previous_candle;daily_ob_target_swept_liquidity_swing;h1_mitigation_ob_flip_zone;h1_mitigation_ob_swept_liquidity;h1_mitigation_ob_swept_liquidity_fvg;h1_mitigation_ob_swept_liquidity_previous_candle;h1_mitigation_ob_swept_liquidity_swing;h1_ob_target_flip_zone;h1_ob_target_swept_liquidity;h1_ob_target_swept_liquidity_fractal;h1_ob_target_swept_liquidity_fvg;h1_ob_target_swept_liquidity_internal;h1_ob_target_swept_liquidity_swing;h4_mitigation_ob_caused_displacement;h4_mitigation_ob_caused_imbalance;h4_mitigation_ob_flip_zone;h4_mitigation_ob_has_inducement;h4_mitigation_ob_swept_liquidity;h4_mitigation_ob_swept_liquidity_fractal;h4_mitigation_ob_swept_liquidity_fvg;h4_mitigation_ob_swept_liquidity_internal;h4_mitigation_ob_swept_liquidity_previous_candle;h4_mitigation_ob_swept_liquidity_swing;h4_mitigation_ob_within_daily_ob;h4_ob_target_flip_zone;h4_ob_target_swept_liquidity_fractal;h4_ob_target_swept_liquidity_fvg;h4_ob_target_swept_liquidity_internal;h4_ob_target_swept_liquidity_previous_candle;h4_ob_target_swept_liquidity_swing
2023-05-15,Monday,london,2023-05-15 07:00:00+00:00,2023-05-15 18:00:00+00:00,bearish,147.845,148.226,146.321,147.997,0.3810000000000002,14.698303019839601,loss,-0.39895013123363554,cut_19h,0.616797900262428,-0.39895013123363554,cut_19h,False,1,11,0 days 11:00:00,0.0,False,-31.61,22.0,4.0,2023-05-15 07:00:00+00:00,False,148.206,148.047,1,daily_mitigation_ob_flip_zone;daily_mitigation_ob_swept_liquidity_fractal;daily_mitigation_ob_swept_liquidity_fvg;daily_mitigation_ob_swept_liquidity_internal;daily_mitigation_ob_swept_liquidity_previous_candle;daily_mitigation_ob_swept_liquidity_swing;daily_ob_target_caused_displacement;daily_ob_target_caused_imbalance;daily_ob_target_flip_zone;daily_ob_target_has_inducement;daily_ob_target_swept_liquidity;daily_ob_target_swept_liquidity_fractal;daily_ob_target_swept_liquidity_fvg;daily_ob_target_swept_liquidity_internal;daily_ob_target_swept_liquidity_previous_candle;daily_ob_target_swept_liquidity_swing;h1_mitigation_ob_flip_zone;h1_mitigation_ob_swept_liquidity;h1_mitigation_ob_swept_liquidity_fractal;h1_mitigation_ob_swept_liquidity_internal;h1_mitigation_ob_swept_liquidity_swing;h1_ob_target_flip_zone;h1_ob_target_swept_liquidity_fractal;h1_ob_target_swept_liquidity_fvg;h1_ob_target_swept_liquidity_internal;h1_ob_target_swept_liquidity_previous_candle;h1_ob_target_swept_liquidity_swing;h4_mitigation_ob_caused_displacement;h4_mitigation_ob_caused_imbalance;h4_mitigation_ob_flip_zone;h4_mitigation_ob_has_inducement;h4_mitigation_ob_swept_liquidity;h4_mitigation_ob_swept_liquidity_fractal;h4_mitigation_ob_swept_liquidity_fvg;h4_mitigation_ob_swept_liquidity_internal;h4_mitigation_ob_swept_liquidity_previous_candle;h4_mitigation_ob_swept_liquidity_swing;h4_mitigation_ob_within_daily_ob;h4_ob_target_flip_zone;h4_ob_target_swept_liquidity;h4_ob_target_swept_liquidity_fractal;h4_ob_target_swept_liquidity_internal;h4_ob_target_swept_liquidity_swing
2023-05-17,Wednesday,london,2023-05-17 07:00:00+00:00,2023-05-17 10:00:00+00:00,bullish,148.377,148.24699999999999,148.8970000000001,148.24699999999999,0.13000000000002387,-23.23959751351677,loss,-1.0,sl,1.5461538461535116,-1.0,sl,False,0,3,0 days 03:00:00,8.799999999999386,True,-31.61,22.0,4.0,2023-05-17 07:00:00+00:00,False,148.397,148.267,1,daily_mitigation_ob_caused_displacement;daily_mitigation_ob_caused_imbalance;daily_mitigation_ob_flip_zone;daily_mitigation_ob_has_inducement;daily_mitigation_ob_swept_liquidity;daily_mitigation_ob_swept_liquidity_fractal;daily_mitigation_ob_swept_liquidity_fvg;daily_mitigation_ob_swept_liquidity_internal;daily_mitigation_ob_swept_liquidity_previous_candle;daily_mitigation_ob_swept_liquidity_swing;daily_ob_target_caused_displacement;daily_ob_target_caused_imbalance;daily_ob_target_flip_zone;daily_ob_target_has_inducement;daily_ob_target_swept_liquidity;daily_ob_target_swept_liquidity_fractal;daily_ob_target_swept_liquidity_fvg;daily_ob_target_swept_liquidity_internal;daily_ob_target_swept_liquidity_previous_candle;daily_ob_target_swept_liquidity_swing;h1_mitigation_ob_flip_zone;h1_mitigation_ob_swept_liquidity_fractal;h1_mitigation_ob_swept_liquidity_fvg;h1_mitigation_ob_swept_liquidity_internal;h1_mitigation_ob_swept_liquidity_previous_candle;h1_mitigation_ob_swept_liquidity_swing;h1_ob_target_flip_zone;h1_ob_target_swept_liquidity;h1_ob_target_swept_liquidity_fractal;h1_ob_target_swept_liquidity_fvg;h1_ob_target_swept_liquidity_previous_candle;h1_ob_target_swept_liquidity_swing;h4_mitigation_ob_caused_displacement;h4_mitigation_ob_caused_imbalance;h4_mitigation_ob_flip_zone;h4_mitigation_ob_has_inducement;h4_mitigation_ob_swept_liquidity;h4_mitigation_ob_swept_liquidity_fractal;h4_mitigation_ob_swept_liquidity_fvg;h4_mitigation_ob_swept_liquidity_internal;h4_mitigation_ob_swept_liquidity_previous_candle;h4_mitigation_ob_swept_liquidity_swing;h4_mitigation_ob_within_daily_ob;h4_ob_target_caused_displacement;h4_ob_target_caused_imbalance;h4_ob_target_flip_zone;h4_ob_target_has_inducement;h4_ob_target_swept_liquidity;h4_ob_target_swept_liquidity_fractal;h4_ob_target_swept_liquidity_fvg;h4_ob_target_swept_liquidity_internal;h4_ob_target_swept_liquidity_previous_candle;h4_ob_target_swept_liquidity_swing;h4_ob_target_within_daily_ob
2023-05-19,Friday,london,2023-05-19 06:00:00+00:00,2023-05-19 07:00:00+00:00,bullish,148.996,148.75099999999998,149.97600000000014,148.75099999999998,0.24500000000003297,4.662094248858747,loss,-1.0,sl,0.057142857142774284,-1.0,sl,False,0,1,0 days 01:00:00,0.2999999999985903,False,-31.61,22.0,4.0,2023-05-19 06:00:00+00:00,False,148.927,148.771,1,daily_mitigation_ob_caused_displacement;daily_mitigation_ob_caused_imbalance;daily_mitigation_ob_flip_zone;daily_mitigation_ob_has_inducement;daily_mitigation_ob_swept_liquidity;daily_mitigation_ob_swept_liquidity_fractal;daily_mitigation_ob_swept_liquidity_fvg;daily_mitigation_ob_swept_liquidity_internal;daily_mitigation_ob_swept_liquidity_previous_candle;daily_mitigation_ob_swept_liquidity_swing;daily_ob_target_caused_displacement;daily_ob_target_caused_imbalance;daily_ob_target_flip_zone;daily_ob_target_has_inducement;daily_ob_target_swept_liquidity;daily_ob_target_swept_liquidity_fractal;daily_ob_target_swept_liquidity_fvg;daily_ob_target_swept_liquidity_internal;daily_ob_target_swept_liquidity_previous_candle;daily_ob_target_swept_liquidity_swing;h1_mitigation_ob_flip_zone;h1_mitigation_ob_swept_liquidity;h1_mitigation_ob_swept_liquidity_fractal;h1_mitigation_ob_swept_liquidity_internal;h1_mitigation_ob_swept_liquidity_swing;h1_ob_target_flip_zone;h1_ob_target_swept_liquidity;h1_ob_target_swept_liquidity_fractal;h1_ob_target_swept_liquidity_internal;h1_ob_target_swept_liquidity_swing;h4_mitigation_ob_caused_displacement;h4_mitigation_ob_caused_imbalance;h4_mitigation_ob_flip_zone;h4_mitigation_ob_has_inducement;h4_mitigation_ob_swept_liquidity;h4_mitigation_ob_swept_liquidity_fractal;h4_mitigation_ob_swept_liquidity_fvg;h4_mitigation_ob_swept_liquidity_internal;h4_mitigation_ob_swept_liquidity_previous_candle;h4_mitigation_ob_swept_liquidity_swing;h4_mitigation_ob_within_daily_ob;h4_ob_target_caused_displacement;h4_ob_target_caused_imbalance;h4_ob_target_flip_zone;h4_ob_target_has_inducement;h4_ob_target_swept_liquidity;h4_ob_target_swept_liquidity_fractal;h4_ob_target_swept_liquidity_fvg;h4_ob_target_swept_liquidity_internal;h4_ob_target_swept_liquidity_previous_candle;h4_ob_target_swept_liquidity_swing;h4_ob_target_within_daily_ob
2023-05-24,Wednesday,london,2023-05-24 06:00:00+00:00,2023-05-24 10:00:00+00:00,bullish,149.478,148.922,151.70200000000006,148.922,0.5560000000000116,-8.325331812147798,loss,-1.0,sl,0.18165467625898737,-1.0,sl,False,0,4,0 days 04:00:00,8.400000000000318,False,-31.61,22.0,4.0,2023-05-24 06:00:00+00:00,False,149.077,148.942,1,daily_mitigation_ob_caused_displacement;daily_mitigation_ob_caused_imbalance;daily_mitigation_ob_flip_zone;daily_mitigation_ob_has_inducement;daily_mitigation_ob_swept_liquidity;daily_mitigation_ob_swept_liquidity_fractal;daily_mitigation_ob_swept_liquidity_fvg;daily_mitigation_ob_swept_liquidity_internal;daily_mitigation_ob_swept_liquidity_previous_candle;daily_mitigation_ob_swept_liquidity_swing;daily_ob_target_caused_displacement;daily_ob_target_caused_imbalance;daily_ob_target_flip_zone;daily_ob_target_has_inducement;daily_ob_target_swept_liquidity;daily_ob_target_swept_liquidity_fractal;daily_ob_target_swept_liquidity_fvg;daily_ob_target_swept_liquidity_internal;daily_ob_target_swept_liquidity_previous_candle;daily_ob_target_swept_liquidity_swing;h1_mitigation_ob_flip_zone;h1_mitigation_ob_swept_liquidity_fractal;h1_mitigation_ob_swept_liquidity_fvg;h1_mitigation_ob_swept_liquidity_internal;h1_mitigation_ob_swept_liquidity_previous_candle;h1_mitigation_ob_swept_liquidity_swing;h1_ob_target_flip_zone;h1_ob_target_swept_liquidity_fractal;h1_ob_target_swept_liquidity_fvg;h1_ob_target_swept_liquidity_internal;h1_ob_target_swept_liquidity_previous_candle;h1_ob_target_swept_liquidity_swing;h4_mitigation_ob_flip_zone;h4_mitigation_ob_swept_liquidity_fractal;h4_mitigation_ob_swept_liquidity_fvg;h4_mitigation_ob_swept_liquidity_internal;h4_mitigation_ob_swept_liquidity_previous_candle;h4_mitigation_ob_swept_liquidity_swing;h4_ob_target_caused_displacement;h4_ob_target_caused_imbalance;h4_ob_target_flip_zone;h4_ob_target_has_inducement;h4_ob_target_swept_liquidity;h4_ob_target_swept_liquidity_fractal;h4_ob_target_swept_liquidity_fvg;h4_ob_target_swept_liquidity_internal;h4_ob_target_swept_liquidity_previous_candle;h4_ob_target_swept_liquidity_swing;h4_ob_target_within_daily_ob
2023-05-24,Wednesday,ny,2023-05-24 11:00:00+00:00,2023-05-24 12:00:00+00:00,bullish,149.174,149.087,149.52200000000008,149.52200000000008,0.08700000000001751,-20.63259336734528,win,4.0,tp,10.0,19.873563218386632,friday_close,True,2,1,0 days 01:00:00,0.0,True,-31.61,22.0,4.0,2023-05-24 10:00:00+00:00,True,149.256,149.107,1,daily_mitigation_ob_caused_displacement;daily_mitigation_ob_caused_imbalance;daily_mitigation_ob_flip_zone;daily_mitigation_ob_has_inducement;daily_mitigation_ob_swept_liquidity;daily_mitigation_ob_swept_liquidity_fractal;daily_mitigation_ob_swept_liquidity_fvg;daily_mitigation_ob_swept_liquidity_internal;daily_mitigation_ob_swept_liquidity_previous_candle;daily_mitigation_ob_swept_liquidity_swing;daily_ob_target_caused_displacement;daily_ob_target_caused_imbalance;daily_ob_target_flip_zone;daily_ob_target_has_inducement;daily_ob_target_swept_liquidity;daily_ob_target_swept_liquidity_fractal;daily_ob_target_swept_liquidity_fvg;daily_ob_target_swept_liquidity_internal;daily_ob_target_swept_liquidity_previous_candle;daily_ob_target_swept_liquidity_swing;h1_mitigation_ob_flip_zone;h1_mitigation_ob_swept_liquidity;h1_mitigation_ob_swept_liquidity_fractal;h1_mitigation_ob_swept_liquidity_fvg;h1_mitigation_ob_swept_liquidity_previous_candle;h1_mitigation_ob_swept_liquidity_swing;h1_ob_target_flip_zone;h1_ob_target_swept_liquidity_fractal;h1_ob_target_swept_liquidity_fvg;h1_ob_target_swept_liquidity_internal;h1_ob_target_swept_liquidity_previous_candle;h1_ob_target_swept_liquidity_swing;h4_mitigation_ob_caused_displacement;h4_mitigation_ob_caused_imbalance;h4_mitigation_ob_flip_zone;h4_mitigation_ob_has_inducement;h4_mitigation_ob_swept_liquidity;h4_mitigation_ob_swept_liquidity_fractal;h4_mitigation_ob_swept_liquidity_fvg;h4_mitigation_ob_swept_liquidity_internal;h4_mitigation_ob_swept_liquidity_previous_candle;h4_mitigation_ob_swept_liquidity_swing;h4_mitigation_ob_within_daily_ob;h4_ob_target_caused_displacement;h4_ob_target_caused_imbalance;h4_ob_target_flip_zone;h4_ob_target_has_inducement;h4_ob_target_swept_liquidity;h4_ob_target_swept_liquidity_fractal;h4_ob_target_swept_liquidity_fvg;h4_ob_target_swept_liquidity_internal;h4_ob_target_swept_liquidity_previous_candle;h4_ob_target_swept_liquidity_swing;h4_ob_target_within_daily_ob
2023-05-25,Thursday,london,2023-05-25 06:00:00+00:00,2023-05-25 07:00:00+00:00,bullish,149.825,149.635,150.58499999999998,149.635,0.18999999999999773,-3.706629635237106,loss,-1.0,sl,0.0,-1.0,sl,False,0,1,0 days 01:00:00,28.000000000000114,True,-31.61,22.0,4.0,2023-05-25 05:00:00+00:00,True,149.896,149.655,1,daily_mitigation_ob_caused_displacement;daily_mitigation_ob_caused_imbalance;daily_mitigation_ob_flip_zone;daily_mitigation_ob_has_inducement;daily_mitigation_ob_swept_liquidity;daily_mitigation_ob_swept_liquidity_fractal;daily_mitigation_ob_swept_liquidity_fvg;daily_mitigation_ob_swept_liquidity_internal;daily_mitigation_ob_swept_liquidity_previous_candle;daily_mitigation_ob_swept_liquidity_swing;daily_ob_target_caused_displacement;daily_ob_target_caused_imbalance;daily_ob_target_flip_zone;daily_ob_target_has_inducement;daily_ob_target_swept_liquidity;daily_ob_target_swept_liquidity_fractal;daily_ob_target_swept_liquidity_fvg;daily_ob_target_swept_liquidity_internal;daily_ob_target_swept_liquidity_previous_candle;daily_ob_target_swept_liquidity_swing;h1_mitigation_ob_flip_zone;h1_mitigation_ob_swept_liquidity;h1_mitigation_ob_swept_liquidity_fvg;h1_mitigation_ob_swept_liquidity_internal;h1_mitigation_ob_swept_liquidity_swing;h1_ob_target_flip_zone;h1_ob_target_swept_liquidity;h1_ob_target_swept_liquidity_fractal;h1_ob_target_swept_liquidity_internal;h1_ob_target_swept_liquidity_swing;h4_mitigation_ob_caused_displacement;h4_mitigation_ob_caused_imbalance;h4_mitigation_ob_flip_zone;h4_mitigation_ob_has_inducement;h4_mitigation_ob_swept_liquidity;h4_mitigation_ob_swept_liquidity_fractal;h4_mitigation_ob_swept_liquidity_fvg;h4_mitigation_ob_swept_liquidity_internal;h4_mitigation_ob_swept_liquidity_previous_candle;h4_mitigation_ob_swept_liquidity_swing;h4_mitigation_ob_within_daily_ob;h4_ob_target_caused_displacement;h4_ob_target_caused_imbalance;h4_ob_target_flip_zone;h4_ob_target_has_inducement;h4_ob_target_swept_liquidity;h4_ob_target_swept_liquidity_fractal;h4_ob_target_swept_liquidity_fvg;h4_ob_target_swept_liquidity_internal;h4_ob_target_swept_liquidity_previous_candle;h4_ob_target_swept_liquidity_swing;h4_ob_target_within_daily_ob
2023-05-26,Friday,london,2023-05-26 07:00:00+00:00,2023-05-26 12:00:00+00:00,bullish,149.86,149.712,150.4520000000001,150.4520000000001,0.14800000000002456,0.5888025597028761,win,4.0,tp,7.236486486485272,7.047297297295979,friday_close,False,0,5,0 days 05:00:00,0.0,True,-31.61,22.0,4.0,2023-05-26 07:00:00+00:00,False,149.887,149.732,1,daily_mitigation_ob_caused_displacement;daily_mitigation_ob_caused_imbalance;daily_mitigation_ob_flip_zone;daily_mitigation_ob_has_inducement;daily_mitigation_ob_swept_liquidity;daily_mitigation_ob_swept_liquidity_fractal;daily_mitigation_ob_swept_liquidity_fvg;daily_mitigation_ob_swept_liquidity_internal;daily_mitigation_ob_swept_liquidity_previous_candle;daily_mitigation_ob_swept_liquidity_swing;daily_ob_target_caused_displacement;daily_ob_target_caused_imbalance;daily_ob_target_flip_zone;daily_ob_target_has_inducement;daily_ob_target_swept_liquidity;daily_ob_target_swept_liquidity_fractal;daily_ob_target_swept_liquidity_fvg;daily_ob_target_swept_liquidity_internal;daily_ob_target_swept_liquidity_previous_candle;daily_ob_target_swept_liquidity_swing;h1_mitigation_ob_flip_zone;h1_mitigation_ob_swept_liquidity;h1_mitigation_ob_swept_liquidity_fractal;h1_mitigation_ob_swept_liquidity_fvg;h1_mitigation_ob_swept_liquidity_internal;h1_mitigation_ob_swept_liquidity_swing;h1_ob_target_flip_zone;h1_ob_target_swept_liquidity_fractal;h1_ob_target_swept_liquidity_fvg;h1_ob_target_swept_liquidity_internal;h1_ob_target_swept_liquidity_previous_candle;h1_ob_target_swept_liquidity_swing;h4_mitigation_ob_flip_zone;h4_mitigation_ob_swept_liquidity_fractal;h4_mitigation_ob_swept_liquidity_fvg;h4_mitigation_ob_swept_liquidity_internal;h4_mitigation_ob_swept_liquidity_previous_candle;h4_mitigation_ob_swept_liquidity_swing;h4_ob_target_caused_displacement;h4_ob_target_caused_imbalance;h4_ob_target_flip_zone;h4_ob_target_has_inducement;h4_ob_target_swept_liquidity;h4_ob_target_swept_liquidity_fractal;h4_ob_target_swept_liquidity_fvg;h4_ob_target_swept_liquidity_internal;h4_ob_target_swept_liquidity_previous_candle;h4_ob_target_swept_liquidity_swing;h4_ob_target_within_daily_ob
2023-05-26,Friday,london,2023-05-26 08:00:00+00:00,2023-05-26 18:00:00+00:00,bullish,149.914,149.642,151.00199999999995,150.903,0.27199999999999136,-9.188537315475124,win,3.636029411764837,friday_close,3.738970588235502,3.636029411764837,friday_close,False,0,10,0 days 10:00:00,0.0,False,-31.61,22.0,4.0,2023-05-26 08:00:00+00:00,False,149.825,149.662,1,daily_mitigation_ob_caused_displacement;daily_mitigation_ob_caused_imbalance;daily_mitigation_ob_flip_zone;daily_mitigation_ob_has_inducement;daily_mitigation_ob_swept_liquidity;daily_mitigation_ob_swept_liquidity_fractal;daily_mitigation_ob_swept_liquidity_fvg;daily_mitigation_ob_swept_liquidity_internal;daily_mitigation_ob_swept_liquidity_previous_candle;daily_mitigation_ob_swept_liquidity_swing;daily_ob_target_caused_displacement;daily_ob_target_caused_imbalance;daily_ob_target_flip_zone;daily_ob_target_has_inducement;daily_ob_target_swept_liquidity;daily_ob_target_swept_liquidity_fractal;daily_ob_target_swept_liquidity_fvg;daily_ob_target_swept_liquidity_internal;daily_ob_target_swept_liquidity_previous_candle;daily_ob_target_swept_liquidity_swing;h1_mitigation_ob_flip_zone;h1_mitigation_ob_swept_liquidity_fractal;h1_mitigation_ob_swept_liquidity_fvg;h1_mitigation_ob_swept_liquidity_internal;h1_mitigation_ob_swept_liquidity_previous_candle;h1_mitigation_ob_swept_liquidity_swing;h1_ob_target_flip_zone;h1_ob_target_swept_liquidity_fractal;h1_ob_target_swept_liquidity_fvg;h1_ob_target_swept_liquidity_internal;h1_ob_target_swept_liquidity_previous_candle;h1_ob_target_swept_liquidity_swing;h4_mitigation_ob_flip_zone;h4_mitigation_ob_swept_liquidity_fractal;h4_mitigation_ob_swept_liquidity_fvg;h4_mitigation_ob_swept_liquidity_internal;h4_mitigation_ob_swept_liquidity_previous_candle;h4_mitigation_ob_swept_liquidity_swing;h4_ob_target_caused_displacement;h4_ob_target_caused_imbalance;h4_ob_target_flip_zone;h4_ob_target_has_inducement;h4_ob_target_swept_liquidity;h4_ob_target_swept_liquidity_fractal;h4_ob_target_swept_liquidity_fvg;h4_ob_target_swept_liquidity_internal;h4_ob_target_swept_liquidity_previous_candle;h4_ob_target_swept_liquidity_swing;h4_ob_target_within_daily_ob
2023-05-26,Friday,ny,2023-05-26 13:00:00+00:00,2023-05-26 17:00:00+00:00,bearish,150.49,150.79500000000002,149.26999999999998,150.79500000000002,0.3050000000000068,-31.11654647003497,loss,-1.0,sl,0.6491803278688626,-1.0,sl,False,0,4,0 days 04:00:00,13.599999999999568,False,-31.61,22.0,4.0,2023-05-26 13:00:00+00:00,False,150.775,150.575,1,daily_mitigation_ob_caused_displacement;daily_mitigation_ob_caused_imbalance;daily_mitigation_ob_flip_zone;daily_mitigation_ob_has_inducement;daily_mitigation_ob_swept_liquidity;daily_mitigation_ob_swept_liquidity_fractal;daily_mitigation_ob_swept_liquidity_fvg;daily_mitigation_ob_swept_liquidity_internal;daily_mitigation_ob_swept_liquidity_previous_candle;daily_mitigation_ob_swept_liquidity_swing;daily_ob_target_caused_displacement;daily_ob_target_caused_imbalance;daily_ob_target_flip_zone;daily_ob_target_has_inducement;daily_ob_target_swept_liquidity;daily_ob_target_swept_liquidity_fractal;daily_ob_target_swept_liquidity_fvg;daily_ob_target_swept_liquidity_internal;daily_ob_target_swept_liquidity_previous_candle;daily_ob_target_swept_liquidity_swing;h1_mitigation_ob_flip_zone;h1_mitigation_ob_swept_liquidity_fractal;h1_mitigation_ob_swept_liquidity_fvg;h1_mitigation_ob_swept_liquidity_internal;h1_mitigation_ob_swept_liquidity_previous_candle;h1_mitigation_ob_swept_liquidity_swing;h1_ob_target_flip_zone;h1_ob_target_swept_liquidity;h1_ob_target_swept_liquidity_fractal;h1_ob_target_swept_liquidity_fvg;h1_ob_target_swept_liquidity_internal;h1_ob_target_swept_liquidity_swing;h4_mitigation_ob_caused_displacement;h4_mitigation_ob_caused_imbalance;h4_mitigation_ob_flip_zone;h4_mitigation_ob_has_inducement;h4_mitigation_ob_swept_liquidity;h4_mitigation_ob_swept_liquidity_fractal;h4_mitigation_ob_swept_liquidity_fvg;h4_mitigation_ob_swept_liquidity_internal;h4_mitigation_ob_swept_liquidity_previous_candle;h4_mitigation_ob_swept_liquidity_swing;h4_mitigation_ob_within_daily_ob;h4_ob_target_flip_zone;h4_ob_target_swept_liquidity;h4_ob_target_swept_liquidity_fvg;h4_ob_target_swept_liquidity_internal;h4_ob_target_swept_liquidity_swing
2023-05-29,Monday,ny,2023-05-29 13:00:00+00:00,2023-05-30 00:00:00+00:00,bullish,150.178,150.011,150.846,150.178,0.1670000000000016,-12.340565523259832,breakeven,0.0,be_stop,2.2934131736527315,0.0,be_stop,True,1,11,0 days 11:00:00,5.500000000000682,True,-31.61,22.0,4.0,2023-05-29 13:00:00+00:00,False,150.206,150.031,1,daily_mitigation_ob_caused_displacement;daily_mitigation_ob_caused_imbalance;daily_mitigation_ob_flip_zone;daily_mitigation_ob_has_inducement;daily_mitigation_ob_swept_liquidity;daily_mitigation_ob_swept_liquidity_fractal;daily_mitigation_ob_swept_liquidity_fvg;daily_mitigation_ob_swept_liquidity_internal;daily_mitigation_ob_swept_liquidity_previous_candle;daily_mitigation_ob_swept_liquidity_swing;daily_ob_target_caused_displacement;daily_ob_target_caused_imbalance;daily_ob_target_flip_zone;daily_ob_target_has_inducement;daily_ob_target_swept_liquidity;daily_ob_target_swept_liquidity_fractal;daily_ob_target_swept_liquidity_fvg;daily_ob_target_swept_liquidity_internal;daily_ob_target_swept_liquidity_previous_candle;daily_ob_target_swept_liquidity_swing;h1_mitigation_ob_flip_zone;h1_mitigation_ob_swept_liquidity;h1_mitigation_ob_swept_liquidity_fractal;h1_mitigation_ob_swept_liquidity_fvg;h1_mitigation_ob_swept_liquidity_internal;h1_mitigation_ob_swept_liquidity_swing;h1_ob_target_flip_zone;h1_ob_target_swept_liquidity_fractal;h1_ob_target_swept_liquidity_fvg;h1_ob_target_swept_liquidity_internal;h1_ob_target_swept_liquidity_previous_candle;h1_ob_target_swept_liquidity_swing;h4_mitigation_ob_flip_zone;h4_mitigation_ob_swept_liquidity;h4_mitigation_ob_swept_liquidity_fractal;h4_mitigation_ob_swept_liquidity_internal;h4_mitigation_ob_swept_liquidity_previous_candle;h4_mitigation_ob_swept_liquidity_swing;h4_ob_target_caused_displacement;h4_ob_target_caused_imbalance;h4_ob_target_flip_zone;h4_ob_target_has_inducement;h4_ob_target_swept_liquidity;h4_ob_target_swept_liquidity_fractal;h4_ob_target_swept_liquidity_fvg;h4_ob_target_swept_liquidity_internal;h4_ob_target_swept_liquidity_previous_candle;h4_ob_target_swept_liquidity_swing;h4_ob_target_within_daily_ob
2023-06-01,Thursday,london,2023-06-01 07:00:00+00:00,2023-06-01 09:00:00+00:00,bearish,149.29,149.591,148.08599999999993,149.591,0.30100000000001614,-5.156943890214571,loss,-1.0,sl,0.5880398671095781,-1.0,sl,False,0,2,0 days 02:00:00,8.699999999998909,False,-31.61,22.0,4.0,2023-06-01 07:00:00+00:00,False,149.571,149.289,1,daily_mitigation_ob_caused_displacement;daily_mitigation_ob_caused_imbalance;daily_mitigation_ob_flip_zone;daily_mitigation_ob_has_inducement;daily_mitigation_ob_swept_liquidity;daily_mitigation_ob_swept_liquidity_fractal;daily_mitigation_ob_swept_liquidity_fvg;daily_mitigation_ob_swept_liquidity_internal;daily_mitigation_ob_swept_liquidity_previous_candle;daily_mitigation_ob_swept_liquidity_swing;daily_ob_target_caused_displacement;daily_ob_target_caused_imbalance;daily_ob_target_flip_zone;daily_ob_target_has_inducement;daily_ob_target_swept_liquidity;daily_ob_target_swept_liquidity_fractal;daily_ob_target_swept_liquidity_fvg;daily_ob_target_swept_liquidity_internal;daily_ob_target_swept_liquidity_previous_candle;daily_ob_target_swept_liquidity_swing;h1_mitigation_ob_flip_zone;h1_mitigation_ob_swept_liquidity;h1_mitigation_ob_swept_liquidity_fvg;h1_mitigation_ob_swept_liquidity_internal;h1_mitigation_ob_swept_liquidity_swing;h1_ob_target_flip_zone;h1_ob_target_swept_liquidity_fractal;h1_ob_target_swept_liquidity_fvg;h1_ob_target_swept_liquidity_internal;h1_ob_target_swept_liquidity_previous_candle;h1_ob_target_swept_liquidity_swing;h4_mitigation_ob_flip_zone;h4_mitigation_ob_swept_liquidity_fractal;h4_mitigation_ob_swept_liquidity_fvg;h4_mitigation_ob_swept_liquidity_internal;h4_mitigation_ob_swept_liquidity_previous_candle;h4_mitigation_ob_swept_liquidity_swing;h4_ob_target_flip_zone;h4_ob_target_swept_liquidity;h4_ob_target_swept_liquidity_fractal;h4_ob_target_swept_liquidity_fvg;h4_ob_target_swept_liquidity_previous_candle
2023-06-05,Monday,ny,2023-06-05 13:00:00+00:00,2023-06-05 14:00:00+00:00,bullish,149.52,149.43599999999998,149.85600000000014,149.43599999999998,0.0840000000000316,-2.6285259451540335,loss,-1.0,sl,0.0,-1.0,sl,False,0,1,0 days 01:00:00,21.39999999999702,True,-31.61,22.0,4.0,2023-06-05 13:00:00+00:00,False,149.619,149.456,1,daily_mitigation_ob_caused_displacement;daily_mitigation_ob_caused_imbalance;daily_mitigation_ob_flip_zone;daily_mitigation_ob_has_inducement;daily_mitigation_ob_swept_liquidity;daily_mitigation_ob_swept_liquidity_fractal;daily_mitigation_ob_swept_liquidity_fvg;daily_mitigation_ob_swept_liquidity_internal;daily_mitigation_ob_swept_liquidity_previous_candle;daily_mitigation_ob_swept_liquidity_swing;daily_ob_target_caused_displacement;daily_ob_target_caused_imbalance;daily_ob_target_flip_zone;daily_ob_target_has_inducement;daily_ob_target_swept_liquidity;daily_ob_target_swept_liquidity_fractal;daily_ob_target_swept_liquidity_fvg;daily_ob_target_swept_liquidity_internal;daily_ob_target_swept_liquidity_previous_candle;daily_ob_target_swept_liquidity_swing;h1_mitigation_ob_flip_zone;h1_mitigation_ob_swept_liquidity;h1_mitigation_ob_swept_liquidity_fvg;h1_mitigation_ob_swept_liquidity_internal;h1_mitigation_ob_swept_liquidity_previous_candle;h1_mitigation_ob_swept_liquidity_swing;h1_ob_target_flip_zone;h1_ob_target_swept_liquidity;h1_ob_target_swept_liquidity_fractal;h1_ob_target_swept_liquidity_fvg;h1_ob_target_swept_liquidity_previous_candle;h1_ob_target_swept_liquidity_swing;h4_mitigation_ob_flip_zone;h4_mitigation_ob_swept_liquidity_fractal;h4_mitigation_ob_swept_liquidity_fvg;h4_mitigation_ob_swept_liquidity_internal;h4_mitigation_ob_swept_liquidity_previous_candle;h4_mitigation_ob_swept_liquidity_swing;h4_ob_target_caused_displacement;h4_ob_target_caused_imbalance;h4_ob_target_flip_zone;h4_ob_target_has_inducement;h4_ob_target_swept_liquidity;h4_ob_target_swept_liquidity_fractal;h4_ob_target_swept_liquidity_fvg;h4_ob_target_swept_liquidity_internal;h4_ob_target_swept_liquidity_previous_candle;h4_ob_target_swept_liquidity_swing;h4_ob_target_within_daily_ob
2023-06-07,Wednesday,ny,2023-06-07 13:00:00+00:00,2023-06-07 15:00:00+00:00,bearish,149.29,149.714,147.59399999999997,149.714,0.4240000000000066,22.569434672198177,loss,-1.0,sl,0.016509433962275694,-1.0,sl,False,0,2,0 days 02:00:00,10.400000000001342,False,-31.61,22.0,4.0,2023-06-07 13:00:00+00:00,False,149.694,149.536,1,daily_mitigation_ob_caused_displacement;daily_mitigation_ob_caused_imbalance;daily_mitigation_ob_flip_zone;daily_mitigation_ob_has_inducement;daily_mitigation_ob_swept_liquidity;daily_mitigation_ob_swept_liquidity_fractal;daily_mitigation_ob_swept_liquidity_fvg;daily_mitigation_ob_swept_liquidity_internal;daily_mitigation_ob_swept_liquidity_previous_candle;daily_mitigation_ob_swept_liquidity_swing;daily_ob_target_caused_displacement;daily_ob_target_caused_imbalance;daily_ob_target_flip_zone;daily_ob_target_has_inducement;daily_ob_target_swept_liquidity;daily_ob_target_swept_liquidity_fractal;daily_ob_target_swept_liquidity_fvg;daily_ob_target_swept_liquidity_internal;daily_ob_target_swept_liquidity_previous_candle;daily_ob_target_swept_liquidity_swing;h1_mitigation_ob_flip_zone;h1_mitigation_ob_swept_liquidity;h1_mitigation_ob_swept_liquidity_fvg;h1_mitigation_ob_swept_liquidity_internal;h1_mitigation_ob_swept_liquidity_swing;h1_ob_target_flip_zone;h1_ob_target_swept_liquidity_fractal;h1_ob_target_swept_liquidity_fvg;h1_ob_target_swept_liquidity_internal;h1_ob_target_swept_liquidity_previous_candle;h1_ob_target_swept_liquidity_swing;h4_mitigation_ob_caused_displacement;h4_mitigation_ob_caused_imbalance;h4_mitigation_ob_flip_zone;h4_mitigation_ob_has_inducement;h4_mitigation_ob_swept_liquidity;h4_mitigation_ob_swept_liquidity_fractal;h4_mitigation_ob_swept_liquidity_fvg;h4_mitigation_ob_swept_liquidity_internal;h4_mitigation_ob_swept_liquidity_previous_candle;h4_mitigation_ob_swept_liquidity_swing;h4_mitigation_ob_within_daily_ob;h4_ob_target_flip_zone;h4_ob_target_swept_liquidity;h4_ob_target_swept_liquidity_fractal;h4_ob_target_swept_liquidity_fvg;h4_ob_target_swept_liquidity_previous_candle
2023-06-12,Monday,london,2023-06-12 06:00:00+00:00,2023-06-12 18:00:00+00:00,bearish,149.942,150.381,148.18600000000004,150.155,0.43899999999999295,-27.141246234986777,loss,-0.48519362186787535,cut_19h,0.4100227790433023,-0.48519362186787535,cut_19h,False,1,12,0 days 12:00:00,0.0,False,-31.61,22.0,4.0,2023-06-12 06:00:00+00:00,False,150.361,149.975,1,daily_mitigation_ob_caused_displacement;daily_mitigation_ob_caused_imbalance;daily_mitigation_ob_flip_zone;daily_mitigation_ob_has_inducement;daily_mitigation_ob_swept_liquidity;daily_mitigation_ob_swept_liquidity_fractal;daily_mitigation_ob_swept_liquidity_fvg;daily_mitigation_ob_swept_liquidity_internal;daily_mitigation_ob_swept_liquidity_previous_candle;daily_mitigation_ob_swept_liquidity_swing;daily_ob_target_caused_displacement;daily_ob_target_caused_imbalance;daily_ob_target_flip_zone;daily_ob_target_has_inducement;daily_ob_target_swept_liquidity;daily_ob_target_swept_liquidity_fractal;daily_ob_target_swept_liquidity_fvg;daily_ob_target_swept_liquidity_internal;daily_ob_target_swept_liquidity_previous_candle;daily_ob_target_swept_liquidity_swing;h1_mitigation_ob_flip_zone;h1_mitigation_ob_swept_liquidity;h1_mitigation_ob_swept_liquidity_fractal;h1_mitigation_ob_swept_liquidity_fvg;h1_mitigation_ob_swept_liquidity_internal;h1_mitigation_ob_swept_liquidity_swing;h1_ob_target_flip_zone;h1_ob_target_swept_liquidity;h1_ob_target_swept_liquidity_fractal;h1_ob_target_swept_liquidity_fvg;h1_ob_target_swept_liquidity_internal;h1_ob_target_swept_liquidity_swing;h4_mitigation_ob_caused_displacement;h4_mitigation_ob_caused_imbalance;h4_mitigation_ob_flip_zone;h4_mitigation_ob_has_inducement;h4_mitigation_ob_swept_liquidity;h4_mitigation_ob_swept_liquidity_fractal;h4_mitigation_ob_swept_liquidity_fvg;h4_mitigation_ob_swept_liquidity_internal;h4_mitigation_ob_swept_liquidity_previous_candle;h4_mitigation_ob_swept_liquidity_swing;h4_mitigation_ob_within_daily_ob;h4_ob_target_flip_zone;h4_ob_target_swept_liquidity;h4_ob_target_swept_liquidity_fractal;h4_ob_target_swept_liquidity_fvg;h4_ob_target_swept_liquidity_internal;h4_ob_target_swept_liquidity_swing
2023-06-12,Monday,ny,2023-06-12 11:00:00+00:00,2023-06-13 18:00:00+00:00,bullish,150.012,149.676,151.35600000000005,151.35600000000005,0.33600000000001273,-3.356582896428064,win,4.0,tp,10.0,15.14285714285655,friday_close,True,4,31,1 days 07:00:00,0.0,False,-31.61,22.0,4.0,2023-06-12 11:00:00+00:00,False,149.82,149.696,1,daily_mitigation_ob_caused_displacement;daily_mitigation_ob_caused_imbalance;daily_mitigation_ob_flip_zone;daily_mitigation_ob_has_inducement;daily_mitigation_ob_swept_liquidity;daily_mitigation_ob_swept_liquidity_fractal;daily_mitigation_ob_swept_liquidity_fvg;daily_mitigation_ob_swept_liquidity_internal;daily_mitigation_ob_swept_liquidity_previous_candle;daily_mitigation_ob_swept_liquidity_swing;daily_ob_target_caused_displacement;daily_ob_target_caused_imbalance;daily_ob_target_flip_zone;daily_ob_target_has_inducement;daily_ob_target_swept_liquidity;daily_ob_target_swept_liquidity_fractal;daily_ob_target_swept_liquidity_fvg;daily_ob_target_swept_liquidity_internal;daily_ob_target_swept_liquidity_previous_candle;daily_ob_target_swept_liquidity_swing;h1_mitigation_ob_flip_zone;h1_mitigation_ob_swept_liquidity;h1_mitigation_ob_swept_liquidity_fractal;h1_mitigation_ob_swept_liquidity_fvg;h1_mitigation_ob_swept_liquidity_internal;h1_mitigation_ob_swept_liquidity_swing;h1_ob_target_flip_zone;h1_ob_target_swept_liquidity_fractal;h1_ob_target_swept_liquidity_fvg;h1_ob_target_swept_liquidity_internal;h1_ob_target_swept_liquidity_previous_candle;h1_ob_target_swept_liquidity_swing;h4_mitigation_ob_caused_displacement;h4_mitigation_ob_caused_imbalance;h4_mitigation_ob_flip_zone;h4_mitigation_ob_has_inducement;h4_mitigation_ob_swept_liquidity;h4_mitigation_ob_swept_liquidity_fractal;h4_mitigation_ob_swept_liquidity_fvg;h4_mitigation_ob_swept_liquidity_internal;h4_mitigation_ob_swept_liquidity_previous_candle;h4_mitigation_ob_swept_liquidity_swing;h4_mitigation_ob_within_daily_ob;h4_ob_target_caused_displacement;h4_ob_target_caused_imbalance;h4_ob_target_flip_zone;h4_ob_target_has_inducement;h4_ob_target_swept_liquidity;h4_ob_target_swept_liquidity_fractal;h4_ob_target_swept_liquidity_fvg;h4_ob_target_swept_liquidity_internal;h4_ob_target_swept_liquidity_previous_candle;h4_ob_target_swept_liquidity_swing;h4_ob_target_within_daily_ob
2023-06-12,Monday,ny,2023-06-12 13:00:00+00:00,2023-06-12 18:00:00+00:00,bullish,150.178,149.676,152.18600000000004,150.155,0.5020000000000095,-6.674314760782007,loss,-0.045816733067720515,cut_19h,0.127490039840621,-0.045816733067720515,cut_19h,False,1,5,0 days 05:00:00,0.0,False,-31.61,22.0,4.0,2023-06-12 13:00:00+00:00,False,149.82,149.696,2,daily_mitigation_ob_caused_displacement;daily_mitigation_ob_caused_imbalance;daily_mitigation_ob_flip_zone;daily_mitigation_ob_has_inducement;daily_mitigation_ob_swept_liquidity;daily_mitigation_ob_swept_liquidity_fractal;daily_mitigation_ob_swept_liquidity_fvg;daily_mitigation_ob_swept_liquidity_internal;daily_mitigation_ob_swept_liquidity_previous_candle;daily_mitigation_ob_swept_liquidity_swing;daily_ob_target_caused_displacement;daily_ob_target_caused_imbalance;daily_ob_target_flip_zone;daily_ob_target_has_inducement;daily_ob_target_swept_liquidity;daily_ob_target_swept_liquidity_fractal;daily_ob_target_swept_liquidity_fvg;daily_ob_target_swept_liquidity_internal;daily_ob_target_swept_liquidity_previous_candle;daily_ob_target_swept_liquidity_swing;h1_mitigation_ob_flip_zone;h1_mitigation_ob_swept_liquidity;h1_mitigation_ob_swept_liquidity_fractal;h1_mitigation_ob_swept_liquidity_fvg;h1_mitigation_ob_swept_liquidity_internal;h1_mitigation_ob_swept_liquidity_swing;h1_ob_target_flip_zone;h1_ob_target_swept_liquidity_fractal;h1_ob_target_swept_liquidity_fvg;h1_ob_target_swept_liquidity_internal;h1_ob_target_swept_liquidity_previous_candle;h1_ob_target_swept_liquidity_swing;h4_mitigation_ob_caused_displacement;h4_mitigation_ob_caused_imbalance;h4_mitigation_ob_flip_zone;h4_mitigation_ob_has_inducement;h4_mitigation_ob_swept_liquidity;h4_mitigation_ob_swept_liquidity_fractal;h4_mitigation_ob_swept_liquidity_fvg;h4_mitigation_ob_swept_liquidity_internal;h4_mitigation_ob_swept_liquidity_previous_candle;h4_mitigation_ob_swept_liquidity_swing;h4_mitigation_ob_within_daily_ob;h4_ob_target_caused_displacement;h4_ob_target_caused_imbalance;h4_ob_target_flip_zone;h4_ob_target_has_inducement;h4_ob_target_swept_liquidity;h4_ob_target_swept_liquidity_fractal;h4_ob_target_swept_liquidity_fvg;h4_ob_target_swept_liquidity_internal;h4_ob_target_swept_liquidity_previous_candle;h4_ob_target_swept_liquidity_swing;h4_ob_target_within_daily_ob
2023-06-13,Tuesday,ny,2023-06-13 13:00:00+00:00,2023-06-13 15:00:00+00:00,bearish,150.846,151.086,149.88599999999997,151.086,0.2400000000000091,-28.621950177019546,loss,-1.0,sl,0.375,-1.0,sl,False,0,2,0 days 02:00:00,16.19999999999777,False,-31.61,22.0,4.0,2023-06-13 13:00:00+00:00,False,151.066,150.877,1,daily_mitigation_ob_caused_displacement;daily_mitigation_ob_caused_imbalance;daily_mitigation_ob_flip_zone;daily_mitigation_ob_has_inducement;daily_mitigation_ob_swept_liquidity;daily_mitigation_ob_swept_liquidity_fractal;daily_mitigation_ob_swept_liquidity_fvg;daily_mitigation_ob_swept_liquidity_internal;daily_mitigation_ob_swept_liquidity_previous_candle;daily_mitigation_ob_swept_liquidity_swing;daily_ob_target_caused_displacement;daily_ob_target_caused_imbalance;daily_ob_target_flip_zone;daily_ob_target_has_inducement;daily_ob_target_swept_liquidity;daily_ob_target_swept_liquidity_fractal;daily_ob_target_swept_liquidity_fvg;daily_ob_target_swept_liquidity_internal;daily_ob_target_swept_liquidity_previous_candle;daily_ob_target_swept_liquidity_swing;h1_mitigation_ob_flip_zone;h1_mitigation_ob_swept_liquidity_fractal;h1_mitigation_ob_swept_liquidity_fvg;h1_mitigation_ob_swept_liquidity_internal;h1_mitigation_ob_swept_liquidity_previous_candle;h1_mitigation_ob_swept_liquidity_swing;h1_ob_target_flip_zone;h1_ob_target_swept_liquidity;h1_ob_target_swept_liquidity_fractal;h1_ob_target_swept_liquidity_internal;h1_ob_target_swept_liquidity_previous_candle;h1_ob_target_swept_liquidity_swing;h4_mitigation_ob_caused_displacement;h4_mitigation_ob_caused_imbalance;h4_mitigation_ob_flip_zone;h4_mitigation_ob_has_inducement;h4_mitigation_ob_swept_liquidity;h4_mitigation_ob_swept_liquidity_fractal;h4_mitigation_ob_swept_liquidity_fvg;h4_mitigation_ob_swept_liquidity_internal;h4_mitigation_ob_swept_liquidity_previous_candle;h4_mitigation_ob_swept_liquidity_swing;h4_mitigation_ob_within_daily_ob;h4_ob_target_flip_zone;h4_ob_target_swept_liquidity;h4_ob_target_swept_liquidity_fractal;h4_ob_target_swept_liquidity_fvg;h4_ob_target_swept_liquidity_internal;h4_ob_target_swept_liquidity_swing
2023-06-14,Wednesday,ny,2023-06-14 12:00:00+00:00,2023-06-14 18:00:00+00:00,bullish,151.298,151.041,152.32600000000002,151.298,0.257000000000005,-14.259608489261828,breakeven,0.0,be_stop,0.3735408560311353,0.0,be_stop,True,1,6,0 days 06:00:00,6.60000000000025,False,-31.61,22.0,4.0,2023-06-14 12:00:00+00:00,False,151.224,151.061,1,daily_mitigation_ob_caused_displacement;daily_mitigation_ob_caused_imbalance;daily_mitigation_ob_flip_zone;daily_mitigation_ob_has_inducement;daily_mitigation_ob_swept_liquidity;daily_mitigation_ob_swept_liquidity_fractal;daily_mitigation_ob_swept_liquidity_fvg;daily_mitigation_ob_swept_liquidity_internal;daily_mitigation_ob_swept_liquidity_previous_candle;daily_mitigation_ob_swept_liquidity_swing;daily_ob_target_caused_displacement;daily_ob_target_caused_imbalance;daily_ob_target_flip_zone;daily_ob_target_has_inducement;daily_ob_target_swept_liquidity;daily_ob_target_swept_liquidity_fractal;daily_ob_target_swept_liquidity_fvg;daily_ob_target_swept_liquidity_internal;daily_ob_target_swept_liquidity_previous_candle;daily_ob_target_swept_liquidity_swing;h1_mitigation_ob_flip_zone;h1_mitigation_ob_swept_liquidity_fractal;h1_mitigation_ob_swept_liquidity_fvg;h1_mitigation_ob_swept_liquidity_internal;h1_mitigation_ob_swept_liquidity_previous_candle;h1_mitigation_ob_swept_liquidity_swing;h1_ob_target_flip_zone;h1_ob_target_swept_liquidity;h1_ob_target_swept_liquidity_fractal;h1_ob_target_swept_liquidity_internal;h1_ob_target_swept_liquidity_swing;h4_mitigation_ob_caused_displacement;h4_mitigation_ob_caused_imbalance;h4_mitigation_ob_flip_zone;h4_mitigation_ob_has_inducement;h4_mitigation_ob_swept_liquidity;h4_mitigation_ob_swept_liquidity_fractal;h4_mitigation_ob_swept_liquidity_fvg;h4_mitigation_ob_swept_liquidity_internal;h4_mitigation_ob_swept_liquidity_previous_candle;h4_mitigation_ob_swept_liquidity_swing;h4_mitigation_ob_within_daily_ob;h4_ob_target_caused_displacement;h4_ob_target_caused_imbalance;h4_ob_target_flip_zone;h4_ob_target_has_inducement;h4_ob_target_swept_liquidity;h4_ob_target_swept_liquidity_fractal;h4_ob_target_swept_liquidity_fvg;h4_ob_target_swept_liquidity_internal;h4_ob_target_swept_liquidity_previous_candle;h4_ob_target_swept_liquidity_swing;h4_ob_target_within_daily_ob
2023-06-16,Friday,ny,2023-06-16 13:00:00+00:00,2023-06-16 17:00:00+00:00,bearish,154.711,155.115,153.09500000000003,155.115,0.40399999999999636,-10.727301828798327,loss,-1.0,sl,0.9282178217821866,-1.0,sl,False,0,4,0 days 04:00:00,0.9999999999990905,False,-31.61,22.0,4.0,2023-06-16 13:00:00+00:00,False,155.095,154.71,2,daily_mitigation_ob_flip_zone;daily_mitigation_ob_swept_liquidity_fractal;daily_mitigation_ob_swept_liquidity_fvg;daily_mitigation_ob_swept_liquidity_internal;daily_mitigation_ob_swept_liquidity_previous_candle;daily_mitigation_ob_swept_liquidity_swing;daily_ob_target_caused_displacement;daily_ob_target_caused_imbalance;daily_ob_target_flip_zone;daily_ob_target_has_inducement;daily_ob_target_swept_liquidity;daily_ob_target_swept_liquidity_fractal;daily_ob_target_swept_liquidity_fvg;daily_ob_target_swept_liquidity_internal;daily_ob_target_swept_liquidity_previous_candle;daily_ob_target_swept_liquidity_swing;h1_mitigation_ob_flip_zone;h1_mitigation_ob_swept_liquidity;h1_mitigation_ob_swept_liquidity_fractal;h1_mitigation_ob_swept_liquidity_fvg;h1_mitigation_ob_swept_liquidity_internal;h1_mitigation_ob_swept_liquidity_swing;h1_ob_target_flip_zone;h1_ob_target_swept_liquidity_fractal;h1_ob_target_swept_liquidity_fvg;h1_ob_target_swept_liquidity_internal;h1_ob_target_swept_liquidity_previous_candle;h1_ob_target_swept_liquidity_swing;h4_mitigation_ob_flip_zone;h4_mitigation_ob_swept_liquidity;h4_mitigation_ob_swept_liquidity_fractal;h4_mitigation_ob_swept_liquidity_internal;h4_mitigation_ob_swept_liquidity_previous_candle;h4_mitigation_ob_swept_liquidity_swing;h4_ob_target_caused_displacement;h4_ob_target_caused_imbalance;h4_ob_target_flip_zone;h4_ob_target_has_inducement;h4_ob_target_swept_liquidity;h4_ob_target_swept_liquidity_fractal;h4_ob_target_swept_liquidity_fvg;h4_ob_target_swept_liquidity_internal;h4_ob_target_swept_liquidity_previous_candle;h4_ob_target_swept_liquidity_swing;h4_ob_target_within_daily_ob
2023-06-19,Monday,london,2023-06-19 08:00:00+00:00,2023-06-19 20:00:00+00:00,bearish,155.048,155.273,154.14800000000002,155.048,0.22499999999999432,-12.977004774417859,breakeven,0.0,be_stop,1.644444444444506,0.0,be_stop,True,1,12,0 days 12:00:00,3.3999999999991815,False,-31.61,22.0,4.0,2023-06-19 08:00:00+00:00,False,155.253,155.122,1,daily_mitigation_ob_caused_displacement;daily_mitigation_ob_caused_imbalance;daily_mitigation_ob_flip_zone;daily_mitigation_ob_has_inducement;daily_mitigation_ob_swept_liquidity;daily_mitigation_ob_swept_liquidity_fractal;daily_mitigation_ob_swept_liquidity_fvg;daily_mitigation_ob_swept_liquidity_internal;daily_mitigation_ob_swept_liquidity_previous_candle;daily_mitigation_ob_swept_liquidity_swing;daily_ob_target_caused_displacement;daily_ob_target_caused_imbalance;daily_ob_target_flip_zone;daily_ob_target_has_inducement;daily_ob_target_swept_liquidity;daily_ob_target_swept_liquidity_fractal;daily_ob_target_swept_liquidity_fvg;daily_ob_target_swept_liquidity_internal;daily_ob_target_swept_liquidity_previous_candle;daily_ob_target_swept_liquidity_swing;h1_mitigation_ob_flip_zone;h1_mitigation_ob_swept_liquidity;h1_mitigation_ob_swept_liquidity_fractal;h1_mitigation_ob_swept_liquidity_fvg;h1_mitigation_ob_swept_liquidity_internal;h1_mitigation_ob_swept_liquidity_swing;h1_ob_target_caused_displacement;h1_ob_target_caused_imbalance;h1_ob_target_flip_zone;h1_ob_target_has_inducement;h1_ob_target_swept_liquidity;h1_ob_target_swept_liquidity_fractal;h1_ob_target_swept_liquidity_fvg;h1_ob_target_swept_liquidity_internal;h1_ob_target_swept_liquidity_previous_candle;h1_ob_target_swept_liquidity_swing;h1_ob_target_within_h4_ob;h4_mitigation_ob_caused_displacement;h4_mitigation_ob_caused_imbalance;h4_mitigation_ob_flip_zone;h4_mitigation_ob_has_inducement;h4_mitigation_ob_swept_liquidity;h4_mitigation_ob_swept_liquidity_fractal;h4_mitigation_ob_swept_liquidity_fvg;h4_mitigation_ob_swept_liquidity_internal;h4_mitigation_ob_swept_liquidity_previous_candle;h4_mitigation_ob_swept_liquidity_swing;h4_mitigation_ob_within_daily_ob;h4_ob_target_caused_displacement;h4_ob_target_caused_imbalance;h4_ob_target_flip_zone;h4_ob_target_has_inducement;h4_ob_target_swept_liquidity;h4_ob_target_swept_liquidity_fractal;h4_ob_target_swept_liquidity_fvg;h4_ob_target_swept_liquidity_internal;h4_ob_target_swept_liquidity_previous_candle;h4_ob_target_swept_liquidity_swing;h4_ob_target_within_daily_ob
2023-06-21,Wednesday,london,2023-06-21 06:00:00+00:00,2023-06-21 07:00:00+00:00,bearish,154.894,154.93,154.75,154.93,0.036000000000001364,-9.773687660919176,loss,-1.0,sl,0.0,-1.0,sl,False,0,1,0 days 01:00:00,21.89999999999941,True,-31.61,22.0,4.0,2023-06-21 05:00:00+00:00,True,154.91,154.741,1,daily_mitigation_ob_caused_displacement;daily_mitigation_ob_caused_imbalance;daily_mitigation_ob_flip_zone;daily_mitigation_ob_has_inducement;daily_mitigation_ob_swept_liquidity;daily_mitigation_ob_swept_liquidity_fractal;daily_mitigation_ob_swept_liquidity_fvg;daily_mitigation_ob_swept_liquidity_internal;daily_mitigation_ob_swept_liquidity_previous_candle;daily_mitigation_ob_swept_liquidity_swing;daily_ob_target_caused_displacement;daily_ob_target_caused_imbalance;daily_ob_target_flip_zone;daily_ob_target_has_inducement;daily_ob_target_swept_liquidity;daily_ob_target_swept_liquidity_fractal;daily_ob_target_swept_liquidity_fvg;daily_ob_target_swept_liquidity_internal;daily_ob_target_swept_liquidity_previous_candle;daily_ob_target_swept_liquidity_swing;h1_mitigation_ob_flip_zone;h1_mitigation_ob_swept_liquidity;h1_mitigation_ob_swept_liquidity_fvg;h1_mitigation_ob_swept_liquidity_internal;h1_mitigation_ob_swept_liquidity_previous_candle;h1_mitigation_ob_swept_liquidity_swing;h1_ob_target_flip_zone;h1_ob_target_swept_liquidity;h1_ob_target_swept_liquidity_fractal;h1_ob_target_swept_liquidity_internal;h1_ob_target_swept_liquidity_previous_candle;h1_ob_target_swept_liquidity_swing;h4_mitigation_ob_flip_zone;h4_mitigation_ob_swept_liquidity_fractal;h4_mitigation_ob_swept_liquidity_fvg;h4_mitigation_ob_swept_liquidity_internal;h4_mitigation_ob_swept_liquidity_previous_candle;h4_mitigation_ob_swept_liquidity_swing;h4_ob_target_caused_displacement;h4_ob_target_caused_imbalance;h4_ob_target_flip_zone;h4_ob_target_has_inducement;h4_ob_target_swept_liquidity;h4_ob_target_swept_liquidity_fractal;h4_ob_target_swept_liquidity_fvg;h4_ob_target_swept_liquidity_internal;h4_ob_target_swept_liquidity_previous_candle;h4_ob_target_swept_liquidity_swing;h4_ob_target_within_daily_ob
2023-06-23,Friday,london,2023-06-23 08:00:00+00:00,2023-06-23 14:00:00+00:00,bullish,155.204,154.893,156.44800000000004,156.44800000000004,0.31100000000000705,-8.776785774362065,win,4.0,tp,4.646302250803731,4.430868167202426,friday_close,False,0,6,0 days 06:00:00,0.0,False,-31.61,22.0,4.0,2023-06-23 08:00:00+00:00,False,155.134,154.913,1,daily_mitigation_ob_caused_displacement;daily_mitigation_ob_caused_imbalance;daily_mitigation_ob_flip_zone;daily_mitigation_ob_has_inducement;daily_mitigation_ob_swept_liquidity;daily_mitigation_ob_swept_liquidity_fractal;daily_mitigation_ob_swept_liquidity_fvg;daily_mitigation_ob_swept_liquidity_internal;daily_mitigation_ob_swept_liquidity_previous_candle;daily_mitigation_ob_swept_liquidity_swing;daily_ob_target_caused_displacement;daily_ob_target_caused_imbalance;daily_ob_target_flip_zone;daily_ob_target_has_inducement;daily_ob_target_swept_liquidity;daily_ob_target_swept_liquidity_fractal;daily_ob_target_swept_liquidity_fvg;daily_ob_target_swept_liquidity_internal;daily_ob_target_swept_liquidity_previous_candle;daily_ob_target_swept_liquidity_swing;h1_mitigation_ob_flip_zone;h1_mitigation_ob_swept_liquidity_fractal;h1_mitigation_ob_swept_liquidity_fvg;h1_mitigation_ob_swept_liquidity_internal;h1_mitigation_ob_swept_liquidity_previous_candle;h1_mitigation_ob_swept_liquidity_swing;h1_ob_target_flip_zone;h1_ob_target_swept_liquidity;h1_ob_target_swept_liquidity_fractal;h1_ob_target_swept_liquidity_fvg;h1_ob_target_swept_liquidity_internal;h1_ob_target_swept_liquidity_swing;h4_mitigation_ob_caused_displacement;h4_mitigation_ob_caused_imbalance;h4_mitigation_ob_flip_zone;h4_mitigation_ob_has_inducement;h4_mitigation_ob_swept_liquidity;h4_mitigation_ob_swept_liquidity_fractal;h4_mitigation_ob_swept_liquidity_fvg;h4_mitigation_ob_swept_liquidity_internal;h4_mitigation_ob_swept_liquidity_previous_candle;h4_mitigation_ob_swept_liquidity_swing;h4_mitigation_ob_within_daily_ob;h4_ob_target_flip_zone;h4_ob_target_swept_liquidity_fractal;h4_ob_target_swept_liquidity_fvg;h4_ob_target_swept_liquidity_internal;h4_ob_target_swept_liquidity_previous_candle;h4_ob_target_swept_liquidity_swing
2023-06-26,Monday,ny,2023-06-26 12:00:00+00:00,2023-06-26 13:00:00+00:00,bearish,156.234,156.526,155.066,156.526,0.2920000000000016,-14.650017088894268,loss,-1.0,sl,0.003424657534262909,-1.0,sl,False,0,1,0 days 01:00:00,15.899999999999181,False,-31.61,22.0,4.0,2023-06-26 12:00:00+00:00,False,156.506,156.285,1,daily_mitigation_ob_caused_displacement;daily_mitigation_ob_caused_imbalance;daily_mitigation_ob_flip_zone;daily_mitigation_ob_has_inducement;daily_mitigation_ob_swept_liquidity;daily_mitigation_ob_swept_liquidity_fractal;daily_mitigation_ob_swept_liquidity_fvg;daily_mitigation_ob_swept_liquidity_internal;daily_mitigation_ob_swept_liquidity_previous_candle;daily_mitigation_ob_swept_liquidity_swing;daily_ob_target_caused_displacement;daily_ob_target_caused_imbalance;daily_ob_target_flip_zone;daily_ob_target_has_inducement;daily_ob_target_swept_liquidity;daily_ob_target_swept_liquidity_fractal;daily_ob_target_swept_liquidity_fvg;daily_ob_target_swept_liquidity_internal;daily_ob_target_swept_liquidity_previous_candle;daily_ob_target_swept_liquidity_swing;h1_mitigation_ob_flip_zone;h1_mitigation_ob_swept_liquidity_fractal;h1_mitigation_ob_swept_liquidity_fvg;h1_mitigation_ob_swept_liquidity_internal;h1_mitigation_ob_swept_liquidity_previous_candle;h1_mitigation_ob_swept_liquidity_swing;h1_ob_target_caused_displacement;h1_ob_target_caused_imbalance;h1_ob_target_flip_zone;h1_ob_target_has_inducement;h1_ob_target_swept_liquidity;h1_ob_target_swept_liquidity_fractal;h1_ob_target_swept_liquidity_fvg;h1_ob_target_swept_liquidity_internal;h1_ob_target_swept_liquidity_previous_candle;h1_ob_target_swept_liquidity_swing;h1_ob_target_within_h4_ob;h4_mitigation_ob_caused_displacement;h4_mitigation_ob_caused_imbalance;h4_mitigation_ob_flip_zone;h4_mitigation_ob_has_inducement;h4_mitigation_ob_swept_liquidity;h4_mitigation_ob_swept_liquidity_fractal;h4_mitigation_ob_swept_liquidity_fvg;h4_mitigation_ob_swept_liquidity_internal;h4_mitigation_ob_swept_liquidity_previous_candle;h4_mitigation_ob_swept_liquidity_swing;h4_mitigation_ob_within_daily_ob;h4_ob_target_caused_displacement;h4_ob_target_caused_imbalance;h4_ob_target_flip_zone;h4_ob_target_has_inducement;h4_ob_target_swept_liquidity;h4_ob_target_swept_liquidity_fractal;h4_ob_target_swept_liquidity_fvg;h4_ob_target_swept_liquidity_internal;h4_ob_target_swept_liquidity_previous_candle;h4_ob_target_swept_liquidity_swing;h4_ob_target_within_daily_ob
2023-06-28,Wednesday,london,2023-06-28 08:00:00+00:00,2023-06-29 07:00:00+00:00,bearish,157.791,158.25,155.95499999999998,157.791,0.4590000000000032,8.969848290987386,breakeven,0.0,be_stop,1.2309368191720997,0.0,be_stop,True,1,23,0 days 23:00:00,12.700000000000955,False,-31.61,22.0,4.0,2023-06-28 08:00:00+00:00,False,158.23,157.91,2,daily_mitigation_ob_caused_displacement;daily_mitigation_ob_caused_imbalance;daily_mitigation_ob_flip_zone;daily_mitigation_ob_has_inducement;daily_mitigation_ob_swept_liquidity;daily_mitigation_ob_swept_liquidity_fractal;daily_mitigation_ob_swept_liquidity_fvg;daily_mitigation_ob_swept_liquidity_internal;daily_mitigation_ob_swept_liquidity_previous_candle;daily_mitigation_ob_swept_liquidity_swing;daily_ob_target_flip_zone;daily_ob_target_swept_liquidity;daily_ob_target_swept_liquidity_fractal;daily_ob_target_swept_liquidity_fvg;daily_ob_target_swept_liquidity_internal;daily_ob_target_swept_liquidity_swing;h1_mitigation_ob_flip_zone;h1_mitigation_ob_swept_liquidity;h1_mitigation_ob_swept_liquidity_fractal;h1_mitigation_ob_swept_liquidity_fvg;h1_mitigation_ob_swept_liquidity_swing;h1_ob_target_flip_zone;h1_ob_target_swept_liquidity;h1_ob_target_swept_liquidity_fractal;h1_ob_target_swept_liquidity_fvg;h1_ob_target_swept_liquidity_internal;h1_ob_target_swept_liquidity_swing;h4_mitigation_ob_caused_displacement;h4_mitigation_ob_caused_imbalance;h4_mitigation_ob_flip_zone;h4_mitigation_ob_has_inducement;h4_mitigation_ob_swept_liquidity;h4_mitigation_ob_swept_liquidity_fractal;h4_mitigation_ob_swept_liquidity_fvg;h4_mitigation_ob_swept_liquidity_internal;h4_mitigation_ob_swept_liquidity_previous_candle;h4_mitigation_ob_swept_liquidity_swing;h4_mitigation_ob_within_daily_ob;h4_ob_target_flip_zone;h4_ob_target_swept_liquidity;h4_ob_target_swept_liquidity_fractal;h4_ob_target_swept_liquidity_internal;h4_ob_target_swept_liquidity_previous_candle;h4_ob_target_swept_liquidity_swing
2023-06-30,Friday,london,2023-06-30 08:00:00+00:00,2023-06-30 13:00:00+00:00,bearish,156.755,157.57000000000002,153.4949999999999,157.57000000000002,0.8150000000000261,-9.335160257943729,loss,-1.0,sl,0.10429447852761378,-1.0,sl,False,0,5,0 days 05:00:00,14.199999999996749,False,-31.61,22.0,4.0,2023-06-30 08:00:00+00:00,False,157.55,157.348,1,daily_mitigation_ob_caused_displacement;daily_mitigation_ob_caused_imbalance;daily_mitigation_ob_flip_zone;daily_mitigation_ob_has_inducement;daily_mitigation_ob_swept_liquidity;daily_mitigation_ob_swept_liquidity_fractal;daily_mitigation_ob_swept_liquidity_fvg;daily_mitigation_ob_swept_liquidity_internal;daily_mitigation_ob_swept_liquidity_previous_candle;daily_mitigation_ob_swept_liquidity_swing;daily_ob_target_flip_zone;daily_ob_target_swept_liquidity;daily_ob_target_swept_liquidity_fractal;daily_ob_target_swept_liquidity_fvg;daily_ob_target_swept_liquidity_internal;daily_ob_target_swept_liquidity_swing;h1_mitigation_ob_flip_zone;h1_mitigation_ob_swept_liquidity_fractal;h1_mitigation_ob_swept_liquidity_fvg;h1_mitigation_ob_swept_liquidity_internal;h1_mitigation_ob_swept_liquidity_previous_candle;h1_mitigation_ob_swept_liquidity_swing;h1_ob_target_flip_zone;h1_ob_target_swept_liquidity;h1_ob_target_swept_liquidity_fractal;h1_ob_target_swept_liquidity_fvg;h1_ob_target_swept_liquidity_internal;h1_ob_target_swept_liquidity_swing;h4_mitigation_ob_caused_displacement;h4_mitigation_ob_caused_imbalance;h4_mitigation_ob_flip_zone;h4_mitigation_ob_has_inducement;h4_mitigation_ob_swept_liquidity;h4_mitigation_ob_swept_liquidity_fractal;h4_mitigation_ob_swept_liquidity_fvg;h4_mitigation_ob_swept_liquidity_internal;h4_mitigation_ob_swept_liquidity_previous_candle;h4_mitigation_ob_swept_liquidity_swing;h4_mitigation_ob_within_daily_ob;h4_ob_target_flip_zone;h4_ob_target_swept_liquidity;h4_ob_target_swept_liquidity_fractal;h4_ob_target_swept_liquidity_internal;h4_ob_target_swept_liquidity_previous_candle;h4_ob_target_swept_liquidity_swing
2023-07-05,Wednesday,london,2023-07-05 08:00:00+00:00,2023-07-07 18:00:00+00:00,bearish,157.177,157.959,154.04899999999995,155.9,0.7820000000000107,-17.56192254646031,win,1.6329923273656897,friday_close,2.2966751918158157,1.6329923273656897,friday_close,True,2,58,2 days 10:00:00,0.0,False,-31.61,22.0,4.0,2023-07-05 08:00:00+00:00,False,157.939,157.61,1,daily_mitigation_ob_caused_displacement;daily_mitigation_ob_caused_imbalance;daily_mitigation_ob_flip_zone;daily_mitigation_ob_has_inducement;daily_mitigation_ob_swept_liquidity;daily_mitigation_ob_swept_liquidity_fractal;daily_mitigation_ob_swept_liquidity_fvg;daily_mitigation_ob_swept_liquidity_internal;daily_mitigation_ob_swept_liquidity_previous_candle;daily_mitigation_ob_swept_liquidity_swing;daily_ob_target_caused_displacement;daily_ob_target_caused_imbalance;daily_ob_target_flip_zone;daily_ob_target_has_inducement;daily_ob_target_swept_liquidity;daily_ob_target_swept_liquidity_fractal;daily_ob_target_swept_liquidity_fvg;daily_ob_target_swept_liquidity_internal;daily_ob_target_swept_liquidity_previous_candle;daily_ob_target_swept_liquidity_swing;h1_mitigation_ob_flip_zone;h1_mitigation_ob_swept_liquidity_fractal;h1_mitigation_ob_swept_liquidity_fvg;h1_mitigation_ob_swept_liquidity_internal;h1_mitigation_ob_swept_liquidity_previous_candle;h1_mitigation_ob_swept_liquidity_swing;h1_ob_target_flip_zone;h1_ob_target_swept_liquidity;h1_ob_target_swept_liquidity_fractal;h1_ob_target_swept_liquidity_fvg;h1_ob_target_swept_liquidity_internal;h1_ob_target_swept_liquidity_swing;h4_mitigation_ob_caused_displacement;h4_mitigation_ob_caused_imbalance;h4_mitigation_ob_flip_zone;h4_mitigation_ob_has_inducement;h4_mitigation_ob_swept_liquidity;h4_mitigation_ob_swept_liquidity_fractal;h4_mitigation_ob_swept_liquidity_fvg;h4_mitigation_ob_swept_liquidity_internal;h4_mitigation_ob_swept_liquidity_previous_candle;h4_mitigation_ob_swept_liquidity_swing;h4_mitigation_ob_within_daily_ob;h4_ob_target_caused_displacement;h4_ob_target_caused_imbalance;h4_ob_target_flip_zone;h4_ob_target_has_inducement;h4_ob_target_swept_liquidity;h4_ob_target_swept_liquidity_fractal;h4_ob_target_swept_liquidity_fvg;h4_ob_target_swept_liquidity_internal;h4_ob_target_swept_liquidity_previous_candle;h4_ob_target_swept_liquidity_swing;h4_ob_target_within_daily_ob
2023-07-06,Thursday,ny,2023-07-06 11:00:00+00:00,2023-07-06 13:00:00+00:00,bearish,156.543,156.92100000000002,155.03099999999995,156.92100000000002,0.3780000000000143,13.203776133592681,loss,-1.0,sl,0.11375661375662628,-1.0,sl,False,0,2,0 days 02:00:00,9.099999999997976,False,-31.61,22.0,4.0,2023-07-06 11:00:00+00:00,False,156.901,156.73,1,daily_mitigation_ob_caused_displacement;daily_mitigation_ob_caused_imbalance;daily_mitigation_ob_flip_zone;daily_mitigation_ob_has_inducement;daily_mitigation_ob_swept_liquidity;daily_mitigation_ob_swept_liquidity_fractal;daily_mitigation_ob_swept_liquidity_fvg;daily_mitigation_ob_swept_liquidity_internal;daily_mitigation_ob_swept_liquidity_previous_candle;daily_mitigation_ob_swept_liquidity_swing;daily_ob_target_caused_displacement;daily_ob_target_caused_imbalance;daily_ob_target_flip_zone;daily_ob_target_has_inducement;daily_ob_target_swept_liquidity;daily_ob_target_swept_liquidity_fractal;daily_ob_target_swept_liquidity_fvg;daily_ob_target_swept_liquidity_internal;daily_ob_target_swept_liquidity_previous_candle;daily_ob_target_swept_liquidity_swing;h1_mitigation_ob_flip_zone;h1_mitigation_ob_swept_liquidity_fractal;h1_mitigation_ob_swept_liquidity_fvg;h1_mitigation_ob_swept_liquidity_internal;h1_mitigation_ob_swept_liquidity_previous_candle;h1_mitigation_ob_swept_liquidity_swing;h1_ob_target_flip_zone;h1_ob_target_swept_liquidity;h1_ob_target_swept_liquidity_fractal;h1_ob_target_swept_liquidity_internal;h1_ob_target_swept_liquidity_previous_candle;h1_ob_target_swept_liquidity_swing;h4_mitigation_ob_caused_displacement;h4_mitigation_ob_caused_imbalance;h4_mitigation_ob_flip_zone;h4_mitigation_ob_has_inducement;h4_mitigation_ob_swept_liquidity;h4_mitigation_ob_swept_liquidity_fractal;h4_mitigation_ob_swept_liquidity_fvg;h4_mitigation_ob_swept_liquidity_internal;h4_mitigation_ob_swept_liquidity_previous_candle;h4_mitigation_ob_swept_liquidity_swing;h4_mitigation_ob_within_daily_ob;h4_ob_target_caused_displacement;h4_ob_target_caused_imbalance;h4_ob_target_flip_zone;h4_ob_target_has_inducement;h4_ob_target_swept_liquidity;h4_ob_target_swept_liquidity_fractal;h4_ob_target_swept_liquidity_fvg;h4_ob_target_swept_liquidity_internal;h4_ob_target_swept_liquidity_previous_candle;h4_ob_target_swept_liquidity_swing;h4_ob_target_within_daily_ob
2023-07-10,Monday,london,2023-07-10 06:00:00+00:00,2023-07-14 13:00:00+00:00,bearish,155.976,156.776,152.77599999999995,155.976,0.8000000000000114,-0.15986534093636826,breakeven,0.0,be_stop,2.9199999999999746,0.0,be_stop,True,4,102,4 days 07:00:00,4.200000000000159,False,-31.61,22.0,4.0,2023-07-10 05:00:00+00:00,True,156.756,156.65,1,daily_mitigation_ob_caused_displacement;daily_mitigation_ob_caused_imbalance;daily_mitigation_ob_flip_zone;daily_mitigation_ob_has_inducement;daily_mitigation_ob_swept_liquidity;daily_mitigation_ob_swept_liquidity_fractal;daily_mitigation_ob_swept_liquidity_fvg;daily_mitigation_ob_swept_liquidity_internal;daily_mitigation_ob_swept_liquidity_previous_candle;daily_mitigation_ob_swept_liquidity_swing;daily_ob_target_caused_displacement;daily_ob_target_caused_imbalance;daily_ob_target_flip_zone;daily_ob_target_has_inducement;daily_ob_target_swept_liquidity;daily_ob_target_swept_liquidity_fractal;daily_ob_target_swept_liquidity_fvg;daily_ob_target_swept_liquidity_internal;daily_ob_target_swept_liquidity_previous_candle;daily_ob_target_swept_liquidity_swing;h1_mitigation_ob_flip_zone;h1_mitigation_ob_swept_liquidity_fractal;h1_mitigation_ob_swept_liquidity_fvg;h1_mitigation_ob_swept_liquidity_internal;h1_mitigation_ob_swept_liquidity_previous_candle;h1_mitigation_ob_swept_liquidity_swing;h1_ob_target_flip_zone;h1_ob_target_swept_liquidity;h1_ob_target_swept_liquidity_fractal;h1_ob_target_swept_liquidity_internal;h1_ob_target_swept_liquidity_previous_candle;h1_ob_target_swept_liquidity_swing;h4_mitigation_ob_caused_displacement;h4_mitigation_ob_caused_imbalance;h4_mitigation_ob_flip_zone;h4_mitigation_ob_has_inducement;h4_mitigation_ob_swept_liquidity;h4_mitigation_ob_swept_liquidity_fractal;h4_mitigation_ob_swept_liquidity_fvg;h4_mitigation_ob_swept_liquidity_internal;h4_mitigation_ob_swept_liquidity_previous_candle;h4_mitigation_ob_swept_liquidity_swing;h4_mitigation_ob_within_daily_ob;h4_ob_target_caused_displacement;h4_ob_target_caused_imbalance;h4_ob_target_flip_zone;h4_ob_target_has_inducement;h4_ob_target_swept_liquidity;h4_ob_target_swept_liquidity_fractal;h4_ob_target_swept_liquidity_fvg;h4_ob_target_swept_liquidity_internal;h4_ob_target_swept_liquidity_previous_candle;h4_ob_target_swept_liquidity_swing;h4_ob_target_within_daily_ob
2023-07-21,Friday,london,2023-07-21 06:00:00+00:00,2023-07-21 07:00:00+00:00,bearish,156.297,156.442,155.71699999999996,156.442,0.14500000000001023,6.817335532757422,loss,-1.0,sl,1.0068965517239743,-1.0,sl,False,0,1,0 days 01:00:00,89.59999999999866,True,-31.61,22.0,4.0,2023-07-21 06:00:00+00:00,False,156.422,156.201,2,daily_mitigation_ob_caused_displacement;daily_mitigation_ob_caused_imbalance;daily_mitigation_ob_flip_zone;daily_mitigation_ob_has_inducement;daily_mitigation_ob_swept_liquidity;daily_mitigation_ob_swept_liquidity_fractal;daily_mitigation_ob_swept_liquidity_fvg;daily_mitigation_ob_swept_liquidity_internal;daily_mitigation_ob_swept_liquidity_previous_candle;daily_mitigation_ob_swept_liquidity_swing;daily_ob_target_caused_displacement;daily_ob_target_caused_imbalance;daily_ob_target_flip_zone;daily_ob_target_has_inducement;daily_ob_target_swept_liquidity;daily_ob_target_swept_liquidity_fractal;daily_ob_target_swept_liquidity_fvg;daily_ob_target_swept_liquidity_internal;daily_ob_target_swept_liquidity_previous_candle;daily_ob_target_swept_liquidity_swing;h1_mitigation_ob_flip_zone;h1_mitigation_ob_swept_liquidity_fractal;h1_mitigation_ob_swept_liquidity_fvg;h1_mitigation_ob_swept_liquidity_internal;h1_mitigation_ob_swept_liquidity_previous_candle;h1_mitigation_ob_swept_liquidity_swing;h1_ob_target_flip_zone;h1_ob_target_swept_liquidity;h1_ob_target_swept_liquidity_fractal;h1_ob_target_swept_liquidity_fvg;h1_ob_target_swept_liquidity_previous_candle;h4_mitigation_ob_flip_zone;h4_mitigation_ob_swept_liquidity;h4_mitigation_ob_swept_liquidity_fractal;h4_mitigation_ob_swept_liquidity_fvg;h4_mitigation_ob_swept_liquidity_internal;h4_mitigation_ob_swept_liquidity_swing;h4_ob_target_caused_displacement;h4_ob_target_caused_imbalance;h4_ob_target_flip_zone;h4_ob_target_has_inducement;h4_ob_target_swept_liquidity;h4_ob_target_swept_liquidity_fractal;h4_ob_target_swept_liquidity_fvg;h4_ob_target_swept_liquidity_internal;h4_ob_target_swept_liquidity_previous_candle;h4_ob_target_swept_liquidity_swing;h4_ob_target_within_daily_ob
2023-07-24,Monday,london,2023-07-24 06:00:00+00:00,2023-07-24 09:00:00+00:00,bearish,157.544,157.80100000000002,156.516,156.516,0.257000000000005,-14.09577653422529,win,4.0,tp,10.0,8.848249027237186,friday_close,True,4,3,0 days 03:00:00,0.0,False,-31.61,22.0,4.0,2023-07-24 06:00:00+00:00,False,157.781,157.557,1,daily_mitigation_ob_caused_displacement;daily_mitigation_ob_caused_imbalance;daily_mitigation_ob_flip_zone;daily_mitigation_ob_has_inducement;daily_mitigation_ob_swept_liquidity;daily_mitigation_ob_swept_liquidity_fractal;daily_mitigation_ob_swept_liquidity_fvg;daily_mitigation_ob_swept_liquidity_internal;daily_mitigation_ob_swept_liquidity_previous_candle;daily_mitigation_ob_swept_liquidity_swing;daily_ob_target_caused_displacement;daily_ob_target_caused_imbalance;daily_ob_target_flip_zone;daily_ob_target_has_inducement;daily_ob_target_swept_liquidity;daily_ob_target_swept_liquidity_fractal;daily_ob_target_swept_liquidity_fvg;daily_ob_target_swept_liquidity_internal;daily_ob_target_swept_liquidity_previous_candle;daily_ob_target_swept_liquidity_swing;h1_mitigation_ob_flip_zone;h1_mitigation_ob_swept_liquidity;h1_mitigation_ob_swept_liquidity_fractal;h1_mitigation_ob_swept_liquidity_fvg;h1_mitigation_ob_swept_liquidity_internal;h1_mitigation_ob_swept_liquidity_swing;h1_ob_target_flip_zone;h1_ob_target_swept_liquidity;h1_ob_target_swept_liquidity_fractal;h1_ob_target_swept_liquidity_fvg;h1_ob_target_swept_liquidity_internal;h1_ob_target_swept_liquidity_swing;h4_mitigation_ob_caused_displacement;h4_mitigation_ob_caused_imbalance;h4_mitigation_ob_flip_zone;h4_mitigation_ob_has_inducement;h4_mitigation_ob_swept_liquidity;h4_mitigation_ob_swept_liquidity_fractal;h4_mitigation_ob_swept_liquidity_fvg;h4_mitigation_ob_swept_liquidity_internal;h4_mitigation_ob_swept_liquidity_previous_candle;h4_mitigation_ob_swept_liquidity_swing;h4_mitigation_ob_within_daily_ob;h4_ob_target_flip_zone;h4_ob_target_swept_liquidity;h4_ob_target_swept_liquidity_fvg;h4_ob_target_swept_liquidity_internal;h4_ob_target_swept_liquidity_previous_candle;h4_ob_target_swept_liquidity_swing
2023-07-24,Monday,ny,2023-07-24 11:00:00+00:00,2023-07-24 20:00:00+00:00,bullish,156.47,156.188,157.59800000000004,156.47,0.2820000000000107,-3.041201412137702,breakeven,0.0,be_stop,0.8156028368793654,0.0,be_stop,True,1,9,0 days 09:00:00,0.20000000000095497,False,-31.61,22.0,4.0,2023-07-24 10:00:00+00:00,True,156.416,156.208,1,daily_mitigation_ob_caused_displacement;daily_mitigation_ob_caused_imbalance;daily_mitigation_ob_flip_zone;daily_mitigation_ob_has_inducement;daily_mitigation_ob_swept_liquidity;daily_mitigation_ob_swept_liquidity_fractal;daily_mitigation_ob_swept_liquidity_fvg;daily_mitigation_ob_swept_liquidity_internal;daily_mitigation_ob_swept_liquidity_previous_candle;daily_mitigation_ob_swept_liquidity_swing;daily_ob_target_caused_displacement;daily_ob_target_caused_imbalance;daily_ob_target_flip_zone;daily_ob_target_has_inducement;daily_ob_target_swept_liquidity;daily_ob_target_swept_liquidity_fractal;daily_ob_target_swept_liquidity_fvg;daily_ob_target_swept_liquidity_internal;daily_ob_target_swept_liquidity_previous_candle;daily_ob_target_swept_liquidity_swing;h1_mitigation_ob_flip_zone;h1_mitigation_ob_swept_liquidity;h1_mitigation_ob_swept_liquidity_fractal;h1_mitigation_ob_swept_liquidity_fvg;h1_mitigation_ob_swept_liquidity_internal;h1_mitigation_ob_swept_liquidity_swing;h1_ob_target_flip_zone;h1_ob_target_swept_liquidity_fractal;h1_ob_target_swept_liquidity_fvg;h1_ob_target_swept_liquidity_internal;h1_ob_target_swept_liquidity_previous_candle;h1_ob_target_swept_liquidity_swing;h4_mitigation_ob_flip_zone;h4_mitigation_ob_swept_liquidity;h4_mitigation_ob_swept_liquidity_fvg;h4_mitigation_ob_swept_liquidity_internal;h4_mitigation_ob_swept_liquidity_previous_candle;h4_mitigation_ob_swept_liquidity_swing;h4_ob_target_caused_displacement;h4_ob_target_caused_imbalance;h4_ob_target_flip_zone;h4_ob_target_has_inducement;h4_ob_target_swept_liquidity;h4_ob_target_swept_liquidity_fractal;h4_ob_target_swept_liquidity_fvg;h4_ob_target_swept_liquidity_internal;h4_ob_target_swept_liquidity_previous_candle;h4_ob_target_swept_liquidity_swing;h4_ob_target_within_daily_ob
2023-07-25,Tuesday,ny,2023-07-25 11:00:00+00:00,2023-07-25 13:00:00+00:00,bullish,156.213,155.93599999999998,157.32100000000005,155.93599999999998,0.27700000000001523,30.090207738506187,loss,-1.0,sl,0.07581227436828106,-1.0,sl,False,0,2,0 days 02:00:00,5.999999999997385,False,-31.61,22.0,4.0,2023-07-25 10:00:00+00:00,True,156.12,155.956,1,daily_mitigation_ob_caused_displacement;daily_mitigation_ob_caused_imbalance;daily_mitigation_ob_flip_zone;daily_mitigation_ob_has_inducement;daily_mitigation_ob_swept_liquidity;daily_mitigation_ob_swept_liquidity_fractal;daily_mitigation_ob_swept_liquidity_fvg;daily_mitigation_ob_swept_liquidity_internal;daily_mitigation_ob_swept_liquidity_previous_candle;daily_mitigation_ob_swept_liquidity_swing;daily_ob_target_caused_displacement;daily_ob_target_caused_imbalance;daily_ob_target_flip_zone;daily_ob_target_has_inducement;daily_ob_target_swept_liquidity;daily_ob_target_swept_liquidity_fractal;daily_ob_target_swept_liquidity_fvg;daily_ob_target_swept_liquidity_internal;daily_ob_target_swept_liquidity_previous_candle;daily_ob_target_swept_liquidity_swing;h1_mitigation_ob_flip_zone;h1_mitigation_ob_swept_liquidity;h1_mitigation_ob_swept_liquidity_fractal;h1_mitigation_ob_swept_liquidity_internal;h1_mitigation_ob_swept_liquidity_swing;h1_ob_target_flip_zone;h1_ob_target_swept_liquidity;h1_ob_target_swept_liquidity_fvg;h1_ob_target_swept_liquidity_internal;h1_ob_target_swept_liquidity_swing;h4_mitigation_ob_caused_displacement;h4_mitigation_ob_caused_imbalance;h4_mitigation_ob_flip_zone;h4_mitigation_ob_has_inducement;h4_mitigation_ob_swept_liquidity;h4_mitigation_ob_swept_liquidity_fractal;h4_mitigation_ob_swept_liquidity_fvg;h4_mitigation_ob_swept_liquidity_internal;h4_mitigation_ob_swept_liquidity_previous_candle;h4_mitigation_ob_swept_liquidity_swing;h4_mitigation_ob_within_daily_ob;h4_ob_target_caused_displacement;h4_ob_target_caused_imbalance;h4_ob_target_flip_zone;h4_ob_target_has_inducement;h4_ob_target_swept_liquidity;h4_ob_target_swept_liquidity_fractal;h4_ob_target_swept_liquidity_fvg;h4_ob_target_swept_liquidity_internal;h4_ob_target_swept_liquidity_previous_candle;h4_ob_target_swept_liquidity_swing;h4_ob_target_within_daily_ob
2023-07-26,Wednesday,london,2023-07-26 08:00:00+00:00,2023-07-26 18:00:00+00:00,bearish,155.432,155.94500000000002,153.37999999999985,155.432,0.5130000000000337,-13.924000873789161,breakeven,0.0,be_stop,0.5653021442494601,0.0,be_stop,True,1,10,0 days 10:00:00,19.50000000000216,False,-31.61,22.0,4.0,2023-07-26 08:00:00+00:00,False,155.925,155.772,1,daily_mitigation_ob_caused_displacement;daily_mitigation_ob_caused_imbalance;daily_mitigation_ob_flip_zone;daily_mitigation_ob_has_inducement;daily_mitigation_ob_swept_liquidity;daily_mitigation_ob_swept_liquidity_fractal;daily_mitigation_ob_swept_liquidity_fvg;daily_mitigation_ob_swept_liquidity_internal;daily_mitigation_ob_swept_liquidity_previous_candle;daily_mitigation_ob_swept_liquidity_swing;daily_ob_target_caused_displacement;daily_ob_target_caused_imbalance;daily_ob_target_flip_zone;daily_ob_target_has_inducement;daily_ob_target_swept_liquidity;daily_ob_target_swept_liquidity_fractal;daily_ob_target_swept_liquidity_fvg;daily_ob_target_swept_liquidity_internal;daily_ob_target_swept_liquidity_previous_candle;daily_ob_target_swept_liquidity_swing;h1_mitigation_ob_flip_zone;h1_mitigation_ob_swept_liquidity;h1_mitigation_ob_swept_liquidity_fvg;h1_mitigation_ob_swept_liquidity_internal;h1_mitigation_ob_swept_liquidity_swing;h1_ob_target_flip_zone;h1_ob_target_swept_liquidity_fractal;h1_ob_target_swept_liquidity_fvg;h1_ob_target_swept_liquidity_internal;h1_ob_target_swept_liquidity_previous_candle;h1_ob_target_swept_liquidity_swing;h4_mitigation_ob_caused_displacement;h4_mitigation_ob_caused_imbalance;h4_mitigation_ob_flip_zone;h4_mitigation_ob_has_inducement;h4_mitigation_ob_swept_liquidity;h4_mitigation_ob_swept_liquidity_fractal;h4_mitigation_ob_swept_liquidity_fvg;h4_mitigation_ob_swept_liquidity_internal;h4_mitigation_ob_swept_liquidity_previous_candle;h4_mitigation_ob_swept_liquidity_swing;h4_mitigation_ob_within_daily_ob;h4_ob_target_caused_displacement;h4_ob_target_caused_imbalance;h4_ob_target_flip_zone;h4_ob_target_has_inducement;h4_ob_target_swept_liquidity;h4_ob_target_swept_liquidity_fractal;h4_ob_target_swept_liquidity_fvg;h4_ob_target_swept_liquidity_internal;h4_ob_target_swept_liquidity_previous_candle;h4_ob_target_swept_liquidity_swing;h4_ob_target_within_daily_ob
2023-07-27,Thursday,london,2023-07-27 06:00:00+00:00,2023-07-27 07:00:00+00:00,bearish,155.438,155.64700000000002,154.60199999999986,155.64700000000002,0.2090000000000316,-6.168315460289605,loss,-1.0,sl,0.5454545454543477,-1.0,sl,False,0,1,0 days 01:00:00,17.29999999999734,True,-31.61,22.0,4.0,2023-07-27 05:00:00+00:00,True,155.627,155.379,1,daily_mitigation_ob_caused_displacement;daily_mitigation_ob_caused_imbalance;daily_mitigation_ob_flip_zone;daily_mitigation_ob_has_inducement;daily_mitigation_ob_swept_liquidity;daily_mitigation_ob_swept_liquidity_fractal;daily_mitigation_ob_swept_liquidity_fvg;daily_mitigation_ob_swept_liquidity_internal;daily_mitigation_ob_swept_liquidity_previous_candle;daily_mitigation_ob_swept_liquidity_swing;daily_ob_target_caused_displacement;daily_ob_target_caused_imbalance;daily_ob_target_flip_zone;daily_ob_target_has_inducement;daily_ob_target_swept_liquidity;daily_ob_target_swept_liquidity_fractal;daily_ob_target_swept_liquidity_fvg;daily_ob_target_swept_liquidity_internal;daily_ob_target_swept_liquidity_previous_candle;daily_ob_target_swept_liquidity_swing;h1_mitigation_ob_flip_zone;h1_mitigation_ob_swept_liquidity;h1_mitigation_ob_swept_liquidity_fvg;h1_mitigation_ob_swept_liquidity_internal;h1_mitigation_ob_swept_liquidity_previous_candle;h1_mitigation_ob_swept_liquidity_swing;h1_ob_target_caused_displacement;h1_ob_target_caused_imbalance;h1_ob_target_flip_zone;h1_ob_target_has_inducement;h1_ob_target_swept_liquidity;h1_ob_target_swept_liquidity_fractal;h1_ob_target_swept_liquidity_fvg;h1_ob_target_swept_liquidity_internal;h1_ob_target_swept_liquidity_previous_candle;h1_ob_target_swept_liquidity_swing;h1_ob_target_within_h4_ob;h4_mitigation_ob_caused_displacement;h4_mitigation_ob_caused_imbalance;h4_mitigation_ob_flip_zone;h4_mitigation_ob_has_inducement;h4_mitigation_ob_swept_liquidity;h4_mitigation_ob_swept_liquidity_fractal;h4_mitigation_ob_swept_liquidity_fvg;h4_mitigation_ob_swept_liquidity_internal;h4_mitigation_ob_swept_liquidity_previous_candle;h4_mitigation_ob_swept_liquidity_swing;h4_mitigation_ob_within_daily_ob;h4_ob_target_caused_displacement;h4_ob_target_caused_imbalance;h4_ob_target_flip_zone;h4_ob_target_has_inducement;h4_ob_target_swept_liquidity;h4_ob_target_swept_liquidity_fractal;h4_ob_target_swept_liquidity_fvg;h4_ob_target_swept_liquidity_internal;h4_ob_target_swept_liquidity_previous_candle;h4_ob_target_swept_liquidity_swing;h4_ob_target_within_daily_ob
2023-07-28,Friday,london,2023-07-28 06:00:00+00:00,2023-07-28 08:00:00+00:00,bearish,152.791,153.209,151.11899999999997,153.209,0.41800000000000637,-7.179463668651982,loss,-1.0,sl,0.9234449760765306,-1.0,sl,False,0,2,0 days 02:00:00,16.200000000000614,False,-31.61,22.0,4.0,2023-07-28 06:00:00+00:00,False,153.189,152.852,1,daily_mitigation_ob_caused_displacement;daily_mitigation_ob_caused_imbalance;daily_mitigation_ob_flip_zone;daily_mitigation_ob_has_inducement;daily_mitigation_ob_swept_liquidity;daily_mitigation_ob_swept_liquidity_fractal;daily_mitigation_ob_swept_liquidity_fvg;daily_mitigation_ob_swept_liquidity_internal;daily_mitigation_ob_swept_liquidity_previous_candle;daily_mitigation_ob_swept_liquidity_swing;daily_ob_target_caused_displacement;daily_ob_target_caused_imbalance;daily_ob_target_flip_zone;daily_ob_target_has_inducement;daily_ob_target_swept_liquidity;daily_ob_target_swept_liquidity_fractal;daily_ob_target_swept_liquidity_fvg;daily_ob_target_swept_liquidity_internal;daily_ob_target_swept_liquidity_previous_candle;daily_ob_target_swept_liquidity_swing;h1_mitigation_ob_flip_zone;h1_mitigation_ob_swept_liquidity;h1_mitigation_ob_swept_liquidity_fractal;h1_mitigation_ob_swept_liquidity_fvg;h1_mitigation_ob_swept_liquidity_internal;h1_mitigation_ob_swept_liquidity_swing;h1_ob_target_flip_zone;h1_ob_target_swept_liquidity_fractal;h1_ob_target_swept_liquidity_fvg;h1_ob_target_swept_liquidity_internal;h1_ob_target_swept_liquidity_previous_candle;h1_ob_target_swept_liquidity_swing;h4_mitigation_ob_caused_displacement;h4_mitigation_ob_caused_imbalance;h4_mitigation_ob_flip_zone;h4_mitigation_ob_has_inducement;h4_mitigation_ob_swept_liquidity;h4_mitigation_ob_swept_liquidity_fractal;h4_mitigation_ob_swept_liquidity_fvg;h4_mitigation_ob_swept_liquidity_internal;h4_mitigation_ob_swept_liquidity_previous_candle;h4_mitigation_ob_swept_liquidity_swing;h4_mitigation_ob_within_daily_ob;h4_ob_target_flip_zone;h4_ob_target_swept_liquidity;h4_ob_target_swept_liquidity_fractal;h4_ob_target_swept_liquidity_internal;h4_ob_target_swept_liquidity_swing
2023-08-03,Thursday,london,2023-08-03 06:00:00+00:00,2023-08-03 07:00:00+00:00,bullish,156.907,156.583,158.20300000000006,156.583,0.3240000000000123,-18.73029084884599,loss,-1.0,sl,0.06790123456787199,-1.0,sl,False,0,1,0 days 01:00:00,58.00000000000125,False,-31.61,22.0,4.0,2023-08-03 06:00:00+00:00,False,157.116,156.603,1,daily_mitigation_ob_caused_displacement;daily_mitigation_ob_caused_imbalance;daily_mitigation_ob_flip_zone;daily_mitigation_ob_has_inducement;daily_mitigation_ob_swept_liquidity;daily_mitigation_ob_swept_liquidity_fractal;daily_mitigation_ob_swept_liquidity_fvg;daily_mitigation_ob_swept_liquidity_internal;daily_mitigation_ob_swept_liquidity_previous_candle;daily_mitigation_ob_swept_liquidity_swing;daily_ob_target_caused_displacement;daily_ob_target_caused_imbalance;daily_ob_target_flip_zone;daily_ob_target_has_inducement;daily_ob_target_swept_liquidity;daily_ob_target_swept_liquidity_fractal;daily_ob_target_swept_liquidity_fvg;daily_ob_target_swept_liquidity_internal;daily_ob_target_swept_liquidity_previous_candle;daily_ob_target_swept_liquidity_swing;h1_mitigation_ob_swept_liquidity;h1_mitigation_ob_swept_liquidity_fvg;h1_mitigation_ob_swept_liquidity_internal;h1_mitigation_ob_swept_liquidity_previous_candle;h1_mitigation_ob_swept_liquidity_swing;h1_ob_target_flip_zone;h1_ob_target_swept_liquidity;h1_ob_target_swept_liquidity_fractal;h1_ob_target_swept_liquidity_fvg;h1_ob_target_swept_liquidity_internal;h1_ob_target_swept_liquidity_swing;h4_mitigation_ob_caused_displacement;h4_mitigation_ob_caused_imbalance;h4_mitigation_ob_flip_zone;h4_mitigation_ob_has_inducement;h4_mitigation_ob_swept_liquidity;h4_mitigation_ob_swept_liquidity_fractal;h4_mitigation_ob_swept_liquidity_fvg;h4_mitigation_ob_swept_liquidity_internal;h4_mitigation_ob_swept_liquidity_previous_candle;h4_mitigation_ob_swept_liquidity_swing;h4_mitigation_ob_within_daily_ob;h4_ob_target_caused_displacement;h4_ob_target_caused_imbalance;h4_ob_target_flip_zone;h4_ob_target_has_inducement;h4_ob_target_swept_liquidity;h4_ob_target_swept_liquidity_fractal;h4_ob_target_swept_liquidity_fvg;h4_ob_target_swept_liquidity_internal;h4_ob_target_swept_liquidity_previous_candle;h4_ob_target_swept_liquidity_swing;h4_ob_target_within_daily_ob
2023-08-11,Friday,london,2023-08-11 07:00:00+00:00,2023-08-11 18:00:00+00:00,bearish,158.974,159.41,157.22999999999996,158.688,0.43600000000000705,-7.453170727292722,win,0.6559633027522861,friday_close,1.1284403669724363,0.6559633027522861,friday_close,False,0,11,0 days 11:00:00,0.0,False,-31.61,22.0,4.0,2023-08-11 07:00:00+00:00,False,159.39,159.205,1,daily_mitigation_ob_caused_displacement;daily_mitigation_ob_caused_imbalance;daily_mitigation_ob_flip_zone;daily_mitigation_ob_has_inducement;daily_mitigation_ob_swept_liquidity;daily_mitigation_ob_swept_liquidity_fractal;daily_mitigation_ob_swept_liquidity_fvg;daily_mitigation_ob_swept_liquidity_internal;daily_mitigation_ob_swept_liquidity_previous_candle;daily_mitigation_ob_swept_liquidity_swing;daily_ob_target_flip_zone;daily_ob_target_swept_liquidity_fractal;daily_ob_target_swept_liquidity_fvg;daily_ob_target_swept_liquidity_internal;daily_ob_target_swept_liquidity_previous_candle;daily_ob_target_swept_liquidity_swing;h1_mitigation_ob_flip_zone;h1_mitigation_ob_swept_liquidity_fractal;h1_mitigation_ob_swept_liquidity_fvg;h1_mitigation_ob_swept_liquidity_internal;h1_mitigation_ob_swept_liquidity_previous_candle;h1_mitigation_ob_swept_liquidity_swing;h1_ob_target_flip_zone;h1_ob_target_swept_liquidity;h1_ob_target_swept_liquidity_fractal;h1_ob_target_swept_liquidity_fvg;h1_ob_target_swept_liquidity_internal;h1_ob_target_swept_liquidity_swing;h4_mitigation_ob_caused_displacement;h4_mitigation_ob_caused_imbalance;h4_mitigation_ob_flip_zone;h4_mitigation_ob_has_inducement;h4_mitigation_ob_swept_liquidity;h4_mitigation_ob_swept_liquidity_fractal;h4_mitigation_ob_swept_liquidity_fvg;h4_mitigation_ob_swept_liquidity_internal;h4_mitigation_ob_swept_liquidity_previous_candle;h4_mitigation_ob_swept_liquidity_swing;h4_mitigation_ob_within_daily_ob;h4_ob_target_caused_displacement;h4_ob_target_caused_imbalance;h4_ob_target_flip_zone;h4_ob_target_has_inducement;h4_ob_target_swept_liquidity;h4_ob_target_swept_liquidity_fractal;h4_ob_target_swept_liquidity_fvg;h4_ob_target_swept_liquidity_internal;h4_ob_target_swept_liquidity_previous_candle;h4_ob_target_swept_liquidity_swing;h4_ob_target_within_daily_ob
2023-08-17,Thursday,ny,2023-08-17 13:00:00+00:00,2023-08-18 07:00:00+00:00,bearish,159.005,159.31400000000002,157.7689999999999,157.7689999999999,0.3090000000000259,2.014607222730671,win,4.0,tp,4.368932038834567,3.640776699028821,friday_close,True,1,18,0 days 18:00:00,0.0,False,-31.61,22.0,4.0,2023-08-17 13:00:00+00:00,False,159.294,159.084,1,daily_mitigation_ob_caused_displacement;daily_mitigation_ob_caused_imbalance;daily_mitigation_ob_flip_zone;daily_mitigation_ob_has_inducement;daily_mitigation_ob_swept_liquidity;daily_mitigation_ob_swept_liquidity_fractal;daily_mitigation_ob_swept_liquidity_fvg;daily_mitigation_ob_swept_liquidity_internal;daily_mitigation_ob_swept_liquidity_previous_candle;daily_mitigation_ob_swept_liquidity_swing;daily_ob_target_caused_displacement;daily_ob_target_caused_imbalance;daily_ob_target_flip_zone;daily_ob_target_has_inducement;daily_ob_target_swept_liquidity;daily_ob_target_swept_liquidity_fractal;daily_ob_target_swept_liquidity_fvg;daily_ob_target_swept_liquidity_internal;daily_ob_target_swept_liquidity_previous_candle;daily_ob_target_swept_liquidity_swing;h1_mitigation_ob_flip_zone;h1_mitigation_ob_swept_liquidity_fractal;h1_mitigation_ob_swept_liquidity_fvg;h1_mitigation_ob_swept_liquidity_internal;h1_mitigation_ob_swept_liquidity_previous_candle;h1_mitigation_ob_swept_liquidity_swing;h1_ob_target_flip_zone;h1_ob_target_swept_liquidity;h1_ob_target_swept_liquidity_fractal;h1_ob_target_swept_liquidity_fvg;h1_ob_target_swept_liquidity_internal;h1_ob_target_swept_liquidity_swing;h4_mitigation_ob_caused_displacement;h4_mitigation_ob_caused_imbalance;h4_mitigation_ob_flip_zone;h4_mitigation_ob_has_inducement;h4_mitigation_ob_swept_liquidity;h4_mitigation_ob_swept_liquidity_fractal;h4_mitigation_ob_swept_liquidity_fvg;h4_mitigation_ob_swept_liquidity_internal;h4_mitigation_ob_swept_liquidity_previous_candle;h4_mitigation_ob_swept_liquidity_swing;h4_mitigation_ob_within_daily_ob;h4_ob_target_caused_displacement;h4_ob_target_caused_imbalance;h4_ob_target_flip_zone;h4_ob_target_has_inducement;h4_ob_target_swept_liquidity;h4_ob_target_swept_liquidity_fractal;h4_ob_target_swept_liquidity_fvg;h4_ob_target_swept_liquidity_internal;h4_ob_target_swept_liquidity_previous_candle;h4_ob_target_swept_liquidity_swing;h4_ob_target_within_daily_ob
2023-08-22,Tuesday,ny,2023-08-22 11:00:00+00:00,2023-08-22 14:00:00+00:00,bullish,158.672,158.37099999999998,159.87600000000006,158.37099999999998,0.30100000000001614,9.971959536660014,loss,-1.0,sl,0.49501661129565755,-1.0,sl,False,0,3,0 days 03:00:00,24.59999999999809,False,-31.61,22.0,4.0,2023-08-22 11:00:00+00:00,False,158.539,158.391,1,daily_mitigation_ob_caused_displacement;daily_mitigation_ob_caused_imbalance;daily_mitigation_ob_flip_zone;daily_mitigation_ob_has_inducement;daily_mitigation_ob_swept_liquidity;daily_mitigation_ob_swept_liquidity_fractal;daily_mitigation_ob_swept_liquidity_fvg;daily_mitigation_ob_swept_liquidity_internal;daily_mitigation_ob_swept_liquidity_previous_candle;daily_mitigation_ob_swept_liquidity_swing;daily_ob_target_caused_displacement;daily_ob_target_caused_imbalance;daily_ob_target_flip_zone;daily_ob_target_has_inducement;daily_ob_target_swept_liquidity;daily_ob_target_swept_liquidity_fractal;daily_ob_target_swept_liquidity_fvg;daily_ob_target_swept_liquidity_internal;daily_ob_target_swept_liquidity_previous_candle;daily_ob_target_swept_liquidity_swing;h1_mitigation_ob_flip_zone;h1_mitigation_ob_swept_liquidity;h1_mitigation_ob_swept_liquidity_fvg;h1_mitigation_ob_swept_liquidity_internal;h1_mitigation_ob_swept_liquidity_previous_candle;h1_mitigation_ob_swept_liquidity_swing;h1_ob_target_flip_zone;h1_ob_target_swept_liquidity_fractal;h1_ob_target_swept_liquidity_fvg;h1_ob_target_swept_liquidity_internal;h1_ob_target_swept_liquidity_previous_candle;h1_ob_target_swept_liquidity_swing;h4_mitigation_ob_caused_displacement;h4_mitigation_ob_caused_imbalance;h4_mitigation_ob_flip_zone;h4_mitigation_ob_has_inducement;h4_mitigation_ob_swept_liquidity;h4_mitigation_ob_swept_liquidity_fractal;h4_mitigation_ob_swept_liquidity_fvg;h4_mitigation_ob_swept_liquidity_internal;h4_mitigation_ob_swept_liquidity_previous_candle;h4_mitigation_ob_swept_liquidity_swing;h4_mitigation_ob_within_daily_ob;h4_ob_target_caused_displacement;h4_ob_target_caused_imbalance;h4_ob_target_flip_zone;h4_ob_target_has_inducement;h4_ob_target_swept_liquidity;h4_ob_target_swept_liquidity_fractal;h4_ob_target_swept_liquidity_fvg;h4_ob_target_swept_liquidity_internal;h4_ob_target_swept_liquidity_previous_candle;h4_ob_target_swept_liquidity_swing;h4_ob_target_within_daily_ob
2023-08-23,Wednesday,ny,2023-08-23 11:00:00+00:00,2023-08-23 13:00:00+00:00,bullish,157.229,156.958,158.31300000000007,156.958,0.271000000000015,-14.757580364885712,loss,-1.0,sl,0.3726937269372454,-1.0,sl,False,0,2,0 days 02:00:00,9.100000000000819,False,-31.61,22.0,4.0,2023-08-23 10:00:00+00:00,True,157.142,156.978,1,daily_mitigation_ob_flip_zone;daily_mitigation_ob_swept_liquidity_fractal;daily_mitigation_ob_swept_liquidity_fvg;daily_mitigation_ob_swept_liquidity_internal;daily_mitigation_ob_swept_liquidity_previous_candle;daily_mitigation_ob_swept_liquidity_swing;daily_ob_target_caused_displacement;daily_ob_target_caused_imbalance;daily_ob_target_flip_zone;daily_ob_target_has_inducement;daily_ob_target_swept_liquidity;daily_ob_target_swept_liquidity_fractal;daily_ob_target_swept_liquidity_fvg;daily_ob_target_swept_liquidity_internal;daily_ob_target_swept_liquidity_previous_candle;daily_ob_target_swept_liquidity_swing;h1_mitigation_ob_flip_zone;h1_mitigation_ob_swept_liquidity_fractal;h1_mitigation_ob_swept_liquidity_fvg;h1_mitigation_ob_swept_liquidity_internal;h1_mitigation_ob_swept_liquidity_previous_candle;h1_mitigation_ob_swept_liquidity_swing;h1_ob_target_flip_zone;h1_ob_target_swept_liquidity;h1_ob_target_swept_liquidity_fvg;h4_mitigation_ob_caused_displacement;h4_mitigation_ob_caused_imbalance;h4_mitigation_ob_flip_zone;h4_mitigation_ob_has_inducement;h4_mitigation_ob_swept_liquidity;h4_mitigation_ob_swept_liquidity_fractal;h4_mitigation_ob_swept_liquidity_fvg;h4_mitigation_ob_swept_liquidity_internal;h4_mitigation_ob_swept_liquidity_previous_candle;h4_mitigation_ob_swept_liquidity_swing;h4_mitigation_ob_within_daily_ob;h4_ob_target_flip_zone;h4_ob_target_swept_liquidity;h4_ob_target_swept_liquidity_fvg;h4_ob_target_swept_liquidity_swing
2023-08-23,Wednesday,ny,2023-08-23 12:00:00+00:00,2023-08-23 13:00:00+00:00,bullish,157.177,156.885,158.345,156.885,0.2920000000000016,-16.355562096185785,loss,-1.0,sl,0.23972602739733295,-1.0,sl,False,0,1,0 days 01:00:00,1.8000000000000682,False,-31.61,22.0,4.0,2023-08-23 12:00:00+00:00,False,157.052,156.905,1,daily_mitigation_ob_flip_zone;daily_mitigation_ob_swept_liquidity_fractal;daily_mitigation_ob_swept_liquidity_fvg;daily_mitigation_ob_swept_liquidity_internal;daily_mitigation_ob_swept_liquidity_previous_candle;daily_mitigation_ob_swept_liquidity_swing;daily_ob_target_caused_displacement;daily_ob_target_caused_imbalance;daily_ob_target_flip_zone;daily_ob_target_has_inducement;daily_ob_target_swept_liquidity;daily_ob_target_swept_liquidity_fractal;daily_ob_target_swept_liquidity_fvg;daily_ob_target_swept_liquidity_internal;daily_ob_target_swept_liquidity_previous_candle;daily_ob_target_swept_liquidity_swing;h1_mitigation_ob_flip_zone;h1_mitigation_ob_swept_liquidity;h1_mitigation_ob_swept_liquidity_fractal;h1_mitigation_ob_swept_liquidity_fvg;h1_mitigation_ob_swept_liquidity_internal;h1_mitigation_ob_swept_liquidity_swing;h1_ob_target_flip_zone;h1_ob_target_swept_liquidity;h1_ob_target_swept_liquidity_fvg;h4_mitigation_ob_caused_displacement;h4_mitigation_ob_caused_imbalance;h4_mitigation_ob_flip_zone;h4_mitigation_ob_has_inducement;h4_mitigation_ob_swept_liquidity;h4_mitigation_ob_swept_liquidity_fractal;h4_mitigation_ob_swept_liquidity_fvg;h4_mitigation_ob_swept_liquidity_internal;h4_mitigation_ob_swept_liquidity_previous_candle;h4_mitigation_ob_swept_liquidity_swing;h4_mitigation_ob_within_daily_ob;h4_ob_target_flip_zone;h4_ob_target_swept_liquidity;h4_ob_target_swept_liquidity_fvg;h4_ob_target_swept_liquidity_swing
2023-08-24,Thursday,ny,2023-08-24 12:00:00+00:00,2023-08-25 13:00:00+00:00,bearish,157.868,158.095,156.95999999999998,157.868,0.22700000000000387,23.55592653541167,breakeven,0.0,be_stop,2.819383259911786,0.0,be_stop,True,1,25,1 days 01:00:00,9.000000000000341,False,-31.61,22.0,4.0,2023-08-24 12:00:00+00:00,False,158.075,157.938,1,daily_mitigation_ob_flip_zone;daily_mitigation_ob_swept_liquidity;daily_mitigation_ob_swept_liquidity_fractal;daily_mitigation_ob_swept_liquidity_internal;daily_mitigation_ob_swept_liquidity_previous_candle;daily_mitigation_ob_swept_liquidity_swing;daily_ob_target_flip_zone;daily_ob_target_swept_liquidity;daily_ob_target_swept_liquidity_fractal;daily_ob_target_swept_liquidity_fvg;daily_ob_target_swept_liquidity_internal;daily_ob_target_swept_liquidity_swing;h1_mitigation_ob_flip_zone;h1_mitigation_ob_swept_liquidity;h1_mitigation_ob_swept_liquidity_fvg;h1_ob_target_flip_zone;h1_ob_target_swept_liquidity;h1_ob_target_swept_liquidity_fractal;h1_ob_target_swept_liquidity_internal;h1_ob_target_swept_liquidity_previous_candle;h1_ob_target_swept_liquidity_swing;h4_mitigation_ob_caused_displacement;h4_mitigation_ob_caused_imbalance;h4_mitigation_ob_flip_zone;h4_mitigation_ob_has_inducement;h4_mitigation_ob_swept_liquidity;h4_mitigation_ob_swept_liquidity_fractal;h4_mitigation_ob_swept_liquidity_fvg;h4_mitigation_ob_swept_liquidity_internal;h4_mitigation_ob_swept_liquidity_previous_candle;h4_mitigation_ob_swept_liquidity_swing;h4_mitigation_ob_within_daily_ob;h4_ob_target_caused_displacement;h4_ob_target_caused_imbalance;h4_ob_target_flip_zone;h4_ob_target_has_inducement;h4_ob_target_swept_liquidity;h4_ob_target_swept_liquidity_fractal;h4_ob_target_swept_liquidity_fvg;h4_ob_target_swept_liquidity_internal;h4_ob_target_swept_liquidity_previous_candle;h4_ob_target_swept_liquidity_swing;h4_ob_target_within_daily_ob
2023-08-24,Thursday,ny,2023-08-24 13:00:00+00:00,2023-08-24 18:00:00+00:00,bullish,157.984,157.385,160.38000000000008,157.773,0.599000000000018,-8.726348073014272,loss,-0.35225375626044475,cut_19h,0.03672787979965059,-0.35225375626044475,cut_19h,False,1,5,0 days 05:00:00,0.0,False,-31.61,22.0,4.0,2023-08-24 13:00:00+00:00,False,157.821,157.405,1,daily_mitigation_ob_caused_displacement;daily_mitigation_ob_caused_imbalance;daily_mitigation_ob_flip_zone;daily_mitigation_ob_has_inducement;daily_mitigation_ob_swept_liquidity;daily_mitigation_ob_swept_liquidity_fractal;daily_mitigation_ob_swept_liquidity_fvg;daily_mitigation_ob_swept_liquidity_internal;daily_mitigation_ob_swept_liquidity_previous_candle;daily_mitigation_ob_swept_liquidity_swing;daily_ob_target_flip_zone;daily_ob_target_swept_liquidity;daily_ob_target_swept_liquidity_fractal;daily_ob_target_swept_liquidity_internal;daily_ob_target_swept_liquidity_swing;h1_mitigation_ob_flip_zone;h1_mitigation_ob_swept_liquidity;h1_mitigation_ob_swept_liquidity_fractal;h1_mitigation_ob_swept_liquidity_internal;h1_mitigation_ob_swept_liquidity_previous_candle;h1_mitigation_ob_swept_liquidity_swing;h1_ob_target_flip_zone;h1_ob_target_swept_liquidity;h1_ob_target_swept_liquidity_fvg;h1_ob_target_swept_liquidity_internal;h1_ob_target_swept_liquidity_previous_candle;h1_ob_target_swept_liquidity_swing;h4_mitigation_ob_caused_displacement;h4_mitigation_ob_caused_imbalance;h4_mitigation_ob_flip_zone;h4_mitigation_ob_has_inducement;h4_mitigation_ob_swept_liquidity;h4_mitigation_ob_swept_liquidity_fractal;h4_mitigation_ob_swept_liquidity_fvg;h4_mitigation_ob_swept_liquidity_internal;h4_mitigation_ob_swept_liquidity_previous_candle;h4_mitigation_ob_swept_liquidity_swing;h4_mitigation_ob_within_daily_ob;h4_ob_target_flip_zone;h4_ob_target_swept_liquidity;h4_ob_target_swept_liquidity_fvg;h4_ob_target_swept_liquidity_swing
2023-08-25,Friday,london,2023-08-25 06:00:00+00:00,2023-08-25 11:00:00+00:00,bearish,157.491,157.80100000000002,156.251,157.80100000000002,0.3100000000000023,-4.840204346096839,loss,-1.0,sl,0.8483870967742042,-1.0,sl,False,0,5,0 days 05:00:00,3.499999999999659,False,-31.61,22.0,4.0,2023-08-25 06:00:00+00:00,False,157.781,157.633,1,daily_mitigation_ob_flip_zone;daily_mitigation_ob_swept_liquidity;daily_mitigation_ob_swept_liquidity_fractal;daily_mitigation_ob_swept_liquidity_internal;daily_mitigation_ob_swept_liquidity_previous_candle;daily_mitigation_ob_swept_liquidity_swing;daily_ob_target_flip_zone;daily_ob_target_swept_liquidity;daily_ob_target_swept_liquidity_fractal;daily_ob_target_swept_liquidity_fvg;daily_ob_target_swept_liquidity_internal;daily_ob_target_swept_liquidity_swing;h1_mitigation_ob_flip_zone;h1_mitigation_ob_swept_liquidity;h1_mitigation_ob_swept_liquidity_fractal;h1_mitigation_ob_swept_liquidity_internal;h1_mitigation_ob_swept_liquidity_previous_candle;h1_mitigation_ob_swept_liquidity_swing;h1_ob_target_flip_zone;h1_ob_target_swept_liquidity_fractal;h1_ob_target_swept_liquidity_fvg;h1_ob_target_swept_liquidity_internal;h1_ob_target_swept_liquidity_previous_candle;h1_ob_target_swept_liquidity_swing;h4_mitigation_ob_caused_displacement;h4_mitigation_ob_caused_imbalance;h4_mitigation_ob_flip_zone;h4_mitigation_ob_has_inducement;h4_mitigation_ob_swept_liquidity;h4_mitigation_ob_swept_liquidity_fractal;h4_mitigation_ob_swept_liquidity_fvg;h4_mitigation_ob_swept_liquidity_internal;h4_mitigation_ob_swept_liquidity_previous_candle;h4_mitigation_ob_swept_liquidity_swing;h4_mitigation_ob_within_daily_ob;h4_ob_target_flip_zone;h4_ob_target_swept_liquidity;h4_ob_target_swept_liquidity_fractal;h4_ob_target_swept_liquidity_fvg;h4_ob_target_swept_liquidity_internal;h4_ob_target_swept_liquidity_swing
2023-08-30,Wednesday,london,2023-08-30 07:00:00+00:00,2023-08-30 09:00:00+00:00,bearish,159.048,159.235,158.29999999999995,159.235,0.18700000000001182,-12.038681142444645,loss,-1.0,sl,0.8823529411763722,-1.0,sl,False,0,2,0 days 02:00:00,12.299999999999045,True,-31.61,22.0,4.0,2023-08-30 07:00:00+00:00,False,159.215,159.031,2,daily_mitigation_ob_caused_displacement;daily_mitigation_ob_caused_imbalance;daily_mitigation_ob_flip_zone;daily_mitigation_ob_has_inducement;daily_mitigation_ob_swept_liquidity;daily_mitigation_ob_swept_liquidity_fractal;daily_mitigation_ob_swept_liquidity_fvg;daily_mitigation_ob_swept_liquidity_internal;daily_mitigation_ob_swept_liquidity_previous_candle;daily_mitigation_ob_swept_liquidity_swing;daily_ob_target_caused_displacement;daily_ob_target_caused_imbalance;daily_ob_target_flip_zone;daily_ob_target_has_inducement;daily_ob_target_swept_liquidity;daily_ob_target_swept_liquidity_fractal;daily_ob_target_swept_liquidity_fvg;daily_ob_target_swept_liquidity_internal;daily_ob_target_swept_liquidity_previous_candle;daily_ob_target_swept_liquidity_swing;h1_mitigation_ob_flip_zone;h1_mitigation_ob_swept_liquidity;h1_mitigation_ob_swept_liquidity_fvg;h1_mitigation_ob_swept_liquidity_previous_candle;h1_ob_target_caused_displacement;h1_ob_target_caused_imbalance;h1_ob_target_flip_zone;h1_ob_target_has_inducement;h1_ob_target_swept_liquidity;h1_ob_target_swept_liquidity_fractal;h1_ob_target_swept_liquidity_fvg;h1_ob_target_swept_liquidity_internal;h1_ob_target_swept_liquidity_previous_candle;h1_ob_target_swept_liquidity_swing;h1_ob_target_within_h4_ob;h4_mitigation_ob_caused_displacement;h4_mitigation_ob_caused_imbalance;h4_mitigation_ob_flip_zone;h4_mitigation_ob_has_inducement;h4_mitigation_ob_swept_liquidity;h4_mitigation_ob_swept_liquidity_fractal;h4_mitigation_ob_swept_liquidity_fvg;h4_mitigation_ob_swept_liquidity_internal;h4_mitigation_ob_swept_liquidity_previous_candle;h4_mitigation_ob_swept_liquidity_swing;h4_mitigation_ob_within_daily_ob;h4_ob_target_caused_displacement;h4_ob_target_caused_imbalance;h4_ob_target_flip_zone;h4_ob_target_has_inducement;h4_ob_target_swept_liquidity;h4_ob_target_swept_liquidity_fractal;h4_ob_target_swept_liquidity_fvg;h4_ob_target_swept_liquidity_internal;h4_ob_target_swept_liquidity_previous_candle;h4_ob_target_swept_liquidity_swing;h4_ob_target_within_daily_ob
2023-09-07,Thursday,ny,2023-09-07 13:00:00+00:00,2023-09-07 18:00:00+00:00,bullish,157.589,157.30599999999998,158.72100000000006,157.535,0.28300000000001546,7.337181604400128,loss,-0.19081272084805334,cut_19h,0.24734982332151714,-0.19081272084805334,cut_19h,False,1,5,0 days 05:00:00,0.0,False,-31.61,22.0,4.0,2023-09-07 13:00:00+00:00,False,157.469,157.326,1,daily_mitigation_ob_caused_displacement;daily_mitigation_ob_caused_imbalance;daily_mitigation_ob_flip_zone;daily_mitigation_ob_has_inducement;daily_mitigation_ob_swept_liquidity;daily_mitigation_ob_swept_liquidity_fractal;daily_mitigation_ob_swept_liquidity_fvg;daily_mitigation_ob_swept_liquidity_internal;daily_mitigation_ob_swept_liquidity_previous_candle;daily_mitigation_ob_swept_liquidity_swing;daily_ob_target_caused_displacement;daily_ob_target_caused_imbalance;daily_ob_target_flip_zone;daily_ob_target_has_inducement;daily_ob_target_swept_liquidity;daily_ob_target_swept_liquidity_fractal;daily_ob_target_swept_liquidity_fvg;daily_ob_target_swept_liquidity_internal;daily_ob_target_swept_liquidity_previous_candle;daily_ob_target_swept_liquidity_swing;h1_mitigation_ob_flip_zone;h1_mitigation_ob_swept_liquidity_fractal;h1_mitigation_ob_swept_liquidity_fvg;h1_mitigation_ob_swept_liquidity_internal;h1_mitigation_ob_swept_liquidity_previous_candle;h1_mitigation_ob_swept_liquidity_swing;h1_ob_target_flip_zone;h1_ob_target_swept_liquidity_fractal;h1_ob_target_swept_liquidity_fvg;h1_ob_target_swept_liquidity_internal;h1_ob_target_swept_liquidity_previous_candle;h1_ob_target_swept_liquidity_swing;h4_mitigation_ob_caused_displacement;h4_mitigation_ob_caused_imbalance;h4_mitigation_ob_flip_zone;h4_mitigation_ob_has_inducement;h4_mitigation_ob_swept_liquidity;h4_mitigation_ob_swept_liquidity_fractal;h4_mitigation_ob_swept_liquidity_fvg;h4_mitigation_ob_swept_liquidity_internal;h4_mitigation_ob_swept_liquidity_previous_candle;h4_mitigation_ob_swept_liquidity_swing;h4_mitigation_ob_within_daily_ob;h4_ob_target_flip_zone;h4_ob_target_swept_liquidity;h4_ob_target_swept_liquidity_fractal;h4_ob_target_swept_liquidity_fvg;h4_ob_target_swept_liquidity_internal;h4_ob_target_swept_liquidity_swing
2023-09-14,Thursday,ny,2023-09-14 13:00:00+00:00,2023-09-14 14:00:00+00:00,bullish,157.087,156.90699999999998,157.80700000000002,156.90699999999998,0.18000000000000682,9.680829532196,loss,-1.0,sl,0.5833333333334123,-1.0,sl,False,0,1,0 days 01:00:00,7.599999999999341,True,-31.61,22.0,4.0,2023-09-14 13:00:00+00:00,False,157.413,156.927,1,daily_mitigation_ob_caused_displacement;daily_mitigation_ob_caused_imbalance;daily_mitigation_ob_flip_zone;daily_mitigation_ob_has_inducement;daily_mitigation_ob_swept_liquidity;daily_mitigation_ob_swept_liquidity_fractal;daily_mitigation_ob_swept_liquidity_fvg;daily_mitigation_ob_swept_liquidity_internal;daily_mitigation_ob_swept_liquidity_previous_candle;daily_mitigation_ob_swept_liquidity_swing;daily_ob_target_caused_displacement;daily_ob_target_caused_imbalance;daily_ob_target_flip_zone;daily_ob_target_has_inducement;daily_ob_target_swept_liquidity;daily_ob_target_swept_liquidity_fractal;daily_ob_target_swept_liquidity_fvg;daily_ob_target_swept_liquidity_internal;daily_ob_target_swept_liquidity_previous_candle;daily_ob_target_swept_liquidity_swing;h1_mitigation_ob_flip_zone;h1_mitigation_ob_swept_liquidity_fractal;h1_mitigation_ob_swept_liquidity_fvg;h1_mitigation_ob_swept_liquidity_internal;h1_mitigation_ob_swept_liquidity_previous_candle;h1_mitigation_ob_swept_liquidity_swing;h1_ob_target_flip_zone;h1_ob_target_swept_liquidity;h1_ob_target_swept_liquidity_fvg;h1_ob_target_swept_liquidity_internal;h1_ob_target_swept_liquidity_previous_candle;h1_ob_target_swept_liquidity_swing;h4_mitigation_ob_flip_zone;h4_mitigation_ob_swept_liquidity;h4_mitigation_ob_swept_liquidity_fractal;h4_mitigation_ob_swept_liquidity_fvg;h4_mitigation_ob_swept_liquidity_internal;h4_mitigation_ob_swept_liquidity_swing;h4_ob_target_caused_displacement;h4_ob_target_caused_imbalance;h4_ob_target_flip_zone;h4_ob_target_has_inducement;h4_ob_target_swept_liquidity;h4_ob_target_swept_liquidity_fractal;h4_ob_target_swept_liquidity_fvg;h4_ob_target_swept_liquidity_internal;h4_ob_target_swept_liquidity_previous_candle;h4_ob_target_swept_liquidity_swing;h4_ob_target_within_daily_ob
2023-09-15,Friday,london,2023-09-15 06:00:00+00:00,2023-09-15 18:00:00+00:00,bullish,157.368,156.774,159.74399999999997,157.722,0.5939999999999941,-7.597161612207781,win,0.5959595959596244,friday_close,0.8872053872054216,0.5959595959596244,friday_close,False,0,12,0 days 12:00:00,0.0,False,-31.61,22.0,4.0,2023-09-15 05:00:00+00:00,True,156.957,156.794,1,daily_mitigation_ob_caused_displacement;daily_mitigation_ob_caused_imbalance;daily_mitigation_ob_flip_zone;daily_mitigation_ob_has_inducement;daily_mitigation_ob_swept_liquidity;daily_mitigation_ob_swept_liquidity_fractal;daily_mitigation_ob_swept_liquidity_fvg;daily_mitigation_ob_swept_liquidity_internal;daily_mitigation_ob_swept_liquidity_previous_candle;daily_mitigation_ob_swept_liquidity_swing;daily_ob_target_flip_zone;daily_ob_target_swept_liquidity_fractal;daily_ob_target_swept_liquidity_fvg;daily_ob_target_swept_liquidity_internal;daily_ob_target_swept_liquidity_previous_candle;daily_ob_target_swept_liquidity_swing;h1_mitigation_ob_flip_zone;h1_mitigation_ob_swept_liquidity;h1_mitigation_ob_swept_liquidity_fractal;h1_mitigation_ob_swept_liquidity_fvg;h1_mitigation_ob_swept_liquidity_internal;h1_mitigation_ob_swept_liquidity_swing;h1_ob_target_flip_zone;h1_ob_target_swept_liquidity;h1_ob_target_swept_liquidity_fvg;h1_ob_target_swept_liquidity_internal;h1_ob_target_swept_liquidity_previous_candle;h1_ob_target_swept_liquidity_swing;h4_mitigation_ob_caused_displacement;h4_mitigation_ob_caused_imbalance;h4_mitigation_ob_flip_zone;h4_mitigation_ob_has_inducement;h4_mitigation_ob_swept_liquidity;h4_mitigation_ob_swept_liquidity_fractal;h4_mitigation_ob_swept_liquidity_fvg;h4_mitigation_ob_swept_liquidity_internal;h4_mitigation_ob_swept_liquidity_previous_candle;h4_mitigation_ob_swept_liquidity_swing;h4_mitigation_ob_within_daily_ob;h4_ob_target_flip_zone;h4_ob_target_swept_liquidity;h4_ob_target_swept_liquidity_fractal;h4_ob_target_swept_liquidity_fvg;h4_ob_target_swept_liquidity_internal;h4_ob_target_swept_liquidity_swing
2023-09-21,Thursday,london,2023-09-21 06:00:00+00:00,2023-09-21 07:00:00+00:00,bearish,157.913,158.02,157.485,158.02,0.10699999999999932,3.53749229190306,loss,-1.0,sl,1.2990654205608494,-1.0,sl,False,0,1,0 days 01:00:00,4.2999999999977945,True,-31.61,22.0,4.0,2023-09-21 05:00:00+00:00,True,158.0,157.846,1,daily_mitigation_ob_caused_displacement;daily_mitigation_ob_caused_imbalance;daily_mitigation_ob_flip_zone;daily_mitigation_ob_has_inducement;daily_mitigation_ob_swept_liquidity;daily_mitigation_ob_swept_liquidity_fractal;daily_mitigation_ob_swept_liquidity_fvg;daily_mitigation_ob_swept_liquidity_internal;daily_mitigation_ob_swept_liquidity_previous_candle;daily_mitigation_ob_swept_liquidity_swing;daily_ob_target_caused_displacement;daily_ob_target_caused_imbalance;daily_ob_target_flip_zone;daily_ob_target_has_inducement;daily_ob_target_swept_liquidity;daily_ob_target_swept_liquidity_fractal;daily_ob_target_swept_liquidity_fvg;daily_ob_target_swept_liquidity_internal;daily_ob_target_swept_liquidity_previous_candle;daily_ob_target_swept_liquidity_swing;h1_mitigation_ob_flip_zone;h1_mitigation_ob_swept_liquidity_fractal;h1_mitigation_ob_swept_liquidity_fvg;h1_mitigation_ob_swept_liquidity_internal;h1_mitigation_ob_swept_liquidity_previous_candle;h1_mitigation_ob_swept_liquidity_swing;h1_ob_target_caused_displacement;h1_ob_target_caused_imbalance;h1_ob_target_flip_zone;h1_ob_target_has_inducement;h1_ob_target_swept_liquidity;h1_ob_target_swept_liquidity_fractal;h1_ob_target_swept_liquidity_fvg;h1_ob_target_swept_liquidity_internal;h1_ob_target_swept_liquidity_previous_candle;h1_ob_target_swept_liquidity_swing;h1_ob_target_within_h4_ob;h4_mitigation_ob_flip_zone;h4_mitigation_ob_swept_liquidity;h4_mitigation_ob_swept_liquidity_fractal;h4_mitigation_ob_swept_liquidity_fvg;h4_mitigation_ob_swept_liquidity_internal;h4_mitigation_ob_swept_liquidity_swing;h4_ob_target_caused_displacement;h4_ob_target_caused_imbalance;h4_ob_target_flip_zone;h4_ob_target_has_inducement;h4_ob_target_swept_liquidity;h4_ob_target_swept_liquidity_fractal;h4_ob_target_swept_liquidity_fvg;h4_ob_target_swept_liquidity_internal;h4_ob_target_swept_liquidity_previous_candle;h4_ob_target_swept_liquidity_swing;h4_ob_target_within_daily_ob
2023-09-22,Friday,london,2023-09-22 07:00:00+00:00,2023-09-22 18:00:00+00:00,bearish,157.834,158.335,155.82999999999998,157.988,0.5010000000000048,9.7471459760915,loss,-0.30738522954090797,friday_close,0.4810379241517197,-0.30738522954090797,friday_close,False,0,11,0 days 11:00:00,0.0,False,-31.61,22.0,4.0,2023-09-22 07:00:00+00:00,False,158.315,158.165,1,daily_mitigation_ob_caused_displacement;daily_mitigation_ob_caused_imbalance;daily_mitigation_ob_flip_zone;daily_mitigation_ob_has_inducement;daily_mitigation_ob_swept_liquidity;daily_mitigation_ob_swept_liquidity_fractal;daily_mitigation_ob_swept_liquidity_fvg;daily_mitigation_ob_swept_liquidity_internal;daily_mitigation_ob_swept_liquidity_previous_candle;daily_mitigation_ob_swept_liquidity_swing;daily_ob_target_caused_displacement;daily_ob_target_caused_imbalance;daily_ob_target_flip_zone;daily_ob_target_has_inducement;daily_ob_target_swept_liquidity;daily_ob_target_swept_liquidity_fractal;daily_ob_target_swept_liquidity_fvg;daily_ob_target_swept_liquidity_internal;daily_ob_target_swept_liquidity_previous_candle;daily_ob_target_swept_liquidity_swing;h1_mitigation_ob_flip_zone;h1_mitigation_ob_swept_liquidity_fractal;h1_mitigation_ob_swept_liquidity_fvg;h1_mitigation_ob_swept_liquidity_internal;h1_mitigation_ob_swept_liquidity_previous_candle;h1_mitigation_ob_swept_liquidity_swing;h1_ob_target_flip_zone;h1_ob_target_swept_liquidity;h1_ob_target_swept_liquidity_fvg;h1_ob_target_swept_liquidity_internal;h1_ob_target_swept_liquidity_swing;h4_mitigation_ob_caused_displacement;h4_mitigation_ob_caused_imbalance;h4_mitigation_ob_flip_zone;h4_mitigation_ob_has_inducement;h4_mitigation_ob_swept_liquidity;h4_mitigation_ob_swept_liquidity_fractal;h4_mitigation_ob_swept_liquidity_fvg;h4_mitigation_ob_swept_liquidity_internal;h4_mitigation_ob_swept_liquidity_previous_candle;h4_mitigation_ob_swept_liquidity_swing;h4_mitigation_ob_within_daily_ob;h4_ob_target_flip_zone;h4_ob_target_swept_liquidity;h4_ob_target_swept_liquidity_fractal;h4_ob_target_swept_liquidity_fvg;h4_ob_target_swept_liquidity_internal;h4_ob_target_swept_liquidity_swing
2023-09-22,Friday,london,2023-09-22 08:00:00+00:00,2023-09-22 18:00:00+00:00,bullish,157.869,157.22199999999998,160.45700000000008,157.988,0.6470000000000198,-14.993043252058103,win,0.18392581143739742,friday_close,0.3539412673879543,0.18392581143739742,friday_close,False,0,10,0 days 10:00:00,0.0,False,-31.61,22.0,4.0,2023-09-22 08:00:00+00:00,False,157.411,157.242,1,daily_mitigation_ob_caused_displacement;daily_mitigation_ob_caused_imbalance;daily_mitigation_ob_flip_zone;daily_mitigation_ob_has_inducement;daily_mitigation_ob_swept_liquidity;daily_mitigation_ob_swept_liquidity_fractal;daily_mitigation_ob_swept_liquidity_fvg;daily_mitigation_ob_swept_liquidity_internal;daily_mitigation_ob_swept_liquidity_previous_candle;daily_mitigation_ob_swept_liquidity_swing;daily_ob_target_flip_zone;daily_ob_target_swept_liquidity;daily_ob_target_swept_liquidity_fractal;daily_ob_target_swept_liquidity_internal;daily_ob_target_swept_liquidity_swing;h1_mitigation_ob_flip_zone;h1_mitigation_ob_swept_liquidity;h1_mitigation_ob_swept_liquidity_fvg;h1_mitigation_ob_swept_liquidity_internal;h1_mitigation_ob_swept_liquidity_swing;h1_ob_target_flip_zone;h1_ob_target_swept_liquidity_fractal;h1_ob_target_swept_liquidity_fvg;h1_ob_target_swept_liquidity_internal;h1_ob_target_swept_liquidity_previous_candle;h1_ob_target_swept_liquidity_swing;h4_mitigation_ob_caused_displacement;h4_mitigation_ob_caused_imbalance;h4_mitigation_ob_flip_zone;h4_mitigation_ob_has_inducement;h4_mitigation_ob_swept_liquidity;h4_mitigation_ob_swept_liquidity_fractal;h4_mitigation_ob_swept_liquidity_fvg;h4_mitigation_ob_swept_liquidity_internal;h4_mitigation_ob_swept_liquidity_previous_candle;h4_mitigation_ob_swept_liquidity_swing;h4_mitigation_ob_within_daily_ob;h4_ob_target_flip_zone;h4_ob_target_swept_liquidity_fractal;h4_ob_target_swept_liquidity_fvg;h4_ob_target_swept_liquidity_internal;h4_ob_target_swept_liquidity_previous_candle;h4_ob_target_swept_liquidity_swing
2023-09-26,Tuesday,ny,2023-09-26 11:00:00+00:00,2023-09-27 17:00:00+00:00,bearish,157.818,158.026,156.98600000000002,156.98600000000002,0.2079999999999984,21.783029481923787,win,4.0,tp,5.355769230769292,0.0,be_stop,True,2,30,1 days 06:00:00,4.800000000000182,True,-31.61,22.0,4.0,2023-09-26 10:00:00+00:00,True,158.006,157.856,1,daily_mitigation_ob_caused_displacement;daily_mitigation_ob_caused_imbalance;daily_mitigation_ob_flip_zone;daily_mitigation_ob_has_inducement;daily_mitigation_ob_swept_liquidity;daily_mitigation_ob_swept_liquidity_fractal;daily_mitigation_ob_swept_liquidity_fvg;daily_mitigation_ob_swept_liquidity_internal;daily_mitigation_ob_swept_liquidity_previous_candle;daily_mitigation_ob_swept_liquidity_swing;daily_ob_target_caused_displacement;daily_ob_target_caused_imbalance;daily_ob_target_flip_zone;daily_ob_target_has_inducement;daily_ob_target_swept_liquidity;daily_ob_target_swept_liquidity_fractal;daily_ob_target_swept_liquidity_fvg;daily_ob_target_swept_liquidity_internal;daily_ob_target_swept_liquidity_previous_candle;daily_ob_target_swept_liquidity_swing;h1_mitigation_ob_flip_zone;h1_mitigation_ob_swept_liquidity;h1_mitigation_ob_swept_liquidity_fvg;h1_mitigation_ob_swept_liquidity_internal;h1_mitigation_ob_swept_liquidity_previous_candle;h1_mitigation_ob_swept_liquidity_swing;h1_ob_target_flip_zone;h1_ob_target_swept_liquidity;h1_ob_target_swept_liquidity_fractal;h1_ob_target_swept_liquidity_fvg;h1_ob_target_swept_liquidity_previous_candle;h1_ob_target_swept_liquidity_swing;h4_mitigation_ob_caused_displacement;h4_mitigation_ob_caused_imbalance;h4_mitigation_ob_flip_zone;h4_mitigation_ob_has_inducement;h4_mitigation_ob_swept_liquidity;h4_mitigation_ob_swept_liquidity_fractal;h4_mitigation_ob_swept_liquidity_fvg;h4_mitigation_ob_swept_liquidity_internal;h4_mitigation_ob_swept_liquidity_previous_candle;h4_mitigation_ob_swept_liquidity_swing;h4_mitigation_ob_within_daily_ob;h4_ob_target_caused_displacement;h4_ob_target_caused_imbalance;h4_ob_target_flip_zone;h4_ob_target_has_inducement;h4_ob_target_swept_liquidity;h4_ob_target_swept_liquidity_fractal;h4_ob_target_swept_liquidity_fvg;h4_ob_target_swept_liquidity_internal;h4_ob_target_swept_liquidity_previous_candle;h4_ob_target_swept_liquidity_swing;h4_ob_target_within_daily_ob
2023-09-27,Wednesday,london,2023-09-27 08:00:00+00:00,2023-09-28 11:00:00+00:00,bearish,157.404,157.827,155.712,157.404,0.4230000000000018,5.197621829685148,breakeven,0.0,be_stop,1.6548463356973655,0.0,be_stop,True,1,27,1 days 03:00:00,7.699999999999818,False,-31.61,22.0,4.0,2023-09-27 08:00:00+00:00,False,157.807,157.584,1,daily_mitigation_ob_caused_displacement;daily_mitigation_ob_caused_imbalance;daily_mitigation_ob_flip_zone;daily_mitigation_ob_has_inducement;daily_mitigation_ob_swept_liquidity;daily_mitigation_ob_swept_liquidity_fractal;daily_mitigation_ob_swept_liquidity_fvg;daily_mitigation_ob_swept_liquidity_internal;daily_mitigation_ob_swept_liquidity_previous_candle;daily_mitigation_ob_swept_liquidity_swing;daily_ob_target_caused_displacement;daily_ob_target_caused_imbalance;daily_ob_target_flip_zone;daily_ob_target_has_inducement;daily_ob_target_swept_liquidity;daily_ob_target_swept_liquidity_fractal;daily_ob_target_swept_liquidity_fvg;daily_ob_target_swept_liquidity_internal;daily_ob_target_swept_liquidity_previous_candle;daily_ob_target_swept_liquidity_swing;h1_mitigation_ob_flip_zone;h1_mitigation_ob_swept_liquidity;h1_mitigation_ob_swept_liquidity_fractal;h1_mitigation_ob_swept_liquidity_fvg;h1_mitigation_ob_swept_liquidity_internal;h1_mitigation_ob_swept_liquidity_swing;h1_ob_target_flip_zone;h1_ob_target_swept_liquidity;h1_ob_target_swept_liquidity_fvg;h1_ob_target_swept_liquidity_internal;h1_ob_target_swept_liquidity_previous_candle;h1_ob_target_swept_liquidity_swing;h4_mitigation_ob_caused_displacement;h4_mitigation_ob_caused_imbalance;h4_mitigation_ob_flip_zone;h4_mitigation_ob_has_inducement;h4_mitigation_ob_swept_liquidity;h4_mitigation_ob_swept_liquidity_fractal;h4_mitigation_ob_swept_liquidity_fvg;h4_mitigation_ob_swept_liquidity_internal;h4_mitigation_ob_swept_liquidity_previous_candle;h4_mitigation_ob_swept_liquidity_swing;h4_mitigation_ob_within_daily_ob;h4_ob_target_flip_zone;h4_ob_target_swept_liquidity;h4_ob_target_swept_liquidity_fractal;h4_ob_target_swept_liquidity_fvg;h4_ob_target_swept_liquidity_internal;h4_ob_target_swept_liquidity_swing
2023-09-28,Thursday,ny,2023-09-28 12:00:00+00:00,2023-09-28 14:00:00+00:00,bearish,157.198,157.601,155.58600000000004,157.601,0.4029999999999916,5.834221422116122,loss,-1.0,sl,0.02233250620351052,-1.0,sl,False,0,2,0 days 02:00:00,18.799999999998818,False,-31.61,22.0,4.0,2023-09-28 12:00:00+00:00,False,157.581,157.433,1,daily_mitigation_ob_caused_displacement;daily_mitigation_ob_caused_imbalance;daily_mitigation_ob_flip_zone;daily_mitigation_ob_has_inducement;daily_mitigation_ob_swept_liquidity;daily_mitigation_ob_swept_liquidity_fractal;daily_mitigation_ob_swept_liquidity_fvg;daily_mitigation_ob_swept_liquidity_internal;daily_mitigation_ob_swept_liquidity_previous_candle;daily_mitigation_ob_swept_liquidity_swing;daily_ob_target_caused_displacement;daily_ob_target_caused_imbalance;daily_ob_target_flip_zone;daily_ob_target_has_inducement;daily_ob_target_swept_liquidity;daily_ob_target_swept_liquidity_fractal;daily_ob_target_swept_liquidity_fvg;daily_ob_target_swept_liquidity_internal;daily_ob_target_swept_liquidity_previous_candle;daily_ob_target_swept_liquidity_swing;h1_mitigation_ob_flip_zone;h1_mitigation_ob_swept_liquidity;h1_mitigation_ob_swept_liquidity_fvg;h1_mitigation_ob_swept_liquidity_internal;h1_mitigation_ob_swept_liquidity_previous_candle;h1_mitigation_ob_swept_liquidity_swing;h1_ob_target_flip_zone;h1_ob_target_swept_liquidity_fractal;h1_ob_target_swept_liquidity_fvg;h1_ob_target_swept_liquidity_internal;h1_ob_target_swept_liquidity_previous_candle;h1_ob_target_swept_liquidity_swing;h4_mitigation_ob_caused_displacement;h4_mitigation_ob_caused_imbalance;h4_mitigation_ob_flip_zone;h4_mitigation_ob_has_inducement;h4_mitigation_ob_swept_liquidity;h4_mitigation_ob_swept_liquidity_fractal;h4_mitigation_ob_swept_liquidity_fvg;h4_mitigation_ob_swept_liquidity_internal;h4_mitigation_ob_swept_liquidity_previous_candle;h4_mitigation_ob_swept_liquidity_swing;h4_mitigation_ob_within_daily_ob;h4_ob_target_flip_zone;h4_ob_target_swept_liquidity;h4_ob_target_swept_liquidity_fractal;h4_ob_target_swept_liquidity_fvg;h4_ob_target_swept_liquidity_internal;h4_ob_target_swept_liquidity_swing
2023-09-29,Friday,london,2023-09-29 06:00:00+00:00,2023-09-29 07:00:00+00:00,bullish,157.655,157.624,157.77900000000002,157.624,0.03100000000000591,15.383890601571707,loss,-1.0,sl,0.0,-1.0,sl,False,0,1,0 days 01:00:00,15.799999999998704,True,-31.61,22.0,4.0,2023-09-29 06:00:00+00:00,False,157.772,157.644,1,daily_mitigation_ob_caused_displacement;daily_mitigation_ob_caused_imbalance;daily_mitigation_ob_flip_zone;daily_mitigation_ob_has_inducement;daily_mitigation_ob_swept_liquidity;daily_mitigation_ob_swept_liquidity_fractal;daily_mitigation_ob_swept_liquidity_fvg;daily_mitigation_ob_swept_liquidity_internal;daily_mitigation_ob_swept_liquidity_previous_candle;daily_mitigation_ob_swept_liquidity_swing;daily_ob_target_caused_displacement;daily_ob_target_caused_imbalance;daily_ob_target_flip_zone;daily_ob_target_has_inducement;daily_ob_target_swept_liquidity;daily_ob_target_swept_liquidity_fractal;daily_ob_target_swept_liquidity_fvg;daily_ob_target_swept_liquidity_internal;daily_ob_target_swept_liquidity_previous_candle;daily_ob_target_swept_liquidity_swing;h1_mitigation_ob_flip_zone;h1_mitigation_ob_swept_liquidity;h1_mitigation_ob_swept_liquidity_fractal;h1_mitigation_ob_swept_liquidity_fvg;h1_mitigation_ob_swept_liquidity_internal;h1_mitigation_ob_swept_liquidity_swing;h1_ob_target_caused_displacement;h1_ob_target_caused_imbalance;h1_ob_target_flip_zone;h1_ob_target_has_inducement;h1_ob_target_swept_liquidity;h1_ob_target_swept_liquidity_fractal;h1_ob_target_swept_liquidity_fvg;h1_ob_target_swept_liquidity_internal;h1_ob_target_swept_liquidity_previous_candle;h1_ob_target_swept_liquidity_swing;h1_ob_target_within_h4_ob;h4_mitigation_ob_flip_zone;h4_mitigation_ob_swept_liquidity_fractal;h4_mitigation_ob_swept_liquidity_fvg;h4_mitigation_ob_swept_liquidity_internal;h4_mitigation_ob_swept_liquidity_previous_candle;h4_mitigation_ob_swept_liquidity_swing;h4_ob_target_caused_displacement;h4_ob_target_caused_imbalance;h4_ob_target_flip_zone;h4_ob_target_has_inducement;h4_ob_target_swept_liquidity;h4_ob_target_swept_liquidity_fractal;h4_ob_target_swept_liquidity_fvg;h4_ob_target_swept_liquidity_internal;h4_ob_target_swept_liquidity_previous_candle;h4_ob_target_swept_liquidity_swing;h4_ob_target_within_daily_ob
2023-10-02,Monday,ny,2023-10-02 11:00:00+00:00,2023-10-02 13:00:00+00:00,bullish,157.695,157.60299999999998,158.06300000000005,157.60299999999998,0.09200000000001296,-16.26309444343793,loss,-1.0,sl,0.8369565217389927,-1.0,sl,False,0,2,0 days 02:00:00,7.799999999997453,True,-31.61,22.0,4.0,2023-10-02 10:00:00+00:00,True,157.712,157.623,1,daily_mitigation_ob_caused_displacement;daily_mitigation_ob_caused_imbalance;daily_mitigation_ob_flip_zone;daily_mitigation_ob_has_inducement;daily_mitigation_ob_swept_liquidity;daily_mitigation_ob_swept_liquidity_fractal;daily_mitigation_ob_swept_liquidity_fvg;daily_mitigation_ob_swept_liquidity_internal;daily_mitigation_ob_swept_liquidity_previous_candle;daily_mitigation_ob_swept_liquidity_swing;daily_ob_target_caused_displacement;daily_ob_target_caused_imbalance;daily_ob_target_flip_zone;daily_ob_target_has_inducement;daily_ob_target_swept_liquidity;daily_ob_target_swept_liquidity_fractal;daily_ob_target_swept_liquidity_fvg;daily_ob_target_swept_liquidity_internal;daily_ob_target_swept_liquidity_previous_candle;daily_ob_target_swept_liquidity_swing;h1_mitigation_ob_flip_zone;h1_mitigation_ob_swept_liquidity;h1_mitigation_ob_swept_liquidity_fvg;h1_mitigation_ob_swept_liquidity_previous_candle;h1_mitigation_ob_swept_liquidity_swing;h1_ob_target_flip_zone;h1_ob_target_swept_liquidity_fractal;h1_ob_target_swept_liquidity_fvg;h1_ob_target_swept_liquidity_internal;h1_ob_target_swept_liquidity_previous_candle;h1_ob_target_swept_liquidity_swing;h4_mitigation_ob_flip_zone;h4_mitigation_ob_swept_liquidity_fractal;h4_mitigation_ob_swept_liquidity_fvg;h4_mitigation_ob_swept_liquidity_internal;h4_mitigation_ob_swept_liquidity_previous_candle;h4_mitigation_ob_swept_liquidity_swing;h4_ob_target_caused_displacement;h4_ob_target_caused_imbalance;h4_ob_target_flip_zone;h4_ob_target_has_inducement;h4_ob_target_swept_liquidity;h4_ob_target_swept_liquidity_fractal;h4_ob_target_swept_liquidity_fvg;h4_ob_target_swept_liquidity_internal;h4_ob_target_swept_liquidity_previous_candle;h4_ob_target_swept_liquidity_swing;h4_ob_target_within_daily_ob
2023-10-03,Tuesday,ny,2023-10-03 13:00:00+00:00,2023-10-03 14:00:00+00:00,bullish,157.085,156.771,158.3410000000001,156.771,0.3140000000000214,-22.92954438640507,loss,-1.0,sl,0.0,-1.0,sl,False,0,1,0 days 01:00:00,242.89999999999736,False,-31.61,22.0,4.0,2023-10-03 13:00:00+00:00,False,156.894,156.791,1,daily_mitigation_ob_caused_displacement;daily_mitigation_ob_caused_imbalance;daily_mitigation_ob_flip_zone;daily_mitigation_ob_has_inducement;daily_mitigation_ob_swept_liquidity;daily_mitigation_ob_swept_liquidity_fractal;daily_mitigation_ob_swept_liquidity_fvg;daily_mitigation_ob_swept_liquidity_internal;daily_mitigation_ob_swept_liquidity_previous_candle;daily_mitigation_ob_swept_liquidity_swing;daily_ob_target_caused_displacement;daily_ob_target_caused_imbalance;daily_ob_target_flip_zone;daily_ob_target_has_inducement;daily_ob_target_swept_liquidity;daily_ob_target_swept_liquidity_fractal;daily_ob_target_swept_liquidity_fvg;daily_ob_target_swept_liquidity_internal;daily_ob_target_swept_liquidity_previous_candle;daily_ob_target_swept_liquidity_swing;h1_mitigation_ob_flip_zone;h1_mitigation_ob_swept_liquidity_fractal;h1_mitigation_ob_swept_liquidity_fvg;h1_mitigation_ob_swept_liquidity_internal;h1_mitigation_ob_swept_liquidity_previous_candle;h1_mitigation_ob_swept_liquidity_swing;h1_ob_target_flip_zone;h1_ob_target_swept_liquidity_fractal;h1_ob_target_swept_liquidity_fvg;h1_ob_target_swept_liquidity_internal;h1_ob_target_swept_liquidity_previous_candle;h1_ob_target_swept_liquidity_swing;h4_mitigation_ob_caused_displacement;h4_mitigation_ob_caused_imbalance;h4_mitigation_ob_flip_zone;h4_mitigation_ob_has_inducement;h4_mitigation_ob_swept_liquidity;h4_mitigation_ob_swept_liquidity_fractal;h4_mitigation_ob_swept_liquidity_fvg;h4_mitigation_ob_swept_liquidity_internal;h4_mitigation_ob_swept_liquidity_previous_candle;h4_mitigation_ob_swept_liquidity_swing;h4_mitigation_ob_within_daily_ob;h4_ob_target_flip_zone;h4_ob_target_swept_liquidity;h4_ob_target_swept_liquidity_fvg;h4_ob_target_swept_liquidity_internal;h4_ob_target_swept_liquidity_previous_candle
2023-10-05,Thursday,ny,2023-10-05 11:00:00+00:00,2023-10-05 16:00:00+00:00,bullish,156.616,156.23899999999998,158.12400000000017,156.23899999999998,0.37700000000003797,-11.217919347805228,loss,-1.0,sl,0.33952254641902657,-1.0,sl,False,0,5,0 days 05:00:00,2.4999999999977263,False,-31.61,22.0,4.0,2023-10-05 11:00:00+00:00,False,156.406,156.259,1,daily_mitigation_ob_caused_displacement;daily_mitigation_ob_caused_imbalance;daily_mitigation_ob_flip_zone;daily_mitigation_ob_has_inducement;daily_mitigation_ob_swept_liquidity;daily_mitigation_ob_swept_liquidity_fractal;daily_mitigation_ob_swept_liquidity_fvg;daily_mitigation_ob_swept_liquidity_internal;daily_mitigation_ob_swept_liquidity_previous_candle;daily_mitigation_ob_swept_liquidity_swing;daily_ob_target_flip_zone;daily_ob_target_swept_liquidity_fractal;daily_ob_target_swept_liquidity_fvg;daily_ob_target_swept_liquidity_internal;daily_ob_target_swept_liquidity_previous_candle;daily_ob_target_swept_liquidity_swing;h1_mitigation_ob_flip_zone;h1_mitigation_ob_swept_liquidity_fractal;h1_mitigation_ob_swept_liquidity_fvg;h1_mitigation_ob_swept_liquidity_internal;h1_mitigation_ob_swept_liquidity_previous_candle;h1_mitigation_ob_swept_liquidity_swing;h1_ob_target_flip_zone;h1_ob_target_swept_liquidity_fractal;h1_ob_target_swept_liquidity_fvg;h1_ob_target_swept_liquidity_internal;h1_ob_target_swept_liquidity_previous_candle;h1_ob_target_swept_liquidity_swing;h4_mitigation_ob_caused_displacement;h4_mitigation_ob_caused_imbalance;h4_mitigation_ob_flip_zone;h4_mitigation_ob_has_inducement;h4_mitigation_ob_swept_liquidity;h4_mitigation_ob_swept_liquidity_fractal;h4_mitigation_ob_swept_liquidity_fvg;h4_mitigation_ob_swept_liquidity_internal;h4_mitigation_ob_swept_liquidity_previous_candle;h4_mitigation_ob_swept_liquidity_swing;h4_mitigation_ob_within_daily_ob;h4_ob_target_flip_zone;h4_ob_target_swept_liquidity;h4_ob_target_swept_liquidity_fractal;h4_ob_target_swept_liquidity_internal;h4_ob_target_swept_liquidity_previous_candle;h4_ob_target_swept_liquidity_swing
2023-10-12,Thursday,london,2023-10-12 07:00:00+00:00,2023-10-12 09:00:00+00:00,bullish,158.426,158.297,158.94199999999995,158.297,0.12899999999999068,2.3196549359303873,loss,-1.0,sl,0.37209302325585497,-1.0,sl,False,0,2,0 days 02:00:00,0.2999999999985903,True,-31.61,22.0,4.0,2023-10-12 07:00:00+00:00,False,158.446,158.317,1,daily_mitigation_ob_caused_displacement;daily_mitigation_ob_caused_imbalance;daily_mitigation_ob_flip_zone;daily_mitigation_ob_has_inducement;daily_mitigation_ob_swept_liquidity;daily_mitigation_ob_swept_liquidity_fractal;daily_mitigation_ob_swept_liquidity_fvg;daily_mitigation_ob_swept_liquidity_internal;daily_mitigation_ob_swept_liquidity_previous_candle;daily_mitigation_ob_swept_liquidity_swing;daily_ob_target_caused_displacement;daily_ob_target_caused_imbalance;daily_ob_target_flip_zone;daily_ob_target_has_inducement;daily_ob_target_swept_liquidity;daily_ob_target_swept_liquidity_fractal;daily_ob_target_swept_liquidity_fvg;daily_ob_target_swept_liquidity_internal;daily_ob_target_swept_liquidity_previous_candle;daily_ob_target_swept_liquidity_swing;h1_mitigation_ob_flip_zone;h1_mitigation_ob_swept_liquidity_fractal;h1_mitigation_ob_swept_liquidity_fvg;h1_mitigation_ob_swept_liquidity_internal;h1_mitigation_ob_swept_liquidity_previous_candle;h1_mitigation_ob_swept_liquidity_swing;h1_ob_target_flip_zone;h1_ob_target_swept_liquidity_fractal;h1_ob_target_swept_liquidity_fvg;h1_ob_target_swept_liquidity_internal;h1_ob_target_swept_liquidity_previous_candle;h1_ob_target_swept_liquidity_swing;h4_mitigation_ob_flip_zone;h4_mitigation_ob_swept_liquidity_fractal;h4_mitigation_ob_swept_liquidity_fvg;h4_mitigation_ob_swept_liquidity_internal;h4_mitigation_ob_swept_liquidity_previous_candle;h4_mitigation_ob_swept_liquidity_swing;h4_ob_target_caused_displacement;h4_ob_target_caused_imbalance;h4_ob_target_flip_zone;h4_ob_target_has_inducement;h4_ob_target_swept_liquidity;h4_ob_target_swept_liquidity_fractal;h4_ob_target_swept_liquidity_fvg;h4_ob_target_swept_liquidity_internal;h4_ob_target_swept_liquidity_previous_candle;h4_ob_target_swept_liquidity_swing;h4_ob_target_within_daily_ob
2023-10-17,Tuesday,london,2023-10-17 08:00:00+00:00,2023-10-17 10:00:00+00:00,bearish,157.678,158.01500000000001,156.32999999999993,158.01500000000001,0.3370000000000175,-25.187470756819273,loss,-1.0,sl,0.0,-1.0,sl,False,0,2,0 days 02:00:00,8.699999999998909,False,-31.61,22.0,4.0,2023-10-17 08:00:00+00:00,False,157.995,157.781,1,daily_mitigation_ob_caused_displacement;daily_mitigation_ob_caused_imbalance;daily_mitigation_ob_flip_zone;daily_mitigation_ob_has_inducement;daily_mitigation_ob_swept_liquidity;daily_mitigation_ob_swept_liquidity_fractal;daily_mitigation_ob_swept_liquidity_fvg;daily_mitigation_ob_swept_liquidity_internal;daily_mitigation_ob_swept_liquidity_previous_candle;daily_mitigation_ob_swept_liquidity_swing;daily_ob_target_caused_displacement;daily_ob_target_caused_imbalance;daily_ob_target_flip_zone;daily_ob_target_has_inducement;daily_ob_target_swept_liquidity;daily_ob_target_swept_liquidity_fractal;daily_ob_target_swept_liquidity_fvg;daily_ob_target_swept_liquidity_internal;daily_ob_target_swept_liquidity_previous_candle;daily_ob_target_swept_liquidity_swing;h1_mitigation_ob_flip_zone;h1_mitigation_ob_swept_liquidity;h1_mitigation_ob_swept_liquidity_fractal;h1_mitigation_ob_swept_liquidity_fvg;h1_mitigation_ob_swept_liquidity_previous_candle;h1_mitigation_ob_swept_liquidity_swing;h1_ob_target_flip_zone;h1_ob_target_swept_liquidity_fractal;h1_ob_target_swept_liquidity_fvg;h1_ob_target_swept_liquidity_internal;h1_ob_target_swept_liquidity_previous_candle;h1_ob_target_swept_liquidity_swing;h4_mitigation_ob_caused_displacement;h4_mitigation_ob_caused_imbalance;h4_mitigation_ob_flip_zone;h4_mitigation_ob_has_inducement;h4_mitigation_ob_swept_liquidity;h4_mitigation_ob_swept_liquidity_fractal;h4_mitigation_ob_swept_liquidity_fvg;h4_mitigation_ob_swept_liquidity_internal;h4_mitigation_ob_swept_liquidity_previous_candle;h4_mitigation_ob_swept_liquidity_swing;h4_mitigation_ob_within_daily_ob;h4_ob_target_caused_displacement;h4_ob_target_caused_imbalance;h4_ob_target_flip_zone;h4_ob_target_has_inducement;h4_ob_target_swept_liquidity;h4_ob_target_swept_liquidity_fractal;h4_ob_target_swept_liquidity_fvg;h4_ob_target_swept_liquidity_internal;h4_ob_target_swept_liquidity_previous_candle;h4_ob_target_swept_liquidity_swing;h4_ob_target_within_daily_ob
2023-10-23,Monday,ny,2023-10-23 11:00:00+00:00,2023-10-24 13:00:00+00:00,bullish,158.954,158.684,160.03400000000005,158.954,0.27000000000001023,-16.097309864256278,breakeven,0.0,be_stop,3.5518518518517292,0.0,be_stop,True,1,26,1 days 02:00:00,11.299999999999955,False,-31.61,22.0,4.0,2023-10-23 11:00:00+00:00,False,158.801,158.704,1,daily_mitigation_ob_caused_displacement;daily_mitigation_ob_caused_imbalance;daily_mitigation_ob_flip_zone;daily_mitigation_ob_has_inducement;daily_mitigation_ob_swept_liquidity;daily_mitigation_ob_swept_liquidity_fractal;daily_mitigation_ob_swept_liquidity_fvg;daily_mitigation_ob_swept_liquidity_internal;daily_mitigation_ob_swept_liquidity_previous_candle;daily_mitigation_ob_swept_liquidity_swing;daily_ob_target_caused_displacement;daily_ob_target_caused_imbalance;daily_ob_target_flip_zone;daily_ob_target_has_inducement;daily_ob_target_swept_liquidity;daily_ob_target_swept_liquidity_fractal;daily_ob_target_swept_liquidity_fvg;daily_ob_target_swept_liquidity_internal;daily_ob_target_swept_liquidity_previous_candle;daily_ob_target_swept_liquidity_swing;h1_mitigation_ob_flip_zone;h1_mitigation_ob_swept_liquidity;h1_mitigation_ob_swept_liquidity_fvg;h1_mitigation_ob_swept_liquidity_internal;h1_mitigation_ob_swept_liquidity_previous_candle;h1_mitigation_ob_swept_liquidity_swing;h1_ob_target_flip_zone;h1_ob_target_swept_liquidity_fractal;h1_ob_target_swept_liquidity_fvg;h1_ob_target_swept_liquidity_internal;h1_ob_target_swept_liquidity_previous_candle;h1_ob_target_swept_liquidity_swing;h4_mitigation_ob_caused_displacement;h4_mitigation_ob_caused_imbalance;h4_mitigation_ob_flip_zone;h4_mitigation_ob_has_inducement;h4_mitigation_ob_swept_liquidity;h4_mitigation_ob_swept_liquidity_fractal;h4_mitigation_ob_swept_liquidity_fvg;h4_mitigation_ob_swept_liquidity_internal;h4_mitigation_ob_swept_liquidity_previous_candle;h4_mitigation_ob_swept_liquidity_swing;h4_mitigation_ob_within_daily_ob;h4_ob_target_caused_displacement;h4_ob_target_caused_imbalance;h4_ob_target_flip_zone;h4_ob_target_has_inducement;h4_ob_target_swept_liquidity;h4_ob_target_swept_liquidity_fractal;h4_ob_target_swept_liquidity_fvg;h4_ob_target_swept_liquidity_internal;h4_ob_target_swept_liquidity_previous_candle;h4_ob_target_swept_liquidity_swing;h4_ob_target_within_daily_ob
2023-10-25,Wednesday,london,2023-10-25 06:00:00+00:00,2023-10-25 07:00:00+00:00,bullish,158.769,158.689,159.08900000000006,158.689,0.0800000000000125,-2.5017816025861483,loss,-1.0,sl,0.0,-1.0,sl,False,0,1,0 days 01:00:00,11.199999999999477,True,-31.61,22.0,4.0,2023-10-25 06:00:00+00:00,False,158.797,158.709,1,daily_mitigation_ob_caused_displacement;daily_mitigation_ob_caused_imbalance;daily_mitigation_ob_flip_zone;daily_mitigation_ob_has_inducement;daily_mitigation_ob_swept_liquidity;daily_mitigation_ob_swept_liquidity_fractal;daily_mitigation_ob_swept_liquidity_fvg;daily_mitigation_ob_swept_liquidity_internal;daily_mitigation_ob_swept_liquidity_previous_candle;daily_mitigation_ob_swept_liquidity_swing;daily_ob_target_caused_displacement;daily_ob_target_caused_imbalance;daily_ob_target_flip_zone;daily_ob_target_has_inducement;daily_ob_target_swept_liquidity;daily_ob_target_swept_liquidity_fractal;daily_ob_target_swept_liquidity_fvg;daily_ob_target_swept_liquidity_internal;daily_ob_target_swept_liquidity_previous_candle;daily_ob_target_swept_liquidity_swing;h1_mitigation_ob_flip_zone;h1_mitigation_ob_swept_liquidity;h1_mitigation_ob_swept_liquidity_fractal;h1_mitigation_ob_swept_liquidity_fvg;h1_mitigation_ob_swept_liquidity_internal;h1_mitigation_ob_swept_liquidity_swing;h1_ob_target_flip_zone;h1_ob_target_swept_liquidity_fractal;h1_ob_target_swept_liquidity_fvg;h1_ob_target_swept_liquidity_internal;h1_ob_target_swept_liquidity_previous_candle;h1_ob_target_swept_liquidity_swing;h4_mitigation_ob_caused_displacement;h4_mitigation_ob_caused_imbalance;h4_mitigation_ob_flip_zone;h4_mitigation_ob_has_inducement;h4_mitigation_ob_swept_liquidity;h4_mitigation_ob_swept_liquidity_fractal;h4_mitigation_ob_swept_liquidity_fvg;h4_mitigation_ob_swept_liquidity_internal;h4_mitigation_ob_swept_liquidity_previous_candle;h4_mitigation_ob_swept_liquidity_swing;h4_mitigation_ob_within_daily_ob;h4_ob_target_caused_displacement;h4_ob_target_caused_imbalance;h4_ob_target_flip_zone;h4_ob_target_has_inducement;h4_ob_target_swept_liquidity;h4_ob_target_swept_liquidity_fractal;h4_ob_target_swept_liquidity_fvg;h4_ob_target_swept_liquidity_internal;h4_ob_target_swept_liquidity_previous_candle;h4_ob_target_swept_liquidity_swing;h4_ob_target_within_daily_ob
2023-10-26,Thursday,ny,2023-10-26 13:00:00+00:00,2023-10-26 18:00:00+00:00,bearish,158.466,158.735,157.39,158.679,0.26900000000000546,11.380649688552671,loss,-0.7918215613382511,cut_19h,0.6802973977695815,-0.7918215613382511,cut_19h,False,1,5,0 days 05:00:00,0.0,False,-31.61,22.0,4.0,2023-10-26 13:00:00+00:00,False,158.715,158.579,1,daily_mitigation_ob_caused_displacement;daily_mitigation_ob_caused_imbalance;daily_mitigation_ob_flip_zone;daily_mitigation_ob_has_inducement;daily_mitigation_ob_swept_liquidity;daily_mitigation_ob_swept_liquidity_fractal;daily_mitigation_ob_swept_liquidity_fvg;daily_mitigation_ob_swept_liquidity_internal;daily_mitigation_ob_swept_liquidity_previous_candle;daily_mitigation_ob_swept_liquidity_swing;daily_ob_target_flip_zone;daily_ob_target_swept_liquidity_fractal;daily_ob_target_swept_liquidity_fvg;daily_ob_target_swept_liquidity_internal;daily_ob_target_swept_liquidity_previous_candle;daily_ob_target_swept_liquidity_swing;h1_mitigation_ob_flip_zone;h1_mitigation_ob_swept_liquidity;h1_mitigation_ob_swept_liquidity_fvg;h1_mitigation_ob_swept_liquidity_previous_candle;h1_mitigation_ob_swept_liquidity_swing;h1_ob_target_flip_zone;h1_ob_target_swept_liquidity;h1_ob_target_swept_liquidity_fractal;h1_ob_target_swept_liquidity_fvg;h1_ob_target_swept_liquidity_swing;h4_mitigation_ob_caused_displacement;h4_mitigation_ob_caused_imbalance;h4_mitigation_ob_flip_zone;h4_mitigation_ob_has_inducement;h4_mitigation_ob_swept_liquidity;h4_mitigation_ob_swept_liquidity_fractal;h4_mitigation_ob_swept_liquidity_fvg;h4_mitigation_ob_swept_liquidity_internal;h4_mitigation_ob_swept_liquidity_previous_candle;h4_mitigation_ob_swept_liquidity_swing;h4_mitigation_ob_within_daily_ob;h4_ob_target_caused_displacement;h4_ob_target_caused_imbalance;h4_ob_target_flip_zone;h4_ob_target_has_inducement;h4_ob_target_swept_liquidity;h4_ob_target_swept_liquidity_fractal;h4_ob_target_swept_liquidity_fvg;h4_ob_target_swept_liquidity_internal;h4_ob_target_swept_liquidity_previous_candle;h4_ob_target_swept_liquidity_swing;h4_ob_target_within_daily_ob
2023-10-27,Friday,london,2023-10-27 07:00:00+00:00,2023-10-27 11:00:00+00:00,bullish,158.535,158.307,159.44700000000003,158.307,0.22800000000000864,20.615884527662622,loss,-1.0,sl,0.0570175438596699,-1.0,sl,False,0,4,0 days 04:00:00,18.999999999999773,False,-31.61,22.0,4.0,2023-10-27 07:00:00+00:00,False,158.588,158.327,1,daily_mitigation_ob_caused_displacement;daily_mitigation_ob_caused_imbalance;daily_mitigation_ob_flip_zone;daily_mitigation_ob_has_inducement;daily_mitigation_ob_swept_liquidity;daily_mitigation_ob_swept_liquidity_fractal;daily_mitigation_ob_swept_liquidity_fvg;daily_mitigation_ob_swept_liquidity_internal;daily_mitigation_ob_swept_liquidity_previous_candle;daily_mitigation_ob_swept_liquidity_swing;daily_ob_target_caused_displacement;daily_ob_target_caused_imbalance;daily_ob_target_flip_zone;daily_ob_target_has_inducement;daily_ob_target_swept_liquidity;daily_ob_target_swept_liquidity_fractal;daily_ob_target_swept_liquidity_fvg;daily_ob_target_swept_liquidity_internal;daily_ob_target_swept_liquidity_previous_candle;daily_ob_target_swept_liquidity_swing;h1_mitigation_ob_flip_zone;h1_mitigation_ob_swept_liquidity;h1_mitigation_ob_swept_liquidity_fvg;h1_mitigation_ob_swept_liquidity_internal;h1_mitigation_ob_swept_liquidity_previous_candle;h1_mitigation_ob_swept_liquidity_swing;h1_ob_target_flip_zone;h1_ob_target_swept_liquidity_fractal;h1_ob_target_swept_liquidity_fvg;h1_ob_target_swept_liquidity_internal;h1_ob_target_swept_liquidity_previous_candle;h1_ob_target_swept_liquidity_swing;h4_mitigation_ob_caused_displacement;h4_mitigation_ob_caused_imbalance;h4_mitigation_ob_flip_zone;h4_mitigation_ob_has_inducement;h4_mitigation_ob_swept_liquidity;h4_mitigation_ob_swept_liquidity_fractal;h4_mitigation_ob_swept_liquidity_fvg;h4_mitigation_ob_swept_liquidity_internal;h4_mitigation_ob_swept_liquidity_previous_candle;h4_mitigation_ob_swept_liquidity_swing;h4_mitigation_ob_within_daily_ob;h4_ob_target_caused_displacement;h4_ob_target_caused_imbalance;h4_ob_target_flip_zone;h4_ob_target_has_inducement;h4_ob_target_swept_liquidity;h4_ob_target_swept_liquidity_fractal;h4_ob_target_swept_liquidity_fvg;h4_ob_target_swept_liquidity_internal;h4_ob_target_swept_liquidity_previous_candle;h4_ob_target_swept_liquidity_swing;h4_ob_target_within_daily_ob
2023-10-27,Friday,london,2023-10-27 08:00:00+00:00,2023-10-27 18:00:00+00:00,bearish,158.507,158.75300000000001,157.52299999999997,157.996,0.24600000000000932,5.432133772456535,win,2.077235772357627,friday_close,2.414634146341348,2.077235772357627,friday_close,False,0,10,0 days 10:00:00,0.0,False,-31.61,22.0,4.0,2023-10-27 08:00:00+00:00,False,158.733,158.612,1,daily_mitigation_ob_caused_displacement;daily_mitigation_ob_caused_imbalance;daily_mitigation_ob_flip_zone;daily_mitigation_ob_has_inducement;daily_mitigation_ob_swept_liquidity;daily_mitigation_ob_swept_liquidity_fractal;daily_mitigation_ob_swept_liquidity_fvg;daily_mitigation_ob_swept_liquidity_internal;daily_mitigation_ob_swept_liquidity_previous_candle;daily_mitigation_ob_swept_liquidity_swing;daily_ob_target_flip_zone;daily_ob_target_swept_liquidity;daily_ob_target_swept_liquidity_fvg;daily_ob_target_swept_liquidity_internal;daily_ob_target_swept_liquidity_previous_candle;daily_ob_target_swept_liquidity_swing;h1_mitigation_ob_flip_zone;h1_mitigation_ob_swept_liquidity_fractal;h1_mitigation_ob_swept_liquidity_fvg;h1_mitigation_ob_swept_liquidity_internal;h1_mitigation_ob_swept_liquidity_previous_candle;h1_mitigation_ob_swept_liquidity_swing;h1_ob_target_flip_zone;h1_ob_target_swept_liquidity;h1_ob_target_swept_liquidity_fractal;h1_ob_target_swept_liquidity_fvg;h1_ob_target_swept_liquidity_swing;h4_mitigation_ob_caused_displacement;h4_mitigation_ob_caused_imbalance;h4_mitigation_ob_flip_zone;h4_mitigation_ob_has_inducement;h4_mitigation_ob_swept_liquidity;h4_mitigation_ob_swept_liquidity_fractal;h4_mitigation_ob_swept_liquidity_fvg;h4_mitigation_ob_swept_liquidity_internal;h4_mitigation_ob_swept_liquidity_previous_candle;h4_mitigation_ob_swept_liquidity_swing;h4_mitigation_ob_within_daily_ob;h4_ob_target_caused_displacement;h4_ob_target_caused_imbalance;h4_ob_target_flip_zone;h4_ob_target_has_inducement;h4_ob_target_swept_liquidity;h4_ob_target_swept_liquidity_fractal;h4_ob_target_swept_liquidity_fvg;h4_ob_target_swept_liquidity_internal;h4_ob_target_swept_liquidity_previous_candle;h4_ob_target_swept_liquidity_swing;h4_ob_target_within_daily_ob
2023-10-30,Monday,london,2023-10-30 07:00:00+00:00,2023-10-30 08:00:00+00:00,bullish,157.842,157.71599999999998,158.34600000000015,157.71599999999998,0.1260000000000332,-2.1282178838946684,loss,-1.0,sl,0.0,-1.0,sl,False,0,1,0 days 01:00:00,2.0999999999986585,True,-31.61,22.0,4.0,2023-10-30 07:00:00+00:00,False,157.822,157.736,1,daily_mitigation_ob_flip_zone;daily_mitigation_ob_swept_liquidity_fractal;daily_mitigation_ob_swept_liquidity_fvg;daily_mitigation_ob_swept_liquidity_internal;daily_mitigation_ob_swept_liquidity_previous_candle;daily_mitigation_ob_swept_liquidity_swing;daily_ob_target_caused_displacement;daily_ob_target_caused_imbalance;daily_ob_target_flip_zone;daily_ob_target_has_inducement;daily_ob_target_swept_liquidity;daily_ob_target_swept_liquidity_fractal;daily_ob_target_swept_liquidity_fvg;daily_ob_target_swept_liquidity_internal;daily_ob_target_swept_liquidity_previous_candle;daily_ob_target_swept_liquidity_swing;h1_mitigation_ob_flip_zone;h1_mitigation_ob_swept_liquidity;h1_mitigation_ob_swept_liquidity_fractal;h1_mitigation_ob_swept_liquidity_fvg;h1_mitigation_ob_swept_liquidity_previous_candle;h1_mitigation_ob_swept_liquidity_swing;h1_ob_target_flip_zone;h1_ob_target_swept_liquidity;h1_ob_target_swept_liquidity_fvg;h1_ob_target_swept_liquidity_internal;h1_ob_target_swept_liquidity_previous_candle;h1_ob_target_swept_liquidity_swing;h4_mitigation_ob_caused_displacement;h4_mitigation_ob_caused_imbalance;h4_mitigation_ob_flip_zone;h4_mitigation_ob_has_inducement;h4_mitigation_ob_swept_liquidity;h4_mitigation_ob_swept_liquidity_fractal;h4_mitigation_ob_swept_liquidity_fvg;h4_mitigation_ob_swept_liquidity_internal;h4_mitigation_ob_swept_liquidity_previous_candle;h4_mitigation_ob_swept_liquidity_swing;h4_mitigation_ob_within_daily_ob;h4_ob_target_flip_zone;h4_ob_target_swept_liquidity_fractal;h4_ob_target_swept_liquidity_fvg;h4_ob_target_swept_liquidity_internal;h4_ob_target_swept_liquidity_previous_candle;h4_ob_target_swept_liquidity_swing
2023-11-13,Monday,ny,2023-11-13 14:00:00+00:00,2023-11-13 15:00:00+00:00,bullish,162.162,161.785,163.67000000000004,161.785,0.37700000000000955,-10.623072260978724,loss,-1.0,sl,0.0,-1.0,sl,False,0,1,0 days 01:00:00,25.100000000000477,False,-31.61,22.0,4.0,2023-11-13 14:00:00+00:00,False,161.945,161.805,2,daily_mitigation_ob_caused_displacement;daily_mitigation_ob_caused_imbalance;daily_mitigation_ob_flip_zone;daily_mitigation_ob_has_inducement;daily_mitigation_ob_swept_liquidity;daily_mitigation_ob_swept_liquidity_fractal;daily_mitigation_ob_swept_liquidity_fvg;daily_mitigation_ob_swept_liquidity_internal;daily_mitigation_ob_swept_liquidity_previous_candle;daily_mitigation_ob_swept_liquidity_swing;daily_ob_target_flip_zone;daily_ob_target_swept_liquidity;daily_ob_target_swept_liquidity_fvg;daily_ob_target_swept_liquidity_internal;daily_ob_target_swept_liquidity_previous_candle;daily_ob_target_swept_liquidity_swing;h1_mitigation_ob_flip_zone;h1_mitigation_ob_swept_liquidity_fractal;h1_mitigation_ob_swept_liquidity_fvg;h1_mitigation_ob_swept_liquidity_internal;h1_mitigation_ob_swept_liquidity_previous_candle;h1_mitigation_ob_swept_liquidity_swing;h1_ob_target_flip_zone;h1_ob_target_swept_liquidity_fractal;h1_ob_target_swept_liquidity_fvg;h1_ob_target_swept_liquidity_internal;h1_ob_target_swept_liquidity_previous_candle;h1_ob_target_swept_liquidity_swing;h4_mitigation_ob_caused_displacement;h4_mitigation_ob_caused_imbalance;h4_mitigation_ob_flip_zone;h4_mitigation_ob_has_inducement;h4_mitigation_ob_swept_liquidity;h4_mitigation_ob_swept_liquidity_fractal;h4_mitigation_ob_swept_liquidity_fvg;h4_mitigation_ob_swept_liquidity_internal;h4_mitigation_ob_swept_liquidity_previous_candle;h4_mitigation_ob_swept_liquidity_swing;h4_mitigation_ob_within_daily_ob;h4_ob_target_caused_displacement;h4_ob_target_caused_imbalance;h4_ob_target_flip_zone;h4_ob_target_has_inducement;h4_ob_target_swept_liquidity;h4_ob_target_swept_liquidity_fractal;h4_ob_target_swept_liquidity_fvg;h4_ob_target_swept_liquidity_internal;h4_ob_target_swept_liquidity_previous_candle;h4_ob_target_swept_liquidity_swing;h4_ob_target_within_daily_ob
2023-11-22,Wednesday,london,2023-11-22 08:00:00+00:00,2023-11-22 18:00:00+00:00,bearish,162.557,162.894,161.20899999999992,162.894,0.3370000000000175,-10.463514580017177,loss,-1.0,sl,1.3738872403559934,-1.0,sl,False,0,10,0 days 10:00:00,4.300000000000637,False,-31.61,22.0,4.0,2023-11-22 08:00:00+00:00,False,162.874,162.547,1,daily_mitigation_ob_caused_displacement;daily_mitigation_ob_caused_imbalance;daily_mitigation_ob_flip_zone;daily_mitigation_ob_has_inducement;daily_mitigation_ob_swept_liquidity;daily_mitigation_ob_swept_liquidity_fractal;daily_mitigation_ob_swept_liquidity_fvg;daily_mitigation_ob_swept_liquidity_internal;daily_mitigation_ob_swept_liquidity_previous_candle;daily_mitigation_ob_swept_liquidity_swing;daily_ob_target_caused_displacement;daily_ob_target_caused_imbalance;daily_ob_target_flip_zone;daily_ob_target_has_inducement;daily_ob_target_swept_liquidity;daily_ob_target_swept_liquidity_fractal;daily_ob_target_swept_liquidity_fvg;daily_ob_target_swept_liquidity_internal;daily_ob_target_swept_liquidity_previous_candle;daily_ob_target_swept_liquidity_swing;h1_mitigation_ob_flip_zone;h1_mitigation_ob_swept_liquidity;h1_mitigation_ob_swept_liquidity_fractal;h1_mitigation_ob_swept_liquidity_internal;h1_mitigation_ob_swept_liquidity_previous_candle;h1_mitigation_ob_swept_liquidity_swing;h1_ob_target_flip_zone;h1_ob_target_swept_liquidity_fractal;h1_ob_target_swept_liquidity_fvg;h1_ob_target_swept_liquidity_internal;h1_ob_target_swept_liquidity_previous_candle;h1_ob_target_swept_liquidity_swing;h4_mitigation_ob_caused_displacement;h4_mitigation_ob_caused_imbalance;h4_mitigation_ob_flip_zone;h4_mitigation_ob_has_inducement;h4_mitigation_ob_swept_liquidity;h4_mitigation_ob_swept_liquidity_fractal;h4_mitigation_ob_swept_liquidity_fvg;h4_mitigation_ob_swept_liquidity_internal;h4_mitigation_ob_swept_liquidity_previous_candle;h4_mitigation_ob_swept_liquidity_swing;h4_mitigation_ob_within_daily_ob;h4_ob_target_flip_zone;h4_ob_target_swept_liquidity_fractal;h4_ob_target_swept_liquidity_fvg;h4_ob_target_swept_liquidity_internal;h4_ob_target_swept_liquidity_previous_candle;h4_ob_target_swept_liquidity_swing
2023-11-23,Thursday,ny,2023-11-23 12:00:00+00:00,2023-11-23 19:00:00+00:00,bearish,162.934,163.351,161.266,163.107,0.4170000000000016,-8.949827266715268,loss,-0.41486810551559034,cut_19h,0.2038369304556538,-0.41486810551559034,cut_19h,False,1,7,0 days 07:00:00,0.0,False,-31.61,22.0,4.0,2023-11-23 11:00:00+00:00,True,163.331,163.036,1,daily_mitigation_ob_caused_displacement;daily_mitigation_ob_caused_imbalance;daily_mitigation_ob_flip_zone;daily_mitigation_ob_has_inducement;daily_mitigation_ob_swept_liquidity;daily_mitigation_ob_swept_liquidity_fractal;daily_mitigation_ob_swept_liquidity_fvg;daily_mitigation_ob_swept_liquidity_internal;daily_mitigation_ob_swept_liquidity_previous_candle;daily_mitigation_ob_swept_liquidity_swing;daily_ob_target_caused_displacement;daily_ob_target_caused_imbalance;daily_ob_target_flip_zone;daily_ob_target_has_inducement;daily_ob_target_swept_liquidity;daily_ob_target_swept_liquidity_fractal;daily_ob_target_swept_liquidity_fvg;daily_ob_target_swept_liquidity_internal;daily_ob_target_swept_liquidity_previous_candle;daily_ob_target_swept_liquidity_swing;h1_mitigation_ob_flip_zone;h1_mitigation_ob_swept_liquidity_fractal;h1_mitigation_ob_swept_liquidity_fvg;h1_mitigation_ob_swept_liquidity_internal;h1_mitigation_ob_swept_liquidity_previous_candle;h1_mitigation_ob_swept_liquidity_swing;h1_ob_target_flip_zone;h1_ob_target_swept_liquidity_fractal;h1_ob_target_swept_liquidity_fvg;h1_ob_target_swept_liquidity_internal;h1_ob_target_swept_liquidity_previous_candle;h1_ob_target_swept_liquidity_swing;h4_mitigation_ob_caused_displacement;h4_mitigation_ob_caused_imbalance;h4_mitigation_ob_flip_zone;h4_mitigation_ob_has_inducement;h4_mitigation_ob_swept_liquidity;h4_mitigation_ob_swept_liquidity_fractal;h4_mitigation_ob_swept_liquidity_fvg;h4_mitigation_ob_swept_liquidity_internal;h4_mitigation_ob_swept_liquidity_previous_candle;h4_mitigation_ob_swept_liquidity_swing;h4_mitigation_ob_within_daily_ob;h4_ob_target_flip_zone;h4_ob_target_swept_liquidity_fractal;h4_ob_target_swept_liquidity_fvg;h4_ob_target_swept_liquidity_internal;h4_ob_target_swept_liquidity_previous_candle;h4_ob_target_swept_liquidity_swing
2023-11-23,Thursday,ny,2023-11-23 14:00:00+00:00,2023-11-23 19:00:00+00:00,bearish,162.978,163.351,161.48600000000005,163.107,0.37299999999999045,-8.949827266715268,loss,-0.3458445040214316,cut_19h,0.002680965147465953,-0.3458445040214316,cut_19h,False,1,5,0 days 05:00:00,0.0,False,-31.61,22.0,4.0,2023-11-23 14:00:00+00:00,False,163.331,163.036,2,daily_mitigation_ob_caused_displacement;daily_mitigation_ob_caused_imbalance;daily_mitigation_ob_flip_zone;daily_mitigation_ob_has_inducement;daily_mitigation_ob_swept_liquidity;daily_mitigation_ob_swept_liquidity_fractal;daily_mitigation_ob_swept_liquidity_fvg;daily_mitigation_ob_swept_liquidity_internal;daily_mitigation_ob_swept_liquidity_previous_candle;daily_mitigation_ob_swept_liquidity_swing;daily_ob_target_caused_displacement;daily_ob_target_caused_imbalance;daily_ob_target_flip_zone;daily_ob_target_has_inducement;daily_ob_target_swept_liquidity;daily_ob_target_swept_liquidity_fractal;daily_ob_target_swept_liquidity_fvg;daily_ob_target_swept_liquidity_internal;daily_ob_target_swept_liquidity_previous_candle;daily_ob_target_swept_liquidity_swing;h1_mitigation_ob_flip_zone;h1_mitigation_ob_swept_liquidity_fractal;h1_mitigation_ob_swept_liquidity_fvg;h1_mitigation_ob_swept_liquidity_internal;h1_mitigation_ob_swept_liquidity_previous_candle;h1_mitigation_ob_swept_liquidity_swing;h1_ob_target_flip_zone;h1_ob_target_swept_liquidity_fractal;h1_ob_target_swept_liquidity_fvg;h1_ob_target_swept_liquidity_internal;h1_ob_target_swept_liquidity_previous_candle;h1_ob_target_swept_liquidity_swing;h4_mitigation_ob_caused_displacement;h4_mitigation_ob_caused_imbalance;h4_mitigation_ob_flip_zone;h4_mitigation_ob_has_inducement;h4_mitigation_ob_swept_liquidity;h4_mitigation_ob_swept_liquidity_fractal;h4_mitigation_ob_swept_liquidity_fvg;h4_mitigation_ob_swept_liquidity_internal;h4_mitigation_ob_swept_liquidity_previous_candle;h4_mitigation_ob_swept_liquidity_swing;h4_mitigation_ob_within_daily_ob;h4_ob_target_flip_zone;h4_ob_target_swept_liquidity_fractal;h4_ob_target_swept_liquidity_fvg;h4_ob_target_swept_liquidity_internal;h4_ob_target_swept_liquidity_previous_candle;h4_ob_target_swept_liquidity_swing
2023-11-24,Friday,london,2023-11-24 09:00:00+00:00,2023-11-24 14:00:00+00:00,bearish,163.139,163.568,161.423,163.568,0.42900000000000205,-31.746212156305564,loss,-1.0,sl,0.10023310023311459,-1.0,sl,False,0,5,0 days 05:00:00,3.099999999997749,False,-31.61,22.0,4.0,2023-11-24 09:00:00+00:00,False,163.548,163.254,1,daily_mitigation_ob_caused_displacement;daily_mitigation_ob_caused_imbalance;daily_mitigation_ob_flip_zone;daily_mitigation_ob_has_inducement;daily_mitigation_ob_swept_liquidity;daily_mitigation_ob_swept_liquidity_fractal;daily_mitigation_ob_swept_liquidity_fvg;daily_mitigation_ob_swept_liquidity_internal;daily_mitigation_ob_swept_liquidity_previous_candle;daily_mitigation_ob_swept_liquidity_swing;daily_ob_target_caused_displacement;daily_ob_target_caused_imbalance;daily_ob_target_flip_zone;daily_ob_target_has_inducement;daily_ob_target_swept_liquidity;daily_ob_target_swept_liquidity_fractal;daily_ob_target_swept_liquidity_fvg;daily_ob_target_swept_liquidity_internal;daily_ob_target_swept_liquidity_previous_candle;daily_ob_target_swept_liquidity_swing;h1_mitigation_ob_flip_zone;h1_mitigation_ob_swept_liquidity_fractal;h1_mitigation_ob_swept_liquidity_fvg;h1_mitigation_ob_swept_liquidity_internal;h1_mitigation_ob_swept_liquidity_previous_candle;h1_mitigation_ob_swept_liquidity_swing;h1_ob_target_flip_zone;h1_ob_target_swept_liquidity_fractal;h1_ob_target_swept_liquidity_fvg;h1_ob_target_swept_liquidity_internal;h1_ob_target_swept_liquidity_previous_candle;h1_ob_target_swept_liquidity_swing;h4_mitigation_ob_caused_displacement;h4_mitigation_ob_caused_imbalance;h4_mitigation_ob_flip_zone;h4_mitigation_ob_has_inducement;h4_mitigation_ob_swept_liquidity;h4_mitigation_ob_swept_liquidity_fractal;h4_mitigation_ob_swept_liquidity_fvg;h4_mitigation_ob_swept_liquidity_internal;h4_mitigation_ob_swept_liquidity_previous_candle;h4_mitigation_ob_swept_liquidity_swing;h4_mitigation_ob_within_daily_ob;h4_ob_target_flip_zone;h4_ob_target_swept_liquidity_fractal;h4_ob_target_swept_liquidity_fvg;h4_ob_target_swept_liquidity_internal;h4_ob_target_swept_liquidity_previous_candle;h4_ob_target_swept_liquidity_swing
2023-11-29,Wednesday,ny,2023-11-29 14:00:00+00:00,2023-11-29 15:00:00+00:00,bullish,162.021,161.79399999999998,162.929,161.79399999999998,0.22700000000000387,-20.8562146020211,loss,-1.0,sl,0.0,-1.0,sl,False,0,1,0 days 01:00:00,14.799999999999613,False,-31.61,22.0,4.0,2023-11-29 14:00:00+00:00,False,161.995,161.814,1,daily_mitigation_ob_caused_displacement;daily_mitigation_ob_caused_imbalance;daily_mitigation_ob_flip_zone;daily_mitigation_ob_has_inducement;daily_mitigation_ob_swept_liquidity;daily_mitigation_ob_swept_liquidity_fractal;daily_mitigation_ob_swept_liquidity_fvg;daily_mitigation_ob_swept_liquidity_internal;daily_mitigation_ob_swept_liquidity_previous_candle;daily_mitigation_ob_swept_liquidity_swing;daily_ob_target_caused_displacement;daily_ob_target_caused_imbalance;daily_ob_target_flip_zone;daily_ob_target_has_inducement;daily_ob_target_swept_liquidity;daily_ob_target_swept_liquidity_fractal;daily_ob_target_swept_liquidity_fvg;daily_ob_target_swept_liquidity_internal;daily_ob_target_swept_liquidity_previous_candle;daily_ob_target_swept_liquidity_swing;h1_mitigation_ob_flip_zone;h1_mitigation_ob_swept_liquidity_fractal;h1_mitigation_ob_swept_liquidity_fvg;h1_mitigation_ob_swept_liquidity_internal;h1_mitigation_ob_swept_liquidity_previous_candle;h1_mitigation_ob_swept_liquidity_swing;h1_ob_target_flip_zone;h1_ob_target_swept_liquidity;h1_ob_target_swept_liquidity_fractal;h1_ob_target_swept_liquidity_fvg;h1_ob_target_swept_liquidity_internal;h1_ob_target_swept_liquidity_swing;h4_mitigation_ob_caused_displacement;h4_mitigation_ob_caused_imbalance;h4_mitigation_ob_flip_zone;h4_mitigation_ob_has_inducement;h4_mitigation_ob_swept_liquidity;h4_mitigation_ob_swept_liquidity_fractal;h4_mitigation_ob_swept_liquidity_fvg;h4_mitigation_ob_swept_liquidity_internal;h4_mitigation_ob_swept_liquidity_previous_candle;h4_mitigation_ob_swept_liquidity_swing;h4_mitigation_ob_within_daily_ob;h4_ob_target_flip_zone;h4_ob_target_swept_liquidity_fractal;h4_ob_target_swept_liquidity_fvg;h4_ob_target_swept_liquidity_internal;h4_ob_target_swept_liquidity_previous_candle;h4_ob_target_swept_liquidity_swing
2023-12-05,Tuesday,london,2023-12-05 09:00:00+00:00,2023-12-05 10:00:00+00:00,bearish,159.291,159.466,158.59099999999995,159.466,0.17500000000001137,-4.335288333589326,loss,-1.0,sl,0.07428571428573934,-1.0,sl,False,0,1,0 days 01:00:00,4.999999999998295,True,-31.61,22.0,4.0,2023-12-05 09:00:00+00:00,False,159.446,159.224,1,daily_mitigation_ob_caused_displacement;daily_mitigation_ob_caused_imbalance;daily_mitigation_ob_flip_zone;daily_mitigation_ob_has_inducement;daily_mitigation_ob_swept_liquidity;daily_mitigation_ob_swept_liquidity_fractal;daily_mitigation_ob_swept_liquidity_fvg;daily_mitigation_ob_swept_liquidity_internal;daily_mitigation_ob_swept_liquidity_previous_candle;daily_mitigation_ob_swept_liquidity_swing;daily_ob_target_caused_displacement;daily_ob_target_caused_imbalance;daily_ob_target_flip_zone;daily_ob_target_has_inducement;daily_ob_target_swept_liquidity;daily_ob_target_swept_liquidity_fractal;daily_ob_target_swept_liquidity_fvg;daily_ob_target_swept_liquidity_internal;daily_ob_target_swept_liquidity_previous_candle;daily_ob_target_swept_liquidity_swing;h1_mitigation_ob_flip_zone;h1_mitigation_ob_swept_liquidity_fractal;h1_mitigation_ob_swept_liquidity_fvg;h1_mitigation_ob_swept_liquidity_internal;h1_mitigation_ob_swept_liquidity_previous_candle;h1_mitigation_ob_swept_liquidity_swing;h1_ob_target_caused_displacement;h1_ob_target_caused_imbalance;h1_ob_target_flip_zone;h1_ob_target_has_inducement;h1_ob_target_swept_liquidity;h1_ob_target_swept_liquidity_fractal;h1_ob_target_swept_liquidity_fvg;h1_ob_target_swept_liquidity_internal;h1_ob_target_swept_liquidity_previous_candle;h1_ob_target_swept_liquidity_swing;h1_ob_target_within_h4_ob;h4_mitigation_ob_flip_zone;h4_mitigation_ob_swept_liquidity;h4_mitigation_ob_swept_liquidity_fractal;h4_mitigation_ob_swept_liquidity_fvg;h4_mitigation_ob_swept_liquidity_internal;h4_mitigation_ob_swept_liquidity_swing;h4_ob_target_flip_zone;h4_ob_target_swept_liquidity;h4_ob_target_swept_liquidity_fractal;h4_ob_target_swept_liquidity_fvg;h4_ob_target_swept_liquidity_previous_candle;h4_ob_target_swept_liquidity_swing
2023-12-18,Monday,london,2023-12-18 08:00:00+00:00,2023-12-19 00:00:00+00:00,bullish,155.45,155.089,156.89399999999995,155.45,0.36099999999999,-21.46401597254188,breakeven,0.0,be_stop,2.3628808864266824,0.0,be_stop,True,1,16,0 days 16:00:00,7.099999999999795,False,-31.61,22.0,4.0,2023-12-18 08:00:00+00:00,False,155.37,155.109,1,daily_mitigation_ob_caused_displacement;daily_mitigation_ob_caused_imbalance;daily_mitigation_ob_flip_zone;daily_mitigation_ob_has_inducement;daily_mitigation_ob_swept_liquidity;daily_mitigation_ob_swept_liquidity_fractal;daily_mitigation_ob_swept_liquidity_fvg;daily_mitigation_ob_swept_liquidity_internal;daily_mitigation_ob_swept_liquidity_previous_candle;daily_mitigation_ob_swept_liquidity_swing;daily_ob_target_caused_displacement;daily_ob_target_caused_imbalance;daily_ob_target_flip_zone;daily_ob_target_has_inducement;daily_ob_target_swept_liquidity;daily_ob_target_swept_liquidity_fractal;daily_ob_target_swept_liquidity_fvg;daily_ob_target_swept_liquidity_internal;daily_ob_target_swept_liquidity_previous_candle;daily_ob_target_swept_liquidity_swing;h1_mitigation_ob_flip_zone;h1_mitigation_ob_swept_liquidity_fractal;h1_mitigation_ob_swept_liquidity_fvg;h1_mitigation_ob_swept_liquidity_internal;h1_mitigation_ob_swept_liquidity_previous_candle;h1_mitigation_ob_swept_liquidity_swing;h1_ob_target_flip_zone;h1_ob_target_swept_liquidity_fractal;h1_ob_target_swept_liquidity_fvg;h1_ob_target_swept_liquidity_internal;h1_ob_target_swept_liquidity_previous_candle;h1_ob_target_swept_liquidity_swing;h4_mitigation_ob_caused_displacement;h4_mitigation_ob_caused_imbalance;h4_mitigation_ob_flip_zone;h4_mitigation_ob_has_inducement;h4_mitigation_ob_swept_liquidity;h4_mitigation_ob_swept_liquidity_fractal;h4_mitigation_ob_swept_liquidity_fvg;h4_mitigation_ob_swept_liquidity_internal;h4_mitigation_ob_swept_liquidity_previous_candle;h4_mitigation_ob_swept_liquidity_swing;h4_mitigation_ob_within_daily_ob;h4_ob_target_flip_zone;h4_ob_target_swept_liquidity_fractal;h4_ob_target_swept_liquidity_fvg;h4_ob_target_swept_liquidity_internal;h4_ob_target_swept_liquidity_previous_candle;h4_ob_target_swept_liquidity_swing
2023-12-18,Monday,ny,2023-12-18 13:00:00+00:00,2023-12-18 14:00:00+00:00,bearish,155.975,156.132,155.34699999999995,156.132,0.1570000000000107,0.1873309111027359,loss,-1.0,sl,0.0,-1.0,sl,False,0,1,0 days 01:00:00,17.099999999999227,True,-31.61,22.0,4.0,2023-12-18 13:00:00+00:00,False,156.112,155.846,1,daily_mitigation_ob_caused_displacement;daily_mitigation_ob_caused_imbalance;daily_mitigation_ob_flip_zone;daily_mitigation_ob_has_inducement;daily_mitigation_ob_swept_liquidity;daily_mitigation_ob_swept_liquidity_fractal;daily_mitigation_ob_swept_liquidity_fvg;daily_mitigation_ob_swept_liquidity_internal;daily_mitigation_ob_swept_liquidity_previous_candle;daily_mitigation_ob_swept_liquidity_swing;daily_ob_target_caused_displacement;daily_ob_target_caused_imbalance;daily_ob_target_flip_zone;daily_ob_target_has_inducement;daily_ob_target_swept_liquidity;daily_ob_target_swept_liquidity_fractal;daily_ob_target_swept_liquidity_fvg;daily_ob_target_swept_liquidity_internal;daily_ob_target_swept_liquidity_previous_candle;daily_ob_target_swept_liquidity_swing;h1_mitigation_ob_flip_zone;h1_mitigation_ob_swept_liquidity_fractal;h1_mitigation_ob_swept_liquidity_fvg;h1_mitigation_ob_swept_liquidity_internal;h1_mitigation_ob_swept_liquidity_previous_candle;h1_mitigation_ob_swept_liquidity_swing;h1_ob_target_caused_displacement;h1_ob_target_caused_imbalance;h1_ob_target_flip_zone;h1_ob_target_has_inducement;h1_ob_target_swept_liquidity;h1_ob_target_swept_liquidity_fractal;h1_ob_target_swept_liquidity_fvg;h1_ob_target_swept_liquidity_internal;h1_ob_target_swept_liquidity_previous_candle;h1_ob_target_swept_liquidity_swing;h1_ob_target_within_h4_ob;h4_mitigation_ob_caused_displacement;h4_mitigation_ob_caused_imbalance;h4_mitigation_ob_flip_zone;h4_mitigation_ob_has_inducement;h4_mitigation_ob_swept_liquidity;h4_mitigation_ob_swept_liquidity_fractal;h4_mitigation_ob_swept_liquidity_fvg;h4_mitigation_ob_swept_liquidity_internal;h4_mitigation_ob_swept_liquidity_previous_candle;h4_mitigation_ob_swept_liquidity_swing;h4_mitigation_ob_within_daily_ob;h4_ob_target_caused_displacement;h4_ob_target_caused_imbalance;h4_ob_target_flip_zone;h4_ob_target_has_inducement;h4_ob_target_swept_liquidity;h4_ob_target_swept_liquidity_fractal;h4_ob_target_swept_liquidity_fvg;h4_ob_target_swept_liquidity_internal;h4_ob_target_swept_liquidity_previous_candle;h4_ob_target_swept_liquidity_swing;h4_ob_target_within_daily_ob
2023-12-19,Tuesday,london,2023-12-19 09:00:00+00:00,2023-12-19 10:00:00+00:00,bearish,158.14,158.491,156.73599999999988,158.491,0.3510000000000275,-11.519608975380427,loss,-1.0,sl,0.3133903133902467,-1.0,sl,False,0,1,0 days 01:00:00,7.499999999998863,False,-31.61,22.0,4.0,2023-12-19 09:00:00+00:00,False,158.471,158.292,1,daily_mitigation_ob_caused_displacement;daily_mitigation_ob_caused_imbalance;daily_mitigation_ob_flip_zone;daily_mitigation_ob_has_inducement;daily_mitigation_ob_swept_liquidity;daily_mitigation_ob_swept_liquidity_fractal;daily_mitigation_ob_swept_liquidity_fvg;daily_mitigation_ob_swept_liquidity_internal;daily_mitigation_ob_swept_liquidity_previous_candle;daily_mitigation_ob_swept_liquidity_swing;daily_ob_target_caused_displacement;daily_ob_target_caused_imbalance;daily_ob_target_flip_zone;daily_ob_target_has_inducement;daily_ob_target_swept_liquidity;daily_ob_target_swept_liquidity_fractal;daily_ob_target_swept_liquidity_fvg;daily_ob_target_swept_liquidity_internal;daily_ob_target_swept_liquidity_previous_candle;daily_ob_target_swept_liquidity_swing;h1_mitigation_ob_swept_liquidity_fractal;h1_mitigation_ob_swept_liquidity_fvg;h1_mitigation_ob_swept_liquidity_internal;h1_mitigation_ob_swept_liquidity_previous_candle;h1_mitigation_ob_swept_liquidity_swing;h1_ob_target_flip_zone;h1_ob_target_swept_liquidity_fractal;h1_ob_target_swept_liquidity_fvg;h1_ob_target_swept_liquidity_internal;h1_ob_target_swept_liquidity_previous_candle;h1_ob_target_swept_liquidity_swing;h4_mitigation_ob_caused_displacement;h4_mitigation_ob_caused_imbalance;h4_mitigation_ob_flip_zone;h4_mitigation_ob_has_inducement;h4_mitigation_ob_swept_liquidity;h4_mitigation_ob_swept_liquidity_fractal;h4_mitigation_ob_swept_liquidity_fvg;h4_mitigation_ob_swept_liquidity_internal;h4_mitigation_ob_swept_liquidity_previous_candle;h4_mitigation_ob_swept_liquidity_swing;h4_mitigation_ob_within_daily_ob;h4_ob_target_caused_displacement;h4_ob_target_caused_imbalance;h4_ob_target_flip_zone;h4_ob_target_has_inducement;h4_ob_target_swept_liquidity;h4_ob_target_swept_liquidity_fractal;h4_ob_target_swept_liquidity_fvg;h4_ob_target_swept_liquidity_internal;h4_ob_target_swept_liquidity_previous_candle;h4_ob_target_swept_liquidity_swing;h4_ob_target_within_daily_ob
2023-12-20,Wednesday,ny,2023-12-20 12:00:00+00:00,2023-12-20 22:00:00+00:00,bullish,157.019,156.63199999999998,158.56700000000012,157.019,0.3870000000000289,-18.066706749447327,breakeven,0.0,be_stop,1.8372093023254037,0.0,be_stop,True,1,10,0 days 10:00:00,23.00000000000182,False,-31.61,22.0,4.0,2023-12-20 12:00:00+00:00,False,156.836,156.652,1,daily_mitigation_ob_flip_zone;daily_mitigation_ob_swept_liquidity;daily_mitigation_ob_swept_liquidity_fractal;daily_mitigation_ob_swept_liquidity_fvg;daily_mitigation_ob_swept_liquidity_internal;daily_mitigation_ob_swept_liquidity_previous_candle;daily_ob_target_caused_displacement;daily_ob_target_caused_imbalance;daily_ob_target_flip_zone;daily_ob_target_has_inducement;daily_ob_target_swept_liquidity;daily_ob_target_swept_liquidity_fractal;daily_ob_target_swept_liquidity_fvg;daily_ob_target_swept_liquidity_internal;daily_ob_target_swept_liquidity_previous_candle;daily_ob_target_swept_liquidity_swing;h1_mitigation_ob_flip_zone;h1_mitigation_ob_swept_liquidity_fractal;h1_mitigation_ob_swept_liquidity_fvg;h1_mitigation_ob_swept_liquidity_internal;h1_mitigation_ob_swept_liquidity_previous_candle;h1_mitigation_ob_swept_liquidity_swing;h1_ob_target_flip_zone;h1_ob_target_swept_liquidity;h1_ob_target_swept_liquidity_fractal;h1_ob_target_swept_liquidity_fvg;h1_ob_target_swept_liquidity_internal;h1_ob_target_swept_liquidity_swing;h4_mitigation_ob_caused_displacement;h4_mitigation_ob_caused_imbalance;h4_mitigation_ob_flip_zone;h4_mitigation_ob_has_inducement;h4_mitigation_ob_swept_liquidity;h4_mitigation_ob_swept_liquidity_fractal;h4_mitigation_ob_swept_liquidity_fvg;h4_mitigation_ob_swept_liquidity_internal;h4_mitigation_ob_swept_liquidity_previous_candle;h4_mitigation_ob_swept_liquidity_swing;h4_mitigation_ob_within_daily_ob;h4_ob_target_caused_displacement;h4_ob_target_caused_imbalance;h4_ob_target_flip_zone;h4_ob_target_has_inducement;h4_ob_target_swept_liquidity;h4_ob_target_swept_liquidity_fractal;h4_ob_target_swept_liquidity_fvg;h4_ob_target_swept_liquidity_internal;h4_ob_target_swept_liquidity_previous_candle;h4_ob_target_swept_liquidity_swing;h4_ob_target_within_daily_ob
2023-12-27,Wednesday,ny,2023-12-27 13:00:00+00:00,2023-12-27 14:00:00+00:00,bearish,157.829,158.139,156.589,158.139,0.3100000000000023,-28.03295550937179,loss,-1.0,sl,0.13870967741937437,-1.0,sl,False,0,1,0 days 01:00:00,22.199999999998,False,-31.61,22.0,4.0,2023-12-27 13:00:00+00:00,False,158.119,157.791,1,daily_mitigation_ob_caused_displacement;daily_mitigation_ob_caused_imbalance;daily_mitigation_ob_flip_zone;daily_mitigation_ob_has_inducement;daily_mitigation_ob_swept_liquidity;daily_mitigation_ob_swept_liquidity_fractal;daily_mitigation_ob_swept_liquidity_fvg;daily_mitigation_ob_swept_liquidity_internal;daily_mitigation_ob_swept_liquidity_previous_candle;daily_mitigation_ob_swept_liquidity_swing;daily_ob_target_caused_displacement;daily_ob_target_caused_imbalance;daily_ob_target_flip_zone;daily_ob_target_has_inducement;daily_ob_target_swept_liquidity;daily_ob_target_swept_liquidity_fractal;daily_ob_target_swept_liquidity_fvg;daily_ob_target_swept_liquidity_internal;daily_ob_target_swept_liquidity_previous_candle;daily_ob_target_swept_liquidity_swing;h1_mitigation_ob_flip_zone;h1_mitigation_ob_swept_liquidity;h1_mitigation_ob_swept_liquidity_fractal;h1_mitigation_ob_swept_liquidity_internal;h1_mitigation_ob_swept_liquidity_previous_candle;h1_mitigation_ob_swept_liquidity_swing;h1_ob_target_flip_zone;h1_ob_target_swept_liquidity;h1_ob_target_swept_liquidity_fractal;h1_ob_target_swept_liquidity_internal;h1_ob_target_swept_liquidity_swing;h4_mitigation_ob_caused_displacement;h4_mitigation_ob_caused_imbalance;h4_mitigation_ob_flip_zone;h4_mitigation_ob_has_inducement;h4_mitigation_ob_swept_liquidity;h4_mitigation_ob_swept_liquidity_fractal;h4_mitigation_ob_swept_liquidity_fvg;h4_mitigation_ob_swept_liquidity_internal;h4_mitigation_ob_swept_liquidity_previous_candle;h4_mitigation_ob_swept_liquidity_swing;h4_mitigation_ob_within_daily_ob;h4_ob_target_flip_zone;h4_ob_target_swept_liquidity_fractal;h4_ob_target_swept_liquidity_fvg;h4_ob_target_swept_liquidity_internal;h4_ob_target_swept_liquidity_previous_candle;h4_ob_target_swept_liquidity_swing
2023-12-28,Thursday,london,2023-12-28 08:00:00+00:00,2023-12-28 13:00:00+00:00,bullish,156.672,156.338,158.008,156.338,0.3340000000000032,15.542248739722245,loss,-1.0,sl,0.42814371257484823,-1.0,sl,False,0,5,0 days 05:00:00,7.499999999998863,False,-31.61,22.0,4.0,2023-12-28 08:00:00+00:00,False,156.499,156.358,1,daily_mitigation_ob_caused_displacement;daily_mitigation_ob_caused_imbalance;daily_mitigation_ob_flip_zone;daily_mitigation_ob_has_inducement;daily_mitigation_ob_swept_liquidity;daily_mitigation_ob_swept_liquidity_fractal;daily_mitigation_ob_swept_liquidity_fvg;daily_mitigation_ob_swept_liquidity_internal;daily_mitigation_ob_swept_liquidity_previous_candle;daily_mitigation_ob_swept_liquidity_swing;daily_ob_target_caused_displacement;daily_ob_target_caused_imbalance;daily_ob_target_flip_zone;daily_ob_target_has_inducement;daily_ob_target_swept_liquidity;daily_ob_target_swept_liquidity_fractal;daily_ob_target_swept_liquidity_fvg;daily_ob_target_swept_liquidity_internal;daily_ob_target_swept_liquidity_previous_candle;daily_ob_target_swept_liquidity_swing;h1_mitigation_ob_flip_zone;h1_mitigation_ob_swept_liquidity;h1_mitigation_ob_swept_liquidity_fractal;h1_mitigation_ob_swept_liquidity_fvg;h1_mitigation_ob_swept_liquidity_previous_candle;h1_mitigation_ob_swept_liquidity_swing;h1_ob_target_flip_zone;h1_ob_target_swept_liquidity_fractal;h1_ob_target_swept_liquidity_fvg;h1_ob_target_swept_liquidity_internal;h1_ob_target_swept_liquidity_previous_candle;h1_ob_target_swept_liquidity_swing;h4_mitigation_ob_caused_displacement;h4_mitigation_ob_caused_imbalance;h4_mitigation_ob_flip_zone;h4_mitigation_ob_has_inducement;h4_mitigation_ob_swept_liquidity;h4_mitigation_ob_swept_liquidity_fractal;h4_mitigation_ob_swept_liquidity_fvg;h4_mitigation_ob_swept_liquidity_internal;h4_mitigation_ob_swept_liquidity_previous_candle;h4_mitigation_ob_swept_liquidity_swing;h4_mitigation_ob_within_daily_ob;h4_ob_target_caused_displacement;h4_ob_target_caused_imbalance;h4_ob_target_flip_zone;h4_ob_target_has_inducement;h4_ob_target_swept_liquidity;h4_ob_target_swept_liquidity_fractal;h4_ob_target_swept_liquidity_fvg;h4_ob_target_swept_liquidity_internal;h4_ob_target_swept_liquidity_previous_candle;h4_ob_target_swept_liquidity_swing;h4_ob_target_within_daily_ob
