date,day_of_week,session,order_placed_time,order_completed_time,direction,entry_price,sl_price,tp_price,exit_price,sl_size,probability,result,realised_r,exit_reason,max_r_reached,terminal_r,terminal_reason,be_moved,checkpoints,bars_held,trade_duration,sl_excursion_pips,taken,applied_threshold,applied_max_sl_pips,applied_tp_multiple,mitigation_time,entry_deferred,ob_top,ob_bottom,ob_touch_no,excluded_gates
2024-01-03,Wednesday,london,2024-01-03 07:00:00+00:00,2024-01-04 10:00:00+00:00,bullish,180.057,179.291,183.12099999999995,183.12099999999995,0.7659999999999911,-34.38406218150968,win,4.0,tp,5.53655352480426,5.332898172323832,friday_close,True,2,27,1 days 03:00:00,0.0,False,-16.18,78.4,4.0,2024-01-03 07:00:00+00:00,False,179.527,179.311,1,daily_mitigation_ob_caused_displacement;daily_mitigation_ob_caused_imbalance;daily_mitigation_ob_flip_zone;daily_mitigation_ob_has_inducement;daily_mitigation_ob_swept_liquidity;daily_mitigation_ob_swept_liquidity_fractal;daily_mitigation_ob_swept_liquidity_fvg;daily_mitigation_ob_swept_liquidity_internal;daily_mitigation_ob_swept_liquidity_previous_candle;daily_mitigation_ob_swept_liquidity_swing;daily_ob_target_flip_zone;daily_ob_target_swept_liquidity;daily_ob_target_swept_liquidity_fractal;daily_ob_target_swept_liquidity_fvg;daily_ob_target_swept_liquidity_internal;daily_ob_target_swept_liquidity_swing;h1_mitigation_ob_flip_zone;h1_mitigation_ob_swept_liquidity_fractal;h1_mitigation_ob_swept_liquidity_fvg;h1_mitigation_ob_swept_liquidity_internal;h1_mitigation_ob_swept_liquidity_previous_candle;h1_mitigation_ob_swept_liquidity_swing;h1_ob_target_flip_zone;h1_ob_target_swept_liquidity;h1_ob_target_swept_liquidity_fractal;h1_ob_target_swept_liquidity_fvg;h1_ob_target_swept_liquidity_previous_candle;h4_mitigation_ob_caused_displacement;h4_mitigation_ob_caused_imbalance;h4_mitigation_ob_flip_zone;h4_mitigation_ob_has_inducement;h4_mitigation_ob_swept_liquidity;h4_mitigation_ob_swept_liquidity_fractal;h4_mitigation_ob_swept_liquidity_fvg;h4_mitigation_ob_swept_liquidity_internal;h4_mitigation_ob_swept_liquidity_previous_candle;h4_mitigation_ob_swept_liquidity_swing;h4_mitigation_ob_within_daily_ob;h4_ob_target_flip_zone;h4_ob_target_swept_liquidity;h4_ob_target_swept_liquidity_fvg;h4_ob_target_swept_liquidity_internal;h4_ob_target_swept_liquidity_previous_candle;h4_ob_target_swept_liquidity_swing
2024-01-03,Wednesday,london,2024-01-03 08:00:00+00:00,2024-01-03 09:00:00+00:00,bearish,180.228,180.299,179.94400000000002,180.299,0.07099999999999795,47.36026215909398,loss,-1.0,sl,0.0,-1.0,sl,False,0,1,0 days 01:00:00,3.499999999999659,True,-16.18,78.4,4.0,2024-01-03 08:00:00+00:00,False,180.279,180.108,1,daily_mitigation_ob_caused_displacement;daily_mitigation_ob_caused_imbalance;daily_mitigation_ob_flip_zone;daily_mitigation_ob_has_inducement;daily_mitigation_ob_swept_liquidity;daily_mitigation_ob_swept_liquidity_fractal;daily_mitigation_ob_swept_liquidity_fvg;daily_mitigation_ob_swept_liquidity_internal;daily_mitigation_ob_swept_liquidity_previous_candle;daily_mitigation_ob_swept_liquidity_swing;daily_ob_target_caused_displacement;daily_ob_target_caused_imbalance;daily_ob_target_flip_zone;daily_ob_target_has_inducement;daily_ob_target_swept_liquidity;daily_ob_target_swept_liquidity_fractal;daily_ob_target_swept_liquidity_fvg;daily_ob_target_swept_liquidity_internal;daily_ob_target_swept_liquidity_previous_candle;daily_ob_target_swept_liquidity_swing;h1_mitigation_ob_flip_zone;h1_mitigation_ob_swept_liquidity;h1_mitigation_ob_swept_liquidity_fractal;h1_mitigation_ob_swept_liquidity_fvg;h1_mitigation_ob_swept_liquidity_previous_candle;h1_ob_target_caused_displacement;h1_ob_target_caused_imbalance;h1_ob_target_flip_zone;h1_ob_target_has_inducement;h1_ob_target_swept_liquidity;h1_ob_target_swept_liquidity_fractal;h1_ob_target_swept_liquidity_fvg;h1_ob_target_swept_liquidity_internal;h1_ob_target_swept_liquidity_previous_candle;h1_ob_target_swept_liquidity_swing;h1_ob_target_within_h4_ob;h4_mitigation_ob_caused_displacement;h4_mitigation_ob_caused_imbalance;h4_mitigation_ob_flip_zone;h4_mitigation_ob_has_inducement;h4_mitigation_ob_swept_liquidity;h4_mitigation_ob_swept_liquidity_fractal;h4_mitigation_ob_swept_liquidity_fvg;h4_mitigation_ob_swept_liquidity_internal;h4_mitigation_ob_swept_liquidity_previous_candle;h4_mitigation_ob_swept_liquidity_swing;h4_mitigation_ob_within_daily_ob;h4_ob_target_caused_displacement;h4_ob_target_caused_imbalance;h4_ob_target_flip_zone;h4_ob_target_has_inducement;h4_ob_target_swept_liquidity;h4_ob_target_swept_liquidity_fractal;h4_ob_target_swept_liquidity_fvg;h4_ob_target_swept_liquidity_internal;h4_ob_target_swept_liquidity_previous_candle;h4_ob_target_swept_liquidity_swing;h4_ob_target_within_daily_ob
2024-01-03,Wednesday,london,2024-01-03 09:00:00+00:00,2024-01-03 12:00:00+00:00,bearish,180.115,180.54500000000002,178.39499999999998,180.54500000000002,0.4300000000000068,-29.864217610429034,loss,-1.0,sl,0.20000000000002643,-1.0,sl,False,0,3,0 days 03:00:00,1.3999999999981583,False,-16.18,78.4,4.0,2024-01-03 09:00:00+00:00,False,180.525,180.296,1,daily_mitigation_ob_caused_displacement;daily_mitigation_ob_caused_imbalance;daily_mitigation_ob_flip_zone;daily_mitigation_ob_has_inducement;daily_mitigation_ob_swept_liquidity;daily_mitigation_ob_swept_liquidity_fractal;daily_mitigation_ob_swept_liquidity_fvg;daily_mitigation_ob_swept_liquidity_internal;daily_mitigation_ob_swept_liquidity_previous_candle;daily_mitigation_ob_swept_liquidity_swing;daily_ob_target_caused_displacement;daily_ob_target_caused_imbalance;daily_ob_target_flip_zone;daily_ob_target_has_inducement;daily_ob_target_swept_liquidity;daily_ob_target_swept_liquidity_fractal;daily_ob_target_swept_liquidity_fvg;daily_ob_target_swept_liquidity_internal;daily_ob_target_swept_liquidity_previous_candle;daily_ob_target_swept_liquidity_swing;h1_mitigation_ob_flip_zone;h1_mitigation_ob_swept_liquidity;h1_mitigation_ob_swept_liquidity_fractal;h1_mitigation_ob_swept_liquidity_fvg;h1_ob_target_caused_displacement;h1_ob_target_caused_imbalance;h1_ob_target_flip_zone;h1_ob_target_has_inducement;h1_ob_target_swept_liquidity;h1_ob_target_swept_liquidity_fractal;h1_ob_target_swept_liquidity_fvg;h1_ob_target_swept_liquidity_internal;h1_ob_target_swept_liquidity_previous_candle;h1_ob_target_swept_liquidity_swing;h1_ob_target_within_h4_ob;h4_mitigation_ob_caused_displacement;h4_mitigation_ob_caused_imbalance;h4_mitigation_ob_flip_zone;h4_mitigation_ob_has_inducement;h4_mitigation_ob_swept_liquidity;h4_mitigation_ob_swept_liquidity_fractal;h4_mitigation_ob_swept_liquidity_fvg;h4_mitigation_ob_swept_liquidity_internal;h4_mitigation_ob_swept_liquidity_previous_candle;h4_mitigation_ob_swept_liquidity_swing;h4_mitigation_ob_within_daily_ob;h4_ob_target_caused_displacement;h4_ob_target_caused_imbalance;h4_ob_target_flip_zone;h4_ob_target_has_inducement;h4_ob_target_swept_liquidity;h4_ob_target_swept_liquidity_fractal;h4_ob_target_swept_liquidity_fvg;h4_ob_target_swept_liquidity_internal;h4_ob_target_swept_liquidity_previous_candle;h4_ob_target_swept_liquidity_swing;h4_ob_target_within_daily_ob
2024-01-04,Thursday,london,2024-01-04 08:00:00+00:00,2024-01-05 19:00:00+00:00,bullish,182.375,181.465,186.015,184.142,0.9099999999999966,-34.25413091658499,win,1.9417582417582446,friday_close,2.113186813186823,1.9417582417582446,friday_close,True,1,35,1 days 11:00:00,0.0,False,-16.18,78.4,4.0,2024-01-04 08:00:00+00:00,False,181.673,181.485,1,daily_mitigation_ob_caused_displacement;daily_mitigation_ob_caused_imbalance;daily_mitigation_ob_flip_zone;daily_mitigation_ob_has_inducement;daily_mitigation_ob_swept_liquidity;daily_mitigation_ob_swept_liquidity_fractal;daily_mitigation_ob_swept_liquidity_fvg;daily_mitigation_ob_swept_liquidity_internal;daily_mitigation_ob_swept_liquidity_previous_candle;daily_mitigation_ob_swept_liquidity_swing;daily_ob_target_flip_zone;daily_ob_target_swept_liquidity;daily_ob_target_swept_liquidity_fractal;daily_ob_target_swept_liquidity_internal;daily_ob_target_swept_liquidity_previous_candle;daily_ob_target_swept_liquidity_swing;h1_mitigation_ob_flip_zone;h1_mitigation_ob_swept_liquidity_fractal;h1_mitigation_ob_swept_liquidity_fvg;h1_mitigation_ob_swept_liquidity_internal;h1_mitigation_ob_swept_liquidity_previous_candle;h1_mitigation_ob_swept_liquidity_swing;h1_ob_target_flip_zone;h1_ob_target_swept_liquidity;h1_ob_target_swept_liquidity_fractal;h1_ob_target_swept_liquidity_fvg;h1_ob_target_swept_liquidity_internal;h1_ob_target_swept_liquidity_swing;h4_mitigation_ob_caused_displacement;h4_mitigation_ob_caused_imbalance;h4_mitigation_ob_flip_zone;h4_mitigation_ob_has_inducement;h4_mitigation_ob_swept_liquidity;h4_mitigation_ob_swept_liquidity_fractal;h4_mitigation_ob_swept_liquidity_fvg;h4_mitigation_ob_swept_liquidity_internal;h4_mitigation_ob_swept_liquidity_previous_candle;h4_mitigation_ob_swept_liquidity_swing;h4_mitigation_ob_within_daily_ob;h4_ob_target_flip_zone;h4_ob_target_swept_liquidity_fractal;h4_ob_target_swept_liquidity_fvg;h4_ob_target_swept_liquidity_internal;h4_ob_target_swept_liquidity_previous_candle;h4_ob_target_swept_liquidity_swing
2024-01-05,Friday,london,2024-01-05 08:00:00+00:00,2024-01-05 13:00:00+00:00,bullish,183.693,183.611,184.0210000000001,184.0210000000001,0.08200000000002206,-39.7042070163928,win,4.0,tp,7.378048780485695,-1.0,sl,False,0,5,0 days 05:00:00,6.399999999999295,False,-16.18,78.4,4.0,2024-01-05 08:00:00+00:00,False,183.808,183.631,1,daily_mitigation_ob_caused_displacement;daily_mitigation_ob_caused_imbalance;daily_mitigation_ob_flip_zone;daily_mitigation_ob_has_inducement;daily_mitigation_ob_swept_liquidity;daily_mitigation_ob_swept_liquidity_fractal;daily_mitigation_ob_swept_liquidity_fvg;daily_mitigation_ob_swept_liquidity_internal;daily_mitigation_ob_swept_liquidity_previous_candle;daily_mitigation_ob_swept_liquidity_swing;daily_ob_target_caused_displacement;daily_ob_target_caused_imbalance;daily_ob_target_flip_zone;daily_ob_target_has_inducement;daily_ob_target_swept_liquidity;daily_ob_target_swept_liquidity_fractal;daily_ob_target_swept_liquidity_fvg;daily_ob_target_swept_liquidity_internal;daily_ob_target_swept_liquidity_previous_candle;daily_ob_target_swept_liquidity_swing;h1_mitigation_ob_flip_zone;h1_mitigation_ob_swept_liquidity_fractal;h1_mitigation_ob_swept_liquidity_fvg;h1_mitigation_ob_swept_liquidity_internal;h1_mitigation_ob_swept_liquidity_previous_candle;h1_mitigation_ob_swept_liquidity_swing;h1_ob_target_caused_displacement;h1_ob_target_caused_imbalance;h1_ob_target_flip_zone;h1_ob_target_has_inducement;h1_ob_target_swept_liquidity;h1_ob_target_swept_liquidity_fractal;h1_ob_target_swept_liquidity_fvg;h1_ob_target_swept_liquidity_internal;h1_ob_target_swept_liquidity_previous_candle;h1_ob_target_swept_liquidity_swing;h1_ob_target_within_h4_ob;h4_mitigation_ob_caused_displacement;h4_mitigation_ob_caused_imbalance;h4_mitigation_ob_flip_zone;h4_mitigation_ob_has_inducement;h4_mitigation_ob_swept_liquidity;h4_mitigation_ob_swept_liquidity_fractal;h4_mitigation_ob_swept_liquidity_fvg;h4_mitigation_ob_swept_liquidity_internal;h4_mitigation_ob_swept_liquidity_previous_candle;h4_mitigation_ob_swept_liquidity_swing;h4_mitigation_ob_within_daily_ob;h4_ob_target_caused_displacement;h4_ob_target_caused_imbalance;h4_ob_target_flip_zone;h4_ob_target_has_inducement;h4_ob_target_swept_liquidity;h4_ob_target_swept_liquidity_fractal;h4_ob_target_swept_liquidity_fvg;h4_ob_target_swept_liquidity_internal;h4_ob_target_swept_liquidity_previous_candle;h4_ob_target_swept_liquidity_swing;h4_ob_target_within_daily_ob
2024-01-08,Monday,london,2024-01-08 08:00:00+00:00,2024-01-08 12:00:00+00:00,bearish,183.412,183.905,181.44000000000003,183.905,0.492999999999995,-36.03968827929807,loss,-1.0,sl,0.8052738336714479,-1.0,sl,False,0,4,0 days 04:00:00,9.200000000001296,False,-16.18,78.4,4.0,2024-01-08 08:00:00+00:00,False,183.885,183.613,1,daily_mitigation_ob_caused_displacement;daily_mitigation_ob_caused_imbalance;daily_mitigation_ob_flip_zone;daily_mitigation_ob_has_inducement;daily_mitigation_ob_swept_liquidity;daily_mitigation_ob_swept_liquidity_fractal;daily_mitigation_ob_swept_liquidity_fvg;daily_mitigation_ob_swept_liquidity_internal;daily_mitigation_ob_swept_liquidity_previous_candle;daily_mitigation_ob_swept_liquidity_swing;daily_ob_target_caused_displacement;daily_ob_target_caused_imbalance;daily_ob_target_flip_zone;daily_ob_target_has_inducement;daily_ob_target_swept_liquidity;daily_ob_target_swept_liquidity_fractal;daily_ob_target_swept_liquidity_fvg;daily_ob_target_swept_liquidity_internal;daily_ob_target_swept_liquidity_previous_candle;daily_ob_target_swept_liquidity_swing;h1_mitigation_ob_flip_zone;h1_mitigation_ob_swept_liquidity_fractal;h1_mitigation_ob_swept_liquidity_fvg;h1_mitigation_ob_swept_liquidity_internal;h1_mitigation_ob_swept_liquidity_previous_candle;h1_mitigation_ob_swept_liquidity_swing;h1_ob_target_flip_zone;h1_ob_target_swept_liquidity;h1_ob_target_swept_liquidity_fractal;h1_ob_target_swept_liquidity_internal;h1_ob_target_swept_liquidity_swing;h4_mitigation_ob_caused_displacement;h4_mitigation_ob_caused_imbalance;h4_mitigation_ob_flip_zone;h4_mitigation_ob_has_inducement;h4_mitigation_ob_swept_liquidity;h4_mitigation_ob_swept_liquidity_fractal;h4_mitigation_ob_swept_liquidity_fvg;h4_mitigation_ob_swept_liquidity_internal;h4_mitigation_ob_swept_liquidity_previous_candle;h4_mitigation_ob_swept_liquidity_swing;h4_mitigation_ob_within_daily_ob;h4_ob_target_flip_zone;h4_ob_target_swept_liquidity;h4_ob_target_swept_liquidity_fractal;h4_ob_target_swept_liquidity_internal;h4_ob_target_swept_liquidity_previous_candle;h4_ob_target_swept_liquidity_swing
2024-01-08,Monday,ny,2024-01-08 13:00:00+00:00,2024-01-08 19:00:00+00:00,bearish,183.621,184.156,181.48100000000002,183.771,0.5349999999999966,20.528507255426256,loss,-0.2803738317756602,cut_19h,0.6299065420561115,-0.2803738317756602,cut_19h,False,1,6,0 days 06:00:00,0.0,True,-16.18,78.4,4.0,2024-01-08 13:00:00+00:00,False,184.136,183.951,1,daily_mitigation_ob_caused_displacement;daily_mitigation_ob_caused_imbalance;daily_mitigation_ob_flip_zone;daily_mitigation_ob_has_inducement;daily_mitigation_ob_swept_liquidity;daily_mitigation_ob_swept_liquidity_fractal;daily_mitigation_ob_swept_liquidity_fvg;daily_mitigation_ob_swept_liquidity_internal;daily_mitigation_ob_swept_liquidity_previous_candle;daily_mitigation_ob_swept_liquidity_swing;daily_ob_target_caused_displacement;daily_ob_target_caused_imbalance;daily_ob_target_flip_zone;daily_ob_target_has_inducement;daily_ob_target_swept_liquidity;daily_ob_target_swept_liquidity_fractal;daily_ob_target_swept_liquidity_fvg;daily_ob_target_swept_liquidity_internal;daily_ob_target_swept_liquidity_previous_candle;daily_ob_target_swept_liquidity_swing;h1_mitigation_ob_flip_zone;h1_mitigation_ob_swept_liquidity_fractal;h1_mitigation_ob_swept_liquidity_fvg;h1_mitigation_ob_swept_liquidity_internal;h1_mitigation_ob_swept_liquidity_previous_candle;h1_mitigation_ob_swept_liquidity_swing;h1_ob_target_flip_zone;h1_ob_target_swept_liquidity_fractal;h1_ob_target_swept_liquidity_fvg;h1_ob_target_swept_liquidity_internal;h1_ob_target_swept_liquidity_previous_candle;h1_ob_target_swept_liquidity_swing;h4_mitigation_ob_caused_displacement;h4_mitigation_ob_caused_imbalance;h4_mitigation_ob_flip_zone;h4_mitigation_ob_has_inducement;h4_mitigation_ob_swept_liquidity;h4_mitigation_ob_swept_liquidity_fractal;h4_mitigation_ob_swept_liquidity_fvg;h4_mitigation_ob_swept_liquidity_internal;h4_mitigation_ob_swept_liquidity_previous_candle;h4_mitigation_ob_swept_liquidity_swing;h4_mitigation_ob_within_daily_ob;h4_ob_target_flip_zone;h4_ob_target_swept_liquidity;h4_ob_target_swept_liquidity_fractal;h4_ob_target_swept_liquidity_internal;h4_ob_target_swept_liquidity_previous_candle;h4_ob_target_swept_liquidity_swing
2024-01-10,Wednesday,london,2024-01-10 07:00:00+00:00,2024-01-10 19:00:00+00:00,bullish,184.029,183.64,185.58500000000004,185.58500000000004,0.38900000000001,-36.62203162233349,win,4.0,tp,5.475578406169514,1.7146529562981605,friday_close,True,2,12,0 days 12:00:00,0.0,False,-16.18,78.4,4.0,2024-01-10 06:00:00+00:00,True,183.872,183.66,1,daily_mitigation_ob_caused_displacement;daily_mitigation_ob_caused_imbalance;daily_mitigation_ob_flip_zone;daily_mitigation_ob_has_inducement;daily_mitigation_ob_swept_liquidity;daily_mitigation_ob_swept_liquidity_fractal;daily_mitigation_ob_swept_liquidity_fvg;daily_mitigation_ob_swept_liquidity_internal;daily_mitigation_ob_swept_liquidity_previous_candle;daily_mitigation_ob_swept_liquidity_swing;daily_ob_target_flip_zone;daily_ob_target_swept_liquidity;daily_ob_target_swept_liquidity_fractal;daily_ob_target_swept_liquidity_internal;daily_ob_target_swept_liquidity_previous_candle;daily_ob_target_swept_liquidity_swing;h1_mitigation_ob_flip_zone;h1_mitigation_ob_swept_liquidity;h1_mitigation_ob_swept_liquidity_fractal;h1_mitigation_ob_swept_liquidity_internal;h1_mitigation_ob_swept_liquidity_previous_candle;h1_mitigation_ob_swept_liquidity_swing;h1_ob_target_flip_zone;h1_ob_target_swept_liquidity;h1_ob_target_swept_liquidity_fractal;h1_ob_target_swept_liquidity_fvg;h1_ob_target_swept_liquidity_internal;h1_ob_target_swept_liquidity_swing;h4_mitigation_ob_caused_displacement;h4_mitigation_ob_caused_imbalance;h4_mitigation_ob_flip_zone;h4_mitigation_ob_has_inducement;h4_mitigation_ob_swept_liquidity;h4_mitigation_ob_swept_liquidity_fractal;h4_mitigation_ob_swept_liquidity_fvg;h4_mitigation_ob_swept_liquidity_internal;h4_mitigation_ob_swept_liquidity_previous_candle;h4_mitigation_ob_swept_liquidity_swing;h4_mitigation_ob_within_daily_ob;h4_ob_target_flip_zone;h4_ob_target_swept_liquidity_fractal;h4_ob_target_swept_liquidity_fvg;h4_ob_target_swept_liquidity_internal;h4_ob_target_swept_liquidity_previous_candle;h4_ob_target_swept_liquidity_swing
2024-01-12,Friday,london,2024-01-12 07:00:00+00:00,2024-01-12 19:00:00+00:00,bearish,185.148,185.71,182.89999999999995,184.696,0.5620000000000118,-33.98083066276212,win,0.8042704626334318,friday_close,1.2099644128113747,0.8042704626334318,friday_close,False,0,12,0 days 12:00:00,0.0,False,-16.18,78.4,4.0,2024-01-12 06:00:00+00:00,True,185.69,185.52,1,daily_mitigation_ob_caused_displacement;daily_mitigation_ob_caused_imbalance;daily_mitigation_ob_flip_zone;daily_mitigation_ob_has_inducement;daily_mitigation_ob_swept_liquidity;daily_mitigation_ob_swept_liquidity_fractal;daily_mitigation_ob_swept_liquidity_fvg;daily_mitigation_ob_swept_liquidity_internal;daily_mitigation_ob_swept_liquidity_previous_candle;daily_mitigation_ob_swept_liquidity_swing;daily_ob_target_flip_zone;daily_ob_target_swept_liquidity;daily_ob_target_swept_liquidity_fractal;daily_ob_target_swept_liquidity_internal;daily_ob_target_swept_liquidity_swing;h1_mitigation_ob_flip_zone;h1_mitigation_ob_swept_liquidity_fractal;h1_mitigation_ob_swept_liquidity_fvg;h1_mitigation_ob_swept_liquidity_internal;h1_mitigation_ob_swept_liquidity_previous_candle;h1_mitigation_ob_swept_liquidity_swing;h1_ob_target_flip_zone;h1_ob_target_swept_liquidity;h1_ob_target_swept_liquidity_fractal;h1_ob_target_swept_liquidity_fvg;h1_ob_target_swept_liquidity_internal;h1_ob_target_swept_liquidity_swing;h4_mitigation_ob_caused_displacement;h4_mitigation_ob_caused_imbalance;h4_mitigation_ob_flip_zone;h4_mitigation_ob_has_inducement;h4_mitigation_ob_swept_liquidity;h4_mitigation_ob_swept_liquidity_fractal;h4_mitigation_ob_swept_liquidity_fvg;h4_mitigation_ob_swept_liquidity_internal;h4_mitigation_ob_swept_liquidity_previous_candle;h4_mitigation_ob_swept_liquidity_swing;h4_mitigation_ob_within_daily_ob;h4_ob_target_flip_zone;h4_ob_target_swept_liquidity;h4_ob_target_swept_liquidity_fvg;h4_ob_target_swept_liquidity_internal;h4_ob_target_swept_liquidity_previous_candle;h4_ob_target_swept_liquidity_swing
2024-01-15,Monday,ny,2024-01-15 14:00:00+00:00,2024-01-15 21:00:00+00:00,bullish,185.51,185.30499999999998,186.33000000000004,185.51,0.2050000000000125,-32.616948236254956,breakeven,0.0,be_stop,1.0292682926829262,0.0,be_stop,True,1,7,0 days 07:00:00,7.699999999999818,False,-16.18,78.4,4.0,2024-01-15 14:00:00+00:00,False,185.471,185.325,1,daily_mitigation_ob_caused_displacement;daily_mitigation_ob_caused_imbalance;daily_mitigation_ob_flip_zone;daily_mitigation_ob_has_inducement;daily_mitigation_ob_swept_liquidity;daily_mitigation_ob_swept_liquidity_fractal;daily_mitigation_ob_swept_liquidity_fvg;daily_mitigation_ob_swept_liquidity_internal;daily_mitigation_ob_swept_liquidity_previous_candle;daily_mitigation_ob_swept_liquidity_swing;daily_ob_target_caused_displacement;daily_ob_target_caused_imbalance;daily_ob_target_flip_zone;daily_ob_target_has_inducement;daily_ob_target_swept_liquidity;daily_ob_target_swept_liquidity_fractal;daily_ob_target_swept_liquidity_fvg;daily_ob_target_swept_liquidity_internal;daily_ob_target_swept_liquidity_previous_candle;daily_ob_target_swept_liquidity_swing;h1_mitigation_ob_flip_zone;h1_mitigation_ob_swept_liquidity_fractal;h1_mitigation_ob_swept_liquidity_fvg;h1_mitigation_ob_swept_liquidity_internal;h1_mitigation_ob_swept_liquidity_previous_candle;h1_mitigation_ob_swept_liquidity_swing;h1_ob_target_flip_zone;h1_ob_target_swept_liquidity;h1_ob_target_swept_liquidity_fractal;h1_ob_target_swept_liquidity_fvg;h1_ob_target_swept_liquidity_internal;h1_ob_target_swept_liquidity_swing;h4_mitigation_ob_caused_displacement;h4_mitigation_ob_caused_imbalance;h4_mitigation_ob_flip_zone;h4_mitigation_ob_has_inducement;h4_mitigation_ob_swept_liquidity;h4_mitigation_ob_swept_liquidity_fractal;h4_mitigation_ob_swept_liquidity_fvg;h4_mitigation_ob_swept_liquidity_internal;h4_mitigation_ob_swept_liquidity_previous_candle;h4_mitigation_ob_swept_liquidity_swing;h4_mitigation_ob_within_daily_ob;h4_ob_target_caused_displacement;h4_ob_target_caused_imbalance;h4_ob_target_flip_zone;h4_ob_target_has_inducement;h4_ob_target_swept_liquidity;h4_ob_target_swept_liquidity_fractal;h4_ob_target_swept_liquidity_fvg;h4_ob_target_swept_liquidity_internal;h4_ob_target_swept_liquidity_previous_candle;h4_ob_target_swept_liquidity_swing;h4_ob_target_within_daily_ob
2024-01-17,Wednesday,london,2024-01-17 08:00:00+00:00,2024-01-17 14:00:00+00:00,bearish,187.088,187.53400000000002,185.3039999999999,187.53400000000002,0.4460000000000264,-10.323534793583438,loss,-1.0,sl,0.5358744394618614,-1.0,sl,False,0,6,0 days 06:00:00,2.4999999999977263,True,-16.18,78.4,4.0,2024-01-17 08:00:00+00:00,False,187.514,187.145,1,daily_mitigation_ob_flip_zone;daily_mitigation_ob_swept_liquidity;daily_mitigation_ob_swept_liquidity_fractal;daily_mitigation_ob_swept_liquidity_internal;daily_mitigation_ob_swept_liquidity_previous_candle;daily_mitigation_ob_swept_liquidity_swing;daily_ob_target_caused_displacement;daily_ob_target_caused_imbalance;daily_ob_target_flip_zone;daily_ob_target_has_inducement;daily_ob_target_swept_liquidity;daily_ob_target_swept_liquidity_fractal;daily_ob_target_swept_liquidity_fvg;daily_ob_target_swept_liquidity_internal;daily_ob_target_swept_liquidity_previous_candle;daily_ob_target_swept_liquidity_swing;h1_mitigation_ob_flip_zone;h1_mitigation_ob_swept_liquidity;h1_mitigation_ob_swept_liquidity_fractal;h1_mitigation_ob_swept_liquidity_fvg;h1_mitigation_ob_swept_liquidity_internal;h1_mitigation_ob_swept_liquidity_swing;h1_ob_target_flip_zone;h1_ob_target_swept_liquidity_fractal;h1_ob_target_swept_liquidity_fvg;h1_ob_target_swept_liquidity_internal;h1_ob_target_swept_liquidity_previous_candle;h1_ob_target_swept_liquidity_swing;h4_mitigation_ob_flip_zone;h4_mitigation_ob_swept_liquidity;h4_mitigation_ob_swept_liquidity_fractal;h4_mitigation_ob_swept_liquidity_fvg;h4_mitigation_ob_swept_liquidity_internal;h4_mitigation_ob_swept_liquidity_swing;h4_ob_target_flip_zone;h4_ob_target_swept_liquidity;h4_ob_target_swept_liquidity_fractal;h4_ob_target_swept_liquidity_internal;h4_ob_target_swept_liquidity_previous_candle;h4_ob_target_swept_liquidity_swing
2024-01-18,Thursday,london,2024-01-18 08:00:00+00:00,2024-01-18 15:00:00+00:00,bearish,187.65,187.851,186.84600000000003,187.851,0.2009999999999934,-36.021493192745645,loss,-1.0,sl,1.7014925373135532,-1.0,sl,False,0,7,0 days 07:00:00,1.300000000000523,False,-16.18,78.4,4.0,2024-01-18 08:00:00+00:00,False,187.831,187.689,1,daily_mitigation_ob_caused_displacement;daily_mitigation_ob_caused_imbalance;daily_mitigation_ob_flip_zone;daily_mitigation_ob_has_inducement;daily_mitigation_ob_swept_liquidity;daily_mitigation_ob_swept_liquidity_fractal;daily_mitigation_ob_swept_liquidity_fvg;daily_mitigation_ob_swept_liquidity_internal;daily_mitigation_ob_swept_liquidity_previous_candle;daily_mitigation_ob_swept_liquidity_swing;daily_ob_target_caused_displacement;daily_ob_target_caused_imbalance;daily_ob_target_flip_zone;daily_ob_target_has_inducement;daily_ob_target_swept_liquidity;daily_ob_target_swept_liquidity_fractal;daily_ob_target_swept_liquidity_fvg;daily_ob_target_swept_liquidity_internal;daily_ob_target_swept_liquidity_previous_candle;daily_ob_target_swept_liquidity_swing;h1_mitigation_ob_flip_zone;h1_mitigation_ob_swept_liquidity;h1_mitigation_ob_swept_liquidity_fractal;h1_mitigation_ob_swept_liquidity_internal;h1_mitigation_ob_swept_liquidity_swing;h1_ob_target_flip_zone;h1_ob_target_swept_liquidity;h1_ob_target_swept_liquidity_fractal;h1_ob_target_swept_liquidity_internal;h1_ob_target_swept_liquidity_previous_candle;h1_ob_target_swept_liquidity_swing;h4_mitigation_ob_caused_displacement;h4_mitigation_ob_caused_imbalance;h4_mitigation_ob_flip_zone;h4_mitigation_ob_has_inducement;h4_mitigation_ob_swept_liquidity;h4_mitigation_ob_swept_liquidity_fractal;h4_mitigation_ob_swept_liquidity_fvg;h4_mitigation_ob_swept_liquidity_internal;h4_mitigation_ob_swept_liquidity_previous_candle;h4_mitigation_ob_swept_liquidity_swing;h4_mitigation_ob_within_daily_ob;h4_ob_target_caused_displacement;h4_ob_target_caused_imbalance;h4_ob_target_flip_zone;h4_ob_target_has_inducement;h4_ob_target_swept_liquidity;h4_ob_target_swept_liquidity_fractal;h4_ob_target_swept_liquidity_fvg;h4_ob_target_swept_liquidity_internal;h4_ob_target_swept_liquidity_previous_candle;h4_ob_target_swept_liquidity_swing;h4_ob_target_within_daily_ob
2024-01-19,Friday,london,2024-01-19 09:00:00+00:00,2024-01-19 10:00:00+00:00,bullish,187.688,187.421,188.75599999999997,187.421,0.2669999999999959,-11.031432749223697,loss,-1.0,sl,0.16853932584275882,-1.0,sl,False,0,1,0 days 01:00:00,1.6999999999995907,True,-16.18,78.4,4.0,2024-01-19 09:00:00+00:00,False,187.75,187.441,1,daily_mitigation_ob_caused_displacement;daily_mitigation_ob_caused_imbalance;daily_mitigation_ob_flip_zone;daily_mitigation_ob_has_inducement;daily_mitigation_ob_swept_liquidity;daily_mitigation_ob_swept_liquidity_fractal;daily_mitigation_ob_swept_liquidity_fvg;daily_mitigation_ob_swept_liquidity_internal;daily_mitigation_ob_swept_liquidity_previous_candle;daily_mitigation_ob_swept_liquidity_swing;daily_ob_target_caused_displacement;daily_ob_target_caused_imbalance;daily_ob_target_flip_zone;daily_ob_target_has_inducement;daily_ob_target_swept_liquidity;daily_ob_target_swept_liquidity_fractal;daily_ob_target_swept_liquidity_fvg;daily_ob_target_swept_liquidity_internal;daily_ob_target_swept_liquidity_previous_candle;daily_ob_target_swept_liquidity_swing;h1_mitigation_ob_flip_zone;h1_mitigation_ob_swept_liquidity_fractal;h1_mitigation_ob_swept_liquidity_fvg;h1_mitigation_ob_swept_liquidity_internal;h1_mitigation_ob_swept_liquidity_previous_candle;h1_mitigation_ob_swept_liquidity_swing;h1_ob_target_flip_zone;h1_ob_target_swept_liquidity_fractal;h1_ob_target_swept_liquidity_fvg;h1_ob_target_swept_liquidity_internal;h1_ob_target_swept_liquidity_previous_candle;h1_ob_target_swept_liquidity_swing;h4_mitigation_ob_flip_zone;h4_mitigation_ob_swept_liquidity_fractal;h4_mitigation_ob_swept_liquidity_fvg;h4_mitigation_ob_swept_liquidity_internal;h4_mitigation_ob_swept_liquidity_previous_candle;h4_mitigation_ob_swept_liquidity_swing;h4_ob_target_caused_displacement;h4_ob_target_caused_imbalance;h4_ob_target_flip_zone;h4_ob_target_has_inducement;h4_ob_target_swept_liquidity;h4_ob_target_swept_liquidity_fractal;h4_ob_target_swept_liquidity_fvg;h4_ob_target_swept_liquidity_internal;h4_ob_target_swept_liquidity_previous_candle;h4_ob_target_swept_liquidity_swing;h4_ob_target_within_daily_ob
2024-01-23,Tuesday,london,2024-01-23 08:00:00+00:00,2024-01-23 19:00:00+00:00,bearish,187.587,188.43,184.21499999999992,188.113,0.8430000000000177,-33.73279397203921,loss,-0.6239620403321464,cut_19h,0.03677342823247549,-0.6239620403321464,cut_19h,False,1,11,0 days 11:00:00,0.0,False,-16.18,78.4,4.0,2024-01-23 08:00:00+00:00,False,188.41,188.222,1,daily_mitigation_ob_caused_displacement;daily_mitigation_ob_caused_imbalance;daily_mitigation_ob_flip_zone;daily_mitigation_ob_has_inducement;daily_mitigation_ob_swept_liquidity;daily_mitigation_ob_swept_liquidity_fractal;daily_mitigation_ob_swept_liquidity_fvg;daily_mitigation_ob_swept_liquidity_internal;daily_mitigation_ob_swept_liquidity_previous_candle;daily_mitigation_ob_swept_liquidity_swing;daily_ob_target_flip_zone;daily_ob_target_swept_liquidity;daily_ob_target_swept_liquidity_fractal;daily_ob_target_swept_liquidity_internal;daily_ob_target_swept_liquidity_previous_candle;daily_ob_target_swept_liquidity_swing;h1_mitigation_ob_flip_zone;h1_mitigation_ob_swept_liquidity;h1_mitigation_ob_swept_liquidity_fractal;h1_mitigation_ob_swept_liquidity_fvg;h1_mitigation_ob_swept_liquidity_previous_candle;h1_mitigation_ob_swept_liquidity_swing;h1_ob_target_flip_zone;h1_ob_target_swept_liquidity;h1_ob_target_swept_liquidity_fractal;h1_ob_target_swept_liquidity_internal;h1_ob_target_swept_liquidity_previous_candle;h1_ob_target_swept_liquidity_swing;h4_mitigation_ob_caused_displacement;h4_mitigation_ob_caused_imbalance;h4_mitigation_ob_flip_zone;h4_mitigation_ob_has_inducement;h4_mitigation_ob_swept_liquidity;h4_mitigation_ob_swept_liquidity_fractal;h4_mitigation_ob_swept_liquidity_fvg;h4_mitigation_ob_swept_liquidity_internal;h4_mitigation_ob_swept_liquidity_previous_candle;h4_mitigation_ob_swept_liquidity_swing;h4_mitigation_ob_within_daily_ob;h4_ob_target_flip_zone;h4_ob_target_swept_liquidity;h4_ob_target_swept_liquidity_fractal;h4_ob_target_swept_liquidity_internal;h4_ob_target_swept_liquidity_previous_candle;h4_ob_target_swept_liquidity_swing
2024-01-23,Tuesday,ny,2024-01-23 14:00:00+00:00,2024-01-23 19:00:00+00:00,bearish,188.093,188.43,186.74499999999992,188.113,0.3370000000000175,-36.836253090439776,loss,-0.059347181008929356,cut_19h,0.6587537091987195,-0.059347181008929356,cut_19h,False,1,5,0 days 05:00:00,0.0,False,-16.18,78.4,4.0,2024-01-23 14:00:00+00:00,False,188.41,188.222,2,daily_mitigation_ob_caused_displacement;daily_mitigation_ob_caused_imbalance;daily_mitigation_ob_flip_zone;daily_mitigation_ob_has_inducement;daily_mitigation_ob_swept_liquidity;daily_mitigation_ob_swept_liquidity_fractal;daily_mitigation_ob_swept_liquidity_fvg;daily_mitigation_ob_swept_liquidity_internal;daily_mitigation_ob_swept_liquidity_previous_candle;daily_mitigation_ob_swept_liquidity_swing;daily_ob_target_caused_displacement;daily_ob_target_caused_imbalance;daily_ob_target_flip_zone;daily_ob_target_has_inducement;daily_ob_target_swept_liquidity;daily_ob_target_swept_liquidity_fractal;daily_ob_target_swept_liquidity_fvg;daily_ob_target_swept_liquidity_internal;daily_ob_target_swept_liquidity_previous_candle;daily_ob_target_swept_liquidity_swing;h1_mitigation_ob_flip_zone;h1_mitigation_ob_swept_liquidity;h1_mitigation_ob_swept_liquidity_fractal;h1_mitigation_ob_swept_liquidity_fvg;h1_mitigation_ob_swept_liquidity_previous_candle;h1_mitigation_ob_swept_liquidity_swing;h1_ob_target_flip_zone;h1_ob_target_swept_liquidity;h1_ob_target_swept_liquidity_fractal;h1_ob_target_swept_liquidity_internal;h1_ob_target_swept_liquidity_previous_candle;h1_ob_target_swept_liquidity_swing;h4_mitigation_ob_caused_displacement;h4_mitigation_ob_caused_imbalance;h4_mitigation_ob_flip_zone;h4_mitigation_ob_has_inducement;h4_mitigation_ob_swept_liquidity;h4_mitigation_ob_swept_liquidity_fractal;h4_mitigation_ob_swept_liquidity_fvg;h4_mitigation_ob_swept_liquidity_internal;h4_mitigation_ob_swept_liquidity_previous_candle;h4_mitigation_ob_swept_liquidity_swing;h4_mitigation_ob_within_daily_ob;h4_ob_target_caused_displacement;h4_ob_target_caused_imbalance;h4_ob_target_flip_zone;h4_ob_target_has_inducement;h4_ob_target_swept_liquidity;h4_ob_target_swept_liquidity_fractal;h4_ob_target_swept_liquidity_fvg;h4_ob_target_swept_liquidity_internal;h4_ob_target_swept_liquidity_previous_candle;h4_ob_target_swept_liquidity_swing;h4_ob_target_within_daily_ob
2024-01-25,Thursday,london,2024-01-25 07:00:00+00:00,2024-01-25 13:00:00+00:00,bullish,188.008,187.62699999999998,189.53200000000012,187.62699999999998,0.38100000000002865,-38.490245623350724,loss,-1.0,sl,0.4671916010498265,-1.0,sl,False,0,6,0 days 06:00:00,13.299999999998136,False,-16.18,78.4,4.0,2024-01-25 07:00:00+00:00,False,187.826,187.647,1,daily_mitigation_ob_caused_displacement;daily_mitigation_ob_caused_imbalance;daily_mitigation_ob_flip_zone;daily_mitigation_ob_has_inducement;daily_mitigation_ob_swept_liquidity;daily_mitigation_ob_swept_liquidity_fractal;daily_mitigation_ob_swept_liquidity_fvg;daily_mitigation_ob_swept_liquidity_internal;daily_mitigation_ob_swept_liquidity_previous_candle;daily_mitigation_ob_swept_liquidity_swing;daily_ob_target_caused_displacement;daily_ob_target_caused_imbalance;daily_ob_target_flip_zone;daily_ob_target_has_inducement;daily_ob_target_swept_liquidity;daily_ob_target_swept_liquidity_fractal;daily_ob_target_swept_liquidity_fvg;daily_ob_target_swept_liquidity_internal;daily_ob_target_swept_liquidity_previous_candle;daily_ob_target_swept_liquidity_swing;h1_mitigation_ob_flip_zone;h1_mitigation_ob_swept_liquidity_fractal;h1_mitigation_ob_swept_liquidity_fvg;h1_mitigation_ob_swept_liquidity_internal;h1_mitigation_ob_swept_liquidity_previous_candle;h1_mitigation_ob_swept_liquidity_swing;h1_ob_target_caused_displacement;h1_ob_target_caused_imbalance;h1_ob_target_flip_zone;h1_ob_target_has_inducement;h1_ob_target_swept_liquidity;h1_ob_target_swept_liquidity_fractal;h1_ob_target_swept_liquidity_fvg;h1_ob_target_swept_liquidity_internal;h1_ob_target_swept_liquidity_previous_candle;h1_ob_target_swept_liquidity_swing;h1_ob_target_within_h4_ob;h4_mitigation_ob_caused_displacement;h4_mitigation_ob_caused_imbalance;h4_mitigation_ob_flip_zone;h4_mitigation_ob_has_inducement;h4_mitigation_ob_swept_liquidity;h4_mitigation_ob_swept_liquidity_fractal;h4_mitigation_ob_swept_liquidity_fvg;h4_mitigation_ob_swept_liquidity_internal;h4_mitigation_ob_swept_liquidity_previous_candle;h4_mitigation_ob_swept_liquidity_swing;h4_mitigation_ob_within_daily_ob;h4_ob_target_caused_displacement;h4_ob_target_caused_imbalance;h4_ob_target_flip_zone;h4_ob_target_has_inducement;h4_ob_target_swept_liquidity;h4_ob_target_swept_liquidity_fractal;h4_ob_target_swept_liquidity_fvg;h4_ob_target_swept_liquidity_internal;h4_ob_target_swept_liquidity_previous_candle;h4_ob_target_swept_liquidity_swing;h4_ob_target_within_daily_ob
2024-01-26,Friday,london,2024-01-26 09:00:00+00:00,2024-01-26 10:00:00+00:00,bearish,187.955,188.061,187.53100000000003,188.061,0.10599999999999454,-40.146603666569256,loss,-1.0,sl,0.49056603773607166,-1.0,sl,False,0,1,0 days 01:00:00,6.89999999999884,False,-16.18,78.4,4.0,2024-01-26 09:00:00+00:00,False,188.041,187.837,1,daily_mitigation_ob_caused_displacement;daily_mitigation_ob_caused_imbalance;daily_mitigation_ob_flip_zone;daily_mitigation_ob_has_inducement;daily_mitigation_ob_swept_liquidity;daily_mitigation_ob_swept_liquidity_fractal;daily_mitigation_ob_swept_liquidity_fvg;daily_mitigation_ob_swept_liquidity_internal;daily_mitigation_ob_swept_liquidity_previous_candle;daily_mitigation_ob_swept_liquidity_swing;daily_ob_target_caused_displacement;daily_ob_target_caused_imbalance;daily_ob_target_flip_zone;daily_ob_target_has_inducement;daily_ob_target_swept_liquidity;daily_ob_target_swept_liquidity_fractal;daily_ob_target_swept_liquidity_fvg;daily_ob_target_swept_liquidity_internal;daily_ob_target_swept_liquidity_previous_candle;daily_ob_target_swept_liquidity_swing;h1_mitigation_ob_flip_zone;h1_mitigation_ob_swept_liquidity;h1_mitigation_ob_swept_liquidity_fractal;h1_mitigation_ob_swept_liquidity_fvg;h1_mitigation_ob_swept_liquidity_internal;h1_mitigation_ob_swept_liquidity_swing;h1_ob_target_flip_zone;h1_ob_target_swept_liquidity;h1_ob_target_swept_liquidity_fvg;h1_ob_target_swept_liquidity_internal;h1_ob_target_swept_liquidity_previous_candle;h1_ob_target_swept_liquidity_swing;h4_mitigation_ob_caused_displacement;h4_mitigation_ob_caused_imbalance;h4_mitigation_ob_flip_zone;h4_mitigation_ob_has_inducement;h4_mitigation_ob_swept_liquidity;h4_mitigation_ob_swept_liquidity_fractal;h4_mitigation_ob_swept_liquidity_fvg;h4_mitigation_ob_swept_liquidity_internal;h4_mitigation_ob_swept_liquidity_previous_candle;h4_mitigation_ob_swept_liquidity_swing;h4_mitigation_ob_within_daily_ob;h4_ob_target_caused_displacement;h4_ob_target_caused_imbalance;h4_ob_target_flip_zone;h4_ob_target_has_inducement;h4_ob_target_swept_liquidity;h4_ob_target_swept_liquidity_fractal;h4_ob_target_swept_liquidity_fvg;h4_ob_target_swept_liquidity_internal;h4_ob_target_swept_liquidity_previous_candle;h4_ob_target_swept_liquidity_swing;h4_ob_target_within_daily_ob
2024-01-29,Monday,ny,2024-01-29 12:00:00+00:00,2024-01-29 15:00:00+00:00,bullish,187.885,187.41799999999998,189.75300000000004,187.41799999999998,0.46700000000001296,6.875987321752423,loss,-1.0,sl,0.0064239828694095105,-1.0,sl,False,0,3,0 days 03:00:00,31.19999999999834,True,-16.18,78.4,4.0,2024-01-29 11:00:00+00:00,True,187.64,187.438,1,daily_mitigation_ob_caused_displacement;daily_mitigation_ob_caused_imbalance;daily_mitigation_ob_flip_zone;daily_mitigation_ob_has_inducement;daily_mitigation_ob_swept_liquidity;daily_mitigation_ob_swept_liquidity_fractal;daily_mitigation_ob_swept_liquidity_fvg;daily_mitigation_ob_swept_liquidity_internal;daily_mitigation_ob_swept_liquidity_previous_candle;daily_mitigation_ob_swept_liquidity_swing;daily_ob_target_caused_displacement;daily_ob_target_caused_imbalance;daily_ob_target_flip_zone;daily_ob_target_has_inducement;daily_ob_target_swept_liquidity;daily_ob_target_swept_liquidity_fractal;daily_ob_target_swept_liquidity_fvg;daily_ob_target_swept_liquidity_internal;daily_ob_target_swept_liquidity_previous_candle;daily_ob_target_swept_liquidity_swing;h1_mitigation_ob_flip_zone;h1_mitigation_ob_swept_liquidity;h1_mitigation_ob_swept_liquidity_fvg;h1_mitigation_ob_swept_liquidity_internal;h1_mitigation_ob_swept_liquidity_swing;h1_ob_target_caused_displacement;h1_ob_target_caused_imbalance;h1_ob_target_flip_zone;h1_ob_target_has_inducement;h1_ob_target_swept_liquidity;h1_ob_target_swept_liquidity_fractal;h1_ob_target_swept_liquidity_fvg;h1_ob_target_swept_liquidity_internal;h1_ob_target_swept_liquidity_previous_candle;h1_ob_target_swept_liquidity_swing;h1_ob_target_within_h4_ob;h4_mitigation_ob_flip_zone;h4_mitigation_ob_swept_liquidity_fractal;h4_mitigation_ob_swept_liquidity_fvg;h4_mitigation_ob_swept_liquidity_internal;h4_mitigation_ob_swept_liquidity_previous_candle;h4_mitigation_ob_swept_liquidity_swing;h4_ob_target_caused_displacement;h4_ob_target_caused_imbalance;h4_ob_target_flip_zone;h4_ob_target_has_inducement;h4_ob_target_swept_liquidity;h4_ob_target_swept_liquidity_fractal;h4_ob_target_swept_liquidity_fvg;h4_ob_target_swept_liquidity_internal;h4_ob_target_swept_liquidity_previous_candle;h4_ob_target_swept_liquidity_swing;h4_ob_target_within_daily_ob
2024-01-30,Tuesday,london,2024-01-30 09:00:00+00:00,2024-01-30 16:00:00+00:00,bearish,186.899,187.31400000000002,185.23899999999992,187.31400000000002,0.41500000000002046,-4.33969607304008,loss,-1.0,sl,0.9421686746987273,-1.0,sl,False,0,7,0 days 07:00:00,4.999999999998295,True,-16.18,78.4,4.0,2024-01-30 09:00:00+00:00,False,187.294,187.172,1,daily_mitigation_ob_caused_displacement;daily_mitigation_ob_caused_imbalance;daily_mitigation_ob_flip_zone;daily_mitigation_ob_has_inducement;daily_mitigation_ob_swept_liquidity;daily_mitigation_ob_swept_liquidity_fractal;daily_mitigation_ob_swept_liquidity_fvg;daily_mitigation_ob_swept_liquidity_internal;daily_mitigation_ob_swept_liquidity_previous_candle;daily_mitigation_ob_swept_liquidity_swing;daily_ob_target_flip_zone;daily_ob_target_swept_liquidity;daily_ob_target_swept_liquidity_fractal;daily_ob_target_swept_liquidity_internal;daily_ob_target_swept_liquidity_previous_candle;daily_ob_target_swept_liquidity_swing;h1_mitigation_ob_flip_zone;h1_mitigation_ob_swept_liquidity_fractal;h1_mitigation_ob_swept_liquidity_fvg;h1_mitigation_ob_swept_liquidity_internal;h1_mitigation_ob_swept_liquidity_previous_candle;h1_mitigation_ob_swept_liquidity_swing;h1_ob_target_flip_zone;h1_ob_target_swept_liquidity_fractal;h1_ob_target_swept_liquidity_fvg;h1_ob_target_swept_liquidity_internal;h1_ob_target_swept_liquidity_previous_candle;h1_ob_target_swept_liquidity_swing;h4_mitigation_ob_caused_displacement;h4_mitigation_ob_caused_imbalance;h4_mitigation_ob_flip_zone;h4_mitigation_ob_has_inducement;h4_mitigation_ob_swept_liquidity;h4_mitigation_ob_swept_liquidity_fractal;h4_mitigation_ob_swept_liquidity_fvg;h4_mitigation_ob_swept_liquidity_internal;h4_mitigation_ob_swept_liquidity_previous_candle;h4_mitigation_ob_swept_liquidity_swing;h4_mitigation_ob_within_daily_ob;h4_ob_target_flip_zone;h4_ob_target_swept_liquidity;h4_ob_target_swept_liquidity_fractal;h4_ob_target_swept_liquidity_internal;h4_ob_target_swept_liquidity_previous_candle;h4_ob_target_swept_liquidity_swing
2024-02-01,Thursday,london,2024-02-01 09:00:00+00:00,2024-02-01 11:00:00+00:00,bullish,185.77,185.33599999999998,187.5060000000001,185.33599999999998,0.4340000000000259,-36.91296266322882,loss,-1.0,sl,0.2672811059907339,-1.0,sl,False,0,2,0 days 02:00:00,5.89999999999975,False,-16.18,78.4,4.0,2024-02-01 09:00:00+00:00,False,185.527,185.356,1,daily_mitigation_ob_flip_zone;daily_mitigation_ob_swept_liquidity;daily_mitigation_ob_swept_liquidity_fractal;daily_mitigation_ob_swept_liquidity_internal;daily_mitigation_ob_swept_liquidity_previous_candle;daily_mitigation_ob_swept_liquidity_swing;daily_ob_target_caused_displacement;daily_ob_target_caused_imbalance;daily_ob_target_flip_zone;daily_ob_target_has_inducement;daily_ob_target_swept_liquidity;daily_ob_target_swept_liquidity_fractal;daily_ob_target_swept_liquidity_fvg;daily_ob_target_swept_liquidity_internal;daily_ob_target_swept_liquidity_previous_candle;daily_ob_target_swept_liquidity_swing;h1_mitigation_ob_flip_zone;h1_mitigation_ob_swept_liquidity;h1_mitigation_ob_swept_liquidity_fvg;h1_mitigation_ob_swept_liquidity_internal;h1_mitigation_ob_swept_liquidity_previous_candle;h1_mitigation_ob_swept_liquidity_swing;h1_ob_target_flip_zone;h1_ob_target_swept_liquidity_fractal;h1_ob_target_swept_liquidity_fvg;h1_ob_target_swept_liquidity_internal;h1_ob_target_swept_liquidity_previous_candle;h1_ob_target_swept_liquidity_swing;h4_mitigation_ob_flip_zone;h4_mitigation_ob_swept_liquidity;h4_mitigation_ob_swept_liquidity_fractal;h4_mitigation_ob_swept_liquidity_internal;h4_mitigation_ob_swept_liquidity_previous_candle;h4_mitigation_ob_swept_liquidity_swing;h4_ob_target_flip_zone;h4_ob_target_swept_liquidity;h4_ob_target_swept_liquidity_fvg;h4_ob_target_swept_liquidity_internal;h4_ob_target_swept_liquidity_swing
2024-02-02,Friday,london,2024-02-02 09:00:00+00:00,2024-02-02 13:00:00+00:00,bearish,187.139,187.363,186.24300000000005,187.363,0.22399999999998954,-0.9769665938727831,loss,-1.0,sl,1.2321428571429613,-1.0,sl,False,0,4,0 days 04:00:00,19.499999999999318,True,-16.18,78.4,4.0,2024-02-02 09:00:00+00:00,False,187.343,187.135,1,daily_mitigation_ob_flip_zone;daily_mitigation_ob_swept_liquidity;daily_mitigation_ob_swept_liquidity_fractal;daily_mitigation_ob_swept_liquidity_fvg;daily_mitigation_ob_swept_liquidity_internal;daily_mitigation_ob_swept_liquidity_swing;daily_ob_target_caused_displacement;daily_ob_target_caused_imbalance;daily_ob_target_flip_zone;daily_ob_target_has_inducement;daily_ob_target_swept_liquidity;daily_ob_target_swept_liquidity_fractal;daily_ob_target_swept_liquidity_fvg;daily_ob_target_swept_liquidity_internal;daily_ob_target_swept_liquidity_previous_candle;daily_ob_target_swept_liquidity_swing;h1_mitigation_ob_flip_zone;h1_mitigation_ob_swept_liquidity;h1_mitigation_ob_swept_liquidity_fvg;h1_mitigation_ob_swept_liquidity_previous_candle;h1_mitigation_ob_swept_liquidity_swing;h1_ob_target_flip_zone;h1_ob_target_swept_liquidity_fractal;h1_ob_target_swept_liquidity_fvg;h1_ob_target_swept_liquidity_internal;h1_ob_target_swept_liquidity_previous_candle;h1_ob_target_swept_liquidity_swing;h4_mitigation_ob_flip_zone;h4_mitigation_ob_swept_liquidity;h4_mitigation_ob_swept_liquidity_fvg;h4_mitigation_ob_swept_liquidity_internal;h4_mitigation_ob_swept_liquidity_swing;h4_ob_target_caused_displacement;h4_ob_target_caused_imbalance;h4_ob_target_flip_zone;h4_ob_target_has_inducement;h4_ob_target_swept_liquidity;h4_ob_target_swept_liquidity_fractal;h4_ob_target_swept_liquidity_fvg;h4_ob_target_swept_liquidity_internal;h4_ob_target_swept_liquidity_previous_candle;h4_ob_target_swept_liquidity_swing;h4_ob_target_within_daily_ob
2024-02-05,Monday,london,2024-02-05 08:00:00+00:00,2024-02-05 13:00:00+00:00,bearish,187.391,187.61200000000002,186.50699999999986,186.50699999999986,0.22100000000003206,-33.73046438901842,win,4.0,tp,5.547511312216385,0.0,be_stop,True,3,5,0 days 05:00:00,2.000000000001023,False,-16.18,78.4,4.0,2024-02-05 08:00:00+00:00,False,187.592,187.319,1,daily_mitigation_ob_caused_displacement;daily_mitigation_ob_caused_imbalance;daily_mitigation_ob_flip_zone;daily_mitigation_ob_has_inducement;daily_mitigation_ob_swept_liquidity;daily_mitigation_ob_swept_liquidity_fractal;daily_mitigation_ob_swept_liquidity_fvg;daily_mitigation_ob_swept_liquidity_internal;daily_mitigation_ob_swept_liquidity_previous_candle;daily_mitigation_ob_swept_liquidity_swing;daily_ob_target_caused_displacement;daily_ob_target_caused_imbalance;daily_ob_target_flip_zone;daily_ob_target_has_inducement;daily_ob_target_swept_liquidity;daily_ob_target_swept_liquidity_fractal;daily_ob_target_swept_liquidity_fvg;daily_ob_target_swept_liquidity_internal;daily_ob_target_swept_liquidity_previous_candle;daily_ob_target_swept_liquidity_swing;h1_mitigation_ob_flip_zone;h1_mitigation_ob_swept_liquidity_fractal;h1_mitigation_ob_swept_liquidity_fvg;h1_mitigation_ob_swept_liquidity_internal;h1_mitigation_ob_swept_liquidity_previous_candle;h1_mitigation_ob_swept_liquidity_swing;h1_ob_target_flip_zone;h1_ob_target_swept_liquidity;h1_ob_target_swept_liquidity_fvg;h1_ob_target_swept_liquidity_internal;h1_ob_target_swept_liquidity_previous_candle;h1_ob_target_swept_liquidity_swing;h4_mitigation_ob_caused_displacement;h4_mitigation_ob_caused_imbalance;h4_mitigation_ob_flip_zone;h4_mitigation_ob_has_inducement;h4_mitigation_ob_swept_liquidity;h4_mitigation_ob_swept_liquidity_fractal;h4_mitigation_ob_swept_liquidity_fvg;h4_mitigation_ob_swept_liquidity_internal;h4_mitigation_ob_swept_liquidity_previous_candle;h4_mitigation_ob_swept_liquidity_swing;h4_mitigation_ob_within_daily_ob;h4_ob_target_flip_zone;h4_ob_target_swept_liquidity;h4_ob_target_swept_liquidity_fractal;h4_ob_target_swept_liquidity_fvg;h4_ob_target_swept_liquidity_previous_candle;h4_ob_target_swept_liquidity_swing
2024-02-06,Tuesday,ny,2024-02-06 14:00:00+00:00,2024-02-06 15:00:00+00:00,bullish,186.605,186.41299999999998,187.37300000000002,186.41299999999998,0.19200000000000728,31.15192613456904,loss,-1.0,sl,0.317708333333358,-1.0,sl,False,0,1,0 days 01:00:00,21.39999999999702,True,-16.18,78.4,4.0,2024-02-06 14:00:00+00:00,False,186.582,186.433,1,daily_mitigation_ob_caused_displacement;daily_mitigation_ob_caused_imbalance;daily_mitigation_ob_flip_zone;daily_mitigation_ob_has_inducement;daily_mitigation_ob_swept_liquidity;daily_mitigation_ob_swept_liquidity_fractal;daily_mitigation_ob_swept_liquidity_fvg;daily_mitigation_ob_swept_liquidity_internal;daily_mitigation_ob_swept_liquidity_previous_candle;daily_mitigation_ob_swept_liquidity_swing;daily_ob_target_caused_displacement;daily_ob_target_caused_imbalance;daily_ob_target_flip_zone;daily_ob_target_has_inducement;daily_ob_target_swept_liquidity;daily_ob_target_swept_liquidity_fractal;daily_ob_target_swept_liquidity_fvg;daily_ob_target_swept_liquidity_internal;daily_ob_target_swept_liquidity_previous_candle;daily_ob_target_swept_liquidity_swing;h1_mitigation_ob_flip_zone;h1_mitigation_ob_swept_liquidity;h1_mitigation_ob_swept_liquidity_fractal;h1_mitigation_ob_swept_liquidity_internal;h1_mitigation_ob_swept_liquidity_previous_candle;h1_mitigation_ob_swept_liquidity_swing;h1_ob_target_flip_zone;h1_ob_target_swept_liquidity_fractal;h1_ob_target_swept_liquidity_fvg;h1_ob_target_swept_liquidity_internal;h1_ob_target_swept_liquidity_previous_candle;h1_ob_target_swept_liquidity_swing;h4_mitigation_ob_caused_displacement;h4_mitigation_ob_caused_imbalance;h4_mitigation_ob_flip_zone;h4_mitigation_ob_has_inducement;h4_mitigation_ob_swept_liquidity;h4_mitigation_ob_swept_liquidity_fractal;h4_mitigation_ob_swept_liquidity_fvg;h4_mitigation_ob_swept_liquidity_internal;h4_mitigation_ob_swept_liquidity_previous_candle;h4_mitigation_ob_swept_liquidity_swing;h4_mitigation_ob_within_daily_ob;h4_ob_target_caused_displacement;h4_ob_target_caused_imbalance;h4_ob_target_flip_zone;h4_ob_target_has_inducement;h4_ob_target_swept_liquidity;h4_ob_target_swept_liquidity_fractal;h4_ob_target_swept_liquidity_fvg;h4_ob_target_swept_liquidity_internal;h4_ob_target_swept_liquidity_previous_candle;h4_ob_target_swept_liquidity_swing;h4_ob_target_within_daily_ob
2024-02-07,Wednesday,london,2024-02-07 08:00:00+00:00,2024-02-07 22:00:00+00:00,bullish,186.896,186.362,189.03199999999995,186.896,0.5339999999999918,-35.451808300607865,breakeven,0.0,be_stop,0.679775280898886,0.0,be_stop,True,1,14,0 days 14:00:00,4.79999999999734,False,-16.18,78.4,4.0,2024-02-07 08:00:00+00:00,False,186.534,186.382,1,daily_mitigation_ob_caused_displacement;daily_mitigation_ob_caused_imbalance;daily_mitigation_ob_flip_zone;daily_mitigation_ob_has_inducement;daily_mitigation_ob_swept_liquidity;daily_mitigation_ob_swept_liquidity_fractal;daily_mitigation_ob_swept_liquidity_fvg;daily_mitigation_ob_swept_liquidity_internal;daily_mitigation_ob_swept_liquidity_previous_candle;daily_mitigation_ob_swept_liquidity_swing;daily_ob_target_caused_displacement;daily_ob_target_caused_imbalance;daily_ob_target_flip_zone;daily_ob_target_has_inducement;daily_ob_target_swept_liquidity;daily_ob_target_swept_liquidity_fractal;daily_ob_target_swept_liquidity_fvg;daily_ob_target_swept_liquidity_internal;daily_ob_target_swept_liquidity_previous_candle;daily_ob_target_swept_liquidity_swing;h1_mitigation_ob_flip_zone;h1_mitigation_ob_swept_liquidity_fractal;h1_mitigation_ob_swept_liquidity_fvg;h1_mitigation_ob_swept_liquidity_internal;h1_mitigation_ob_swept_liquidity_previous_candle;h1_mitigation_ob_swept_liquidity_swing;h1_ob_target_flip_zone;h1_ob_target_swept_liquidity_fractal;h1_ob_target_swept_liquidity_fvg;h1_ob_target_swept_liquidity_internal;h1_ob_target_swept_liquidity_previous_candle;h1_ob_target_swept_liquidity_swing;h4_mitigation_ob_caused_displacement;h4_mitigation_ob_caused_imbalance;h4_mitigation_ob_flip_zone;h4_mitigation_ob_has_inducement;h4_mitigation_ob_swept_liquidity;h4_mitigation_ob_swept_liquidity_fractal;h4_mitigation_ob_swept_liquidity_fvg;h4_mitigation_ob_swept_liquidity_internal;h4_mitigation_ob_swept_liquidity_previous_candle;h4_mitigation_ob_swept_liquidity_swing;h4_mitigation_ob_within_daily_ob;h4_ob_target_caused_displacement;h4_ob_target_caused_imbalance;h4_ob_target_flip_zone;h4_ob_target_has_inducement;h4_ob_target_swept_liquidity;h4_ob_target_swept_liquidity_fractal;h4_ob_target_swept_liquidity_fvg;h4_ob_target_swept_liquidity_internal;h4_ob_target_swept_liquidity_previous_candle;h4_ob_target_swept_liquidity_swing;h4_ob_target_within_daily_ob
2024-02-08,Thursday,london,2024-02-08 07:00:00+00:00,2024-02-08 10:00:00+00:00,bearish,187.812,188.15,186.46000000000004,188.15,0.33799999999999386,-33.10197696878592,loss,-1.0,sl,0.3964497041420621,-1.0,sl,False,0,3,0 days 03:00:00,6.100000000000705,False,-16.18,78.4,4.0,2024-02-08 07:00:00+00:00,False,188.13,187.903,1,daily_mitigation_ob_caused_displacement;daily_mitigation_ob_caused_imbalance;daily_mitigation_ob_flip_zone;daily_mitigation_ob_has_inducement;daily_mitigation_ob_swept_liquidity;daily_mitigation_ob_swept_liquidity_fractal;daily_mitigation_ob_swept_liquidity_fvg;daily_mitigation_ob_swept_liquidity_internal;daily_mitigation_ob_swept_liquidity_previous_candle;daily_mitigation_ob_swept_liquidity_swing;daily_ob_target_caused_displacement;daily_ob_target_caused_imbalance;daily_ob_target_flip_zone;daily_ob_target_has_inducement;daily_ob_target_swept_liquidity;daily_ob_target_swept_liquidity_fractal;daily_ob_target_swept_liquidity_fvg;daily_ob_target_swept_liquidity_internal;daily_ob_target_swept_liquidity_previous_candle;daily_ob_target_swept_liquidity_swing;h1_mitigation_ob_flip_zone;h1_mitigation_ob_swept_liquidity;h1_mitigation_ob_swept_liquidity_fvg;h1_mitigation_ob_swept_liquidity_internal;h1_mitigation_ob_swept_liquidity_swing;h1_ob_target_flip_zone;h1_ob_target_swept_liquidity;h1_ob_target_swept_liquidity_fvg;h1_ob_target_swept_liquidity_previous_candle;h1_ob_target_swept_liquidity_swing;h4_mitigation_ob_caused_displacement;h4_mitigation_ob_caused_imbalance;h4_mitigation_ob_flip_zone;h4_mitigation_ob_has_inducement;h4_mitigation_ob_swept_liquidity;h4_mitigation_ob_swept_liquidity_fractal;h4_mitigation_ob_swept_liquidity_fvg;h4_mitigation_ob_swept_liquidity_internal;h4_mitigation_ob_swept_liquidity_previous_candle;h4_mitigation_ob_swept_liquidity_swing;h4_mitigation_ob_within_daily_ob;h4_ob_target_flip_zone;h4_ob_target_swept_liquidity_fractal;h4_ob_target_swept_liquidity_fvg;h4_ob_target_swept_liquidity_internal;h4_ob_target_swept_liquidity_previous_candle;h4_ob_target_swept_liquidity_swing
2024-02-16,Friday,london,2024-02-16 07:00:00+00:00,2024-02-16 19:00:00+00:00,bullish,189.142,188.83499999999998,190.37000000000006,189.465,0.30700000000001637,-38.6866931394395,win,1.0521172638436165,friday_close,1.1954397394135852,1.0521172638436165,friday_close,False,0,12,0 days 12:00:00,0.0,False,-16.18,78.4,4.0,2024-02-16 06:00:00+00:00,True,188.962,188.855,1,daily_mitigation_ob_caused_displacement;daily_mitigation_ob_caused_imbalance;daily_mitigation_ob_flip_zone;daily_mitigation_ob_has_inducement;daily_mitigation_ob_swept_liquidity;daily_mitigation_ob_swept_liquidity_fractal;daily_mitigation_ob_swept_liquidity_fvg;daily_mitigation_ob_swept_liquidity_internal;daily_mitigation_ob_swept_liquidity_previous_candle;daily_mitigation_ob_swept_liquidity_swing;daily_ob_target_caused_displacement;daily_ob_target_caused_imbalance;daily_ob_target_flip_zone;daily_ob_target_has_inducement;daily_ob_target_swept_liquidity;daily_ob_target_swept_liquidity_fractal;daily_ob_target_swept_liquidity_fvg;daily_ob_target_swept_liquidity_internal;daily_ob_target_swept_liquidity_previous_candle;daily_ob_target_swept_liquidity_swing;h1_mitigation_ob_flip_zone;h1_mitigation_ob_swept_liquidity;h1_mitigation_ob_swept_liquidity_fvg;h1_mitigation_ob_swept_liquidity_internal;h1_mitigation_ob_swept_liquidity_previous_candle;h1_mitigation_ob_swept_liquidity_swing;h1_ob_target_flip_zone;h1_ob_target_swept_liquidity_fractal;h1_ob_target_swept_liquidity_fvg;h1_ob_target_swept_liquidity_internal;h1_ob_target_swept_liquidity_previous_candle;h1_ob_target_swept_liquidity_swing;h4_mitigation_ob_caused_displacement;h4_mitigation_ob_caused_imbalance;h4_mitigation_ob_flip_zone;h4_mitigation_ob_has_inducement;h4_mitigation_ob_swept_liquidity;h4_mitigation_ob_swept_liquidity_fractal;h4_mitigation_ob_swept_liquidity_fvg;h4_mitigation_ob_swept_liquidity_internal;h4_mitigation_ob_swept_liquidity_previous_candle;h4_mitigation_ob_swept_liquidity_swing;h4_mitigation_ob_within_daily_ob;h4_ob_target_caused_displacement;h4_ob_target_caused_imbalance;h4_ob_target_flip_zone;h4_ob_target_has_inducement;h4_ob_target_swept_liquidity;h4_ob_target_swept_liquidity_fractal;h4_ob_target_swept_liquidity_fvg;h4_ob_target_swept_liquidity_internal;h4_ob_target_swept_liquidity_previous_candle;h4_ob_target_swept_liquidity_swing;h4_ob_target_within_daily_ob
2024-02-23,Friday,london,2024-02-23 08:00:00+00:00,2024-02-23 16:00:00+00:00,bullish,190.793,190.524,191.86900000000003,190.524,0.26900000000000546,-29.848091271090528,loss,-1.0,sl,1.2788104089218852,-1.0,sl,False,0,8,0 days 08:00:00,2.600000000001046,False,-16.18,78.4,4.0,2024-02-23 08:00:00+00:00,False,190.648,190.544,1,daily_mitigation_ob_caused_displacement;daily_mitigation_ob_caused_imbalance;daily_mitigation_ob_flip_zone;daily_mitigation_ob_has_inducement;daily_mitigation_ob_swept_liquidity;daily_mitigation_ob_swept_liquidity_fractal;daily_mitigation_ob_swept_liquidity_fvg;daily_mitigation_ob_swept_liquidity_internal;daily_mitigation_ob_swept_liquidity_previous_candle;daily_mitigation_ob_swept_liquidity_swing;daily_ob_target_caused_displacement;daily_ob_target_caused_imbalance;daily_ob_target_flip_zone;daily_ob_target_has_inducement;daily_ob_target_swept_liquidity;daily_ob_target_swept_liquidity_fractal;daily_ob_target_swept_liquidity_fvg;daily_ob_target_swept_liquidity_internal;daily_ob_target_swept_liquidity_previous_candle;daily_ob_target_swept_liquidity_swing;h1_mitigation_ob_flip_zone;h1_mitigation_ob_swept_liquidity_fractal;h1_mitigation_ob_swept_liquidity_fvg;h1_mitigation_ob_swept_liquidity_internal;h1_mitigation_ob_swept_liquidity_previous_candle;h1_mitigation_ob_swept_liquidity_swing;h1_ob_target_flip_zone;h1_ob_target_swept_liquidity_fractal;h1_ob_target_swept_liquidity_fvg;h1_ob_target_swept_liquidity_internal;h1_ob_target_swept_liquidity_previous_candle;h1_ob_target_swept_liquidity_swing;h4_mitigation_ob_caused_displacement;h4_mitigation_ob_caused_imbalance;h4_mitigation_ob_flip_zone;h4_mitigation_ob_has_inducement;h4_mitigation_ob_swept_liquidity;h4_mitigation_ob_swept_liquidity_fractal;h4_mitigation_ob_swept_liquidity_fvg;h4_mitigation_ob_swept_liquidity_internal;h4_mitigation_ob_swept_liquidity_previous_candle;h4_mitigation_ob_swept_liquidity_swing;h4_mitigation_ob_within_daily_ob;h4_ob_target_caused_displacement;h4_ob_target_caused_imbalance;h4_ob_target_flip_zone;h4_ob_target_has_inducement;h4_ob_target_swept_liquidity;h4_ob_target_swept_liquidity_fractal;h4_ob_target_swept_liquidity_fvg;h4_ob_target_swept_liquidity_internal;h4_ob_target_swept_liquidity_previous_candle;h4_ob_target_swept_liquidity_swing;h4_ob_target_within_daily_ob
2024-02-26,Monday,london,2024-02-26 09:00:00+00:00,2024-02-26 22:00:00+00:00,bullish,190.992,190.44899999999998,193.16400000000002,190.992,0.5430000000000064,26.203627326446387,breakeven,0.0,be_stop,0.5874769797421973,0.0,be_stop,True,1,13,0 days 13:00:00,13.100000000000023,True,-16.18,78.4,4.0,2024-02-26 09:00:00+00:00,False,190.597,190.469,1,daily_mitigation_ob_caused_displacement;daily_mitigation_ob_caused_imbalance;daily_mitigation_ob_flip_zone;daily_mitigation_ob_has_inducement;daily_mitigation_ob_swept_liquidity;daily_mitigation_ob_swept_liquidity_fractal;daily_mitigation_ob_swept_liquidity_fvg;daily_mitigation_ob_swept_liquidity_internal;daily_mitigation_ob_swept_liquidity_previous_candle;daily_mitigation_ob_swept_liquidity_swing;daily_ob_target_flip_zone;daily_ob_target_swept_liquidity;daily_ob_target_swept_liquidity_fvg;daily_ob_target_swept_liquidity_internal;daily_ob_target_swept_liquidity_previous_candle;daily_ob_target_swept_liquidity_swing;h1_mitigation_ob_flip_zone;h1_mitigation_ob_swept_liquidity;h1_mitigation_ob_swept_liquidity_fractal;h1_mitigation_ob_swept_liquidity_fvg;h1_mitigation_ob_swept_liquidity_internal;h1_mitigation_ob_swept_liquidity_swing;h1_ob_target_flip_zone;h1_ob_target_swept_liquidity_fractal;h1_ob_target_swept_liquidity_fvg;h1_ob_target_swept_liquidity_internal;h1_ob_target_swept_liquidity_previous_candle;h1_ob_target_swept_liquidity_swing;h4_mitigation_ob_caused_displacement;h4_mitigation_ob_caused_imbalance;h4_mitigation_ob_flip_zone;h4_mitigation_ob_has_inducement;h4_mitigation_ob_swept_liquidity;h4_mitigation_ob_swept_liquidity_fractal;h4_mitigation_ob_swept_liquidity_fvg;h4_mitigation_ob_swept_liquidity_internal;h4_mitigation_ob_swept_liquidity_previous_candle;h4_mitigation_ob_swept_liquidity_swing;h4_mitigation_ob_within_daily_ob;h4_ob_target_flip_zone;h4_ob_target_swept_liquidity_fractal;h4_ob_target_swept_liquidity_fvg;h4_ob_target_swept_liquidity_internal;h4_ob_target_swept_liquidity_previous_candle;h4_ob_target_swept_liquidity_swing
2024-02-28,Wednesday,ny,2024-02-28 12:00:00+00:00,2024-02-28 14:00:00+00:00,bearish,190.385,190.798,188.73299999999995,190.798,0.4130000000000109,-37.569291846694306,loss,-1.0,sl,0.11864406779655418,-1.0,sl,False,0,2,0 days 02:00:00,1.300000000000523,False,-16.18,78.4,4.0,2024-02-28 12:00:00+00:00,False,190.778,190.624,1,daily_mitigation_ob_caused_displacement;daily_mitigation_ob_caused_imbalance;daily_mitigation_ob_flip_zone;daily_mitigation_ob_has_inducement;daily_mitigation_ob_swept_liquidity;daily_mitigation_ob_swept_liquidity_fractal;daily_mitigation_ob_swept_liquidity_fvg;daily_mitigation_ob_swept_liquidity_internal;daily_mitigation_ob_swept_liquidity_previous_candle;daily_mitigation_ob_swept_liquidity_swing;daily_ob_target_flip_zone;daily_ob_target_swept_liquidity_fractal;daily_ob_target_swept_liquidity_fvg;daily_ob_target_swept_liquidity_internal;daily_ob_target_swept_liquidity_previous_candle;daily_ob_target_swept_liquidity_swing;h1_mitigation_ob_flip_zone;h1_mitigation_ob_swept_liquidity;h1_mitigation_ob_swept_liquidity_fvg;h1_mitigation_ob_swept_liquidity_internal;h1_mitigation_ob_swept_liquidity_previous_candle;h1_mitigation_ob_swept_liquidity_swing;h1_ob_target_flip_zone;h1_ob_target_swept_liquidity;h1_ob_target_swept_liquidity_fractal;h1_ob_target_swept_liquidity_fvg;h1_ob_target_swept_liquidity_internal;h1_ob_target_swept_liquidity_swing;h4_mitigation_ob_caused_displacement;h4_mitigation_ob_caused_imbalance;h4_mitigation_ob_flip_zone;h4_mitigation_ob_has_inducement;h4_mitigation_ob_swept_liquidity;h4_mitigation_ob_swept_liquidity_fractal;h4_mitigation_ob_swept_liquidity_fvg;h4_mitigation_ob_swept_liquidity_internal;h4_mitigation_ob_swept_liquidity_previous_candle;h4_mitigation_ob_swept_liquidity_swing;h4_mitigation_ob_within_daily_ob;h4_ob_target_flip_zone;h4_ob_target_swept_liquidity_fractal;h4_ob_target_swept_liquidity_fvg;h4_ob_target_swept_liquidity_internal;h4_ob_target_swept_liquidity_previous_candle;h4_ob_target_swept_liquidity_swing
2024-02-29,Thursday,london,2024-02-29 08:00:00+00:00,2024-02-29 15:00:00+00:00,bullish,189.538,189.26299999999998,190.63800000000015,189.26299999999998,0.2750000000000341,-32.87126962650226,loss,-1.0,sl,1.7890909090906517,-1.0,sl,False,0,7,0 days 07:00:00,21.999999999997044,False,-16.18,78.4,4.0,2024-02-29 08:00:00+00:00,False,189.393,189.283,1,daily_mitigation_ob_flip_zone;daily_mitigation_ob_swept_liquidity_fractal;daily_mitigation_ob_swept_liquidity_fvg;daily_mitigation_ob_swept_liquidity_internal;daily_mitigation_ob_swept_liquidity_previous_candle;daily_mitigation_ob_swept_liquidity_swing;daily_ob_target_caused_displacement;daily_ob_target_caused_imbalance;daily_ob_target_flip_zone;daily_ob_target_has_inducement;daily_ob_target_swept_liquidity;daily_ob_target_swept_liquidity_fractal;daily_ob_target_swept_liquidity_fvg;daily_ob_target_swept_liquidity_internal;daily_ob_target_swept_liquidity_previous_candle;daily_ob_target_swept_liquidity_swing;h1_mitigation_ob_flip_zone;h1_mitigation_ob_swept_liquidity;h1_mitigation_ob_swept_liquidity_fvg;h1_mitigation_ob_swept_liquidity_swing;h1_ob_target_flip_zone;h1_ob_target_swept_liquidity;h1_ob_target_swept_liquidity_fractal;h1_ob_target_swept_liquidity_fvg;h1_ob_target_swept_liquidity_internal;h1_ob_target_swept_liquidity_swing;h4_mitigation_ob_flip_zone;h4_mitigation_ob_swept_liquidity;h4_mitigation_ob_swept_liquidity_fractal;h4_mitigation_ob_swept_liquidity_fvg;h4_mitigation_ob_swept_liquidity_internal;h4_mitigation_ob_swept_liquidity_swing;h4_ob_target_flip_zone;h4_ob_target_swept_liquidity_fractal;h4_ob_target_swept_liquidity_fvg;h4_ob_target_swept_liquidity_internal;h4_ob_target_swept_liquidity_previous_candle;h4_ob_target_swept_liquidity_swing
2024-03-01,Friday,ny,2024-03-01 12:00:00+00:00,2024-03-01 19:00:00+00:00,bullish,190.152,189.564,192.50399999999996,190.018,0.5879999999999939,-33.3945453947851,loss,-0.22789115646256383,friday_close,0.21598639455784163,-0.22789115646256383,friday_close,False,0,7,0 days 07:00:00,0.0,False,-16.18,78.4,4.0,2024-03-01 11:00:00+00:00,True,189.776,189.584,1,daily_mitigation_ob_caused_displacement;daily_mitigation_ob_caused_imbalance;daily_mitigation_ob_flip_zone;daily_mitigation_ob_has_inducement;daily_mitigation_ob_swept_liquidity;daily_mitigation_ob_swept_liquidity_fractal;daily_mitigation_ob_swept_liquidity_fvg;daily_mitigation_ob_swept_liquidity_internal;daily_mitigation_ob_swept_liquidity_previous_candle;daily_mitigation_ob_swept_liquidity_swing;daily_ob_target_flip_zone;daily_ob_target_swept_liquidity;daily_ob_target_swept_liquidity_fvg;daily_ob_target_swept_liquidity_internal;daily_ob_target_swept_liquidity_previous_candle;daily_ob_target_swept_liquidity_swing;h1_mitigation_ob_flip_zone;h1_mitigation_ob_swept_liquidity;h1_mitigation_ob_swept_liquidity_fractal;h1_mitigation_ob_swept_liquidity_fvg;h1_mitigation_ob_swept_liquidity_internal;h1_mitigation_ob_swept_liquidity_swing;h1_ob_target_flip_zone;h1_ob_target_swept_liquidity;h1_ob_target_swept_liquidity_fractal;h1_ob_target_swept_liquidity_fvg;h1_ob_target_swept_liquidity_internal;h1_ob_target_swept_liquidity_swing;h4_mitigation_ob_caused_displacement;h4_mitigation_ob_caused_imbalance;h4_mitigation_ob_flip_zone;h4_mitigation_ob_has_inducement;h4_mitigation_ob_swept_liquidity;h4_mitigation_ob_swept_liquidity_fractal;h4_mitigation_ob_swept_liquidity_fvg;h4_mitigation_ob_swept_liquidity_internal;h4_mitigation_ob_swept_liquidity_previous_candle;h4_mitigation_ob_swept_liquidity_swing;h4_mitigation_ob_within_daily_ob;h4_ob_target_flip_zone;h4_ob_target_swept_liquidity_fractal;h4_ob_target_swept_liquidity_fvg;h4_ob_target_swept_liquidity_internal;h4_ob_target_swept_liquidity_previous_candle;h4_ob_target_swept_liquidity_swing
2024-03-04,Monday,london,2024-03-04 08:00:00+00:00,2024-03-04 13:00:00+00:00,bearish,190.517,190.769,189.50899999999996,190.769,0.25200000000000955,15.794091969003723,loss,-1.0,sl,0.5515873015873204,-1.0,sl,False,0,5,0 days 05:00:00,2.2999999999996135,True,-16.18,78.4,4.0,2024-03-04 08:00:00+00:00,False,190.749,190.568,1,daily_mitigation_ob_caused_displacement;daily_mitigation_ob_caused_imbalance;daily_mitigation_ob_flip_zone;daily_mitigation_ob_has_inducement;daily_mitigation_ob_swept_liquidity;daily_mitigation_ob_swept_liquidity_fractal;daily_mitigation_ob_swept_liquidity_fvg;daily_mitigation_ob_swept_liquidity_internal;daily_mitigation_ob_swept_liquidity_previous_candle;daily_mitigation_ob_swept_liquidity_swing;daily_ob_target_caused_displacement;daily_ob_target_caused_imbalance;daily_ob_target_flip_zone;daily_ob_target_has_inducement;daily_ob_target_swept_liquidity;daily_ob_target_swept_liquidity_fractal;daily_ob_target_swept_liquidity_fvg;daily_ob_target_swept_liquidity_internal;daily_ob_target_swept_liquidity_previous_candle;daily_ob_target_swept_liquidity_swing;h1_mitigation_ob_flip_zone;h1_mitigation_ob_swept_liquidity;h1_mitigation_ob_swept_liquidity_fractal;h1_mitigation_ob_swept_liquidity_fvg;h1_mitigation_ob_swept_liquidity_internal;h1_mitigation_ob_swept_liquidity_swing;h1_ob_target_flip_zone;h1_ob_target_swept_liquidity_fractal;h1_ob_target_swept_liquidity_fvg;h1_ob_target_swept_liquidity_internal;h1_ob_target_swept_liquidity_previous_candle;h1_ob_target_swept_liquidity_swing;h4_mitigation_ob_flip_zone;h4_mitigation_ob_swept_liquidity_fractal;h4_mitigation_ob_swept_liquidity_fvg;h4_mitigation_ob_swept_liquidity_internal;h4_mitigation_ob_swept_liquidity_previous_candle;h4_mitigation_ob_swept_liquidity_swing;h4_ob_target_flip_zone;h4_ob_target_swept_liquidity_fractal;h4_ob_target_swept_liquidity_fvg;h4_ob_target_swept_liquidity_internal;h4_ob_target_swept_liquidity_previous_candle;h4_ob_target_swept_liquidity_swing
2024-03-04,Monday,london,2024-03-04 09:00:00+00:00,2024-03-04 14:00:00+00:00,bearish,190.471,190.842,188.98699999999997,190.842,0.3710000000000093,-13.110048658853863,loss,-1.0,sl,0.013477088948774465,-1.0,sl,False,0,5,0 days 05:00:00,8.399999999997476,True,-16.18,78.4,4.0,2024-03-04 09:00:00+00:00,False,190.822,190.634,1,daily_mitigation_ob_caused_displacement;daily_mitigation_ob_caused_imbalance;daily_mitigation_ob_flip_zone;daily_mitigation_ob_has_inducement;daily_mitigation_ob_swept_liquidity;daily_mitigation_ob_swept_liquidity_fractal;daily_mitigation_ob_swept_liquidity_fvg;daily_mitigation_ob_swept_liquidity_internal;daily_mitigation_ob_swept_liquidity_previous_candle;daily_mitigation_ob_swept_liquidity_swing;daily_ob_target_caused_displacement;daily_ob_target_caused_imbalance;daily_ob_target_flip_zone;daily_ob_target_has_inducement;daily_ob_target_swept_liquidity;daily_ob_target_swept_liquidity_fractal;daily_ob_target_swept_liquidity_fvg;daily_ob_target_swept_liquidity_internal;daily_ob_target_swept_liquidity_previous_candle;daily_ob_target_swept_liquidity_swing;h1_mitigation_ob_flip_zone;h1_mitigation_ob_swept_liquidity_fractal;h1_mitigation_ob_swept_liquidity_fvg;h1_mitigation_ob_swept_liquidity_internal;h1_mitigation_ob_swept_liquidity_previous_candle;h1_mitigation_ob_swept_liquidity_swing;h1_ob_target_flip_zone;h1_ob_target_swept_liquidity_fractal;h1_ob_target_swept_liquidity_fvg;h1_ob_target_swept_liquidity_internal;h1_ob_target_swept_liquidity_previous_candle;h1_ob_target_swept_liquidity_swing;h4_mitigation_ob_flip_zone;h4_mitigation_ob_swept_liquidity_fractal;h4_mitigation_ob_swept_liquidity_fvg;h4_mitigation_ob_swept_liquidity_internal;h4_mitigation_ob_swept_liquidity_previous_candle;h4_mitigation_ob_swept_liquidity_swing;h4_ob_target_flip_zone;h4_ob_target_swept_liquidity_fractal;h4_ob_target_swept_liquidity_fvg;h4_ob_target_swept_liquidity_internal;h4_ob_target_swept_liquidity_previous_candle;h4_ob_target_swept_liquidity_swing
2024-03-04,Monday,ny,2024-03-04 12:00:00+00:00,2024-03-04 14:00:00+00:00,bearish,190.681,190.842,190.037,190.842,0.16100000000000136,-14.517314994067432,loss,-1.0,sl,0.2173913043479796,-1.0,sl,False,0,2,0 days 02:00:00,8.399999999997476,True,-16.18,78.4,4.0,2024-03-04 11:00:00+00:00,True,190.822,190.634,2,daily_mitigation_ob_caused_displacement;daily_mitigation_ob_caused_imbalance;daily_mitigation_ob_flip_zone;daily_mitigation_ob_has_inducement;daily_mitigation_ob_swept_liquidity;daily_mitigation_ob_swept_liquidity_fractal;daily_mitigation_ob_swept_liquidity_fvg;daily_mitigation_ob_swept_liquidity_internal;daily_mitigation_ob_swept_liquidity_previous_candle;daily_mitigation_ob_swept_liquidity_swing;daily_ob_target_caused_displacement;daily_ob_target_caused_imbalance;daily_ob_target_flip_zone;daily_ob_target_has_inducement;daily_ob_target_swept_liquidity;daily_ob_target_swept_liquidity_fractal;daily_ob_target_swept_liquidity_fvg;daily_ob_target_swept_liquidity_internal;daily_ob_target_swept_liquidity_previous_candle;daily_ob_target_swept_liquidity_swing;h1_mitigation_ob_flip_zone;h1_mitigation_ob_swept_liquidity_fractal;h1_mitigation_ob_swept_liquidity_fvg;h1_mitigation_ob_swept_liquidity_internal;h1_mitigation_ob_swept_liquidity_previous_candle;h1_mitigation_ob_swept_liquidity_swing;h1_ob_target_flip_zone;h1_ob_target_swept_liquidity_fractal;h1_ob_target_swept_liquidity_fvg;h1_ob_target_swept_liquidity_internal;h1_ob_target_swept_liquidity_previous_candle;h1_ob_target_swept_liquidity_swing;h4_mitigation_ob_flip_zone;h4_mitigation_ob_swept_liquidity_fractal;h4_mitigation_ob_swept_liquidity_fvg;h4_mitigation_ob_swept_liquidity_internal;h4_mitigation_ob_swept_liquidity_previous_candle;h4_mitigation_ob_swept_liquidity_swing;h4_ob_target_flip_zone;h4_ob_target_swept_liquidity_fractal;h4_ob_target_swept_liquidity_fvg;h4_ob_target_swept_liquidity_internal;h4_ob_target_swept_liquidity_previous_candle;h4_ob_target_swept_liquidity_swing
2024-03-05,Tuesday,ny,2024-03-05 12:00:00+00:00,2024-03-05 15:00:00+00:00,bearish,190.695,190.984,189.53899999999993,190.984,0.2890000000000157,-36.22111353500198,loss,-1.0,sl,1.0173010380621688,-1.0,sl,False,0,3,0 days 03:00:00,2.199999999999136,False,-16.18,78.4,4.0,2024-03-05 11:00:00+00:00,True,190.964,190.842,1,daily_mitigation_ob_caused_displacement;daily_mitigation_ob_caused_imbalance;daily_mitigation_ob_flip_zone;daily_mitigation_ob_has_inducement;daily_mitigation_ob_swept_liquidity;daily_mitigation_ob_swept_liquidity_fractal;daily_mitigation_ob_swept_liquidity_fvg;daily_mitigation_ob_swept_liquidity_internal;daily_mitigation_ob_swept_liquidity_previous_candle;daily_mitigation_ob_swept_liquidity_swing;daily_ob_target_caused_displacement;daily_ob_target_caused_imbalance;daily_ob_target_flip_zone;daily_ob_target_has_inducement;daily_ob_target_swept_liquidity;daily_ob_target_swept_liquidity_fractal;daily_ob_target_swept_liquidity_fvg;daily_ob_target_swept_liquidity_internal;daily_ob_target_swept_liquidity_previous_candle;daily_ob_target_swept_liquidity_swing;h1_mitigation_ob_flip_zone;h1_mitigation_ob_swept_liquidity_fractal;h1_mitigation_ob_swept_liquidity_fvg;h1_mitigation_ob_swept_liquidity_internal;h1_mitigation_ob_swept_liquidity_previous_candle;h1_mitigation_ob_swept_liquidity_swing;h1_ob_target_flip_zone;h1_ob_target_swept_liquidity_fractal;h1_ob_target_swept_liquidity_fvg;h1_ob_target_swept_liquidity_internal;h1_ob_target_swept_liquidity_previous_candle;h1_ob_target_swept_liquidity_swing;h4_mitigation_ob_caused_displacement;h4_mitigation_ob_caused_imbalance;h4_mitigation_ob_flip_zone;h4_mitigation_ob_has_inducement;h4_mitigation_ob_swept_liquidity;h4_mitigation_ob_swept_liquidity_fractal;h4_mitigation_ob_swept_liquidity_fvg;h4_mitigation_ob_swept_liquidity_internal;h4_mitigation_ob_swept_liquidity_previous_candle;h4_mitigation_ob_swept_liquidity_swing;h4_mitigation_ob_within_daily_ob;h4_ob_target_flip_zone;h4_ob_target_swept_liquidity_fractal;h4_ob_target_swept_liquidity_fvg;h4_ob_target_swept_liquidity_internal;h4_ob_target_swept_liquidity_previous_candle;h4_ob_target_swept_liquidity_swing
2024-03-12,Tuesday,london,2024-03-12 09:00:00+00:00,2024-03-13 00:00:00+00:00,bullish,188.549,187.982,190.81700000000004,188.549,0.5670000000000073,-41.161029416567516,breakeven,0.0,be_stop,0.8465608465608176,0.0,be_stop,True,1,15,0 days 15:00:00,1.0000000000019327,False,-16.18,78.4,4.0,2024-03-12 09:00:00+00:00,False,188.288,188.002,1,daily_mitigation_ob_caused_displacement;daily_mitigation_ob_caused_imbalance;daily_mitigation_ob_flip_zone;daily_mitigation_ob_has_inducement;daily_mitigation_ob_swept_liquidity;daily_mitigation_ob_swept_liquidity_fractal;daily_mitigation_ob_swept_liquidity_fvg;daily_mitigation_ob_swept_liquidity_internal;daily_mitigation_ob_swept_liquidity_previous_candle;daily_mitigation_ob_swept_liquidity_swing;daily_ob_target_flip_zone;daily_ob_target_swept_liquidity_fractal;daily_ob_target_swept_liquidity_fvg;daily_ob_target_swept_liquidity_internal;daily_ob_target_swept_liquidity_previous_candle;daily_ob_target_swept_liquidity_swing;h1_mitigation_ob_flip_zone;h1_mitigation_ob_swept_liquidity_fractal;h1_mitigation_ob_swept_liquidity_fvg;h1_mitigation_ob_swept_liquidity_internal;h1_mitigation_ob_swept_liquidity_previous_candle;h1_mitigation_ob_swept_liquidity_swing;h1_ob_target_flip_zone;h1_ob_target_swept_liquidity;h1_ob_target_swept_liquidity_fractal;h1_ob_target_swept_liquidity_fvg;h1_ob_target_swept_liquidity_internal;h1_ob_target_swept_liquidity_swing;h4_mitigation_ob_caused_displacement;h4_mitigation_ob_caused_imbalance;h4_mitigation_ob_flip_zone;h4_mitigation_ob_has_inducement;h4_mitigation_ob_swept_liquidity;h4_mitigation_ob_swept_liquidity_fractal;h4_mitigation_ob_swept_liquidity_fvg;h4_mitigation_ob_swept_liquidity_internal;h4_mitigation_ob_swept_liquidity_previous_candle;h4_mitigation_ob_swept_liquidity_swing;h4_mitigation_ob_within_daily_ob;h4_ob_target_flip_zone;h4_ob_target_swept_liquidity;h4_ob_target_swept_liquidity_fractal;h4_ob_target_swept_liquidity_fvg;h4_ob_target_swept_liquidity_internal;h4_ob_target_swept_liquidity_swing
2024-03-14,Thursday,ny,2024-03-14 12:00:00+00:00,2024-03-14 13:00:00+00:00,bullish,189.164,189.119,189.34399999999994,189.119,0.044999999999987494,-36.267643679241964,loss,-1.0,sl,2.9333333333342595,-1.0,sl,False,0,1,0 days 01:00:00,53.80000000000109,False,-16.18,78.4,4.0,2024-03-14 11:00:00+00:00,True,189.263,189.139,1,daily_mitigation_ob_caused_displacement;daily_mitigation_ob_caused_imbalance;daily_mitigation_ob_flip_zone;daily_mitigation_ob_has_inducement;daily_mitigation_ob_swept_liquidity;daily_mitigation_ob_swept_liquidity_fractal;daily_mitigation_ob_swept_liquidity_fvg;daily_mitigation_ob_swept_liquidity_internal;daily_mitigation_ob_swept_liquidity_previous_candle;daily_mitigation_ob_swept_liquidity_swing;daily_ob_target_caused_displacement;daily_ob_target_caused_imbalance;daily_ob_target_flip_zone;daily_ob_target_has_inducement;daily_ob_target_swept_liquidity;daily_ob_target_swept_liquidity_fractal;daily_ob_target_swept_liquidity_fvg;daily_ob_target_swept_liquidity_internal;daily_ob_target_swept_liquidity_previous_candle;daily_ob_target_swept_liquidity_swing;h1_mitigation_ob_flip_zone;h1_mitigation_ob_swept_liquidity_fractal;h1_mitigation_ob_swept_liquidity_fvg;h1_mitigation_ob_swept_liquidity_internal;h1_mitigation_ob_swept_liquidity_previous_candle;h1_mitigation_ob_swept_liquidity_swing;h1_ob_target_caused_displacement;h1_ob_target_caused_imbalance;h1_ob_target_flip_zone;h1_ob_target_has_inducement;h1_ob_target_swept_liquidity;h1_ob_target_swept_liquidity_fractal;h1_ob_target_swept_liquidity_fvg;h1_ob_target_swept_liquidity_internal;h1_ob_target_swept_liquidity_previous_candle;h1_ob_target_swept_liquidity_swing;h1_ob_target_within_h4_ob;h4_mitigation_ob_caused_displacement;h4_mitigation_ob_caused_imbalance;h4_mitigation_ob_flip_zone;h4_mitigation_ob_has_inducement;h4_mitigation_ob_swept_liquidity;h4_mitigation_ob_swept_liquidity_fractal;h4_mitigation_ob_swept_liquidity_fvg;h4_mitigation_ob_swept_liquidity_internal;h4_mitigation_ob_swept_liquidity_previous_candle;h4_mitigation_ob_swept_liquidity_swing;h4_mitigation_ob_within_daily_ob;h4_ob_target_caused_displacement;h4_ob_target_caused_imbalance;h4_ob_target_flip_zone;h4_ob_target_has_inducement;h4_ob_target_swept_liquidity;h4_ob_target_swept_liquidity_fractal;h4_ob_target_swept_liquidity_fvg;h4_ob_target_swept_liquidity_internal;h4_ob_target_swept_liquidity_previous_candle;h4_ob_target_swept_liquidity_swing;h4_ob_target_within_daily_ob
2024-03-14,Thursday,ny,2024-03-14 14:00:00+00:00,2024-03-15 03:00:00+00:00,bullish,188.905,188.30599999999998,191.30100000000007,188.905,0.599000000000018,-11.330852115034952,breakeven,0.0,be_stop,0.6143572621034791,0.0,be_stop,True,1,13,0 days 13:00:00,0.9999999999990905,True,-16.18,78.4,4.0,2024-03-14 14:00:00+00:00,False,188.59,188.326,1,daily_mitigation_ob_caused_displacement;daily_mitigation_ob_caused_imbalance;daily_mitigation_ob_flip_zone;daily_mitigation_ob_has_inducement;daily_mitigation_ob_swept_liquidity;daily_mitigation_ob_swept_liquidity_fractal;daily_mitigation_ob_swept_liquidity_fvg;daily_mitigation_ob_swept_liquidity_internal;daily_mitigation_ob_swept_liquidity_previous_candle;daily_mitigation_ob_swept_liquidity_swing;daily_ob_target_caused_displacement;daily_ob_target_caused_imbalance;daily_ob_target_flip_zone;daily_ob_target_has_inducement;daily_ob_target_swept_liquidity;daily_ob_target_swept_liquidity_fractal;daily_ob_target_swept_liquidity_fvg;daily_ob_target_swept_liquidity_internal;daily_ob_target_swept_liquidity_previous_candle;daily_ob_target_swept_liquidity_swing;h1_mitigation_ob_flip_zone;h1_mitigation_ob_swept_liquidity;h1_mitigation_ob_swept_liquidity_fvg;h1_mitigation_ob_swept_liquidity_internal;h1_mitigation_ob_swept_liquidity_swing;h1_ob_target_flip_zone;h1_ob_target_swept_liquidity_fractal;h1_ob_target_swept_liquidity_fvg;h1_ob_target_swept_liquidity_internal;h1_ob_target_swept_liquidity_previous_candle;h1_ob_target_swept_liquidity_swing;h4_mitigation_ob_caused_displacement;h4_mitigation_ob_caused_imbalance;h4_mitigation_ob_flip_zone;h4_mitigation_ob_has_inducement;h4_mitigation_ob_swept_liquidity;h4_mitigation_ob_swept_liquidity_fractal;h4_mitigation_ob_swept_liquidity_fvg;h4_mitigation_ob_swept_liquidity_internal;h4_mitigation_ob_swept_liquidity_previous_candle;h4_mitigation_ob_swept_liquidity_swing;h4_mitigation_ob_within_daily_ob;h4_ob_target_flip_zone;h4_ob_target_swept_liquidity;h4_ob_target_swept_liquidity_fractal;h4_ob_target_swept_liquidity_fvg;h4_ob_target_swept_liquidity_internal;h4_ob_target_swept_liquidity_swing
2024-03-15,Friday,ny,2024-03-15 14:00:00+00:00,2024-03-15 19:00:00+00:00,bearish,189.833,190.318,187.89299999999994,189.853,0.48500000000001364,-7.984198503404009,loss,-0.04123711340208179,friday_close,0.38144329896906615,-0.04123711340208179,friday_close,False,0,5,0 days 05:00:00,0.0,True,-16.18,78.4,4.0,2024-03-15 14:00:00+00:00,False,190.298,189.892,1,daily_mitigation_ob_caused_displacement;daily_mitigation_ob_caused_imbalance;daily_mitigation_ob_flip_zone;daily_mitigation_ob_has_inducement;daily_mitigation_ob_swept_liquidity;daily_mitigation_ob_swept_liquidity_fractal;daily_mitigation_ob_swept_liquidity_fvg;daily_mitigation_ob_swept_liquidity_internal;daily_mitigation_ob_swept_liquidity_previous_candle;daily_mitigation_ob_swept_liquidity_swing;daily_ob_target_flip_zone;daily_ob_target_swept_liquidity_fractal;daily_ob_target_swept_liquidity_fvg;daily_ob_target_swept_liquidity_internal;daily_ob_target_swept_liquidity_previous_candle;daily_ob_target_swept_liquidity_swing;h1_mitigation_ob_flip_zone;h1_mitigation_ob_swept_liquidity_fractal;h1_mitigation_ob_swept_liquidity_fvg;h1_mitigation_ob_swept_liquidity_internal;h1_mitigation_ob_swept_liquidity_previous_candle;h1_mitigation_ob_swept_liquidity_swing;h1_ob_target_flip_zone;h1_ob_target_swept_liquidity;h1_ob_target_swept_liquidity_fvg;h1_ob_target_swept_liquidity_internal;h1_ob_target_swept_liquidity_swing;h4_mitigation_ob_caused_displacement;h4_mitigation_ob_caused_imbalance;h4_mitigation_ob_flip_zone;h4_mitigation_ob_has_inducement;h4_mitigation_ob_swept_liquidity;h4_mitigation_ob_swept_liquidity_fractal;h4_mitigation_ob_swept_liquidity_fvg;h4_mitigation_ob_swept_liquidity_internal;h4_mitigation_ob_swept_liquidity_previous_candle;h4_mitigation_ob_swept_liquidity_swing;h4_mitigation_ob_within_daily_ob;h4_ob_target_flip_zone;h4_ob_target_swept_liquidity_fractal;h4_ob_target_swept_liquidity_fvg;h4_ob_target_swept_liquidity_internal;h4_ob_target_swept_liquidity_previous_candle;h4_ob_target_swept_liquidity_swing
2024-03-22,Friday,london,2024-03-22 07:00:00+00:00,2024-03-22 08:00:00+00:00,bullish,190.888,190.54399999999998,192.2640000000001,190.54399999999998,0.3440000000000225,-35.67594231829198,loss,-1.0,sl,0.026162790697632388,-1.0,sl,False,0,1,0 days 01:00:00,4.699999999996862,False,-16.18,78.4,4.0,2024-03-22 07:00:00+00:00,False,191.108,190.564,1,daily_mitigation_ob_caused_displacement;daily_mitigation_ob_caused_imbalance;daily_mitigation_ob_flip_zone;daily_mitigation_ob_has_inducement;daily_mitigation_ob_swept_liquidity;daily_mitigation_ob_swept_liquidity_fractal;daily_mitigation_ob_swept_liquidity_fvg;daily_mitigation_ob_swept_liquidity_internal;daily_mitigation_ob_swept_liquidity_previous_candle;daily_mitigation_ob_swept_liquidity_swing;daily_ob_target_caused_displacement;daily_ob_target_caused_imbalance;daily_ob_target_flip_zone;daily_ob_target_has_inducement;daily_ob_target_swept_liquidity;daily_ob_target_swept_liquidity_fractal;daily_ob_target_swept_liquidity_fvg;daily_ob_target_swept_liquidity_internal;daily_ob_target_swept_liquidity_previous_candle;daily_ob_target_swept_liquidity_swing;h1_mitigation_ob_flip_zone;h1_mitigation_ob_swept_liquidity;h1_mitigation_ob_swept_liquidity_fractal;h1_mitigation_ob_swept_liquidity_internal;h1_mitigation_ob_swept_liquidity_swing;h1_ob_target_flip_zone;h1_ob_target_swept_liquidity_fractal;h1_ob_target_swept_liquidity_fvg;h1_ob_target_swept_liquidity_internal;h1_ob_target_swept_liquidity_previous_candle;h1_ob_target_swept_liquidity_swing;h4_mitigation_ob_caused_displacement;h4_mitigation_ob_caused_imbalance;h4_mitigation_ob_flip_zone;h4_mitigation_ob_has_inducement;h4_mitigation_ob_swept_liquidity;h4_mitigation_ob_swept_liquidity_fractal;h4_mitigation_ob_swept_liquidity_fvg;h4_mitigation_ob_swept_liquidity_internal;h4_mitigation_ob_swept_liquidity_previous_candle;h4_mitigation_ob_swept_liquidity_swing;h4_mitigation_ob_within_daily_ob;h4_ob_target_flip_zone;h4_ob_target_swept_liquidity_fractal;h4_ob_target_swept_liquidity_fvg;h4_ob_target_swept_liquidity_internal;h4_ob_target_swept_liquidity_previous_candle;h4_ob_target_swept_liquidity_swing
2024-03-26,Tuesday,london,2024-03-26 07:00:00+00:00,2024-03-26 09:00:00+00:00,bullish,191.427,191.248,192.143,191.248,0.17900000000000205,-31.796936136458836,loss,-1.0,sl,0.2011173184357595,-1.0,sl,False,0,2,0 days 02:00:00,6.999999999999318,False,-16.18,78.4,4.0,2024-03-26 07:00:00+00:00,False,191.378,191.268,1,daily_mitigation_ob_caused_displacement;daily_mitigation_ob_caused_imbalance;daily_mitigation_ob_flip_zone;daily_mitigation_ob_has_inducement;daily_mitigation_ob_swept_liquidity;daily_mitigation_ob_swept_liquidity_fractal;daily_mitigation_ob_swept_liquidity_fvg;daily_mitigation_ob_swept_liquidity_internal;daily_mitigation_ob_swept_liquidity_previous_candle;daily_mitigation_ob_swept_liquidity_swing;daily_ob_target_caused_displacement;daily_ob_target_caused_imbalance;daily_ob_target_flip_zone;daily_ob_target_has_inducement;daily_ob_target_swept_liquidity;daily_ob_target_swept_liquidity_fractal;daily_ob_target_swept_liquidity_fvg;daily_ob_target_swept_liquidity_internal;daily_ob_target_swept_liquidity_previous_candle;daily_ob_target_swept_liquidity_swing;h1_mitigation_ob_flip_zone;h1_mitigation_ob_swept_liquidity;h1_mitigation_ob_swept_liquidity_fractal;h1_mitigation_ob_swept_liquidity_fvg;h1_mitigation_ob_swept_liquidity_internal;h1_mitigation_ob_swept_liquidity_swing;h1_ob_target_flip_zone;h1_ob_target_swept_liquidity_fractal;h1_ob_target_swept_liquidity_fvg;h1_ob_target_swept_liquidity_internal;h1_ob_target_swept_liquidity_previous_candle;h1_ob_target_swept_liquidity_swing;h4_mitigation_ob_caused_displacement;h4_mitigation_ob_caused_imbalance;h4_mitigation_ob_flip_zone;h4_mitigation_ob_has_inducement;h4_mitigation_ob_swept_liquidity;h4_mitigation_ob_swept_liquidity_fractal;h4_mitigation_ob_swept_liquidity_fvg;h4_mitigation_ob_swept_liquidity_internal;h4_mitigation_ob_swept_liquidity_previous_candle;h4_mitigation_ob_swept_liquidity_swing;h4_mitigation_ob_within_daily_ob;h4_ob_target_caused_displacement;h4_ob_target_caused_imbalance;h4_ob_target_flip_zone;h4_ob_target_has_inducement;h4_ob_target_swept_liquidity;h4_ob_target_swept_liquidity_fractal;h4_ob_target_swept_liquidity_fvg;h4_ob_target_swept_liquidity_internal;h4_ob_target_swept_liquidity_previous_candle;h4_ob_target_swept_liquidity_swing;h4_ob_target_within_daily_ob
2024-03-29,Friday,ny,2024-03-29 12:00:00+00:00,2024-03-29 13:00:00+00:00,bearish,191.004,191.084,190.68399999999994,191.084,0.0800000000000125,-42.93889897731395,loss,-1.0,sl,0.3249999999997247,-1.0,sl,False,0,1,0 days 01:00:00,11.400000000000432,False,-16.18,78.4,4.0,2024-03-29 12:00:00+00:00,False,191.064,190.919,1,daily_mitigation_ob_caused_displacement;daily_mitigation_ob_caused_imbalance;daily_mitigation_ob_flip_zone;daily_mitigation_ob_has_inducement;daily_mitigation_ob_swept_liquidity;daily_mitigation_ob_swept_liquidity_fractal;daily_mitigation_ob_swept_liquidity_fvg;daily_mitigation_ob_swept_liquidity_internal;daily_mitigation_ob_swept_liquidity_previous_candle;daily_mitigation_ob_swept_liquidity_swing;daily_ob_target_caused_displacement;daily_ob_target_caused_imbalance;daily_ob_target_flip_zone;daily_ob_target_has_inducement;daily_ob_target_swept_liquidity;daily_ob_target_swept_liquidity_fractal;daily_ob_target_swept_liquidity_fvg;daily_ob_target_swept_liquidity_internal;daily_ob_target_swept_liquidity_previous_candle;daily_ob_target_swept_liquidity_swing;h1_mitigation_ob_flip_zone;h1_mitigation_ob_swept_liquidity_fractal;h1_mitigation_ob_swept_liquidity_fvg;h1_mitigation_ob_swept_liquidity_internal;h1_mitigation_ob_swept_liquidity_previous_candle;h1_mitigation_ob_swept_liquidity_swing;h1_ob_target_caused_displacement;h1_ob_target_caused_imbalance;h1_ob_target_flip_zone;h1_ob_target_has_inducement;h1_ob_target_swept_liquidity;h1_ob_target_swept_liquidity_fractal;h1_ob_target_swept_liquidity_fvg;h1_ob_target_swept_liquidity_internal;h1_ob_target_swept_liquidity_previous_candle;h1_ob_target_swept_liquidity_swing;h1_ob_target_within_h4_ob;h4_mitigation_ob_caused_displacement;h4_mitigation_ob_caused_imbalance;h4_mitigation_ob_flip_zone;h4_mitigation_ob_has_inducement;h4_mitigation_ob_swept_liquidity;h4_mitigation_ob_swept_liquidity_fractal;h4_mitigation_ob_swept_liquidity_fvg;h4_mitigation_ob_swept_liquidity_internal;h4_mitigation_ob_swept_liquidity_previous_candle;h4_mitigation_ob_swept_liquidity_swing;h4_mitigation_ob_within_daily_ob;h4_ob_target_caused_displacement;h4_ob_target_caused_imbalance;h4_ob_target_flip_zone;h4_ob_target_has_inducement;h4_ob_target_swept_liquidity;h4_ob_target_swept_liquidity_fractal;h4_ob_target_swept_liquidity_fvg;h4_ob_target_swept_liquidity_internal;h4_ob_target_swept_liquidity_previous_candle;h4_ob_target_swept_liquidity_swing;h4_ob_target_within_daily_ob
2024-04-01,Monday,ny,2024-04-01 11:00:00+00:00,2024-04-01 14:00:00+00:00,bullish,190.964,190.801,191.61600000000004,190.801,0.16300000000001091,65.2807275281419,loss,-1.0,sl,0.46625766871158475,-1.0,sl,False,0,3,0 days 03:00:00,35.199999999997544,True,-16.18,78.4,4.0,2024-04-01 11:00:00+00:00,False,190.902,190.821,1,daily_mitigation_ob_caused_displacement;daily_mitigation_ob_caused_imbalance;daily_mitigation_ob_flip_zone;daily_mitigation_ob_has_inducement;daily_mitigation_ob_swept_liquidity;daily_mitigation_ob_swept_liquidity_fractal;daily_mitigation_ob_swept_liquidity_fvg;daily_mitigation_ob_swept_liquidity_internal;daily_mitigation_ob_swept_liquidity_previous_candle;daily_mitigation_ob_swept_liquidity_swing;daily_ob_target_caused_displacement;daily_ob_target_caused_imbalance;daily_ob_target_flip_zone;daily_ob_target_has_inducement;daily_ob_target_swept_liquidity;daily_ob_target_swept_liquidity_fractal;daily_ob_target_swept_liquidity_fvg;daily_ob_target_swept_liquidity_internal;daily_ob_target_swept_liquidity_previous_candle;daily_ob_target_swept_liquidity_swing;h1_mitigation_ob_flip_zone;h1_mitigation_ob_swept_liquidity_fractal;h1_mitigation_ob_swept_liquidity_fvg;h1_mitigation_ob_swept_liquidity_internal;h1_mitigation_ob_swept_liquidity_previous_candle;h1_mitigation_ob_swept_liquidity_swing;h1_ob_target_flip_zone;h1_ob_target_swept_liquidity_fractal;h1_ob_target_swept_liquidity_fvg;h1_ob_target_swept_liquidity_internal;h1_ob_target_swept_liquidity_previous_candle;h1_ob_target_swept_liquidity_swing;h4_mitigation_ob_flip_zone;h4_mitigation_ob_swept_liquidity_fractal;h4_mitigation_ob_swept_liquidity_fvg;h4_mitigation_ob_swept_liquidity_internal;h4_mitigation_ob_swept_liquidity_previous_candle;h4_mitigation_ob_swept_liquidity_swing;h4_ob_target_caused_displacement;h4_ob_target_caused_imbalance;h4_ob_target_flip_zone;h4_ob_target_has_inducement;h4_ob_target_swept_liquidity;h4_ob_target_swept_liquidity_fractal;h4_ob_target_swept_liquidity_fvg;h4_ob_target_swept_liquidity_internal;h4_ob_target_swept_liquidity_previous_candle;h4_ob_target_swept_liquidity_swing;h4_ob_target_within_daily_ob
2024-04-02,Tuesday,london,2024-04-02 07:00:00+00:00,2024-04-03 14:00:00+00:00,bullish,190.407,190.149,191.43900000000005,191.43900000000005,0.2580000000000098,-37.80921663873598,win,4.0,tp,7.100775193798156,4.329457364340883,friday_close,True,3,31,1 days 07:00:00,0.0,False,-16.18,78.4,4.0,2024-04-02 07:00:00+00:00,False,190.29,190.169,2,daily_mitigation_ob_caused_displacement;daily_mitigation_ob_caused_imbalance;daily_mitigation_ob_flip_zone;daily_mitigation_ob_has_inducement;daily_mitigation_ob_swept_liquidity;daily_mitigation_ob_swept_liquidity_fractal;daily_mitigation_ob_swept_liquidity_fvg;daily_mitigation_ob_swept_liquidity_internal;daily_mitigation_ob_swept_liquidity_previous_candle;daily_mitigation_ob_swept_liquidity_swing;daily_ob_target_flip_zone;daily_ob_target_swept_liquidity_fractal;daily_ob_target_swept_liquidity_fvg;daily_ob_target_swept_liquidity_internal;daily_ob_target_swept_liquidity_previous_candle;daily_ob_target_swept_liquidity_swing;h1_mitigation_ob_flip_zone;h1_mitigation_ob_swept_liquidity;h1_mitigation_ob_swept_liquidity_fvg;h1_mitigation_ob_swept_liquidity_internal;h1_mitigation_ob_swept_liquidity_previous_candle;h1_mitigation_ob_swept_liquidity_swing;h1_ob_target_flip_zone;h1_ob_target_swept_liquidity_fractal;h1_ob_target_swept_liquidity_fvg;h1_ob_target_swept_liquidity_internal;h1_ob_target_swept_liquidity_previous_candle;h1_ob_target_swept_liquidity_swing;h4_mitigation_ob_caused_displacement;h4_mitigation_ob_caused_imbalance;h4_mitigation_ob_flip_zone;h4_mitigation_ob_has_inducement;h4_mitigation_ob_swept_liquidity;h4_mitigation_ob_swept_liquidity_fractal;h4_mitigation_ob_swept_liquidity_fvg;h4_mitigation_ob_swept_liquidity_internal;h4_mitigation_ob_swept_liquidity_previous_candle;h4_mitigation_ob_swept_liquidity_swing;h4_mitigation_ob_within_daily_ob;h4_ob_target_flip_zone;h4_ob_target_swept_liquidity_fractal;h4_ob_target_swept_liquidity_fvg;h4_ob_target_swept_liquidity_internal;h4_ob_target_swept_liquidity_previous_candle;h4_ob_target_swept_liquidity_swing
2024-04-03,Wednesday,london,2024-04-03 06:00:00+00:00,2024-04-03 14:00:00+00:00,bullish,190.704,190.51999999999998,191.4400000000001,191.4400000000001,0.18400000000002592,-36.26254471564562,win,4.0,tp,8.342391304346632,0.0,be_stop,True,2,8,0 days 08:00:00,3.6000000000001364,False,-16.18,78.4,4.0,2024-04-03 06:00:00+00:00,False,190.662,190.54,1,daily_mitigation_ob_caused_displacement;daily_mitigation_ob_caused_imbalance;daily_mitigation_ob_flip_zone;daily_mitigation_ob_has_inducement;daily_mitigation_ob_swept_liquidity;daily_mitigation_ob_swept_liquidity_fractal;daily_mitigation_ob_swept_liquidity_fvg;daily_mitigation_ob_swept_liquidity_internal;daily_mitigation_ob_swept_liquidity_previous_candle;daily_mitigation_ob_swept_liquidity_swing;daily_ob_target_flip_zone;daily_ob_target_swept_liquidity_fractal;daily_ob_target_swept_liquidity_fvg;daily_ob_target_swept_liquidity_internal;daily_ob_target_swept_liquidity_previous_candle;daily_ob_target_swept_liquidity_swing;h1_mitigation_ob_flip_zone;h1_mitigation_ob_swept_liquidity_fractal;h1_mitigation_ob_swept_liquidity_fvg;h1_mitigation_ob_swept_liquidity_internal;h1_mitigation_ob_swept_liquidity_previous_candle;h1_mitigation_ob_swept_liquidity_swing;h1_ob_target_flip_zone;h1_ob_target_swept_liquidity_fractal;h1_ob_target_swept_liquidity_fvg;h1_ob_target_swept_liquidity_internal;h1_ob_target_swept_liquidity_previous_candle;h1_ob_target_swept_liquidity_swing;h4_mitigation_ob_caused_displacement;h4_mitigation_ob_caused_imbalance;h4_mitigation_ob_flip_zone;h4_mitigation_ob_has_inducement;h4_mitigation_ob_swept_liquidity;h4_mitigation_ob_swept_liquidity_fractal;h4_mitigation_ob_swept_liquidity_fvg;h4_mitigation_ob_swept_liquidity_internal;h4_mitigation_ob_swept_liquidity_previous_candle;h4_mitigation_ob_swept_liquidity_swing;h4_mitigation_ob_within_daily_ob;h4_ob_target_flip_zone;h4_ob_target_swept_liquidity_fractal;h4_ob_target_swept_liquidity_fvg;h4_ob_target_swept_liquidity_internal;h4_ob_target_swept_liquidity_previous_candle;h4_ob_target_swept_liquidity_swing
2024-04-03,Wednesday,ny,2024-04-03 11:00:00+00:00,2024-04-03 14:00:00+00:00,bearish,190.889,191.121,189.961,191.121,0.23199999999999932,0.7355175501011693,loss,-1.0,sl,0.258620689655183,-1.0,sl,False,0,3,0 days 03:00:00,50.499999999999545,True,-16.18,78.4,4.0,2024-04-03 10:00:00+00:00,True,191.101,190.933,1,daily_mitigation_ob_flip_zone;daily_mitigation_ob_swept_liquidity_fractal;daily_mitigation_ob_swept_liquidity_fvg;daily_mitigation_ob_swept_liquidity_internal;daily_mitigation_ob_swept_liquidity_previous_candle;daily_mitigation_ob_swept_liquidity_swing;daily_ob_target_caused_displacement;daily_ob_target_caused_imbalance;daily_ob_target_flip_zone;daily_ob_target_has_inducement;daily_ob_target_swept_liquidity;daily_ob_target_swept_liquidity_fractal;daily_ob_target_swept_liquidity_fvg;daily_ob_target_swept_liquidity_internal;daily_ob_target_swept_liquidity_previous_candle;daily_ob_target_swept_liquidity_swing;h1_mitigation_ob_flip_zone;h1_mitigation_ob_swept_liquidity_fractal;h1_mitigation_ob_swept_liquidity_fvg;h1_mitigation_ob_swept_liquidity_internal;h1_mitigation_ob_swept_liquidity_previous_candle;h1_mitigation_ob_swept_liquidity_swing;h1_ob_target_flip_zone;h1_ob_target_swept_liquidity;h1_ob_target_swept_liquidity_fvg;h1_ob_target_swept_liquidity_previous_candle;h1_ob_target_swept_liquidity_swing;h4_mitigation_ob_flip_zone;h4_mitigation_ob_swept_liquidity;h4_mitigation_ob_swept_liquidity_fvg;h4_mitigation_ob_swept_liquidity_internal;h4_mitigation_ob_swept_liquidity_previous_candle;h4_mitigation_ob_swept_liquidity_swing;h4_ob_target_flip_zone;h4_ob_target_swept_liquidity;h4_ob_target_swept_liquidity_fvg;h4_ob_target_swept_liquidity_internal;h4_ob_target_swept_liquidity_previous_candle;h4_ob_target_swept_liquidity_swing
2024-04-05,Friday,ny,2024-04-05 13:00:00+00:00,2024-04-05 18:00:00+00:00,bullish,190.956,190.73399999999998,191.84400000000002,191.524,0.2220000000000084,-31.545812714589676,win,2.558558558558516,friday_close,2.8198198198197346,2.558558558558516,friday_close,False,0,5,0 days 05:00:00,0.0,False,-16.18,78.4,4.0,2024-04-05 13:00:00+00:00,False,190.94,190.754,1,daily_mitigation_ob_caused_displacement;daily_mitigation_ob_caused_imbalance;daily_mitigation_ob_flip_zone;daily_mitigation_ob_has_inducement;daily_mitigation_ob_swept_liquidity;daily_mitigation_ob_swept_liquidity_fractal;daily_mitigation_ob_swept_liquidity_fvg;daily_mitigation_ob_swept_liquidity_internal;daily_mitigation_ob_swept_liquidity_previous_candle;daily_mitigation_ob_swept_liquidity_swing;daily_ob_target_caused_displacement;daily_ob_target_caused_imbalance;daily_ob_target_flip_zone;daily_ob_target_has_inducement;daily_ob_target_swept_liquidity;daily_ob_target_swept_liquidity_fractal;daily_ob_target_swept_liquidity_fvg;daily_ob_target_swept_liquidity_internal;daily_ob_target_swept_liquidity_previous_candle;daily_ob_target_swept_liquidity_swing;h1_mitigation_ob_flip_zone;h1_mitigation_ob_swept_liquidity;h1_mitigation_ob_swept_liquidity_fractal;h1_mitigation_ob_swept_liquidity_fvg;h1_mitigation_ob_swept_liquidity_internal;h1_mitigation_ob_swept_liquidity_swing;h1_ob_target_flip_zone;h1_ob_target_swept_liquidity_fractal;h1_ob_target_swept_liquidity_fvg;h1_ob_target_swept_liquidity_internal;h1_ob_target_swept_liquidity_previous_candle;h1_ob_target_swept_liquidity_swing;h4_mitigation_ob_caused_displacement;h4_mitigation_ob_caused_imbalance;h4_mitigation_ob_flip_zone;h4_mitigation_ob_has_inducement;h4_mitigation_ob_swept_liquidity;h4_mitigation_ob_swept_liquidity_fractal;h4_mitigation_ob_swept_liquidity_fvg;h4_mitigation_ob_swept_liquidity_internal;h4_mitigation_ob_swept_liquidity_previous_candle;h4_mitigation_ob_swept_liquidity_swing;h4_mitigation_ob_within_daily_ob;h4_ob_target_caused_displacement;h4_ob_target_caused_imbalance;h4_ob_target_flip_zone;h4_ob_target_has_inducement;h4_ob_target_swept_liquidity;h4_ob_target_swept_liquidity_fractal;h4_ob_target_swept_liquidity_fvg;h4_ob_target_swept_liquidity_internal;h4_ob_target_swept_liquidity_previous_candle;h4_ob_target_swept_liquidity_swing;h4_ob_target_within_daily_ob
2024-04-09,Tuesday,london,2024-04-09 06:00:00+00:00,2024-04-09 10:00:00+00:00,bearish,192.23,192.54500000000002,190.96999999999989,192.54500000000002,0.31500000000002615,-31.15613318700624,loss,-1.0,sl,0.32063492063489113,-1.0,sl,False,0,4,0 days 04:00:00,11.7999999999995,False,-16.18,78.4,4.0,2024-04-09 06:00:00+00:00,False,192.525,192.279,1,daily_mitigation_ob_caused_displacement;daily_mitigation_ob_caused_imbalance;daily_mitigation_ob_flip_zone;daily_mitigation_ob_has_inducement;daily_mitigation_ob_swept_liquidity;daily_mitigation_ob_swept_liquidity_fractal;daily_mitigation_ob_swept_liquidity_fvg;daily_mitigation_ob_swept_liquidity_internal;daily_mitigation_ob_swept_liquidity_previous_candle;daily_mitigation_ob_swept_liquidity_swing;daily_ob_target_caused_displacement;daily_ob_target_caused_imbalance;daily_ob_target_flip_zone;daily_ob_target_has_inducement;daily_ob_target_swept_liquidity;daily_ob_target_swept_liquidity_fractal;daily_ob_target_swept_liquidity_fvg;daily_ob_target_swept_liquidity_internal;daily_ob_target_swept_liquidity_previous_candle;daily_ob_target_swept_liquidity_swing;h1_mitigation_ob_flip_zone;h1_mitigation_ob_swept_liquidity_fractal;h1_mitigation_ob_swept_liquidity_fvg;h1_mitigation_ob_swept_liquidity_internal;h1_mitigation_ob_swept_liquidity_previous_candle;h1_mitigation_ob_swept_liquidity_swing;h1_ob_target_flip_zone;h1_ob_target_swept_liquidity_fractal;h1_ob_target_swept_liquidity_fvg;h1_ob_target_swept_liquidity_internal;h1_ob_target_swept_liquidity_previous_candle;h1_ob_target_swept_liquidity_swing;h4_mitigation_ob_caused_displacement;h4_mitigation_ob_caused_imbalance;h4_mitigation_ob_flip_zone;h4_mitigation_ob_has_inducement;h4_mitigation_ob_swept_liquidity;h4_mitigation_ob_swept_liquidity_fractal;h4_mitigation_ob_swept_liquidity_fvg;h4_mitigation_ob_swept_liquidity_internal;h4_mitigation_ob_swept_liquidity_previous_candle;h4_mitigation_ob_swept_liquidity_swing;h4_mitigation_ob_within_daily_ob;h4_ob_target_caused_displacement;h4_ob_target_caused_imbalance;h4_ob_target_flip_zone;h4_ob_target_has_inducement;h4_ob_target_swept_liquidity;h4_ob_target_swept_liquidity_fractal;h4_ob_target_swept_liquidity_fvg;h4_ob_target_swept_liquidity_internal;h4_ob_target_swept_liquidity_previous_candle;h4_ob_target_swept_liquidity_swing;h4_ob_target_within_daily_ob
2024-04-09,Tuesday,ny,2024-04-09 13:00:00+00:00,2024-04-10 08:00:00+00:00,bearish,192.699,193.00900000000001,191.459,192.699,0.3100000000000023,-5.67273924536796,breakeven,0.0,be_stop,1.9903225806452067,0.0,be_stop,True,1,19,0 days 19:00:00,6.19999999999834,True,-16.18,78.4,4.0,2024-04-09 13:00:00+00:00,False,192.989,192.746,1,daily_mitigation_ob_caused_displacement;daily_mitigation_ob_caused_imbalance;daily_mitigation_ob_flip_zone;daily_mitigation_ob_has_inducement;daily_mitigation_ob_swept_liquidity;daily_mitigation_ob_swept_liquidity_fractal;daily_mitigation_ob_swept_liquidity_fvg;daily_mitigation_ob_swept_liquidity_internal;daily_mitigation_ob_swept_liquidity_previous_candle;daily_mitigation_ob_swept_liquidity_swing;daily_ob_target_caused_displacement;daily_ob_target_caused_imbalance;daily_ob_target_flip_zone;daily_ob_target_has_inducement;daily_ob_target_swept_liquidity;daily_ob_target_swept_liquidity_fractal;daily_ob_target_swept_liquidity_fvg;daily_ob_target_swept_liquidity_internal;daily_ob_target_swept_liquidity_previous_candle;daily_ob_target_swept_liquidity_swing;h1_mitigation_ob_flip_zone;h1_mitigation_ob_swept_liquidity_fractal;h1_mitigation_ob_swept_liquidity_fvg;h1_mitigation_ob_swept_liquidity_internal;h1_mitigation_ob_swept_liquidity_previous_candle;h1_mitigation_ob_swept_liquidity_swing;h1_ob_target_flip_zone;h1_ob_target_swept_liquidity;h1_ob_target_swept_liquidity_fvg;h1_ob_target_swept_liquidity_internal;h1_ob_target_swept_liquidity_swing;h4_mitigation_ob_flip_zone;h4_mitigation_ob_swept_liquidity_fractal;h4_mitigation_ob_swept_liquidity_fvg;h4_mitigation_ob_swept_liquidity_internal;h4_mitigation_ob_swept_liquidity_previous_candle;h4_mitigation_ob_swept_liquidity_swing;h4_ob_target_caused_displacement;h4_ob_target_caused_imbalance;h4_ob_target_flip_zone;h4_ob_target_has_inducement;h4_ob_target_swept_liquidity;h4_ob_target_swept_liquidity_fractal;h4_ob_target_swept_liquidity_fvg;h4_ob_target_swept_liquidity_internal;h4_ob_target_swept_liquidity_previous_candle;h4_ob_target_swept_liquidity_swing;h4_ob_target_within_daily_ob
2024-04-10,Wednesday,london,2024-04-10 08:00:00+00:00,2024-04-10 12:00:00+00:00,bullish,192.76,192.363,194.34799999999996,192.363,0.39699999999999136,-31.27425977405931,loss,-1.0,sl,0.44836272040302555,-1.0,sl,False,0,4,0 days 04:00:00,84.80000000000132,False,-16.18,78.4,4.0,2024-04-10 08:00:00+00:00,False,192.468,192.383,1,daily_mitigation_ob_caused_displacement;daily_mitigation_ob_caused_imbalance;daily_mitigation_ob_flip_zone;daily_mitigation_ob_has_inducement;daily_mitigation_ob_swept_liquidity;daily_mitigation_ob_swept_liquidity_fractal;daily_mitigation_ob_swept_liquidity_fvg;daily_mitigation_ob_swept_liquidity_internal;daily_mitigation_ob_swept_liquidity_previous_candle;daily_mitigation_ob_swept_liquidity_swing;daily_ob_target_flip_zone;daily_ob_target_swept_liquidity;daily_ob_target_swept_liquidity_fvg;daily_ob_target_swept_liquidity_internal;daily_ob_target_swept_liquidity_previous_candle;daily_ob_target_swept_liquidity_swing;h1_mitigation_ob_flip_zone;h1_mitigation_ob_swept_liquidity_fractal;h1_mitigation_ob_swept_liquidity_fvg;h1_mitigation_ob_swept_liquidity_internal;h1_mitigation_ob_swept_liquidity_previous_candle;h1_mitigation_ob_swept_liquidity_swing;h1_ob_target_flip_zone;h1_ob_target_swept_liquidity;h1_ob_target_swept_liquidity_fractal;h1_ob_target_swept_liquidity_fvg;h1_ob_target_swept_liquidity_internal;h1_ob_target_swept_liquidity_swing;h4_mitigation_ob_caused_displacement;h4_mitigation_ob_caused_imbalance;h4_mitigation_ob_flip_zone;h4_mitigation_ob_has_inducement;h4_mitigation_ob_swept_liquidity;h4_mitigation_ob_swept_liquidity_fractal;h4_mitigation_ob_swept_liquidity_fvg;h4_mitigation_ob_swept_liquidity_internal;h4_mitigation_ob_swept_liquidity_previous_candle;h4_mitigation_ob_swept_liquidity_swing;h4_mitigation_ob_within_daily_ob;h4_ob_target_flip_zone;h4_ob_target_swept_liquidity;h4_ob_target_swept_liquidity_fractal;h4_ob_target_swept_liquidity_internal;h4_ob_target_swept_liquidity_previous_candle;h4_ob_target_swept_liquidity_swing
2024-04-11,Thursday,ny,2024-04-11 11:00:00+00:00,2024-04-11 14:00:00+00:00,bullish,191.949,191.809,192.50900000000007,191.809,0.14000000000001478,-32.76096251360047,loss,-1.0,sl,2.8428571428568152,-1.0,sl,False,0,3,0 days 03:00:00,3.6000000000001364,False,-16.18,78.4,4.0,2024-04-11 10:00:00+00:00,True,192.018,191.829,1,daily_mitigation_ob_caused_displacement;daily_mitigation_ob_caused_imbalance;daily_mitigation_ob_flip_zone;daily_mitigation_ob_has_inducement;daily_mitigation_ob_swept_liquidity;daily_mitigation_ob_swept_liquidity_fractal;daily_mitigation_ob_swept_liquidity_fvg;daily_mitigation_ob_swept_liquidity_internal;daily_mitigation_ob_swept_liquidity_previous_candle;daily_mitigation_ob_swept_liquidity_swing;daily_ob_target_caused_displacement;daily_ob_target_caused_imbalance;daily_ob_target_flip_zone;daily_ob_target_has_inducement;daily_ob_target_swept_liquidity;daily_ob_target_swept_liquidity_fractal;daily_ob_target_swept_liquidity_fvg;daily_ob_target_swept_liquidity_internal;daily_ob_target_swept_liquidity_previous_candle;daily_ob_target_swept_liquidity_swing;h1_mitigation_ob_flip_zone;h1_mitigation_ob_swept_liquidity_fractal;h1_mitigation_ob_swept_liquidity_fvg;h1_mitigation_ob_swept_liquidity_internal;h1_mitigation_ob_swept_liquidity_previous_candle;h1_mitigation_ob_swept_liquidity_swing;h1_ob_target_caused_displacement;h1_ob_target_caused_imbalance;h1_ob_target_flip_zone;h1_ob_target_has_inducement;h1_ob_target_swept_liquidity;h1_ob_target_swept_liquidity_fractal;h1_ob_target_swept_liquidity_fvg;h1_ob_target_swept_liquidity_internal;h1_ob_target_swept_liquidity_previous_candle;h1_ob_target_swept_liquidity_swing;h1_ob_target_within_h4_ob;h4_mitigation_ob_caused_displacement;h4_mitigation_ob_caused_imbalance;h4_mitigation_ob_flip_zone;h4_mitigation_ob_has_inducement;h4_mitigation_ob_swept_liquidity;h4_mitigation_ob_swept_liquidity_fractal;h4_mitigation_ob_swept_liquidity_fvg;h4_mitigation_ob_swept_liquidity_internal;h4_mitigation_ob_swept_liquidity_previous_candle;h4_mitigation_ob_swept_liquidity_swing;h4_mitigation_ob_within_daily_ob;h4_ob_target_caused_displacement;h4_ob_target_caused_imbalance;h4_ob_target_flip_zone;h4_ob_target_has_inducement;h4_ob_target_swept_liquidity;h4_ob_target_swept_liquidity_fractal;h4_ob_target_swept_liquidity_fvg;h4_ob_target_swept_liquidity_internal;h4_ob_target_swept_liquidity_previous_candle;h4_ob_target_swept_liquidity_swing;h4_ob_target_within_daily_ob
2024-04-15,Monday,london,2024-04-15 07:00:00+00:00,2024-04-15 08:00:00+00:00,bearish,192.001,192.102,191.597,192.102,0.10099999999999909,-39.94765460475137,loss,-1.0,sl,0.0,-1.0,sl,False,0,1,0 days 01:00:00,10.300000000000864,False,-16.18,78.4,4.0,2024-04-15 07:00:00+00:00,False,192.082,191.849,1,daily_mitigation_ob_caused_displacement;daily_mitigation_ob_caused_imbalance;daily_mitigation_ob_flip_zone;daily_mitigation_ob_has_inducement;daily_mitigation_ob_swept_liquidity;daily_mitigation_ob_swept_liquidity_fractal;daily_mitigation_ob_swept_liquidity_fvg;daily_mitigation_ob_swept_liquidity_internal;daily_mitigation_ob_swept_liquidity_previous_candle;daily_mitigation_ob_swept_liquidity_swing;daily_ob_target_caused_displacement;daily_ob_target_caused_imbalance;daily_ob_target_flip_zone;daily_ob_target_has_inducement;daily_ob_target_swept_liquidity;daily_ob_target_swept_liquidity_fractal;daily_ob_target_swept_liquidity_fvg;daily_ob_target_swept_liquidity_internal;daily_ob_target_swept_liquidity_previous_candle;daily_ob_target_swept_liquidity_swing;h1_mitigation_ob_flip_zone;h1_mitigation_ob_swept_liquidity;h1_mitigation_ob_swept_liquidity_fractal;h1_mitigation_ob_swept_liquidity_internal;h1_mitigation_ob_swept_liquidity_swing;h1_ob_target_caused_displacement;h1_ob_target_caused_imbalance;h1_ob_target_flip_zone;h1_ob_target_has_inducement;h1_ob_target_swept_liquidity;h1_ob_target_swept_liquidity_fractal;h1_ob_target_swept_liquidity_fvg;h1_ob_target_swept_liquidity_internal;h1_ob_target_swept_liquidity_previous_candle;h1_ob_target_swept_liquidity_swing;h1_ob_target_within_h4_ob;h4_mitigation_ob_caused_displacement;h4_mitigation_ob_caused_imbalance;h4_mitigation_ob_flip_zone;h4_mitigation_ob_has_inducement;h4_mitigation_ob_swept_liquidity;h4_mitigation_ob_swept_liquidity_fractal;h4_mitigation_ob_swept_liquidity_fvg;h4_mitigation_ob_swept_liquidity_internal;h4_mitigation_ob_swept_liquidity_previous_candle;h4_mitigation_ob_swept_liquidity_swing;h4_mitigation_ob_within_daily_ob;h4_ob_target_caused_displacement;h4_ob_target_caused_imbalance;h4_ob_target_flip_zone;h4_ob_target_has_inducement;h4_ob_target_swept_liquidity;h4_ob_target_swept_liquidity_fractal;h4_ob_target_swept_liquidity_fvg;h4_ob_target_swept_liquidity_internal;h4_ob_target_swept_liquidity_previous_candle;h4_ob_target_swept_liquidity_swing;h4_ob_target_within_daily_ob
2024-04-18,Thursday,london,2024-04-18 07:00:00+00:00,2024-04-18 11:00:00+00:00,bearish,192.406,192.746,191.046,192.746,0.3400000000000034,-41.830273202227744,loss,-1.0,sl,0.18823529411762444,-1.0,sl,False,0,4,0 days 04:00:00,3.299999999998704,False,-16.18,78.4,4.0,2024-04-18 07:00:00+00:00,False,192.726,192.51,1,daily_mitigation_ob_caused_displacement;daily_mitigation_ob_caused_imbalance;daily_mitigation_ob_flip_zone;daily_mitigation_ob_has_inducement;daily_mitigation_ob_swept_liquidity;daily_mitigation_ob_swept_liquidity_fractal;daily_mitigation_ob_swept_liquidity_fvg;daily_mitigation_ob_swept_liquidity_internal;daily_mitigation_ob_swept_liquidity_previous_candle;daily_mitigation_ob_swept_liquidity_swing;daily_ob_target_caused_displacement;daily_ob_target_caused_imbalance;daily_ob_target_flip_zone;daily_ob_target_has_inducement;daily_ob_target_swept_liquidity;daily_ob_target_swept_liquidity_fractal;daily_ob_target_swept_liquidity_fvg;daily_ob_target_swept_liquidity_internal;daily_ob_target_swept_liquidity_previous_candle;daily_ob_target_swept_liquidity_swing;h1_mitigation_ob_flip_zone;h1_mitigation_ob_swept_liquidity;h1_mitigation_ob_swept_liquidity_fractal;h1_mitigation_ob_swept_liquidity_fvg;h1_mitigation_ob_swept_liquidity_internal;h1_mitigation_ob_swept_liquidity_swing;h1_ob_target_flip_zone;h1_ob_target_swept_liquidity;h1_ob_target_swept_liquidity_fractal;h1_ob_target_swept_liquidity_fvg;h1_ob_target_swept_liquidity_internal;h1_ob_target_swept_liquidity_swing;h4_mitigation_ob_caused_displacement;h4_mitigation_ob_caused_imbalance;h4_mitigation_ob_flip_zone;h4_mitigation_ob_has_inducement;h4_mitigation_ob_swept_liquidity;h4_mitigation_ob_swept_liquidity_fractal;h4_mitigation_ob_swept_liquidity_fvg;h4_mitigation_ob_swept_liquidity_internal;h4_mitigation_ob_swept_liquidity_previous_candle;h4_mitigation_ob_swept_liquidity_swing;h4_mitigation_ob_within_daily_ob;h4_ob_target_caused_displacement;h4_ob_target_caused_imbalance;h4_ob_target_flip_zone;h4_ob_target_has_inducement;h4_ob_target_swept_liquidity;h4_ob_target_swept_liquidity_fractal;h4_ob_target_swept_liquidity_fvg;h4_ob_target_swept_liquidity_internal;h4_ob_target_swept_liquidity_previous_candle;h4_ob_target_swept_liquidity_swing;h4_ob_target_within_daily_ob
2024-04-19,Friday,london,2024-04-19 08:00:00+00:00,2024-04-19 13:00:00+00:00,bearish,192.085,192.60500000000002,190.00499999999997,192.60500000000002,0.5200000000000102,-11.543920672113966,loss,-1.0,sl,0.0288461538461817,-1.0,sl,False,0,5,0 days 05:00:00,9.199999999998454,True,-16.18,78.4,4.0,2024-04-19 08:00:00+00:00,False,192.585,192.324,1,daily_mitigation_ob_caused_displacement;daily_mitigation_ob_caused_imbalance;daily_mitigation_ob_flip_zone;daily_mitigation_ob_has_inducement;daily_mitigation_ob_swept_liquidity;daily_mitigation_ob_swept_liquidity_fractal;daily_mitigation_ob_swept_liquidity_fvg;daily_mitigation_ob_swept_liquidity_internal;daily_mitigation_ob_swept_liquidity_previous_candle;daily_mitigation_ob_swept_liquidity_swing;daily_ob_target_caused_displacement;daily_ob_target_caused_imbalance;daily_ob_target_flip_zone;daily_ob_target_has_inducement;daily_ob_target_swept_liquidity;daily_ob_target_swept_liquidity_fractal;daily_ob_target_swept_liquidity_fvg;daily_ob_target_swept_liquidity_internal;daily_ob_target_swept_liquidity_previous_candle;daily_ob_target_swept_liquidity_swing;h1_mitigation_ob_flip_zone;h1_mitigation_ob_swept_liquidity_fractal;h1_mitigation_ob_swept_liquidity_fvg;h1_mitigation_ob_swept_liquidity_internal;h1_mitigation_ob_swept_liquidity_previous_candle;h1_mitigation_ob_swept_liquidity_swing;h1_ob_target_flip_zone;h1_ob_target_swept_liquidity;h1_ob_target_swept_liquidity_fvg;h1_ob_target_swept_liquidity_previous_candle;h1_ob_target_swept_liquidity_swing;h4_mitigation_ob_caused_displacement;h4_mitigation_ob_caused_imbalance;h4_mitigation_ob_flip_zone;h4_mitigation_ob_has_inducement;h4_mitigation_ob_swept_liquidity;h4_mitigation_ob_swept_liquidity_fractal;h4_mitigation_ob_swept_liquidity_fvg;h4_mitigation_ob_swept_liquidity_internal;h4_mitigation_ob_swept_liquidity_previous_candle;h4_mitigation_ob_swept_liquidity_swing;h4_mitigation_ob_within_daily_ob;h4_ob_target_flip_zone;h4_ob_target_swept_liquidity;h4_ob_target_swept_liquidity_fvg;h4_ob_target_swept_liquidity_internal;h4_ob_target_swept_liquidity_previous_candle;h4_ob_target_swept_liquidity_swing
2024-04-19,Friday,ny,2024-04-19 11:00:00+00:00,2024-04-19 13:00:00+00:00,bearish,192.317,192.60500000000002,191.16499999999996,192.60500000000002,0.2880000000000109,-8.486107620639627,loss,-1.0,sl,0.11805555555562135,-1.0,sl,False,0,2,0 days 02:00:00,9.199999999998454,True,-16.18,78.4,4.0,2024-04-19 10:00:00+00:00,True,192.585,192.324,2,daily_mitigation_ob_caused_displacement;daily_mitigation_ob_caused_imbalance;daily_mitigation_ob_flip_zone;daily_mitigation_ob_has_inducement;daily_mitigation_ob_swept_liquidity;daily_mitigation_ob_swept_liquidity_fractal;daily_mitigation_ob_swept_liquidity_fvg;daily_mitigation_ob_swept_liquidity_internal;daily_mitigation_ob_swept_liquidity_previous_candle;daily_mitigation_ob_swept_liquidity_swing;daily_ob_target_caused_displacement;daily_ob_target_caused_imbalance;daily_ob_target_flip_zone;daily_ob_target_has_inducement;daily_ob_target_swept_liquidity;daily_ob_target_swept_liquidity_fractal;daily_ob_target_swept_liquidity_fvg;daily_ob_target_swept_liquidity_internal;daily_ob_target_swept_liquidity_previous_candle;daily_ob_target_swept_liquidity_swing;h1_mitigation_ob_flip_zone;h1_mitigation_ob_swept_liquidity_fractal;h1_mitigation_ob_swept_liquidity_fvg;h1_mitigation_ob_swept_liquidity_internal;h1_mitigation_ob_swept_liquidity_previous_candle;h1_mitigation_ob_swept_liquidity_swing;h1_ob_target_caused_displacement;h1_ob_target_caused_imbalance;h1_ob_target_flip_zone;h1_ob_target_has_inducement;h1_ob_target_swept_liquidity;h1_ob_target_swept_liquidity_fractal;h1_ob_target_swept_liquidity_fvg;h1_ob_target_swept_liquidity_internal;h1_ob_target_swept_liquidity_previous_candle;h1_ob_target_swept_liquidity_swing;h1_ob_target_within_h4_ob;h4_mitigation_ob_flip_zone;h4_mitigation_ob_swept_liquidity_fractal;h4_mitigation_ob_swept_liquidity_fvg;h4_mitigation_ob_swept_liquidity_internal;h4_mitigation_ob_swept_liquidity_previous_candle;h4_mitigation_ob_swept_liquidity_swing;h4_ob_target_caused_displacement;h4_ob_target_caused_imbalance;h4_ob_target_flip_zone;h4_ob_target_has_inducement;h4_ob_target_swept_liquidity;h4_ob_target_swept_liquidity_fractal;h4_ob_target_swept_liquidity_fvg;h4_ob_target_swept_liquidity_internal;h4_ob_target_swept_liquidity_previous_candle;h4_ob_target_swept_liquidity_swing;h4_ob_target_within_daily_ob
2024-04-19,Friday,ny,2024-04-19 13:00:00+00:00,2024-04-19 15:00:00+00:00,bearish,192.563,192.74300000000002,191.84299999999985,191.84299999999985,0.18000000000003524,-7.337481564585755,win,4.0,tp,7.177777777776381,6.75555555555412,friday_close,False,0,2,0 days 02:00:00,0.0,True,-16.18,78.4,4.0,2024-04-19 13:00:00+00:00,False,192.723,192.542,1,daily_mitigation_ob_caused_displacement;daily_mitigation_ob_caused_imbalance;daily_mitigation_ob_flip_zone;daily_mitigation_ob_has_inducement;daily_mitigation_ob_swept_liquidity;daily_mitigation_ob_swept_liquidity_fractal;daily_mitigation_ob_swept_liquidity_fvg;daily_mitigation_ob_swept_liquidity_internal;daily_mitigation_ob_swept_liquidity_previous_candle;daily_mitigation_ob_swept_liquidity_swing;daily_ob_target_caused_displacement;daily_ob_target_caused_imbalance;daily_ob_target_flip_zone;daily_ob_target_has_inducement;daily_ob_target_swept_liquidity;daily_ob_target_swept_liquidity_fractal;daily_ob_target_swept_liquidity_fvg;daily_ob_target_swept_liquidity_internal;daily_ob_target_swept_liquidity_previous_candle;daily_ob_target_swept_liquidity_swing;h1_mitigation_ob_flip_zone;h1_mitigation_ob_swept_liquidity_fractal;h1_mitigation_ob_swept_liquidity_fvg;h1_mitigation_ob_swept_liquidity_internal;h1_mitigation_ob_swept_liquidity_previous_candle;h1_mitigation_ob_swept_liquidity_swing;h1_ob_target_caused_displacement;h1_ob_target_caused_imbalance;h1_ob_target_flip_zone;h1_ob_target_has_inducement;h1_ob_target_swept_liquidity;h1_ob_target_swept_liquidity_fractal;h1_ob_target_swept_liquidity_fvg;h1_ob_target_swept_liquidity_internal;h1_ob_target_swept_liquidity_previous_candle;h1_ob_target_swept_liquidity_swing;h1_ob_target_within_h4_ob;h4_mitigation_ob_flip_zone;h4_mitigation_ob_swept_liquidity_fractal;h4_mitigation_ob_swept_liquidity_fvg;h4_mitigation_ob_swept_liquidity_internal;h4_mitigation_ob_swept_liquidity_previous_candle;h4_mitigation_ob_swept_liquidity_swing;h4_ob_target_caused_displacement;h4_ob_target_caused_imbalance;h4_ob_target_flip_zone;h4_ob_target_has_inducement;h4_ob_target_swept_liquidity;h4_ob_target_swept_liquidity_fractal;h4_ob_target_swept_liquidity_fvg;h4_ob_target_swept_liquidity_internal;h4_ob_target_swept_liquidity_previous_candle;h4_ob_target_swept_liquidity_swing;h4_ob_target_within_daily_ob
2024-04-23,Tuesday,london,2024-04-23 08:00:00+00:00,2024-04-23 11:00:00+00:00,bearish,191.537,191.715,190.82500000000002,191.715,0.17799999999999727,1.7645515616957972,loss,-1.0,sl,2.522471910112467,-1.0,sl,False,0,3,0 days 03:00:00,25.600000000000023,True,-16.18,78.4,4.0,2024-04-23 08:00:00+00:00,False,191.695,191.514,1,daily_mitigation_ob_caused_displacement;daily_mitigation_ob_caused_imbalance;daily_mitigation_ob_flip_zone;daily_mitigation_ob_has_inducement;daily_mitigation_ob_swept_liquidity;daily_mitigation_ob_swept_liquidity_fractal;daily_mitigation_ob_swept_liquidity_fvg;daily_mitigation_ob_swept_liquidity_internal;daily_mitigation_ob_swept_liquidity_previous_candle;daily_mitigation_ob_swept_liquidity_swing;daily_ob_target_caused_displacement;daily_ob_target_caused_imbalance;daily_ob_target_flip_zone;daily_ob_target_has_inducement;daily_ob_target_swept_liquidity;daily_ob_target_swept_liquidity_fractal;daily_ob_target_swept_liquidity_fvg;daily_ob_target_swept_liquidity_internal;daily_ob_target_swept_liquidity_previous_candle;daily_ob_target_swept_liquidity_swing;h1_mitigation_ob_flip_zone;h1_mitigation_ob_swept_liquidity;h1_mitigation_ob_swept_liquidity_fractal;h1_mitigation_ob_swept_liquidity_internal;h1_mitigation_ob_swept_liquidity_previous_candle;h1_mitigation_ob_swept_liquidity_swing;h1_ob_target_flip_zone;h1_ob_target_swept_liquidity;h1_ob_target_swept_liquidity_fvg;h1_ob_target_swept_liquidity_internal;h1_ob_target_swept_liquidity_previous_candle;h1_ob_target_swept_liquidity_swing;h4_mitigation_ob_caused_displacement;h4_mitigation_ob_caused_imbalance;h4_mitigation_ob_flip_zone;h4_mitigation_ob_has_inducement;h4_mitigation_ob_swept_liquidity;h4_mitigation_ob_swept_liquidity_fractal;h4_mitigation_ob_swept_liquidity_fvg;h4_mitigation_ob_swept_liquidity_internal;h4_mitigation_ob_swept_liquidity_previous_candle;h4_mitigation_ob_swept_liquidity_swing;h4_mitigation_ob_within_daily_ob;h4_ob_target_caused_displacement;h4_ob_target_caused_imbalance;h4_ob_target_flip_zone;h4_ob_target_has_inducement;h4_ob_target_swept_liquidity;h4_ob_target_swept_liquidity_fractal;h4_ob_target_swept_liquidity_fvg;h4_ob_target_swept_liquidity_internal;h4_ob_target_swept_liquidity_previous_candle;h4_ob_target_swept_liquidity_swing;h4_ob_target_within_daily_ob
2024-04-23,Tuesday,ny,2024-04-23 11:00:00+00:00,2024-04-26 07:00:00+00:00,bullish,191.957,190.998,195.793,195.793,0.9590000000000032,-0.38510707402172056,win,4.0,tp,5.340980187695513,5.249217935349326,friday_close,True,3,68,2 days 20:00:00,0.0,False,-16.18,78.4,4.0,2024-04-23 11:00:00+00:00,False,191.123,191.018,1,daily_mitigation_ob_caused_displacement;daily_mitigation_ob_caused_imbalance;daily_mitigation_ob_flip_zone;daily_mitigation_ob_has_inducement;daily_mitigation_ob_swept_liquidity;daily_mitigation_ob_swept_liquidity_fractal;daily_mitigation_ob_swept_liquidity_fvg;daily_mitigation_ob_swept_liquidity_internal;daily_mitigation_ob_swept_liquidity_previous_candle;daily_mitigation_ob_swept_liquidity_swing;daily_ob_target_flip_zone;daily_ob_target_swept_liquidity;daily_ob_target_swept_liquidity_fvg;daily_ob_target_swept_liquidity_internal;daily_ob_target_swept_liquidity_previous_candle;daily_ob_target_swept_liquidity_swing;h1_mitigation_ob_flip_zone;h1_mitigation_ob_swept_liquidity;h1_mitigation_ob_swept_liquidity_fvg;h1_mitigation_ob_swept_liquidity_internal;h1_mitigation_ob_swept_liquidity_previous_candle;h1_mitigation_ob_swept_liquidity_swing;h1_ob_target_flip_zone;h1_ob_target_swept_liquidity;h1_ob_target_swept_liquidity_fractal;h1_ob_target_swept_liquidity_fvg;h1_ob_target_swept_liquidity_internal;h1_ob_target_swept_liquidity_swing;h4_mitigation_ob_flip_zone;h4_mitigation_ob_swept_liquidity;h4_mitigation_ob_swept_liquidity_fractal;h4_mitigation_ob_swept_liquidity_internal;h4_mitigation_ob_swept_liquidity_previous_candle;h4_mitigation_ob_swept_liquidity_swing;h4_ob_target_flip_zone;h4_ob_target_swept_liquidity;h4_ob_target_swept_liquidity_fractal;h4_ob_target_swept_liquidity_internal;h4_ob_target_swept_liquidity_previous_candle;h4_ob_target_swept_liquidity_swing
2024-04-24,Wednesday,london,2024-04-24 07:00:00+00:00,2024-04-24 08:00:00+00:00,bullish,192.534,192.41899999999998,192.99400000000003,192.41899999999998,0.1150000000000091,-38.969170613597356,loss,-1.0,sl,0.87826086956514,-1.0,sl,False,0,1,0 days 01:00:00,0.899999999998613,False,-16.18,78.4,4.0,2024-04-24 07:00:00+00:00,False,192.761,192.439,1,daily_mitigation_ob_caused_displacement;daily_mitigation_ob_caused_imbalance;daily_mitigation_ob_flip_zone;daily_mitigation_ob_has_inducement;daily_mitigation_ob_swept_liquidity;daily_mitigation_ob_swept_liquidity_fractal;daily_mitigation_ob_swept_liquidity_fvg;daily_mitigation_ob_swept_liquidity_internal;daily_mitigation_ob_swept_liquidity_previous_candle;daily_mitigation_ob_swept_liquidity_swing;daily_ob_target_caused_displacement;daily_ob_target_caused_imbalance;daily_ob_target_flip_zone;daily_ob_target_has_inducement;daily_ob_target_swept_liquidity;daily_ob_target_swept_liquidity_fractal;daily_ob_target_swept_liquidity_fvg;daily_ob_target_swept_liquidity_internal;daily_ob_target_swept_liquidity_previous_candle;daily_ob_target_swept_liquidity_swing;h1_mitigation_ob_flip_zone;h1_mitigation_ob_swept_liquidity_fractal;h1_mitigation_ob_swept_liquidity_fvg;h1_mitigation_ob_swept_liquidity_internal;h1_mitigation_ob_swept_liquidity_previous_candle;h1_mitigation_ob_swept_liquidity_swing;h1_ob_target_caused_displacement;h1_ob_target_caused_imbalance;h1_ob_target_flip_zone;h1_ob_target_has_inducement;h1_ob_target_swept_liquidity;h1_ob_target_swept_liquidity_fractal;h1_ob_target_swept_liquidity_fvg;h1_ob_target_swept_liquidity_internal;h1_ob_target_swept_liquidity_previous_candle;h1_ob_target_swept_liquidity_swing;h1_ob_target_within_h4_ob;h4_mitigation_ob_caused_displacement;h4_mitigation_ob_caused_imbalance;h4_mitigation_ob_flip_zone;h4_mitigation_ob_has_inducement;h4_mitigation_ob_swept_liquidity;h4_mitigation_ob_swept_liquidity_fractal;h4_mitigation_ob_swept_liquidity_fvg;h4_mitigation_ob_swept_liquidity_internal;h4_mitigation_ob_swept_liquidity_previous_candle;h4_mitigation_ob_swept_liquidity_swing;h4_mitigation_ob_within_daily_ob;h4_ob_target_caused_displacement;h4_ob_target_caused_imbalance;h4_ob_target_flip_zone;h4_ob_target_has_inducement;h4_ob_target_swept_liquidity;h4_ob_target_swept_liquidity_fractal;h4_ob_target_swept_liquidity_fvg;h4_ob_target_swept_liquidity_internal;h4_ob_target_swept_liquidity_previous_candle;h4_ob_target_swept_liquidity_swing;h4_ob_target_within_daily_ob
2024-04-30,Tuesday,london,2024-04-30 06:00:00+00:00,2024-05-01 20:00:00+00:00,bullish,196.535,196.047,198.487,196.535,0.48799999999999955,-31.739935639621226,breakeven,0.0,be_stop,1.811475409836097,0.0,be_stop,True,2,38,1 days 14:00:00,479.5999999999992,False,-16.18,78.4,4.0,2024-04-30 06:00:00+00:00,False,196.438,196.067,1,daily_mitigation_ob_caused_displacement;daily_mitigation_ob_caused_imbalance;daily_mitigation_ob_flip_zone;daily_mitigation_ob_has_inducement;daily_mitigation_ob_swept_liquidity;daily_mitigation_ob_swept_liquidity_fractal;daily_mitigation_ob_swept_liquidity_fvg;daily_mitigation_ob_swept_liquidity_internal;daily_mitigation_ob_swept_liquidity_previous_candle;daily_mitigation_ob_swept_liquidity_swing;daily_ob_target_caused_displacement;daily_ob_target_caused_imbalance;daily_ob_target_flip_zone;daily_ob_target_has_inducement;daily_ob_target_swept_liquidity;daily_ob_target_swept_liquidity_fractal;daily_ob_target_swept_liquidity_fvg;daily_ob_target_swept_liquidity_internal;daily_ob_target_swept_liquidity_previous_candle;daily_ob_target_swept_liquidity_swing;h1_mitigation_ob_flip_zone;h1_mitigation_ob_swept_liquidity_fractal;h1_mitigation_ob_swept_liquidity_fvg;h1_mitigation_ob_swept_liquidity_internal;h1_mitigation_ob_swept_liquidity_previous_candle;h1_mitigation_ob_swept_liquidity_swing;h1_ob_target_flip_zone;h1_ob_target_swept_liquidity_fractal;h1_ob_target_swept_liquidity_fvg;h1_ob_target_swept_liquidity_internal;h1_ob_target_swept_liquidity_previous_candle;h1_ob_target_swept_liquidity_swing;h4_mitigation_ob_caused_displacement;h4_mitigation_ob_caused_imbalance;h4_mitigation_ob_flip_zone;h4_mitigation_ob_has_inducement;h4_mitigation_ob_swept_liquidity;h4_mitigation_ob_swept_liquidity_fractal;h4_mitigation_ob_swept_liquidity_fvg;h4_mitigation_ob_swept_liquidity_internal;h4_mitigation_ob_swept_liquidity_previous_candle;h4_mitigation_ob_swept_liquidity_swing;h4_mitigation_ob_within_daily_ob;h4_ob_target_caused_displacement;h4_ob_target_caused_imbalance;h4_ob_target_flip_zone;h4_ob_target_has_inducement;h4_ob_target_swept_liquidity;h4_ob_target_swept_liquidity_fractal;h4_ob_target_swept_liquidity_fvg;h4_ob_target_swept_liquidity_internal;h4_ob_target_swept_liquidity_previous_candle;h4_ob_target_swept_liquidity_swing;h4_ob_target_within_daily_ob
2024-05-01,Wednesday,ny,2024-05-01 11:00:00+00:00,2024-05-01 13:00:00+00:00,bullish,197.101,196.932,197.77700000000004,196.932,0.16900000000001114,-36.79142439563141,loss,-1.0,sl,0.43786982248525086,-1.0,sl,False,0,2,0 days 02:00:00,39.19999999999959,False,-16.18,78.4,4.0,2024-05-01 10:00:00+00:00,True,197.206,196.952,1,daily_mitigation_ob_caused_displacement;daily_mitigation_ob_caused_imbalance;daily_mitigation_ob_flip_zone;daily_mitigation_ob_has_inducement;daily_mitigation_ob_swept_liquidity;daily_mitigation_ob_swept_liquidity_fractal;daily_mitigation_ob_swept_liquidity_fvg;daily_mitigation_ob_swept_liquidity_internal;daily_mitigation_ob_swept_liquidity_previous_candle;daily_mitigation_ob_swept_liquidity_swing;daily_ob_target_caused_displacement;daily_ob_target_caused_imbalance;daily_ob_target_flip_zone;daily_ob_target_has_inducement;daily_ob_target_swept_liquidity;daily_ob_target_swept_liquidity_fractal;daily_ob_target_swept_liquidity_fvg;daily_ob_target_swept_liquidity_internal;daily_ob_target_swept_liquidity_previous_candle;daily_ob_target_swept_liquidity_swing;h1_mitigation_ob_flip_zone;h1_mitigation_ob_swept_liquidity;h1_mitigation_ob_swept_liquidity_fvg;h1_mitigation_ob_swept_liquidity_internal;h1_mitigation_ob_swept_liquidity_previous_candle;h1_mitigation_ob_swept_liquidity_swing;h1_ob_target_flip_zone;h1_ob_target_swept_liquidity_fractal;h1_ob_target_swept_liquidity_fvg;h1_ob_target_swept_liquidity_internal;h1_ob_target_swept_liquidity_previous_candle;h1_ob_target_swept_liquidity_swing;h4_mitigation_ob_caused_displacement;h4_mitigation_ob_caused_imbalance;h4_mitigation_ob_flip_zone;h4_mitigation_ob_has_inducement;h4_mitigation_ob_swept_liquidity;h4_mitigation_ob_swept_liquidity_fractal;h4_mitigation_ob_swept_liquidity_fvg;h4_mitigation_ob_swept_liquidity_internal;h4_mitigation_ob_swept_liquidity_previous_candle;h4_mitigation_ob_swept_liquidity_swing;h4_mitigation_ob_within_daily_ob;h4_ob_target_caused_displacement;h4_ob_target_caused_imbalance;h4_ob_target_flip_zone;h4_ob_target_has_inducement;h4_ob_target_swept_liquidity;h4_ob_target_swept_liquidity_fractal;h4_ob_target_swept_liquidity_fvg;h4_ob_target_swept_liquidity_internal;h4_ob_target_swept_liquidity_previous_candle;h4_ob_target_swept_liquidity_swing;h4_ob_target_within_daily_ob
2024-05-07,Tuesday,london,2024-05-07 08:00:00+00:00,2024-05-07 18:00:00+00:00,bullish,193.607,192.938,196.28300000000004,193.468,0.6690000000000111,-31.938043003555272,loss,-0.2077727952167529,cut_19h,0.6278026905829305,-0.2077727952167529,cut_19h,False,1,10,0 days 10:00:00,0.0,False,-16.18,78.4,4.0,2024-05-07 08:00:00+00:00,False,193.141,192.958,1,daily_mitigation_ob_caused_displacement;daily_mitigation_ob_caused_imbalance;daily_mitigation_ob_flip_zone;daily_mitigation_ob_has_inducement;daily_mitigation_ob_swept_liquidity;daily_mitigation_ob_swept_liquidity_fractal;daily_mitigation_ob_swept_liquidity_fvg;daily_mitigation_ob_swept_liquidity_internal;daily_mitigation_ob_swept_liquidity_previous_candle;daily_mitigation_ob_swept_liquidity_swing;daily_ob_target_caused_displacement;daily_ob_target_caused_imbalance;daily_ob_target_flip_zone;daily_ob_target_has_inducement;daily_ob_target_swept_liquidity;daily_ob_target_swept_liquidity_fractal;daily_ob_target_swept_liquidity_fvg;daily_ob_target_swept_liquidity_internal;daily_ob_target_swept_liquidity_previous_candle;daily_ob_target_swept_liquidity_swing;h1_mitigation_ob_flip_zone;h1_mitigation_ob_swept_liquidity_fractal;h1_mitigation_ob_swept_liquidity_fvg;h1_mitigation_ob_swept_liquidity_internal;h1_mitigation_ob_swept_liquidity_previous_candle;h1_mitigation_ob_swept_liquidity_swing;h1_ob_target_flip_zone;h1_ob_target_swept_liquidity;h1_ob_target_swept_liquidity_fractal;h1_ob_target_swept_liquidity_internal;h1_ob_target_swept_liquidity_previous_candle;h1_ob_target_swept_liquidity_swing;h4_mitigation_ob_caused_displacement;h4_mitigation_ob_caused_imbalance;h4_mitigation_ob_flip_zone;h4_mitigation_ob_has_inducement;h4_mitigation_ob_swept_liquidity;h4_mitigation_ob_swept_liquidity_fractal;h4_mitigation_ob_swept_liquidity_fvg;h4_mitigation_ob_swept_liquidity_internal;h4_mitigation_ob_swept_liquidity_previous_candle;h4_mitigation_ob_swept_liquidity_swing;h4_mitigation_ob_within_daily_ob;h4_ob_target_flip_zone;h4_ob_target_swept_liquidity;h4_ob_target_swept_liquidity_fractal;h4_ob_target_swept_liquidity_fvg;h4_ob_target_swept_liquidity_internal;h4_ob_target_swept_liquidity_swing
2024-05-13,Monday,ny,2024-05-13 11:00:00+00:00,2024-05-16 00:00:00+00:00,bullish,195.56,195.06699999999998,197.5320000000001,195.56,0.4930000000000234,-37.078730284399086,breakeven,0.0,be_stop,3.0993914807300587,0.0,be_stop,True,3,61,2 days 13:00:00,50.80000000000098,False,-16.18,78.4,4.0,2024-05-13 10:00:00+00:00,True,195.261,195.087,1,daily_mitigation_ob_caused_displacement;daily_mitigation_ob_caused_imbalance;daily_mitigation_ob_flip_zone;daily_mitigation_ob_has_inducement;daily_mitigation_ob_swept_liquidity;daily_mitigation_ob_swept_liquidity_fractal;daily_mitigation_ob_swept_liquidity_fvg;daily_mitigation_ob_swept_liquidity_internal;daily_mitigation_ob_swept_liquidity_previous_candle;daily_mitigation_ob_swept_liquidity_swing;daily_ob_target_caused_displacement;daily_ob_target_caused_imbalance;daily_ob_target_flip_zone;daily_ob_target_has_inducement;daily_ob_target_swept_liquidity;daily_ob_target_swept_liquidity_fractal;daily_ob_target_swept_liquidity_fvg;daily_ob_target_swept_liquidity_internal;daily_ob_target_swept_liquidity_previous_candle;daily_ob_target_swept_liquidity_swing;h1_mitigation_ob_flip_zone;h1_mitigation_ob_swept_liquidity_fractal;h1_mitigation_ob_swept_liquidity_fvg;h1_mitigation_ob_swept_liquidity_internal;h1_mitigation_ob_swept_liquidity_previous_candle;h1_mitigation_ob_swept_liquidity_swing;h1_ob_target_flip_zone;h1_ob_target_swept_liquidity;h1_ob_target_swept_liquidity_fractal;h1_ob_target_swept_liquidity_internal;h1_ob_target_swept_liquidity_previous_candle;h1_ob_target_swept_liquidity_swing;h4_mitigation_ob_caused_displacement;h4_mitigation_ob_caused_imbalance;h4_mitigation_ob_flip_zone;h4_mitigation_ob_has_inducement;h4_mitigation_ob_swept_liquidity;h4_mitigation_ob_swept_liquidity_fractal;h4_mitigation_ob_swept_liquidity_fvg;h4_mitigation_ob_swept_liquidity_internal;h4_mitigation_ob_swept_liquidity_previous_candle;h4_mitigation_ob_swept_liquidity_swing;h4_mitigation_ob_within_daily_ob;h4_ob_target_flip_zone;h4_ob_target_swept_liquidity;h4_ob_target_swept_liquidity_fractal;h4_ob_target_swept_liquidity_fvg;h4_ob_target_swept_liquidity_internal;h4_ob_target_swept_liquidity_swing
2024-05-14,Tuesday,london,2024-05-14 07:00:00+00:00,2024-05-14 08:00:00+00:00,bullish,196.388,196.128,197.42800000000008,196.128,0.2600000000000193,-18.213702346692862,loss,-1.0,sl,0.0,-1.0,sl,False,0,1,0 days 01:00:00,40.99999999999966,False,-16.18,78.4,4.0,2024-05-14 07:00:00+00:00,False,196.247,196.148,1,daily_mitigation_ob_caused_displacement;daily_mitigation_ob_caused_imbalance;daily_mitigation_ob_flip_zone;daily_mitigation_ob_has_inducement;daily_mitigation_ob_swept_liquidity;daily_mitigation_ob_swept_liquidity_fractal;daily_mitigation_ob_swept_liquidity_fvg;daily_mitigation_ob_swept_liquidity_internal;daily_mitigation_ob_swept_liquidity_previous_candle;daily_mitigation_ob_swept_liquidity_swing;daily_ob_target_caused_displacement;daily_ob_target_caused_imbalance;daily_ob_target_flip_zone;daily_ob_target_has_inducement;daily_ob_target_swept_liquidity;daily_ob_target_swept_liquidity_fractal;daily_ob_target_swept_liquidity_fvg;daily_ob_target_swept_liquidity_internal;daily_ob_target_swept_liquidity_previous_candle;daily_ob_target_swept_liquidity_swing;h1_mitigation_ob_flip_zone;h1_mitigation_ob_swept_liquidity_fractal;h1_mitigation_ob_swept_liquidity_fvg;h1_mitigation_ob_swept_liquidity_internal;h1_mitigation_ob_swept_liquidity_previous_candle;h1_mitigation_ob_swept_liquidity_swing;h1_ob_target_flip_zone;h1_ob_target_swept_liquidity;h1_ob_target_swept_liquidity_fractal;h1_ob_target_swept_liquidity_internal;h1_ob_target_swept_liquidity_previous_candle;h1_ob_target_swept_liquidity_swing;h4_mitigation_ob_caused_displacement;h4_mitigation_ob_caused_imbalance;h4_mitigation_ob_flip_zone;h4_mitigation_ob_has_inducement;h4_mitigation_ob_swept_liquidity;h4_mitigation_ob_swept_liquidity_fractal;h4_mitigation_ob_swept_liquidity_fvg;h4_mitigation_ob_swept_liquidity_internal;h4_mitigation_ob_swept_liquidity_previous_candle;h4_mitigation_ob_swept_liquidity_swing;h4_mitigation_ob_within_daily_ob;h4_ob_target_flip_zone;h4_ob_target_swept_liquidity;h4_ob_target_swept_liquidity_fractal;h4_ob_target_swept_liquidity_fvg;h4_ob_target_swept_liquidity_internal;h4_ob_target_swept_liquidity_swing
2024-05-15,Wednesday,london,2024-05-15 08:00:00+00:00,2024-05-15 09:00:00+00:00,bullish,196.307,196.271,196.451,196.271,0.036000000000001364,-36.79163436307304,loss,-1.0,sl,0.0,-1.0,sl,False,0,1,0 days 01:00:00,3.1999999999982265,False,-16.18,78.4,4.0,2024-05-15 08:00:00+00:00,False,196.475,196.291,1,daily_mitigation_ob_caused_displacement;daily_mitigation_ob_caused_imbalance;daily_mitigation_ob_flip_zone;daily_mitigation_ob_has_inducement;daily_mitigation_ob_swept_liquidity;daily_mitigation_ob_swept_liquidity_fractal;daily_mitigation_ob_swept_liquidity_fvg;daily_mitigation_ob_swept_liquidity_internal;daily_mitigation_ob_swept_liquidity_previous_candle;daily_mitigation_ob_swept_liquidity_swing;daily_ob_target_caused_displacement;daily_ob_target_caused_imbalance;daily_ob_target_flip_zone;daily_ob_target_has_inducement;daily_ob_target_swept_liquidity;daily_ob_target_swept_liquidity_fractal;daily_ob_target_swept_liquidity_fvg;daily_ob_target_swept_liquidity_internal;daily_ob_target_swept_liquidity_previous_candle;daily_ob_target_swept_liquidity_swing;h1_mitigation_ob_flip_zone;h1_mitigation_ob_swept_liquidity;h1_mitigation_ob_swept_liquidity_fvg;h1_mitigation_ob_swept_liquidity_internal;h1_mitigation_ob_swept_liquidity_previous_candle;h1_mitigation_ob_swept_liquidity_swing;h1_ob_target_caused_displacement;h1_ob_target_caused_imbalance;h1_ob_target_flip_zone;h1_ob_target_has_inducement;h1_ob_target_swept_liquidity;h1_ob_target_swept_liquidity_fractal;h1_ob_target_swept_liquidity_fvg;h1_ob_target_swept_liquidity_internal;h1_ob_target_swept_liquidity_previous_candle;h1_ob_target_swept_liquidity_swing;h1_ob_target_within_h4_ob;h4_mitigation_ob_caused_displacement;h4_mitigation_ob_caused_imbalance;h4_mitigation_ob_flip_zone;h4_mitigation_ob_has_inducement;h4_mitigation_ob_swept_liquidity;h4_mitigation_ob_swept_liquidity_fractal;h4_mitigation_ob_swept_liquidity_fvg;h4_mitigation_ob_swept_liquidity_internal;h4_mitigation_ob_swept_liquidity_previous_candle;h4_mitigation_ob_swept_liquidity_swing;h4_mitigation_ob_within_daily_ob;h4_ob_target_caused_displacement;h4_ob_target_caused_imbalance;h4_ob_target_flip_zone;h4_ob_target_has_inducement;h4_ob_target_swept_liquidity;h4_ob_target_swept_liquidity_fractal;h4_ob_target_swept_liquidity_fvg;h4_ob_target_swept_liquidity_internal;h4_ob_target_swept_liquidity_previous_candle;h4_ob_target_swept_liquidity_swing;h4_ob_target_within_daily_ob
2024-05-21,Tuesday,ny,2024-05-21 12:00:00+00:00,2024-05-21 18:00:00+00:00,bearish,198.539,198.922,197.00699999999995,198.553,0.3830000000000098,-35.17856871862525,loss,-0.036553524804202736,cut_19h,0.738903394255822,-0.036553524804202736,cut_19h,False,1,6,0 days 06:00:00,0.0,False,-16.18,78.4,4.0,2024-05-21 12:00:00+00:00,False,198.902,198.784,1,daily_mitigation_ob_caused_displacement;daily_mitigation_ob_caused_imbalance;daily_mitigation_ob_flip_zone;daily_mitigation_ob_has_inducement;daily_mitigation_ob_swept_liquidity;daily_mitigation_ob_swept_liquidity_fractal;daily_mitigation_ob_swept_liquidity_fvg;daily_mitigation_ob_swept_liquidity_internal;daily_mitigation_ob_swept_liquidity_previous_candle;daily_mitigation_ob_swept_liquidity_swing;daily_ob_target_caused_displacement;daily_ob_target_caused_imbalance;daily_ob_target_flip_zone;daily_ob_target_has_inducement;daily_ob_target_swept_liquidity;daily_ob_target_swept_liquidity_fractal;daily_ob_target_swept_liquidity_fvg;daily_ob_target_swept_liquidity_internal;daily_ob_target_swept_liquidity_previous_candle;daily_ob_target_swept_liquidity_swing;h1_mitigation_ob_flip_zone;h1_mitigation_ob_swept_liquidity_fractal;h1_mitigation_ob_swept_liquidity_fvg;h1_mitigation_ob_swept_liquidity_internal;h1_mitigation_ob_swept_liquidity_previous_candle;h1_mitigation_ob_swept_liquidity_swing;h1_ob_target_flip_zone;h1_ob_target_swept_liquidity;h1_ob_target_swept_liquidity_fractal;h1_ob_target_swept_liquidity_fvg;h1_ob_target_swept_liquidity_internal;h1_ob_target_swept_liquidity_swing;h4_mitigation_ob_caused_displacement;h4_mitigation_ob_caused_imbalance;h4_mitigation_ob_flip_zone;h4_mitigation_ob_has_inducement;h4_mitigation_ob_swept_liquidity;h4_mitigation_ob_swept_liquidity_fractal;h4_mitigation_ob_swept_liquidity_fvg;h4_mitigation_ob_swept_liquidity_internal;h4_mitigation_ob_swept_liquidity_previous_candle;h4_mitigation_ob_swept_liquidity_swing;h4_mitigation_ob_within_daily_ob;h4_ob_target_flip_zone;h4_ob_target_swept_liquidity;h4_ob_target_swept_liquidity_fvg;h4_ob_target_swept_liquidity_internal;h4_ob_target_swept_liquidity_previous_candle;h4_ob_target_swept_liquidity_swing
2024-05-28,Tuesday,ny,2024-05-28 11:00:00+00:00,2024-05-28 18:00:00+00:00,bullish,200.477,200.206,201.56100000000006,200.477,0.271000000000015,-6.966957082417551,breakeven,0.0,be_stop,0.6051660516604361,0.0,be_stop,True,1,7,0 days 07:00:00,9.100000000000819,True,-16.18,78.4,4.0,2024-05-28 11:00:00+00:00,False,200.354,200.226,1,daily_mitigation_ob_caused_displacement;daily_mitigation_ob_caused_imbalance;daily_mitigation_ob_flip_zone;daily_mitigation_ob_has_inducement;daily_mitigation_ob_swept_liquidity;daily_mitigation_ob_swept_liquidity_fractal;daily_mitigation_ob_swept_liquidity_fvg;daily_mitigation_ob_swept_liquidity_internal;daily_mitigation_ob_swept_liquidity_previous_candle;daily_mitigation_ob_swept_liquidity_swing;daily_ob_target_flip_zone;daily_ob_target_swept_liquidity;daily_ob_target_swept_liquidity_fractal;daily_ob_target_swept_liquidity_fvg;daily_ob_target_swept_liquidity_internal;daily_ob_target_swept_liquidity_swing;h1_mitigation_ob_flip_zone;h1_mitigation_ob_swept_liquidity;h1_mitigation_ob_swept_liquidity_fvg;h1_mitigation_ob_swept_liquidity_internal;h1_mitigation_ob_swept_liquidity_swing;h1_ob_target_flip_zone;h1_ob_target_swept_liquidity_fractal;h1_ob_target_swept_liquidity_fvg;h1_ob_target_swept_liquidity_internal;h1_ob_target_swept_liquidity_previous_candle;h1_ob_target_swept_liquidity_swing;h4_mitigation_ob_caused_displacement;h4_mitigation_ob_caused_imbalance;h4_mitigation_ob_flip_zone;h4_mitigation_ob_has_inducement;h4_mitigation_ob_swept_liquidity;h4_mitigation_ob_swept_liquidity_fractal;h4_mitigation_ob_swept_liquidity_fvg;h4_mitigation_ob_swept_liquidity_internal;h4_mitigation_ob_swept_liquidity_previous_candle;h4_mitigation_ob_swept_liquidity_swing;h4_mitigation_ob_within_daily_ob;h4_ob_target_caused_displacement;h4_ob_target_caused_imbalance;h4_ob_target_flip_zone;h4_ob_target_has_inducement;h4_ob_target_swept_liquidity;h4_ob_target_swept_liquidity_fractal;h4_ob_target_swept_liquidity_fvg;h4_ob_target_swept_liquidity_internal;h4_ob_target_swept_liquidity_previous_candle;h4_ob_target_swept_liquidity_swing;h4_ob_target_within_daily_ob
2024-05-30,Thursday,london,2024-05-30 07:00:00+00:00,2024-05-31 00:00:00+00:00,bullish,199.475,198.60999999999999,202.93500000000003,199.475,0.8650000000000091,-5.215899911764237,breakeven,0.0,be_stop,0.47514450867051683,0.0,be_stop,True,1,17,0 days 17:00:00,12.699999999998113,False,-16.18,78.4,4.0,2024-05-30 07:00:00+00:00,False,198.757,198.63,1,daily_mitigation_ob_caused_displacement;daily_mitigation_ob_caused_imbalance;daily_mitigation_ob_flip_zone;daily_mitigation_ob_has_inducement;daily_mitigation_ob_swept_liquidity;daily_mitigation_ob_swept_liquidity_fractal;daily_mitigation_ob_swept_liquidity_fvg;daily_mitigation_ob_swept_liquidity_internal;daily_mitigation_ob_swept_liquidity_previous_candle;daily_mitigation_ob_swept_liquidity_swing;daily_ob_target_flip_zone;daily_ob_target_swept_liquidity_fractal;daily_ob_target_swept_liquidity_fvg;daily_ob_target_swept_liquidity_internal;daily_ob_target_swept_liquidity_previous_candle;daily_ob_target_swept_liquidity_swing;h1_mitigation_ob_flip_zone;h1_mitigation_ob_swept_liquidity_fractal;h1_mitigation_ob_swept_liquidity_fvg;h1_mitigation_ob_swept_liquidity_internal;h1_mitigation_ob_swept_liquidity_previous_candle;h1_mitigation_ob_swept_liquidity_swing;h1_ob_target_flip_zone;h1_ob_target_swept_liquidity_fractal;h1_ob_target_swept_liquidity_fvg;h1_ob_target_swept_liquidity_internal;h1_ob_target_swept_liquidity_previous_candle;h1_ob_target_swept_liquidity_swing;h4_mitigation_ob_flip_zone;h4_mitigation_ob_swept_liquidity;h4_mitigation_ob_swept_liquidity_fractal;h4_mitigation_ob_swept_liquidity_fvg;h4_mitigation_ob_swept_liquidity_internal;h4_mitigation_ob_swept_liquidity_swing;h4_ob_target_flip_zone;h4_ob_target_swept_liquidity_fractal;h4_ob_target_swept_liquidity_fvg;h4_ob_target_swept_liquidity_internal;h4_ob_target_swept_liquidity_previous_candle;h4_ob_target_swept_liquidity_swing
2024-05-31,Friday,london,2024-05-31 07:00:00+00:00,2024-05-31 08:00:00+00:00,bearish,199.664,199.72,199.43999999999994,199.72,0.056000000000011596,-42.41487777665361,loss,-1.0,sl,0.0,-1.0,sl,False,0,1,0 days 01:00:00,26.500000000001478,False,-16.18,78.4,4.0,2024-05-31 07:00:00+00:00,False,199.7,199.554,1,daily_mitigation_ob_caused_displacement;daily_mitigation_ob_caused_imbalance;daily_mitigation_ob_flip_zone;daily_mitigation_ob_has_inducement;daily_mitigation_ob_swept_liquidity;daily_mitigation_ob_swept_liquidity_fractal;daily_mitigation_ob_swept_liquidity_fvg;daily_mitigation_ob_swept_liquidity_internal;daily_mitigation_ob_swept_liquidity_previous_candle;daily_mitigation_ob_swept_liquidity_swing;daily_ob_target_caused_displacement;daily_ob_target_caused_imbalance;daily_ob_target_flip_zone;daily_ob_target_has_inducement;daily_ob_target_swept_liquidity;daily_ob_target_swept_liquidity_fractal;daily_ob_target_swept_liquidity_fvg;daily_ob_target_swept_liquidity_internal;daily_ob_target_swept_liquidity_previous_candle;daily_ob_target_swept_liquidity_swing;h1_mitigation_ob_flip_zone;h1_mitigation_ob_swept_liquidity_fractal;h1_mitigation_ob_swept_liquidity_fvg;h1_mitigation_ob_swept_liquidity_internal;h1_mitigation_ob_swept_liquidity_previous_candle;h1_mitigation_ob_swept_liquidity_swing;h1_ob_target_caused_displacement;h1_ob_target_caused_imbalance;h1_ob_target_flip_zone;h1_ob_target_has_inducement;h1_ob_target_swept_liquidity;h1_ob_target_swept_liquidity_fractal;h1_ob_target_swept_liquidity_fvg;h1_ob_target_swept_liquidity_internal;h1_ob_target_swept_liquidity_previous_candle;h1_ob_target_swept_liquidity_swing;h1_ob_target_within_h4_ob;h4_mitigation_ob_caused_displacement;h4_mitigation_ob_caused_imbalance;h4_mitigation_ob_flip_zone;h4_mitigation_ob_has_inducement;h4_mitigation_ob_swept_liquidity;h4_mitigation_ob_swept_liquidity_fractal;h4_mitigation_ob_swept_liquidity_fvg;h4_mitigation_ob_swept_liquidity_internal;h4_mitigation_ob_swept_liquidity_previous_candle;h4_mitigation_ob_swept_liquidity_swing;h4_mitigation_ob_within_daily_ob;h4_ob_target_caused_displacement;h4_ob_target_caused_imbalance;h4_ob_target_flip_zone;h4_ob_target_has_inducement;h4_ob_target_swept_liquidity;h4_ob_target_swept_liquidity_fractal;h4_ob_target_swept_liquidity_fvg;h4_ob_target_swept_liquidity_internal;h4_ob_target_swept_liquidity_previous_candle;h4_ob_target_swept_liquidity_swing;h4_ob_target_within_daily_ob
2024-05-31,Friday,ny,2024-05-31 13:00:00+00:00,2024-05-31 18:00:00+00:00,bullish,199.896,199.42,201.79999999999998,200.092,0.4759999999999991,-29.214540018977566,win,0.41176470588240915,friday_close,0.7310924369748191,0.41176470588240915,friday_close,False,0,5,0 days 05:00:00,0.0,False,-16.18,78.4,4.0,2024-05-31 13:00:00+00:00,False,199.682,199.44,1,daily_mitigation_ob_caused_displacement;daily_mitigation_ob_caused_imbalance;daily_mitigation_ob_flip_zone;daily_mitigation_ob_has_inducement;daily_mitigation_ob_swept_liquidity;daily_mitigation_ob_swept_liquidity_fractal;daily_mitigation_ob_swept_liquidity_fvg;daily_mitigation_ob_swept_liquidity_internal;daily_mitigation_ob_swept_liquidity_previous_candle;daily_mitigation_ob_swept_liquidity_swing;daily_ob_target_flip_zone;daily_ob_target_swept_liquidity_fractal;daily_ob_target_swept_liquidity_fvg;daily_ob_target_swept_liquidity_internal;daily_ob_target_swept_liquidity_previous_candle;daily_ob_target_swept_liquidity_swing;h1_mitigation_ob_flip_zone;h1_mitigation_ob_swept_liquidity_fractal;h1_mitigation_ob_swept_liquidity_fvg;h1_mitigation_ob_swept_liquidity_internal;h1_mitigation_ob_swept_liquidity_previous_candle;h1_mitigation_ob_swept_liquidity_swing;h1_ob_target_flip_zone;h1_ob_target_swept_liquidity_fractal;h1_ob_target_swept_liquidity_fvg;h1_ob_target_swept_liquidity_internal;h1_ob_target_swept_liquidity_previous_candle;h1_ob_target_swept_liquidity_swing;h4_mitigation_ob_caused_displacement;h4_mitigation_ob_caused_imbalance;h4_mitigation_ob_flip_zone;h4_mitigation_ob_has_inducement;h4_mitigation_ob_swept_liquidity;h4_mitigation_ob_swept_liquidity_fractal;h4_mitigation_ob_swept_liquidity_fvg;h4_mitigation_ob_swept_liquidity_internal;h4_mitigation_ob_swept_liquidity_previous_candle;h4_mitigation_ob_swept_liquidity_swing;h4_mitigation_ob_within_daily_ob;h4_ob_target_flip_zone;h4_ob_target_swept_liquidity_fractal;h4_ob_target_swept_liquidity_fvg;h4_ob_target_swept_liquidity_internal;h4_ob_target_swept_liquidity_previous_candle;h4_ob_target_swept_liquidity_swing
2024-06-06,Thursday,london,2024-06-06 08:00:00+00:00,2024-06-07 12:00:00+00:00,bearish,199.675,200.055,198.15500000000003,199.675,0.37999999999999545,9.770671982245425,breakeven,0.0,be_stop,3.3815789473685274,0.0,be_stop,True,1,28,1 days 04:00:00,12.899999999999068,True,-16.18,78.4,4.0,2024-06-06 08:00:00+00:00,False,200.035,199.856,1,daily_mitigation_ob_flip_zone;daily_mitigation_ob_swept_liquidity_fractal;daily_mitigation_ob_swept_liquidity_fvg;daily_mitigation_ob_swept_liquidity_internal;daily_mitigation_ob_swept_liquidity_previous_candle;daily_mitigation_ob_swept_liquidity_swing;daily_ob_target_caused_displacement;daily_ob_target_caused_imbalance;daily_ob_target_flip_zone;daily_ob_target_has_inducement;daily_ob_target_swept_liquidity;daily_ob_target_swept_liquidity_fractal;daily_ob_target_swept_liquidity_fvg;daily_ob_target_swept_liquidity_internal;daily_ob_target_swept_liquidity_previous_candle;daily_ob_target_swept_liquidity_swing;h1_mitigation_ob_flip_zone;h1_mitigation_ob_swept_liquidity_fractal;h1_mitigation_ob_swept_liquidity_fvg;h1_mitigation_ob_swept_liquidity_internal;h1_mitigation_ob_swept_liquidity_previous_candle;h1_mitigation_ob_swept_liquidity_swing;h1_ob_target_flip_zone;h1_ob_target_swept_liquidity_fractal;h1_ob_target_swept_liquidity_fvg;h1_ob_target_swept_liquidity_internal;h1_ob_target_swept_liquidity_previous_candle;h1_ob_target_swept_liquidity_swing;h4_mitigation_ob_flip_zone;h4_mitigation_ob_swept_liquidity;h4_mitigation_ob_swept_liquidity_fractal;h4_mitigation_ob_swept_liquidity_internal;h4_mitigation_ob_swept_liquidity_previous_candle;h4_mitigation_ob_swept_liquidity_swing;h4_ob_target_flip_zone;h4_ob_target_swept_liquidity;h4_ob_target_swept_liquidity_fractal;h4_ob_target_swept_liquidity_internal;h4_ob_target_swept_liquidity_previous_candle;h4_ob_target_swept_liquidity_swing
2024-06-10,Monday,london,2024-06-10 06:00:00+00:00,2024-06-10 08:00:00+00:00,bullish,199.685,199.469,200.54900000000004,199.469,0.21600000000000819,-36.345890407167595,loss,-1.0,sl,0.5416666666666009,-1.0,sl,False,0,2,0 days 02:00:00,9.000000000000341,False,-16.18,78.4,4.0,2024-06-10 05:00:00+00:00,True,199.733,199.489,1,daily_mitigation_ob_caused_displacement;daily_mitigation_ob_caused_imbalance;daily_mitigation_ob_flip_zone;daily_mitigation_ob_has_inducement;daily_mitigation_ob_swept_liquidity;daily_mitigation_ob_swept_liquidity_fractal;daily_mitigation_ob_swept_liquidity_fvg;daily_mitigation_ob_swept_liquidity_internal;daily_mitigation_ob_swept_liquidity_previous_candle;daily_mitigation_ob_swept_liquidity_swing;daily_ob_target_caused_displacement;daily_ob_target_caused_imbalance;daily_ob_target_flip_zone;daily_ob_target_has_inducement;daily_ob_target_swept_liquidity;daily_ob_target_swept_liquidity_fractal;daily_ob_target_swept_liquidity_fvg;daily_ob_target_swept_liquidity_internal;daily_ob_target_swept_liquidity_previous_candle;daily_ob_target_swept_liquidity_swing;h1_mitigation_ob_flip_zone;h1_mitigation_ob_swept_liquidity_fractal;h1_mitigation_ob_swept_liquidity_fvg;h1_mitigation_ob_swept_liquidity_internal;h1_mitigation_ob_swept_liquidity_previous_candle;h1_mitigation_ob_swept_liquidity_swing;h1_ob_target_flip_zone;h1_ob_target_swept_liquidity_fractal;h1_ob_target_swept_liquidity_fvg;h1_ob_target_swept_liquidity_internal;h1_ob_target_swept_liquidity_previous_candle;h1_ob_target_swept_liquidity_swing;h4_mitigation_ob_caused_displacement;h4_mitigation_ob_caused_imbalance;h4_mitigation_ob_flip_zone;h4_mitigation_ob_has_inducement;h4_mitigation_ob_swept_liquidity;h4_mitigation_ob_swept_liquidity_fractal;h4_mitigation_ob_swept_liquidity_fvg;h4_mitigation_ob_swept_liquidity_internal;h4_mitigation_ob_swept_liquidity_previous_candle;h4_mitigation_ob_swept_liquidity_swing;h4_mitigation_ob_within_daily_ob;h4_ob_target_caused_displacement;h4_ob_target_caused_imbalance;h4_ob_target_flip_zone;h4_ob_target_has_inducement;h4_ob_target_swept_liquidity;h4_ob_target_swept_liquidity_fractal;h4_ob_target_swept_liquidity_fvg;h4_ob_target_swept_liquidity_internal;h4_ob_target_swept_liquidity_previous_candle;h4_ob_target_swept_liquidity_swing;h4_ob_target_within_daily_ob
2024-06-10,Monday,ny,2024-06-10 11:00:00+00:00,2024-06-14 09:00:00+00:00,bullish,199.46,198.54899999999998,203.10400000000013,199.46,0.9110000000000298,20.35972601559976,breakeven,0.0,be_stop,2.358946212952723,0.0,be_stop,True,4,94,3 days 22:00:00,22.800000000000864,False,-16.18,78.4,4.0,2024-06-10 11:00:00+00:00,False,198.936,198.569,1,daily_mitigation_ob_caused_displacement;daily_mitigation_ob_caused_imbalance;daily_mitigation_ob_flip_zone;daily_mitigation_ob_has_inducement;daily_mitigation_ob_swept_liquidity;daily_mitigation_ob_swept_liquidity_fractal;daily_mitigation_ob_swept_liquidity_fvg;daily_mitigation_ob_swept_liquidity_internal;daily_mitigation_ob_swept_liquidity_previous_candle;daily_mitigation_ob_swept_liquidity_swing;daily_ob_target_flip_zone;daily_ob_target_swept_liquidity_fractal;daily_ob_target_swept_liquidity_fvg;daily_ob_target_swept_liquidity_internal;daily_ob_target_swept_liquidity_previous_candle;daily_ob_target_swept_liquidity_swing;h1_mitigation_ob_flip_zone;h1_mitigation_ob_swept_liquidity_fractal;h1_mitigation_ob_swept_liquidity_fvg;h1_mitigation_ob_swept_liquidity_internal;h1_mitigation_ob_swept_liquidity_previous_candle;h1_mitigation_ob_swept_liquidity_swing;h1_ob_target_flip_zone;h1_ob_target_swept_liquidity_fractal;h1_ob_target_swept_liquidity_fvg;h1_ob_target_swept_liquidity_internal;h1_ob_target_swept_liquidity_previous_candle;h1_ob_target_swept_liquidity_swing;h4_mitigation_ob_caused_displacement;h4_mitigation_ob_caused_imbalance;h4_mitigation_ob_flip_zone;h4_mitigation_ob_has_inducement;h4_mitigation_ob_swept_liquidity;h4_mitigation_ob_swept_liquidity_fractal;h4_mitigation_ob_swept_liquidity_fvg;h4_mitigation_ob_swept_liquidity_internal;h4_mitigation_ob_swept_liquidity_previous_candle;h4_mitigation_ob_swept_liquidity_swing;h4_mitigation_ob_within_daily_ob;h4_ob_target_flip_zone;h4_ob_target_swept_liquidity_fractal;h4_ob_target_swept_liquidity_fvg;h4_ob_target_swept_liquidity_internal;h4_ob_target_swept_liquidity_previous_candle;h4_ob_target_swept_liquidity_swing
2024-06-12,Wednesday,london,2024-06-12 06:00:00+00:00,2024-06-12 08:00:00+00:00,bearish,200.351,200.639,199.19899999999996,200.639,0.2880000000000109,-16.49794303129336,loss,-1.0,sl,0.05208333333328399,-1.0,sl,False,0,2,0 days 02:00:00,6.89999999999884,False,-16.18,78.4,4.0,2024-06-12 06:00:00+00:00,False,200.619,200.431,1,daily_mitigation_ob_caused_displacement;daily_mitigation_ob_caused_imbalance;daily_mitigation_ob_flip_zone;daily_mitigation_ob_has_inducement;daily_mitigation_ob_swept_liquidity;daily_mitigation_ob_swept_liquidity_fractal;daily_mitigation_ob_swept_liquidity_fvg;daily_mitigation_ob_swept_liquidity_internal;daily_mitigation_ob_swept_liquidity_previous_candle;daily_mitigation_ob_swept_liquidity_swing;daily_ob_target_caused_displacement;daily_ob_target_caused_imbalance;daily_ob_target_flip_zone;daily_ob_target_has_inducement;daily_ob_target_swept_liquidity;daily_ob_target_swept_liquidity_fractal;daily_ob_target_swept_liquidity_fvg;daily_ob_target_swept_liquidity_internal;daily_ob_target_swept_liquidity_previous_candle;daily_ob_target_swept_liquidity_swing;h1_mitigation_ob_flip_zone;h1_mitigation_ob_swept_liquidity_fractal;h1_mitigation_ob_swept_liquidity_fvg;h1_mitigation_ob_swept_liquidity_internal;h1_mitigation_ob_swept_liquidity_previous_candle;h1_mitigation_ob_swept_liquidity_swing;h1_ob_target_flip_zone;h1_ob_target_swept_liquidity;h1_ob_target_swept_liquidity_fractal;h1_ob_target_swept_liquidity_internal;h1_ob_target_swept_liquidity_swing;h4_mitigation_ob_caused_displacement;h4_mitigation_ob_caused_imbalance;h4_mitigation_ob_flip_zone;h4_mitigation_ob_has_inducement;h4_mitigation_ob_swept_liquidity;h4_mitigation_ob_swept_liquidity_fractal;h4_mitigation_ob_swept_liquidity_fvg;h4_mitigation_ob_swept_liquidity_internal;h4_mitigation_ob_swept_liquidity_previous_candle;h4_mitigation_ob_swept_liquidity_swing;h4_mitigation_ob_within_daily_ob;h4_ob_target_caused_displacement;h4_ob_target_caused_imbalance;h4_ob_target_flip_zone;h4_ob_target_has_inducement;h4_ob_target_swept_liquidity;h4_ob_target_swept_liquidity_fractal;h4_ob_target_swept_liquidity_fvg;h4_ob_target_swept_liquidity_internal;h4_ob_target_swept_liquidity_previous_candle;h4_ob_target_swept_liquidity_swing;h4_ob_target_within_daily_ob
2024-06-12,Wednesday,london,2024-06-12 07:00:00+00:00,2024-06-12 13:00:00+00:00,bullish,200.514,200.188,201.8180000000001,200.188,0.32600000000002183,-5.650150735490483,loss,-1.0,sl,1.2760736196318065,-1.0,sl,False,0,6,0 days 06:00:00,24.099999999998545,True,-16.18,78.4,4.0,2024-06-12 07:00:00+00:00,False,200.322,200.208,1,daily_mitigation_ob_caused_displacement;daily_mitigation_ob_caused_imbalance;daily_mitigation_ob_flip_zone;daily_mitigation_ob_has_inducement;daily_mitigation_ob_swept_liquidity;daily_mitigation_ob_swept_liquidity_fractal;daily_mitigation_ob_swept_liquidity_fvg;daily_mitigation_ob_swept_liquidity_internal;daily_mitigation_ob_swept_liquidity_previous_candle;daily_mitigation_ob_swept_liquidity_swing;daily_ob_target_flip_zone;daily_ob_target_swept_liquidity_fractal;daily_ob_target_swept_liquidity_fvg;daily_ob_target_swept_liquidity_internal;daily_ob_target_swept_liquidity_previous_candle;daily_ob_target_swept_liquidity_swing;h1_mitigation_ob_flip_zone;h1_mitigation_ob_swept_liquidity;h1_mitigation_ob_swept_liquidity_fractal;h1_mitigation_ob_swept_liquidity_internal;h1_mitigation_ob_swept_liquidity_swing;h1_ob_target_flip_zone;h1_ob_target_swept_liquidity_fractal;h1_ob_target_swept_liquidity_fvg;h1_ob_target_swept_liquidity_internal;h1_ob_target_swept_liquidity_previous_candle;h1_ob_target_swept_liquidity_swing;h4_mitigation_ob_caused_displacement;h4_mitigation_ob_caused_imbalance;h4_mitigation_ob_flip_zone;h4_mitigation_ob_has_inducement;h4_mitigation_ob_swept_liquidity;h4_mitigation_ob_swept_liquidity_fractal;h4_mitigation_ob_swept_liquidity_fvg;h4_mitigation_ob_swept_liquidity_internal;h4_mitigation_ob_swept_liquidity_previous_candle;h4_mitigation_ob_swept_liquidity_swing;h4_mitigation_ob_within_daily_ob;h4_ob_target_flip_zone;h4_ob_target_swept_liquidity_fractal;h4_ob_target_swept_liquidity_fvg;h4_ob_target_swept_liquidity_internal;h4_ob_target_swept_liquidity_previous_candle;h4_ob_target_swept_liquidity_swing
2024-06-13,Thursday,ny,2024-06-13 11:00:00+00:00,2024-06-13 12:00:00+00:00,bullish,200.667,200.521,201.25100000000006,200.521,0.146000000000015,-13.535535180536337,loss,-1.0,sl,0.753424657534068,-1.0,sl,False,0,1,0 days 01:00:00,9.899999999998954,True,-16.18,78.4,4.0,2024-06-13 11:00:00+00:00,False,200.74,200.541,1,daily_mitigation_ob_caused_displacement;daily_mitigation_ob_caused_imbalance;daily_mitigation_ob_flip_zone;daily_mitigation_ob_has_inducement;daily_mitigation_ob_swept_liquidity;daily_mitigation_ob_swept_liquidity_fractal;daily_mitigation_ob_swept_liquidity_fvg;daily_mitigation_ob_swept_liquidity_internal;daily_mitigation_ob_swept_liquidity_previous_candle;daily_mitigation_ob_swept_liquidity_swing;daily_ob_target_caused_displacement;daily_ob_target_caused_imbalance;daily_ob_target_flip_zone;daily_ob_target_has_inducement;daily_ob_target_swept_liquidity;daily_ob_target_swept_liquidity_fractal;daily_ob_target_swept_liquidity_fvg;daily_ob_target_swept_liquidity_internal;daily_ob_target_swept_liquidity_previous_candle;daily_ob_target_swept_liquidity_swing;h1_mitigation_ob_flip_zone;h1_mitigation_ob_swept_liquidity_fractal;h1_mitigation_ob_swept_liquidity_fvg;h1_mitigation_ob_swept_liquidity_internal;h1_mitigation_ob_swept_liquidity_previous_candle;h1_mitigation_ob_swept_liquidity_swing;h1_ob_target_flip_zone;h1_ob_target_swept_liquidity_fractal;h1_ob_target_swept_liquidity_fvg;h1_ob_target_swept_liquidity_internal;h1_ob_target_swept_liquidity_previous_candle;h1_ob_target_swept_liquidity_swing;h4_mitigation_ob_flip_zone;h4_mitigation_ob_swept_liquidity_fractal;h4_mitigation_ob_swept_liquidity_fvg;h4_mitigation_ob_swept_liquidity_internal;h4_mitigation_ob_swept_liquidity_previous_candle;h4_mitigation_ob_swept_liquidity_swing;h4_ob_target_caused_displacement;h4_ob_target_caused_imbalance;h4_ob_target_flip_zone;h4_ob_target_has_inducement;h4_ob_target_swept_liquidity;h4_ob_target_swept_liquidity_fractal;h4_ob_target_swept_liquidity_fvg;h4_ob_target_swept_liquidity_internal;h4_ob_target_swept_liquidity_previous_candle;h4_ob_target_swept_liquidity_swing;h4_ob_target_within_daily_ob
2024-06-13,Thursday,ny,2024-06-13 12:00:00+00:00,2024-06-13 14:00:00+00:00,bullish,200.744,200.475,201.82000000000002,200.475,0.26900000000000546,-4.74106442599125,loss,-1.0,sl,1.0408921933085333,-1.0,sl,False,0,2,0 days 02:00:00,15.399999999999636,True,-16.18,78.4,4.0,2024-06-13 12:00:00+00:00,False,200.658,200.495,1,daily_mitigation_ob_caused_displacement;daily_mitigation_ob_caused_imbalance;daily_mitigation_ob_flip_zone;daily_mitigation_ob_has_inducement;daily_mitigation_ob_swept_liquidity;daily_mitigation_ob_swept_liquidity_fractal;daily_mitigation_ob_swept_liquidity_fvg;daily_mitigation_ob_swept_liquidity_internal;daily_mitigation_ob_swept_liquidity_previous_candle;daily_mitigation_ob_swept_liquidity_swing;daily_ob_target_flip_zone;daily_ob_target_swept_liquidity_fractal;daily_ob_target_swept_liquidity_fvg;daily_ob_target_swept_liquidity_internal;daily_ob_target_swept_liquidity_previous_candle;daily_ob_target_swept_liquidity_swing;h1_mitigation_ob_flip_zone;h1_mitigation_ob_swept_liquidity_fractal;h1_mitigation_ob_swept_liquidity_fvg;h1_mitigation_ob_swept_liquidity_internal;h1_mitigation_ob_swept_liquidity_previous_candle;h1_mitigation_ob_swept_liquidity_swing;h1_ob_target_flip_zone;h1_ob_target_swept_liquidity_fractal;h1_ob_target_swept_liquidity_fvg;h1_ob_target_swept_liquidity_internal;h1_ob_target_swept_liquidity_previous_candle;h1_ob_target_swept_liquidity_swing;h4_mitigation_ob_caused_displacement;h4_mitigation_ob_caused_imbalance;h4_mitigation_ob_flip_zone;h4_mitigation_ob_has_inducement;h4_mitigation_ob_swept_liquidity;h4_mitigation_ob_swept_liquidity_fractal;h4_mitigation_ob_swept_liquidity_fvg;h4_mitigation_ob_swept_liquidity_internal;h4_mitigation_ob_swept_liquidity_previous_candle;h4_mitigation_ob_swept_liquidity_swing;h4_mitigation_ob_within_daily_ob;h4_ob_target_flip_zone;h4_ob_target_swept_liquidity_fractal;h4_ob_target_swept_liquidity_fvg;h4_ob_target_swept_liquidity_internal;h4_ob_target_swept_liquidity_previous_candle;h4_ob_target_swept_liquidity_swing
2024-06-14,Friday,ny,2024-06-14 13:00:00+00:00,2024-06-14 18:00:00+00:00,bullish,199.084,198.91299999999998,199.7680000000001,199.534,0.1710000000000207,-34.64152007586591,win,2.631578947368036,friday_close,3.368421052631133,2.631578947368036,friday_close,False,0,5,0 days 05:00:00,0.0,False,-16.18,78.4,4.0,2024-06-14 13:00:00+00:00,False,199.219,198.933,1,daily_mitigation_ob_caused_displacement;daily_mitigation_ob_caused_imbalance;daily_mitigation_ob_flip_zone;daily_mitigation_ob_has_inducement;daily_mitigation_ob_swept_liquidity;daily_mitigation_ob_swept_liquidity_fractal;daily_mitigation_ob_swept_liquidity_fvg;daily_mitigation_ob_swept_liquidity_internal;daily_mitigation_ob_swept_liquidity_previous_candle;daily_mitigation_ob_swept_liquidity_swing;daily_ob_target_caused_displacement;daily_ob_target_caused_imbalance;daily_ob_target_flip_zone;daily_ob_target_has_inducement;daily_ob_target_swept_liquidity;daily_ob_target_swept_liquidity_fractal;daily_ob_target_swept_liquidity_fvg;daily_ob_target_swept_liquidity_internal;daily_ob_target_swept_liquidity_previous_candle;daily_ob_target_swept_liquidity_swing;h1_mitigation_ob_flip_zone;h1_mitigation_ob_swept_liquidity_fractal;h1_mitigation_ob_swept_liquidity_fvg;h1_mitigation_ob_swept_liquidity_internal;h1_mitigation_ob_swept_liquidity_previous_candle;h1_mitigation_ob_swept_liquidity_swing;h1_ob_target_flip_zone;h1_ob_target_swept_liquidity;h1_ob_target_swept_liquidity_fractal;h1_ob_target_swept_liquidity_fvg;h1_ob_target_swept_liquidity_previous_candle;h4_mitigation_ob_caused_displacement;h4_mitigation_ob_caused_imbalance;h4_mitigation_ob_flip_zone;h4_mitigation_ob_has_inducement;h4_mitigation_ob_swept_liquidity;h4_mitigation_ob_swept_liquidity_fractal;h4_mitigation_ob_swept_liquidity_fvg;h4_mitigation_ob_swept_liquidity_internal;h4_mitigation_ob_swept_liquidity_previous_candle;h4_mitigation_ob_swept_liquidity_swing;h4_mitigation_ob_within_daily_ob;h4_ob_target_flip_zone;h4_ob_target_swept_liquidity;h4_ob_target_swept_liquidity_fractal;h4_ob_target_swept_liquidity_internal;h4_ob_target_swept_liquidity_swing
2024-06-18,Tuesday,london,2024-06-18 08:00:00+00:00,2024-06-18 11:00:00+00:00,bullish,200.53,200.31,201.41,200.31,0.21999999999999886,-38.390430721165366,loss,-1.0,sl,0.6318181818182306,-1.0,sl,False,0,3,0 days 03:00:00,7.200000000000273,False,-16.18,78.4,4.0,2024-06-18 08:00:00+00:00,False,200.486,200.33,1,daily_mitigation_ob_caused_displacement;daily_mitigation_ob_caused_imbalance;daily_mitigation_ob_flip_zone;daily_mitigation_ob_has_inducement;daily_mitigation_ob_swept_liquidity;daily_mitigation_ob_swept_liquidity_fractal;daily_mitigation_ob_swept_liquidity_fvg;daily_mitigation_ob_swept_liquidity_internal;daily_mitigation_ob_swept_liquidity_previous_candle;daily_mitigation_ob_swept_liquidity_swing;daily_ob_target_caused_displacement;daily_ob_target_caused_imbalance;daily_ob_target_flip_zone;daily_ob_target_has_inducement;daily_ob_target_swept_liquidity;daily_ob_target_swept_liquidity_fractal;daily_ob_target_swept_liquidity_fvg;daily_ob_target_swept_liquidity_internal;daily_ob_target_swept_liquidity_previous_candle;daily_ob_target_swept_liquidity_swing;h1_mitigation_ob_flip_zone;h1_mitigation_ob_swept_liquidity;h1_mitigation_ob_swept_liquidity_fractal;h1_mitigation_ob_swept_liquidity_fvg;h1_mitigation_ob_swept_liquidity_internal;h1_mitigation_ob_swept_liquidity_swing;h1_ob_target_flip_zone;h1_ob_target_swept_liquidity;h1_ob_target_swept_liquidity_fractal;h1_ob_target_swept_liquidity_fvg;h1_ob_target_swept_liquidity_internal;h1_ob_target_swept_liquidity_previous_candle;h4_mitigation_ob_caused_displacement;h4_mitigation_ob_caused_imbalance;h4_mitigation_ob_flip_zone;h4_mitigation_ob_has_inducement;h4_mitigation_ob_swept_liquidity;h4_mitigation_ob_swept_liquidity_fractal;h4_mitigation_ob_swept_liquidity_fvg;h4_mitigation_ob_swept_liquidity_internal;h4_mitigation_ob_swept_liquidity_previous_candle;h4_mitigation_ob_swept_liquidity_swing;h4_mitigation_ob_within_daily_ob;h4_ob_target_caused_displacement;h4_ob_target_caused_imbalance;h4_ob_target_flip_zone;h4_ob_target_has_inducement;h4_ob_target_swept_liquidity;h4_ob_target_swept_liquidity_fractal;h4_ob_target_swept_liquidity_fvg;h4_ob_target_swept_liquidity_internal;h4_ob_target_swept_liquidity_previous_candle;h4_ob_target_swept_liquidity_swing;h4_ob_target_within_daily_ob
2024-06-21,Friday,london,2024-06-21 06:00:00+00:00,2024-06-21 16:00:00+00:00,bearish,201.172,201.62300000000002,199.3679999999999,201.62300000000002,0.45100000000002183,-41.274666353759734,loss,-1.0,sl,1.6297117516628594,-1.0,sl,False,0,10,0 days 10:00:00,2.0999999999986585,False,-16.18,78.4,4.0,2024-06-21 06:00:00+00:00,False,201.603,201.207,2,daily_mitigation_ob_caused_displacement;daily_mitigation_ob_caused_imbalance;daily_mitigation_ob_flip_zone;daily_mitigation_ob_has_inducement;daily_mitigation_ob_swept_liquidity;daily_mitigation_ob_swept_liquidity_fractal;daily_mitigation_ob_swept_liquidity_fvg;daily_mitigation_ob_swept_liquidity_internal;daily_mitigation_ob_swept_liquidity_previous_candle;daily_mitigation_ob_swept_liquidity_swing;daily_ob_target_flip_zone;daily_ob_target_swept_liquidity_fractal;daily_ob_target_swept_liquidity_fvg;daily_ob_target_swept_liquidity_internal;daily_ob_target_swept_liquidity_previous_candle;daily_ob_target_swept_liquidity_swing;h1_mitigation_ob_flip_zone;h1_mitigation_ob_swept_liquidity;h1_mitigation_ob_swept_liquidity_fractal;h1_mitigation_ob_swept_liquidity_fvg;h1_mitigation_ob_swept_liquidity_internal;h1_mitigation_ob_swept_liquidity_previous_candle;h1_ob_target_flip_zone;h1_ob_target_swept_liquidity_fractal;h1_ob_target_swept_liquidity_fvg;h1_ob_target_swept_liquidity_internal;h1_ob_target_swept_liquidity_previous_candle;h1_ob_target_swept_liquidity_swing;h4_mitigation_ob_caused_displacement;h4_mitigation_ob_caused_imbalance;h4_mitigation_ob_flip_zone;h4_mitigation_ob_has_inducement;h4_mitigation_ob_swept_liquidity;h4_mitigation_ob_swept_liquidity_fractal;h4_mitigation_ob_swept_liquidity_fvg;h4_mitigation_ob_swept_liquidity_internal;h4_mitigation_ob_swept_liquidity_previous_candle;h4_mitigation_ob_swept_liquidity_swing;h4_mitigation_ob_within_daily_ob;h4_ob_target_flip_zone;h4_ob_target_swept_liquidity_fractal;h4_ob_target_swept_liquidity_fvg;h4_ob_target_swept_liquidity_internal;h4_ob_target_swept_liquidity_previous_candle;h4_ob_target_swept_liquidity_swing
2024-06-21,Friday,ny,2024-06-21 11:00:00+00:00,2024-06-21 14:00:00+00:00,bearish,200.894,201.24800000000002,199.47799999999995,201.24800000000002,0.3540000000000134,-14.828394393164675,loss,-1.0,sl,0.46892655367228964,-1.0,sl,False,0,3,0 days 03:00:00,31.799999999998363,True,-16.18,78.4,4.0,2024-06-21 10:00:00+00:00,True,201.228,201.079,1,daily_mitigation_ob_caused_displacement;daily_mitigation_ob_caused_imbalance;daily_mitigation_ob_flip_zone;daily_mitigation_ob_has_inducement;daily_mitigation_ob_swept_liquidity;daily_mitigation_ob_swept_liquidity_fractal;daily_mitigation_ob_swept_liquidity_fvg;daily_mitigation_ob_swept_liquidity_internal;daily_mitigation_ob_swept_liquidity_previous_candle;daily_mitigation_ob_swept_liquidity_swing;daily_ob_target_flip_zone;daily_ob_target_swept_liquidity_fractal;daily_ob_target_swept_liquidity_fvg;daily_ob_target_swept_liquidity_internal;daily_ob_target_swept_liquidity_previous_candle;daily_ob_target_swept_liquidity_swing;h1_mitigation_ob_flip_zone;h1_mitigation_ob_swept_liquidity_fractal;h1_mitigation_ob_swept_liquidity_fvg;h1_mitigation_ob_swept_liquidity_internal;h1_mitigation_ob_swept_liquidity_previous_candle;h1_mitigation_ob_swept_liquidity_swing;h1_ob_target_flip_zone;h1_ob_target_swept_liquidity_fractal;h1_ob_target_swept_liquidity_fvg;h1_ob_target_swept_liquidity_internal;h1_ob_target_swept_liquidity_previous_candle;h1_ob_target_swept_liquidity_swing;h4_mitigation_ob_caused_displacement;h4_mitigation_ob_caused_imbalance;h4_mitigation_ob_flip_zone;h4_mitigation_ob_has_inducement;h4_mitigation_ob_swept_liquidity;h4_mitigation_ob_swept_liquidity_fractal;h4_mitigation_ob_swept_liquidity_fvg;h4_mitigation_ob_swept_liquidity_internal;h4_mitigation_ob_swept_liquidity_previous_candle;h4_mitigation_ob_swept_liquidity_swing;h4_mitigation_ob_within_daily_ob;h4_ob_target_flip_zone;h4_ob_target_swept_liquidity_fractal;h4_ob_target_swept_liquidity_fvg;h4_ob_target_swept_liquidity_internal;h4_ob_target_swept_liquidity_previous_candle;h4_ob_target_swept_liquidity_swing
2024-06-24,Monday,ny,2024-06-24 11:00:00+00:00,2024-06-28 18:00:00+00:00,bullish,201.925,200.49499999999998,207.64500000000015,203.245,1.4300000000000352,-30.184196256141725,win,0.9230769230768956,friday_close,1.1608391608391297,0.9230769230768956,friday_close,True,4,103,4 days 07:00:00,0.0,False,-16.18,78.4,4.0,2024-06-24 11:00:00+00:00,False,201.171,200.515,1,daily_mitigation_ob_caused_displacement;daily_mitigation_ob_caused_imbalance;daily_mitigation_ob_flip_zone;daily_mitigation_ob_has_inducement;daily_mitigation_ob_swept_liquidity;daily_mitigation_ob_swept_liquidity_fractal;daily_mitigation_ob_swept_liquidity_fvg;daily_mitigation_ob_swept_liquidity_internal;daily_mitigation_ob_swept_liquidity_previous_candle;daily_mitigation_ob_swept_liquidity_swing;daily_ob_target_flip_zone;daily_ob_target_swept_liquidity_fractal;daily_ob_target_swept_liquidity_fvg;daily_ob_target_swept_liquidity_internal;daily_ob_target_swept_liquidity_previous_candle;daily_ob_target_swept_liquidity_swing;h1_mitigation_ob_flip_zone;h1_mitigation_ob_swept_liquidity_fractal;h1_mitigation_ob_swept_liquidity_fvg;h1_mitigation_ob_swept_liquidity_internal;h1_mitigation_ob_swept_liquidity_previous_candle;h1_mitigation_ob_swept_liquidity_swing;h1_ob_target_flip_zone;h1_ob_target_swept_liquidity;h1_ob_target_swept_liquidity_fvg;h4_mitigation_ob_caused_displacement;h4_mitigation_ob_caused_imbalance;h4_mitigation_ob_flip_zone;h4_mitigation_ob_has_inducement;h4_mitigation_ob_swept_liquidity;h4_mitigation_ob_swept_liquidity_fractal;h4_mitigation_ob_swept_liquidity_fvg;h4_mitigation_ob_swept_liquidity_internal;h4_mitigation_ob_swept_liquidity_previous_candle;h4_mitigation_ob_swept_liquidity_swing;h4_mitigation_ob_within_daily_ob;h4_ob_target_flip_zone;h4_ob_target_swept_liquidity_fractal;h4_ob_target_swept_liquidity_fvg;h4_ob_target_swept_liquidity_internal;h4_ob_target_swept_liquidity_previous_candle;h4_ob_target_swept_liquidity_swing
2024-07-01,Monday,london,2024-07-01 07:00:00+00:00,2024-07-01 13:00:00+00:00,bullish,203.891,203.73399999999998,204.51900000000003,204.51900000000003,0.1570000000000107,-37.75520922055527,win,4.0,tp,5.356687898088859,0.0,be_stop,True,1,6,0 days 06:00:00,1.8999999999977035,False,-16.18,78.4,4.0,2024-07-01 07:00:00+00:00,False,203.974,203.754,1,daily_mitigation_ob_caused_displacement;daily_mitigation_ob_caused_imbalance;daily_mitigation_ob_flip_zone;daily_mitigation_ob_has_inducement;daily_mitigation_ob_swept_liquidity;daily_mitigation_ob_swept_liquidity_fractal;daily_mitigation_ob_swept_liquidity_fvg;daily_mitigation_ob_swept_liquidity_internal;daily_mitigation_ob_swept_liquidity_previous_candle;daily_mitigation_ob_swept_liquidity_swing;daily_ob_target_caused_displacement;daily_ob_target_caused_imbalance;daily_ob_target_flip_zone;daily_ob_target_has_inducement;daily_ob_target_swept_liquidity;daily_ob_target_swept_liquidity_fractal;daily_ob_target_swept_liquidity_fvg;daily_ob_target_swept_liquidity_internal;daily_ob_target_swept_liquidity_previous_candle;daily_ob_target_swept_liquidity_swing;h1_mitigation_ob_flip_zone;h1_mitigation_ob_swept_liquidity_fractal;h1_mitigation_ob_swept_liquidity_fvg;h1_mitigation_ob_swept_liquidity_internal;h1_mitigation_ob_swept_liquidity_previous_candle;h1_mitigation_ob_swept_liquidity_swing;h1_ob_target_caused_displacement;h1_ob_target_caused_imbalance;h1_ob_target_flip_zone;h1_ob_target_has_inducement;h1_ob_target_swept_liquidity;h1_ob_target_swept_liquidity_fractal;h1_ob_target_swept_liquidity_fvg;h1_ob_target_swept_liquidity_internal;h1_ob_target_swept_liquidity_previous_candle;h1_ob_target_swept_liquidity_swing;h1_ob_target_within_h4_ob;h4_mitigation_ob_caused_displacement;h4_mitigation_ob_caused_imbalance;h4_mitigation_ob_flip_zone;h4_mitigation_ob_has_inducement;h4_mitigation_ob_swept_liquidity;h4_mitigation_ob_swept_liquidity_fractal;h4_mitigation_ob_swept_liquidity_fvg;h4_mitigation_ob_swept_liquidity_internal;h4_mitigation_ob_swept_liquidity_previous_candle;h4_mitigation_ob_swept_liquidity_swing;h4_mitigation_ob_within_daily_ob;h4_ob_target_caused_displacement;h4_ob_target_caused_imbalance;h4_ob_target_flip_zone;h4_ob_target_has_inducement;h4_ob_target_swept_liquidity;h4_ob_target_swept_liquidity_fractal;h4_ob_target_swept_liquidity_fvg;h4_ob_target_swept_liquidity_internal;h4_ob_target_swept_liquidity_previous_candle;h4_ob_target_swept_liquidity_swing;h4_ob_target_within_daily_ob
2024-07-03,Wednesday,london,2024-07-03 08:00:00+00:00,2024-07-03 12:00:00+00:00,bearish,205.467,205.82000000000002,204.05499999999998,205.82000000000002,0.35300000000000864,-39.74297895622218,loss,-1.0,sl,0.28895184135977725,-1.0,sl,False,0,4,0 days 04:00:00,6.999999999996476,False,-16.18,78.4,4.0,2024-07-03 08:00:00+00:00,False,205.8,205.407,1,daily_mitigation_ob_caused_displacement;daily_mitigation_ob_caused_imbalance;daily_mitigation_ob_flip_zone;daily_mitigation_ob_has_inducement;daily_mitigation_ob_swept_liquidity;daily_mitigation_ob_swept_liquidity_fractal;daily_mitigation_ob_swept_liquidity_fvg;daily_mitigation_ob_swept_liquidity_internal;daily_mitigation_ob_swept_liquidity_previous_candle;daily_mitigation_ob_swept_liquidity_swing;daily_ob_target_caused_displacement;daily_ob_target_caused_imbalance;daily_ob_target_flip_zone;daily_ob_target_has_inducement;daily_ob_target_swept_liquidity;daily_ob_target_swept_liquidity_fractal;daily_ob_target_swept_liquidity_fvg;daily_ob_target_swept_liquidity_internal;daily_ob_target_swept_liquidity_previous_candle;daily_ob_target_swept_liquidity_swing;h1_mitigation_ob_flip_zone;h1_mitigation_ob_swept_liquidity;h1_mitigation_ob_swept_liquidity_fractal;h1_mitigation_ob_swept_liquidity_internal;h1_mitigation_ob_swept_liquidity_swing;h1_ob_target_flip_zone;h1_ob_target_swept_liquidity_fractal;h1_ob_target_swept_liquidity_fvg;h1_ob_target_swept_liquidity_internal;h1_ob_target_swept_liquidity_previous_candle;h1_ob_target_swept_liquidity_swing;h4_mitigation_ob_flip_zone;h4_mitigation_ob_swept_liquidity_fractal;h4_mitigation_ob_swept_liquidity_fvg;h4_mitigation_ob_swept_liquidity_internal;h4_mitigation_ob_swept_liquidity_previous_candle;h4_mitigation_ob_swept_liquidity_swing;h4_ob_target_flip_zone;h4_ob_target_swept_liquidity_fractal;h4_ob_target_swept_liquidity_fvg;h4_ob_target_swept_liquidity_internal;h4_ob_target_swept_liquidity_previous_candle;h4_ob_target_swept_liquidity_swing
2024-07-08,Monday,london,2024-07-08 06:00:00+00:00,2024-07-08 07:00:00+00:00,bearish,205.903,205.99,205.55499999999992,205.99,0.08700000000001751,-32.57329317741111,loss,-1.0,sl,0.0,-1.0,sl,False,0,1,0 days 01:00:00,23.30000000000041,False,-16.18,78.4,4.0,2024-07-08 06:00:00+00:00,False,205.97,205.819,1,daily_mitigation_ob_caused_displacement;daily_mitigation_ob_caused_imbalance;daily_mitigation_ob_flip_zone;daily_mitigation_ob_has_inducement;daily_mitigation_ob_swept_liquidity;daily_mitigation_ob_swept_liquidity_fractal;daily_mitigation_ob_swept_liquidity_fvg;daily_mitigation_ob_swept_liquidity_internal;daily_mitigation_ob_swept_liquidity_previous_candle;daily_mitigation_ob_swept_liquidity_swing;daily_ob_target_caused_displacement;daily_ob_target_caused_imbalance;daily_ob_target_flip_zone;daily_ob_target_has_inducement;daily_ob_target_swept_liquidity;daily_ob_target_swept_liquidity_fractal;daily_ob_target_swept_liquidity_fvg;daily_ob_target_swept_liquidity_internal;daily_ob_target_swept_liquidity_previous_candle;daily_ob_target_swept_liquidity_swing;h1_mitigation_ob_flip_zone;h1_mitigation_ob_swept_liquidity;h1_mitigation_ob_swept_liquidity_fractal;h1_mitigation_ob_swept_liquidity_fvg;h1_mitigation_ob_swept_liquidity_internal;h1_mitigation_ob_swept_liquidity_swing;h1_ob_target_caused_displacement;h1_ob_target_caused_imbalance;h1_ob_target_flip_zone;h1_ob_target_has_inducement;h1_ob_target_swept_liquidity;h1_ob_target_swept_liquidity_fractal;h1_ob_target_swept_liquidity_fvg;h1_ob_target_swept_liquidity_internal;h1_ob_target_swept_liquidity_previous_candle;h1_ob_target_swept_liquidity_swing;h1_ob_target_within_h4_ob;h4_mitigation_ob_caused_displacement;h4_mitigation_ob_caused_imbalance;h4_mitigation_ob_flip_zone;h4_mitigation_ob_has_inducement;h4_mitigation_ob_swept_liquidity;h4_mitigation_ob_swept_liquidity_fractal;h4_mitigation_ob_swept_liquidity_fvg;h4_mitigation_ob_swept_liquidity_internal;h4_mitigation_ob_swept_liquidity_previous_candle;h4_mitigation_ob_swept_liquidity_swing;h4_mitigation_ob_within_daily_ob;h4_ob_target_caused_displacement;h4_ob_target_caused_imbalance;h4_ob_target_flip_zone;h4_ob_target_has_inducement;h4_ob_target_swept_liquidity;h4_ob_target_swept_liquidity_fractal;h4_ob_target_swept_liquidity_fvg;h4_ob_target_swept_liquidity_internal;h4_ob_target_swept_liquidity_previous_candle;h4_ob_target_swept_liquidity_swing;h4_ob_target_within_daily_ob
2024-07-10,Wednesday,ny,2024-07-10 11:00:00+00:00,2024-07-10 13:00:00+00:00,bearish,206.792,207.28400000000002,204.82399999999993,207.28400000000002,0.49200000000001864,-41.17745316256553,loss,-1.0,sl,0.1504065040650599,-1.0,sl,False,0,2,0 days 02:00:00,8.199999999999363,False,-16.18,78.4,4.0,2024-07-10 10:00:00+00:00,True,207.264,206.97,1,daily_mitigation_ob_caused_displacement;daily_mitigation_ob_caused_imbalance;daily_mitigation_ob_flip_zone;daily_mitigation_ob_has_inducement;daily_mitigation_ob_swept_liquidity;daily_mitigation_ob_swept_liquidity_fractal;daily_mitigation_ob_swept_liquidity_fvg;daily_mitigation_ob_swept_liquidity_internal;daily_mitigation_ob_swept_liquidity_previous_candle;daily_mitigation_ob_swept_liquidity_swing;daily_ob_target_caused_displacement;daily_ob_target_caused_imbalance;daily_ob_target_flip_zone;daily_ob_target_has_inducement;daily_ob_target_swept_liquidity;daily_ob_target_swept_liquidity_fractal;daily_ob_target_swept_liquidity_fvg;daily_ob_target_swept_liquidity_internal;daily_ob_target_swept_liquidity_previous_candle;daily_ob_target_swept_liquidity_swing;h1_mitigation_ob_flip_zone;h1_mitigation_ob_swept_liquidity;h1_mitigation_ob_swept_liquidity_fractal;h1_mitigation_ob_swept_liquidity_fvg;h1_mitigation_ob_swept_liquidity_internal;h1_mitigation_ob_swept_liquidity_swing;h1_ob_target_flip_zone;h1_ob_target_swept_liquidity_fractal;h1_ob_target_swept_liquidity_fvg;h1_ob_target_swept_liquidity_internal;h1_ob_target_swept_liquidity_previous_candle;h1_ob_target_swept_liquidity_swing;h4_mitigation_ob_caused_displacement;h4_mitigation_ob_caused_imbalance;h4_mitigation_ob_flip_zone;h4_mitigation_ob_has_inducement;h4_mitigation_ob_swept_liquidity;h4_mitigation_ob_swept_liquidity_fractal;h4_mitigation_ob_swept_liquidity_fvg;h4_mitigation_ob_swept_liquidity_internal;h4_mitigation_ob_swept_liquidity_previous_candle;h4_mitigation_ob_swept_liquidity_swing;h4_mitigation_ob_within_daily_ob;h4_ob_target_flip_zone;h4_ob_target_swept_liquidity_fractal;h4_ob_target_swept_liquidity_fvg;h4_ob_target_swept_liquidity_internal;h4_ob_target_swept_liquidity_previous_candle;h4_ob_target_swept_liquidity_swing
2024-07-16,Tuesday,london,2024-07-16 08:00:00+00:00,2024-07-16 18:00:00+00:00,bullish,205.424,204.94899999999998,207.3240000000001,205.363,0.47500000000002274,-0.9142492016922965,loss,-0.12842105263158765,cut_19h,0.41684210526315374,-0.12842105263158765,cut_19h,False,1,10,0 days 10:00:00,0.0,True,-16.18,78.4,4.0,2024-07-16 08:00:00+00:00,False,205.203,204.969,1,daily_mitigation_ob_caused_displacement;daily_mitigation_ob_caused_imbalance;daily_mitigation_ob_flip_zone;daily_mitigation_ob_has_inducement;daily_mitigation_ob_swept_liquidity;daily_mitigation_ob_swept_liquidity_fractal;daily_mitigation_ob_swept_liquidity_fvg;daily_mitigation_ob_swept_liquidity_internal;daily_mitigation_ob_swept_liquidity_previous_candle;daily_mitigation_ob_swept_liquidity_swing;daily_ob_target_caused_displacement;daily_ob_target_caused_imbalance;daily_ob_target_flip_zone;daily_ob_target_has_inducement;daily_ob_target_swept_liquidity;daily_ob_target_swept_liquidity_fractal;daily_ob_target_swept_liquidity_fvg;daily_ob_target_swept_liquidity_internal;daily_ob_target_swept_liquidity_previous_candle;daily_ob_target_swept_liquidity_swing;h1_mitigation_ob_flip_zone;h1_mitigation_ob_swept_liquidity_fractal;h1_mitigation_ob_swept_liquidity_fvg;h1_mitigation_ob_swept_liquidity_internal;h1_mitigation_ob_swept_liquidity_previous_candle;h1_mitigation_ob_swept_liquidity_swing;h1_ob_target_flip_zone;h1_ob_target_swept_liquidity;h1_ob_target_swept_liquidity_fvg;h1_ob_target_swept_liquidity_previous_candle;h1_ob_target_swept_liquidity_swing;h4_mitigation_ob_caused_displacement;h4_mitigation_ob_caused_imbalance;h4_mitigation_ob_flip_zone;h4_mitigation_ob_has_inducement;h4_mitigation_ob_swept_liquidity;h4_mitigation_ob_swept_liquidity_fractal;h4_mitigation_ob_swept_liquidity_fvg;h4_mitigation_ob_swept_liquidity_internal;h4_mitigation_ob_swept_liquidity_previous_candle;h4_mitigation_ob_swept_liquidity_swing;h4_mitigation_ob_within_daily_ob;h4_ob_target_caused_displacement;h4_ob_target_caused_imbalance;h4_ob_target_flip_zone;h4_ob_target_has_inducement;h4_ob_target_swept_liquidity;h4_ob_target_swept_liquidity_fractal;h4_ob_target_swept_liquidity_fvg;h4_ob_target_swept_liquidity_internal;h4_ob_target_swept_liquidity_previous_candle;h4_ob_target_swept_liquidity_swing;h4_ob_target_within_daily_ob
2024-07-19,Friday,london,2024-07-19 08:00:00+00:00,2024-07-19 18:00:00+00:00,bullish,203.133,202.78699999999998,204.51700000000014,203.333,0.34600000000003206,-41.57421676189285,win,0.5780346820808384,friday_close,1.7774566473986233,0.5780346820808384,friday_close,False,0,10,0 days 10:00:00,0.0,False,-16.18,78.4,4.0,2024-07-19 08:00:00+00:00,False,203.195,202.807,1,daily_mitigation_ob_caused_displacement;daily_mitigation_ob_caused_imbalance;daily_mitigation_ob_flip_zone;daily_mitigation_ob_has_inducement;daily_mitigation_ob_swept_liquidity;daily_mitigation_ob_swept_liquidity_fractal;daily_mitigation_ob_swept_liquidity_fvg;daily_mitigation_ob_swept_liquidity_internal;daily_mitigation_ob_swept_liquidity_previous_candle;daily_mitigation_ob_swept_liquidity_swing;daily_ob_target_flip_zone;daily_ob_target_swept_liquidity_fractal;daily_ob_target_swept_liquidity_fvg;daily_ob_target_swept_liquidity_internal;daily_ob_target_swept_liquidity_previous_candle;daily_ob_target_swept_liquidity_swing;h1_mitigation_ob_flip_zone;h1_mitigation_ob_swept_liquidity;h1_mitigation_ob_swept_liquidity_fractal;h1_mitigation_ob_swept_liquidity_fvg;h1_mitigation_ob_swept_liquidity_internal;h1_mitigation_ob_swept_liquidity_swing;h1_ob_target_caused_displacement;h1_ob_target_caused_imbalance;h1_ob_target_flip_zone;h1_ob_target_has_inducement;h1_ob_target_swept_liquidity;h1_ob_target_swept_liquidity_fractal;h1_ob_target_swept_liquidity_fvg;h1_ob_target_swept_liquidity_internal;h1_ob_target_swept_liquidity_previous_candle;h1_ob_target_swept_liquidity_swing;h1_ob_target_within_h4_ob;h4_mitigation_ob_caused_displacement;h4_mitigation_ob_caused_imbalance;h4_mitigation_ob_flip_zone;h4_mitigation_ob_has_inducement;h4_mitigation_ob_swept_liquidity;h4_mitigation_ob_swept_liquidity_fractal;h4_mitigation_ob_swept_liquidity_fvg;h4_mitigation_ob_swept_liquidity_internal;h4_mitigation_ob_swept_liquidity_previous_candle;h4_mitigation_ob_swept_liquidity_swing;h4_mitigation_ob_within_daily_ob;h4_ob_target_caused_displacement;h4_ob_target_caused_imbalance;h4_ob_target_flip_zone;h4_ob_target_has_inducement;h4_ob_target_swept_liquidity;h4_ob_target_swept_liquidity_fractal;h4_ob_target_swept_liquidity_fvg;h4_ob_target_swept_liquidity_internal;h4_ob_target_swept_liquidity_previous_candle;h4_ob_target_swept_liquidity_swing;h4_ob_target_within_daily_ob
2024-07-30,Tuesday,london,2024-07-30 07:00:00+00:00,2024-07-30 20:00:00+00:00,bearish,199.056,199.83,195.96,195.96,0.7740000000000009,-28.0400440562203,win,4.0,tp,10.0,14.41085271317831,friday_close,True,3,13,0 days 13:00:00,0.0,False,-16.18,78.4,4.0,2024-07-30 07:00:00+00:00,False,199.81,199.393,1,daily_mitigation_ob_caused_displacement;daily_mitigation_ob_caused_imbalance;daily_mitigation_ob_flip_zone;daily_mitigation_ob_has_inducement;daily_mitigation_ob_swept_liquidity;daily_mitigation_ob_swept_liquidity_fractal;daily_mitigation_ob_swept_liquidity_fvg;daily_mitigation_ob_swept_liquidity_internal;daily_mitigation_ob_swept_liquidity_previous_candle;daily_mitigation_ob_swept_liquidity_swing;daily_ob_target_caused_displacement;daily_ob_target_caused_imbalance;daily_ob_target_flip_zone;daily_ob_target_has_inducement;daily_ob_target_swept_liquidity;daily_ob_target_swept_liquidity_fractal;daily_ob_target_swept_liquidity_fvg;daily_ob_target_swept_liquidity_internal;daily_ob_target_swept_liquidity_previous_candle;daily_ob_target_swept_liquidity_swing;h1_mitigation_ob_flip_zone;h1_mitigation_ob_swept_liquidity_fractal;h1_mitigation_ob_swept_liquidity_fvg;h1_mitigation_ob_swept_liquidity_internal;h1_mitigation_ob_swept_liquidity_previous_candle;h1_mitigation_ob_swept_liquidity_swing;h1_ob_target_flip_zone;h1_ob_target_swept_liquidity_fractal;h1_ob_target_swept_liquidity_fvg;h1_ob_target_swept_liquidity_internal;h1_ob_target_swept_liquidity_previous_candle;h1_ob_target_swept_liquidity_swing;h4_mitigation_ob_caused_displacement;h4_mitigation_ob_caused_imbalance;h4_mitigation_ob_flip_zone;h4_mitigation_ob_has_inducement;h4_mitigation_ob_swept_liquidity;h4_mitigation_ob_swept_liquidity_fractal;h4_mitigation_ob_swept_liquidity_fvg;h4_mitigation_ob_swept_liquidity_internal;h4_mitigation_ob_swept_liquidity_previous_candle;h4_mitigation_ob_swept_liquidity_swing;h4_mitigation_ob_within_daily_ob;h4_ob_target_flip_zone;h4_ob_target_swept_liquidity;h4_ob_target_swept_liquidity_fvg;h4_ob_target_swept_liquidity_previous_candle;h4_ob_target_swept_liquidity_swing
2024-08-01,Thursday,london,2024-08-01 06:00:00+00:00,2024-08-01 12:00:00+00:00,bearish,192.122,193.098,188.21800000000002,193.098,0.9759999999999991,-33.379029205704775,loss,-1.0,sl,1.1731557377049295,-1.0,sl,False,0,6,0 days 06:00:00,15.299999999999159,False,-16.18,78.4,4.0,2024-08-01 06:00:00+00:00,False,193.078,192.586,1,daily_mitigation_ob_caused_displacement;daily_mitigation_ob_caused_imbalance;daily_mitigation_ob_flip_zone;daily_mitigation_ob_has_inducement;daily_mitigation_ob_swept_liquidity;daily_mitigation_ob_swept_liquidity_fractal;daily_mitigation_ob_swept_liquidity_fvg;daily_mitigation_ob_swept_liquidity_internal;daily_mitigation_ob_swept_liquidity_previous_candle;daily_mitigation_ob_swept_liquidity_swing;daily_ob_target_flip_zone;daily_ob_target_swept_liquidity_fractal;daily_ob_target_swept_liquidity_fvg;daily_ob_target_swept_liquidity_internal;daily_ob_target_swept_liquidity_previous_candle;daily_ob_target_swept_liquidity_swing;h1_mitigation_ob_flip_zone;h1_mitigation_ob_swept_liquidity_fractal;h1_mitigation_ob_swept_liquidity_fvg;h1_mitigation_ob_swept_liquidity_internal;h1_mitigation_ob_swept_liquidity_previous_candle;h1_mitigation_ob_swept_liquidity_swing;h1_ob_target_flip_zone;h1_ob_target_swept_liquidity;h1_ob_target_swept_liquidity_fvg;h1_ob_target_swept_liquidity_previous_candle;h1_ob_target_swept_liquidity_swing;h4_mitigation_ob_caused_displacement;h4_mitigation_ob_caused_imbalance;h4_mitigation_ob_flip_zone;h4_mitigation_ob_has_inducement;h4_mitigation_ob_swept_liquidity;h4_mitigation_ob_swept_liquidity_fractal;h4_mitigation_ob_swept_liquidity_fvg;h4_mitigation_ob_swept_liquidity_internal;h4_mitigation_ob_swept_liquidity_previous_candle;h4_mitigation_ob_swept_liquidity_swing;h4_mitigation_ob_within_daily_ob;h4_ob_target_flip_zone;h4_ob_target_swept_liquidity;h4_ob_target_swept_liquidity_fvg;h4_ob_target_swept_liquidity_internal;h4_ob_target_swept_liquidity_previous_candle;h4_ob_target_swept_liquidity_swing
2024-08-02,Friday,london,2024-08-02 08:00:00+00:00,2024-08-02 12:00:00+00:00,bullish,189.838,188.821,193.90599999999998,188.821,1.016999999999996,-49.35430118845952,loss,-1.0,sl,0.20058997050148333,-1.0,sl,False,0,4,0 days 04:00:00,124.69999999999857,False,-16.18,78.4,4.0,2024-08-02 08:00:00+00:00,False,189.02,188.841,1,daily_mitigation_ob_caused_displacement;daily_mitigation_ob_caused_imbalance;daily_mitigation_ob_flip_zone;daily_mitigation_ob_has_inducement;daily_mitigation_ob_swept_liquidity;daily_mitigation_ob_swept_liquidity_fractal;daily_mitigation_ob_swept_liquidity_fvg;daily_mitigation_ob_swept_liquidity_internal;daily_mitigation_ob_swept_liquidity_previous_candle;daily_mitigation_ob_swept_liquidity_swing;daily_ob_target_caused_displacement;daily_ob_target_caused_imbalance;daily_ob_target_flip_zone;daily_ob_target_has_inducement;daily_ob_target_swept_liquidity;daily_ob_target_swept_liquidity_fractal;daily_ob_target_swept_liquidity_fvg;daily_ob_target_swept_liquidity_internal;daily_ob_target_swept_liquidity_previous_candle;daily_ob_target_swept_liquidity_swing;h1_mitigation_ob_flip_zone;h1_mitigation_ob_swept_liquidity_fractal;h1_mitigation_ob_swept_liquidity_fvg;h1_mitigation_ob_swept_liquidity_internal;h1_mitigation_ob_swept_liquidity_previous_candle;h1_mitigation_ob_swept_liquidity_swing;h1_ob_target_flip_zone;h1_ob_target_swept_liquidity_fractal;h1_ob_target_swept_liquidity_fvg;h1_ob_target_swept_liquidity_internal;h1_ob_target_swept_liquidity_previous_candle;h1_ob_target_swept_liquidity_swing;h4_mitigation_ob_caused_displacement;h4_mitigation_ob_caused_imbalance;h4_mitigation_ob_flip_zone;h4_mitigation_ob_has_inducement;h4_mitigation_ob_swept_liquidity;h4_mitigation_ob_swept_liquidity_fractal;h4_mitigation_ob_swept_liquidity_fvg;h4_mitigation_ob_swept_liquidity_internal;h4_mitigation_ob_swept_liquidity_previous_candle;h4_mitigation_ob_swept_liquidity_swing;h4_mitigation_ob_within_daily_ob;h4_ob_target_flip_zone;h4_ob_target_swept_liquidity;h4_ob_target_swept_liquidity_fractal;h4_ob_target_swept_liquidity_fvg;h4_ob_target_swept_liquidity_internal;h4_ob_target_swept_liquidity_swing
2024-08-02,Friday,ny,2024-08-02 12:00:00+00:00,2024-08-02 18:00:00+00:00,bearish,188.751,190.519,181.679,187.902,1.7680000000000007,-23.579992128242193,win,0.4802036199095122,friday_close,0.7811085972850677,0.4802036199095122,friday_close,False,0,6,0 days 06:00:00,0.0,False,-16.18,78.4,4.0,2024-08-02 12:00:00+00:00,False,190.499,190.003,1,daily_mitigation_ob_caused_displacement;daily_mitigation_ob_caused_imbalance;daily_mitigation_ob_flip_zone;daily_mitigation_ob_has_inducement;daily_mitigation_ob_swept_liquidity;daily_mitigation_ob_swept_liquidity_fractal;daily_mitigation_ob_swept_liquidity_fvg;daily_mitigation_ob_swept_liquidity_internal;daily_mitigation_ob_swept_liquidity_previous_candle;daily_mitigation_ob_swept_liquidity_swing;daily_ob_target_flip_zone;daily_ob_target_swept_liquidity_fractal;daily_ob_target_swept_liquidity_fvg;daily_ob_target_swept_liquidity_internal;daily_ob_target_swept_liquidity_previous_candle;daily_ob_target_swept_liquidity_swing;h1_mitigation_ob_flip_zone;h1_mitigation_ob_swept_liquidity_fractal;h1_mitigation_ob_swept_liquidity_fvg;h1_mitigation_ob_swept_liquidity_internal;h1_mitigation_ob_swept_liquidity_previous_candle;h1_mitigation_ob_swept_liquidity_swing;h1_ob_target_flip_zone;h1_ob_target_swept_liquidity;h1_ob_target_swept_liquidity_fvg;h1_ob_target_swept_liquidity_previous_candle;h1_ob_target_swept_liquidity_swing;h4_mitigation_ob_caused_displacement;h4_mitigation_ob_caused_imbalance;h4_mitigation_ob_flip_zone;h4_mitigation_ob_has_inducement;h4_mitigation_ob_swept_liquidity;h4_mitigation_ob_swept_liquidity_fractal;h4_mitigation_ob_swept_liquidity_fvg;h4_mitigation_ob_swept_liquidity_internal;h4_mitigation_ob_swept_liquidity_previous_candle;h4_mitigation_ob_swept_liquidity_swing;h4_mitigation_ob_within_daily_ob;h4_ob_target_flip_zone;h4_ob_target_swept_liquidity_fractal;h4_ob_target_swept_liquidity_fvg;h4_ob_target_swept_liquidity_internal;h4_ob_target_swept_liquidity_previous_candle;h4_ob_target_swept_liquidity_swing
2024-08-12,Monday,london,2024-08-12 06:00:00+00:00,2024-08-12 18:00:00+00:00,bullish,187.939,187.362,190.24699999999999,187.888,0.5769999999999982,-44.43653731204494,loss,-0.08838821490465837,cut_19h,2.4003466204506476,-0.08838821490465837,cut_19h,False,1,12,0 days 12:00:00,0.0,False,-16.18,78.4,4.0,2024-08-12 05:00:00+00:00,True,187.807,187.382,1,daily_mitigation_ob_caused_displacement;daily_mitigation_ob_caused_imbalance;daily_mitigation_ob_flip_zone;daily_mitigation_ob_has_inducement;daily_mitigation_ob_swept_liquidity;daily_mitigation_ob_swept_liquidity_fractal;daily_mitigation_ob_swept_liquidity_fvg;daily_mitigation_ob_swept_liquidity_internal;daily_mitigation_ob_swept_liquidity_previous_candle;daily_mitigation_ob_swept_liquidity_swing;daily_ob_target_caused_displacement;daily_ob_target_caused_imbalance;daily_ob_target_flip_zone;daily_ob_target_has_inducement;daily_ob_target_swept_liquidity;daily_ob_target_swept_liquidity_fractal;daily_ob_target_swept_liquidity_fvg;daily_ob_target_swept_liquidity_internal;daily_ob_target_swept_liquidity_previous_candle;daily_ob_target_swept_liquidity_swing;h1_mitigation_ob_flip_zone;h1_mitigation_ob_swept_liquidity_fractal;h1_mitigation_ob_swept_liquidity_fvg;h1_mitigation_ob_swept_liquidity_internal;h1_mitigation_ob_swept_liquidity_previous_candle;h1_mitigation_ob_swept_liquidity_swing;h1_ob_target_flip_zone;h1_ob_target_swept_liquidity;h1_ob_target_swept_liquidity_fractal;h1_ob_target_swept_liquidity_internal;h1_ob_target_swept_liquidity_previous_candle;h1_ob_target_swept_liquidity_swing;h4_mitigation_ob_caused_displacement;h4_mitigation_ob_caused_imbalance;h4_mitigation_ob_flip_zone;h4_mitigation_ob_has_inducement;h4_mitigation_ob_swept_liquidity;h4_mitigation_ob_swept_liquidity_fractal;h4_mitigation_ob_swept_liquidity_fvg;h4_mitigation_ob_swept_liquidity_internal;h4_mitigation_ob_swept_liquidity_previous_candle;h4_mitigation_ob_swept_liquidity_swing;h4_mitigation_ob_within_daily_ob;h4_ob_target_caused_displacement;h4_ob_target_caused_imbalance;h4_ob_target_flip_zone;h4_ob_target_has_inducement;h4_ob_target_swept_liquidity;h4_ob_target_swept_liquidity_fractal;h4_ob_target_swept_liquidity_fvg;h4_ob_target_swept_liquidity_internal;h4_ob_target_swept_liquidity_previous_candle;h4_ob_target_swept_liquidity_swing;h4_ob_target_within_daily_ob
2024-08-14,Wednesday,london,2024-08-14 06:00:00+00:00,2024-08-14 08:00:00+00:00,bearish,188.908,189.342,187.17199999999988,189.342,0.4340000000000259,-33.289356954728994,loss,-1.0,sl,0.12903225806446966,-1.0,sl,False,0,2,0 days 02:00:00,1.8999999999977035,False,-16.18,78.4,4.0,2024-08-14 05:00:00+00:00,True,189.322,189.024,1,daily_mitigation_ob_caused_displacement;daily_mitigation_ob_caused_imbalance;daily_mitigation_ob_flip_zone;daily_mitigation_ob_has_inducement;daily_mitigation_ob_swept_liquidity;daily_mitigation_ob_swept_liquidity_fractal;daily_mitigation_ob_swept_liquidity_fvg;daily_mitigation_ob_swept_liquidity_internal;daily_mitigation_ob_swept_liquidity_previous_candle;daily_mitigation_ob_swept_liquidity_swing;daily_ob_target_caused_displacement;daily_ob_target_caused_imbalance;daily_ob_target_flip_zone;daily_ob_target_has_inducement;daily_ob_target_swept_liquidity;daily_ob_target_swept_liquidity_fractal;daily_ob_target_swept_liquidity_fvg;daily_ob_target_swept_liquidity_internal;daily_ob_target_swept_liquidity_previous_candle;daily_ob_target_swept_liquidity_swing;h1_mitigation_ob_flip_zone;h1_mitigation_ob_swept_liquidity_fractal;h1_mitigation_ob_swept_liquidity_fvg;h1_mitigation_ob_swept_liquidity_internal;h1_mitigation_ob_swept_liquidity_previous_candle;h1_mitigation_ob_swept_liquidity_swing;h1_ob_target_flip_zone;h1_ob_target_swept_liquidity;h1_ob_target_swept_liquidity_fvg;h1_ob_target_swept_liquidity_internal;h1_ob_target_swept_liquidity_previous_candle;h1_ob_target_swept_liquidity_swing;h4_mitigation_ob_caused_displacement;h4_mitigation_ob_caused_imbalance;h4_mitigation_ob_flip_zone;h4_mitigation_ob_has_inducement;h4_mitigation_ob_swept_liquidity;h4_mitigation_ob_swept_liquidity_fractal;h4_mitigation_ob_swept_liquidity_fvg;h4_mitigation_ob_swept_liquidity_internal;h4_mitigation_ob_swept_liquidity_previous_candle;h4_mitigation_ob_swept_liquidity_swing;h4_mitigation_ob_within_daily_ob;h4_ob_target_flip_zone;h4_ob_target_swept_liquidity;h4_ob_target_swept_liquidity_fractal;h4_ob_target_swept_liquidity_internal;h4_ob_target_swept_liquidity_previous_candle;h4_ob_target_swept_liquidity_swing
2024-08-15,Thursday,london,2024-08-15 06:00:00+00:00,2024-08-15 12:00:00+00:00,bullish,189.139,188.726,190.79100000000005,190.79100000000005,0.4130000000000109,-33.40361213198416,win,4.0,tp,6.944309927360579,4.598062953995038,friday_close,True,1,6,0 days 06:00:00,0.0,False,-16.18,78.4,4.0,2024-08-15 06:00:00+00:00,False,188.993,188.746,1,daily_mitigation_ob_caused_displacement;daily_mitigation_ob_caused_imbalance;daily_mitigation_ob_flip_zone;daily_mitigation_ob_has_inducement;daily_mitigation_ob_swept_liquidity;daily_mitigation_ob_swept_liquidity_fractal;daily_mitigation_ob_swept_liquidity_fvg;daily_mitigation_ob_swept_liquidity_internal;daily_mitigation_ob_swept_liquidity_previous_candle;daily_mitigation_ob_swept_liquidity_swing;daily_ob_target_caused_displacement;daily_ob_target_caused_imbalance;daily_ob_target_flip_zone;daily_ob_target_has_inducement;daily_ob_target_swept_liquidity;daily_ob_target_swept_liquidity_fractal;daily_ob_target_swept_liquidity_fvg;daily_ob_target_swept_liquidity_internal;daily_ob_target_swept_liquidity_previous_candle;daily_ob_target_swept_liquidity_swing;h1_mitigation_ob_flip_zone;h1_mitigation_ob_swept_liquidity;h1_mitigation_ob_swept_liquidity_fractal;h1_mitigation_ob_swept_liquidity_fvg;h1_mitigation_ob_swept_liquidity_internal;h1_mitigation_ob_swept_liquidity_swing;h1_ob_target_flip_zone;h1_ob_target_swept_liquidity;h1_ob_target_swept_liquidity_fractal;h1_ob_target_swept_liquidity_internal;h1_ob_target_swept_liquidity_previous_candle;h1_ob_target_swept_liquidity_swing;h4_mitigation_ob_caused_displacement;h4_mitigation_ob_caused_imbalance;h4_mitigation_ob_flip_zone;h4_mitigation_ob_has_inducement;h4_mitigation_ob_swept_liquidity;h4_mitigation_ob_swept_liquidity_fractal;h4_mitigation_ob_swept_liquidity_fvg;h4_mitigation_ob_swept_liquidity_internal;h4_mitigation_ob_swept_liquidity_previous_candle;h4_mitigation_ob_swept_liquidity_swing;h4_mitigation_ob_within_daily_ob;h4_ob_target_caused_displacement;h4_ob_target_caused_imbalance;h4_ob_target_flip_zone;h4_ob_target_has_inducement;h4_ob_target_swept_liquidity;h4_ob_target_swept_liquidity_fractal;h4_ob_target_swept_liquidity_fvg;h4_ob_target_swept_liquidity_internal;h4_ob_target_swept_liquidity_previous_candle;h4_ob_target_swept_liquidity_swing;h4_ob_target_within_daily_ob
2024-08-15,Thursday,ny,2024-08-15 13:00:00+00:00,2024-08-15 18:00:00+00:00,bearish,191.346,192.037,188.582,191.681,0.6910000000000025,1.9890091104135044,loss,-0.484804630969619,cut_19h,0.4920405209840842,-0.484804630969619,cut_19h,False,1,5,0 days 05:00:00,0.0,True,-16.18,78.4,4.0,2024-08-15 13:00:00+00:00,False,192.017,191.001,1,daily_mitigation_ob_caused_displacement;daily_mitigation_ob_caused_imbalance;daily_mitigation_ob_flip_zone;daily_mitigation_ob_has_inducement;daily_mitigation_ob_swept_liquidity;daily_mitigation_ob_swept_liquidity_fractal;daily_mitigation_ob_swept_liquidity_fvg;daily_mitigation_ob_swept_liquidity_internal;daily_mitigation_ob_swept_liquidity_previous_candle;daily_mitigation_ob_swept_liquidity_swing;daily_ob_target_caused_displacement;daily_ob_target_caused_imbalance;daily_ob_target_flip_zone;daily_ob_target_has_inducement;daily_ob_target_swept_liquidity;daily_ob_target_swept_liquidity_fractal;daily_ob_target_swept_liquidity_fvg;daily_ob_target_swept_liquidity_internal;daily_ob_target_swept_liquidity_previous_candle;daily_ob_target_swept_liquidity_swing;h1_mitigation_ob_flip_zone;h1_mitigation_ob_swept_liquidity;h1_mitigation_ob_swept_liquidity_fractal;h1_mitigation_ob_swept_liquidity_internal;h1_mitigation_ob_swept_liquidity_previous_candle;h1_mitigation_ob_swept_liquidity_swing;h1_ob_target_flip_zone;h1_ob_target_swept_liquidity;h1_ob_target_swept_liquidity_fractal;h1_ob_target_swept_liquidity_fvg;h1_ob_target_swept_liquidity_internal;h1_ob_target_swept_liquidity_swing;h4_mitigation_ob_caused_displacement;h4_mitigation_ob_caused_imbalance;h4_mitigation_ob_flip_zone;h4_mitigation_ob_has_inducement;h4_mitigation_ob_swept_liquidity;h4_mitigation_ob_swept_liquidity_fractal;h4_mitigation_ob_swept_liquidity_fvg;h4_mitigation_ob_swept_liquidity_internal;h4_mitigation_ob_swept_liquidity_previous_candle;h4_mitigation_ob_swept_liquidity_swing;h4_mitigation_ob_within_daily_ob;h4_ob_target_caused_displacement;h4_ob_target_caused_imbalance;h4_ob_target_flip_zone;h4_ob_target_has_inducement;h4_ob_target_swept_liquidity;h4_ob_target_swept_liquidity_fractal;h4_ob_target_swept_liquidity_fvg;h4_ob_target_swept_liquidity_internal;h4_ob_target_swept_liquidity_previous_candle;h4_ob_target_swept_liquidity_swing;h4_ob_target_within_daily_ob
2024-08-19,Monday,london,2024-08-19 06:00:00+00:00,2024-08-20 21:00:00+00:00,bullish,189.078,187.837,194.04200000000006,189.078,1.2410000000000139,-15.745968447580182,breakeven,0.0,be_stop,1.7606768734891038,0.0,be_stop,True,2,39,1 days 15:00:00,6.30000000000166,False,-16.18,78.4,4.0,2024-08-19 06:00:00+00:00,False,188.912,187.857,1,daily_mitigation_ob_caused_displacement;daily_mitigation_ob_caused_imbalance;daily_mitigation_ob_flip_zone;daily_mitigation_ob_has_inducement;daily_mitigation_ob_swept_liquidity;daily_mitigation_ob_swept_liquidity_fractal;daily_mitigation_ob_swept_liquidity_fvg;daily_mitigation_ob_swept_liquidity_internal;daily_mitigation_ob_swept_liquidity_previous_candle;daily_mitigation_ob_swept_liquidity_swing;daily_ob_target_caused_displacement;daily_ob_target_caused_imbalance;daily_ob_target_flip_zone;daily_ob_target_has_inducement;daily_ob_target_swept_liquidity;daily_ob_target_swept_liquidity_fractal;daily_ob_target_swept_liquidity_fvg;daily_ob_target_swept_liquidity_internal;daily_ob_target_swept_liquidity_previous_candle;daily_ob_target_swept_liquidity_swing;h1_mitigation_ob_flip_zone;h1_mitigation_ob_swept_liquidity_fractal;h1_mitigation_ob_swept_liquidity_fvg;h1_mitigation_ob_swept_liquidity_internal;h1_mitigation_ob_swept_liquidity_previous_candle;h1_mitigation_ob_swept_liquidity_swing;h1_ob_target_flip_zone;h1_ob_target_swept_liquidity_fractal;h1_ob_target_swept_liquidity_fvg;h1_ob_target_swept_liquidity_internal;h1_ob_target_swept_liquidity_previous_candle;h1_ob_target_swept_liquidity_swing;h4_mitigation_ob_flip_zone;h4_mitigation_ob_swept_liquidity_fractal;h4_mitigation_ob_swept_liquidity_fvg;h4_mitigation_ob_swept_liquidity_internal;h4_mitigation_ob_swept_liquidity_previous_candle;h4_mitigation_ob_swept_liquidity_swing;h4_ob_target_flip_zone;h4_ob_target_swept_liquidity_fractal;h4_ob_target_swept_liquidity_fvg;h4_ob_target_swept_liquidity_internal;h4_ob_target_swept_liquidity_previous_candle;h4_ob_target_swept_liquidity_swing
2024-08-20,Tuesday,london,2024-08-20 06:00:00+00:00,2024-08-20 14:00:00+00:00,bullish,191.08,189.79,196.2400000000001,189.79,1.2900000000000205,-35.26706536365001,loss,-1.0,sl,0.08837209302323573,-1.0,sl,False,0,8,0 days 08:00:00,12.399999999999523,False,-16.18,78.4,4.0,2024-08-20 05:00:00+00:00,True,190.556,189.81,1,daily_mitigation_ob_caused_displacement;daily_mitigation_ob_caused_imbalance;daily_mitigation_ob_flip_zone;daily_mitigation_ob_has_inducement;daily_mitigation_ob_swept_liquidity;daily_mitigation_ob_swept_liquidity_fractal;daily_mitigation_ob_swept_liquidity_fvg;daily_mitigation_ob_swept_liquidity_internal;daily_mitigation_ob_swept_liquidity_previous_candle;daily_mitigation_ob_swept_liquidity_swing;daily_ob_target_flip_zone;daily_ob_target_swept_liquidity;daily_ob_target_swept_liquidity_fvg;daily_ob_target_swept_liquidity_internal;daily_ob_target_swept_liquidity_swing;h1_mitigation_ob_flip_zone;h1_mitigation_ob_swept_liquidity;h1_mitigation_ob_swept_liquidity_internal;h1_mitigation_ob_swept_liquidity_previous_candle;h1_mitigation_ob_swept_liquidity_swing;h1_ob_target_flip_zone;h1_ob_target_swept_liquidity_fractal;h1_ob_target_swept_liquidity_fvg;h1_ob_target_swept_liquidity_internal;h1_ob_target_swept_liquidity_previous_candle;h1_ob_target_swept_liquidity_swing;h4_mitigation_ob_caused_displacement;h4_mitigation_ob_caused_imbalance;h4_mitigation_ob_flip_zone;h4_mitigation_ob_has_inducement;h4_mitigation_ob_swept_liquidity;h4_mitigation_ob_swept_liquidity_fractal;h4_mitigation_ob_swept_liquidity_fvg;h4_mitigation_ob_swept_liquidity_internal;h4_mitigation_ob_swept_liquidity_previous_candle;h4_mitigation_ob_swept_liquidity_swing;h4_mitigation_ob_within_daily_ob;h4_ob_target_flip_zone;h4_ob_target_swept_liquidity;h4_ob_target_swept_liquidity_fractal;h4_ob_target_swept_liquidity_fvg;h4_ob_target_swept_liquidity_previous_candle;h4_ob_target_swept_liquidity_swing
2024-08-21,Wednesday,london,2024-08-21 06:00:00+00:00,2024-08-21 18:00:00+00:00,bullish,189.996,189.356,192.55600000000007,189.954,0.6400000000000148,-37.966578340184405,loss,-0.06562500000000097,cut_19h,2.2765624999999376,-0.06562500000000097,cut_19h,False,1,12,0 days 12:00:00,0.0,False,-16.18,78.4,4.0,2024-08-21 06:00:00+00:00,False,189.617,189.376,1,daily_mitigation_ob_caused_displacement;daily_mitigation_ob_caused_imbalance;daily_mitigation_ob_flip_zone;daily_mitigation_ob_has_inducement;daily_mitigation_ob_swept_liquidity;daily_mitigation_ob_swept_liquidity_fractal;daily_mitigation_ob_swept_liquidity_fvg;daily_mitigation_ob_swept_liquidity_internal;daily_mitigation_ob_swept_liquidity_previous_candle;daily_mitigation_ob_swept_liquidity_swing;daily_ob_target_caused_displacement;daily_ob_target_caused_imbalance;daily_ob_target_flip_zone;daily_ob_target_has_inducement;daily_ob_target_swept_liquidity;daily_ob_target_swept_liquidity_fractal;daily_ob_target_swept_liquidity_fvg;daily_ob_target_swept_liquidity_internal;daily_ob_target_swept_liquidity_previous_candle;daily_ob_target_swept_liquidity_swing;h1_mitigation_ob_flip_zone;h1_mitigation_ob_swept_liquidity_fractal;h1_mitigation_ob_swept_liquidity_fvg;h1_mitigation_ob_swept_liquidity_internal;h1_mitigation_ob_swept_liquidity_previous_candle;h1_mitigation_ob_swept_liquidity_swing;h1_ob_target_flip_zone;h1_ob_target_swept_liquidity_fractal;h1_ob_target_swept_liquidity_fvg;h1_ob_target_swept_liquidity_internal;h1_ob_target_swept_liquidity_previous_candle;h1_ob_target_swept_liquidity_swing;h4_mitigation_ob_caused_displacement;h4_mitigation_ob_caused_imbalance;h4_mitigation_ob_flip_zone;h4_mitigation_ob_has_inducement;h4_mitigation_ob_swept_liquidity;h4_mitigation_ob_swept_liquidity_fractal;h4_mitigation_ob_swept_liquidity_fvg;h4_mitigation_ob_swept_liquidity_internal;h4_mitigation_ob_swept_liquidity_previous_candle;h4_mitigation_ob_swept_liquidity_swing;h4_mitigation_ob_within_daily_ob;h4_ob_target_caused_displacement;h4_ob_target_caused_imbalance;h4_ob_target_flip_zone;h4_ob_target_has_inducement;h4_ob_target_swept_liquidity;h4_ob_target_swept_liquidity_fractal;h4_ob_target_swept_liquidity_fvg;h4_ob_target_swept_liquidity_internal;h4_ob_target_swept_liquidity_previous_candle;h4_ob_target_swept_liquidity_swing;h4_ob_target_within_daily_ob
2024-08-21,Wednesday,london,2024-08-21 08:00:00+00:00,2024-08-21 10:00:00+00:00,bearish,190.023,190.51700000000002,188.04699999999988,190.51700000000002,0.4940000000000282,-33.60504759104154,loss,-1.0,sl,0.06882591093115359,-1.0,sl,False,0,2,0 days 02:00:00,18.99999999999693,False,-16.18,78.4,4.0,2024-08-21 08:00:00+00:00,False,190.497,190.174,1,daily_mitigation_ob_caused_displacement;daily_mitigation_ob_caused_imbalance;daily_mitigation_ob_flip_zone;daily_mitigation_ob_has_inducement;daily_mitigation_ob_swept_liquidity;daily_mitigation_ob_swept_liquidity_fractal;daily_mitigation_ob_swept_liquidity_fvg;daily_mitigation_ob_swept_liquidity_internal;daily_mitigation_ob_swept_liquidity_previous_candle;daily_mitigation_ob_swept_liquidity_swing;daily_ob_target_caused_displacement;daily_ob_target_caused_imbalance;daily_ob_target_flip_zone;daily_ob_target_has_inducement;daily_ob_target_swept_liquidity;daily_ob_target_swept_liquidity_fractal;daily_ob_target_swept_liquidity_fvg;daily_ob_target_swept_liquidity_internal;daily_ob_target_swept_liquidity_previous_candle;daily_ob_target_swept_liquidity_swing;h1_mitigation_ob_flip_zone;h1_mitigation_ob_swept_liquidity_fractal;h1_mitigation_ob_swept_liquidity_fvg;h1_mitigation_ob_swept_liquidity_internal;h1_mitigation_ob_swept_liquidity_previous_candle;h1_mitigation_ob_swept_liquidity_swing;h1_ob_target_flip_zone;h1_ob_target_swept_liquidity;h1_ob_target_swept_liquidity_fvg;h1_ob_target_swept_liquidity_internal;h1_ob_target_swept_liquidity_previous_candle;h1_ob_target_swept_liquidity_swing;h4_mitigation_ob_caused_displacement;h4_mitigation_ob_caused_imbalance;h4_mitigation_ob_flip_zone;h4_mitigation_ob_has_inducement;h4_mitigation_ob_swept_liquidity;h4_mitigation_ob_swept_liquidity_fractal;h4_mitigation_ob_swept_liquidity_fvg;h4_mitigation_ob_swept_liquidity_internal;h4_mitigation_ob_swept_liquidity_previous_candle;h4_mitigation_ob_swept_liquidity_swing;h4_mitigation_ob_within_daily_ob;h4_ob_target_caused_displacement;h4_ob_target_caused_imbalance;h4_ob_target_flip_zone;h4_ob_target_has_inducement;h4_ob_target_swept_liquidity;h4_ob_target_swept_liquidity_fractal;h4_ob_target_swept_liquidity_fvg;h4_ob_target_swept_liquidity_internal;h4_ob_target_swept_liquidity_previous_candle;h4_ob_target_swept_liquidity_swing;h4_ob_target_within_daily_ob
2024-08-23,Friday,london,2024-08-23 06:00:00+00:00,2024-08-23 08:00:00+00:00,bearish,190.829,191.5,188.14500000000004,191.5,0.6709999999999923,-38.77684175894746,loss,-1.0,sl,0.14456035767512598,-1.0,sl,False,0,2,0 days 02:00:00,15.299999999999159,False,-16.18,78.4,4.0,2024-08-23 05:00:00+00:00,True,191.48,191.176,1,daily_mitigation_ob_caused_displacement;daily_mitigation_ob_caused_imbalance;daily_mitigation_ob_flip_zone;daily_mitigation_ob_has_inducement;daily_mitigation_ob_swept_liquidity;daily_mitigation_ob_swept_liquidity_fractal;daily_mitigation_ob_swept_liquidity_fvg;daily_mitigation_ob_swept_liquidity_internal;daily_mitigation_ob_swept_liquidity_previous_candle;daily_mitigation_ob_swept_liquidity_swing;daily_ob_target_caused_displacement;daily_ob_target_caused_imbalance;daily_ob_target_flip_zone;daily_ob_target_has_inducement;daily_ob_target_swept_liquidity;daily_ob_target_swept_liquidity_fractal;daily_ob_target_swept_liquidity_fvg;daily_ob_target_swept_liquidity_internal;daily_ob_target_swept_liquidity_previous_candle;daily_ob_target_swept_liquidity_swing;h1_mitigation_ob_flip_zone;h1_mitigation_ob_swept_liquidity;h1_mitigation_ob_swept_liquidity_fractal;h1_mitigation_ob_swept_liquidity_fvg;h1_mitigation_ob_swept_liquidity_internal;h1_mitigation_ob_swept_liquidity_swing;h1_ob_target_flip_zone;h1_ob_target_swept_liquidity;h1_ob_target_swept_liquidity_fractal;h1_ob_target_swept_liquidity_internal;h1_ob_target_swept_liquidity_previous_candle;h1_ob_target_swept_liquidity_swing;h4_mitigation_ob_caused_displacement;h4_mitigation_ob_caused_imbalance;h4_mitigation_ob_flip_zone;h4_mitigation_ob_has_inducement;h4_mitigation_ob_swept_liquidity;h4_mitigation_ob_swept_liquidity_fractal;h4_mitigation_ob_swept_liquidity_fvg;h4_mitigation_ob_swept_liquidity_internal;h4_mitigation_ob_swept_liquidity_previous_candle;h4_mitigation_ob_swept_liquidity_swing;h4_mitigation_ob_within_daily_ob;h4_ob_target_caused_displacement;h4_ob_target_caused_imbalance;h4_ob_target_flip_zone;h4_ob_target_has_inducement;h4_ob_target_swept_liquidity;h4_ob_target_swept_liquidity_fractal;h4_ob_target_swept_liquidity_fvg;h4_ob_target_swept_liquidity_internal;h4_ob_target_swept_liquidity_previous_candle;h4_ob_target_swept_liquidity_swing;h4_ob_target_within_daily_ob
2024-08-29,Thursday,london,2024-08-29 06:00:00+00:00,2024-08-29 07:00:00+00:00,bearish,191.115,191.317,190.30700000000002,191.317,0.20199999999999818,-32.984282847881396,loss,-1.0,sl,0.0,-1.0,sl,False,0,1,0 days 01:00:00,16.399999999998727,False,-16.18,78.4,4.0,2024-08-29 05:00:00+00:00,True,191.297,191.078,1,daily_mitigation_ob_caused_displacement;daily_mitigation_ob_caused_imbalance;daily_mitigation_ob_flip_zone;daily_mitigation_ob_has_inducement;daily_mitigation_ob_swept_liquidity;daily_mitigation_ob_swept_liquidity_fractal;daily_mitigation_ob_swept_liquidity_fvg;daily_mitigation_ob_swept_liquidity_internal;daily_mitigation_ob_swept_liquidity_previous_candle;daily_mitigation_ob_swept_liquidity_swing;daily_ob_target_caused_displacement;daily_ob_target_caused_imbalance;daily_ob_target_flip_zone;daily_ob_target_has_inducement;daily_ob_target_swept_liquidity;daily_ob_target_swept_liquidity_fractal;daily_ob_target_swept_liquidity_fvg;daily_ob_target_swept_liquidity_internal;daily_ob_target_swept_liquidity_previous_candle;daily_ob_target_swept_liquidity_swing;h1_mitigation_ob_flip_zone;h1_mitigation_ob_swept_liquidity;h1_mitigation_ob_swept_liquidity_fractal;h1_mitigation_ob_swept_liquidity_fvg;h1_mitigation_ob_swept_liquidity_previous_candle;h1_mitigation_ob_swept_liquidity_swing;h1_ob_target_flip_zone;h1_ob_target_swept_liquidity_fractal;h1_ob_target_swept_liquidity_fvg;h1_ob_target_swept_liquidity_internal;h1_ob_target_swept_liquidity_previous_candle;h1_ob_target_swept_liquidity_swing;h4_mitigation_ob_caused_displacement;h4_mitigation_ob_caused_imbalance;h4_mitigation_ob_flip_zone;h4_mitigation_ob_has_inducement;h4_mitigation_ob_swept_liquidity;h4_mitigation_ob_swept_liquidity_fractal;h4_mitigation_ob_swept_liquidity_fvg;h4_mitigation_ob_swept_liquidity_internal;h4_mitigation_ob_swept_liquidity_previous_candle;h4_mitigation_ob_swept_liquidity_swing;h4_mitigation_ob_within_daily_ob;h4_ob_target_caused_displacement;h4_ob_target_caused_imbalance;h4_ob_target_flip_zone;h4_ob_target_has_inducement;h4_ob_target_swept_liquidity;h4_ob_target_swept_liquidity_fractal;h4_ob_target_swept_liquidity_fvg;h4_ob_target_swept_liquidity_internal;h4_ob_target_swept_liquidity_previous_candle;h4_ob_target_swept_liquidity_swing;h4_ob_target_within_daily_ob
2024-09-04,Wednesday,london,2024-09-04 08:00:00+00:00,2024-09-04 09:00:00+00:00,bearish,190.509,190.565,190.28499999999994,190.565,0.056000000000011596,-36.788691750245675,loss,-1.0,sl,0.0,-1.0,sl,False,0,1,0 days 01:00:00,6.499999999999773,False,-16.18,78.4,4.0,2024-09-04 08:00:00+00:00,False,190.545,190.205,1,daily_mitigation_ob_caused_displacement;daily_mitigation_ob_caused_imbalance;daily_mitigation_ob_flip_zone;daily_mitigation_ob_has_inducement;daily_mitigation_ob_swept_liquidity;daily_mitigation_ob_swept_liquidity_fractal;daily_mitigation_ob_swept_liquidity_fvg;daily_mitigation_ob_swept_liquidity_internal;daily_mitigation_ob_swept_liquidity_previous_candle;daily_mitigation_ob_swept_liquidity_swing;daily_ob_target_caused_displacement;daily_ob_target_caused_imbalance;daily_ob_target_flip_zone;daily_ob_target_has_inducement;daily_ob_target_swept_liquidity;daily_ob_target_swept_liquidity_fractal;daily_ob_target_swept_liquidity_fvg;daily_ob_target_swept_liquidity_internal;daily_ob_target_swept_liquidity_previous_candle;daily_ob_target_swept_liquidity_swing;h1_mitigation_ob_flip_zone;h1_mitigation_ob_swept_liquidity_fractal;h1_mitigation_ob_swept_liquidity_fvg;h1_mitigation_ob_swept_liquidity_internal;h1_mitigation_ob_swept_liquidity_previous_candle;h1_mitigation_ob_swept_liquidity_swing;h1_ob_target_caused_displacement;h1_ob_target_caused_imbalance;h1_ob_target_flip_zone;h1_ob_target_has_inducement;h1_ob_target_swept_liquidity;h1_ob_target_swept_liquidity_fractal;h1_ob_target_swept_liquidity_fvg;h1_ob_target_swept_liquidity_internal;h1_ob_target_swept_liquidity_previous_candle;h1_ob_target_swept_liquidity_swing;h1_ob_target_within_h4_ob;h4_mitigation_ob_flip_zone;h4_mitigation_ob_swept_liquidity_fractal;h4_mitigation_ob_swept_liquidity_fvg;h4_mitigation_ob_swept_liquidity_internal;h4_mitigation_ob_swept_liquidity_previous_candle;h4_mitigation_ob_swept_liquidity_swing;h4_ob_target_caused_displacement;h4_ob_target_caused_imbalance;h4_ob_target_flip_zone;h4_ob_target_has_inducement;h4_ob_target_swept_liquidity;h4_ob_target_swept_liquidity_fractal;h4_ob_target_swept_liquidity_fvg;h4_ob_target_swept_liquidity_internal;h4_ob_target_swept_liquidity_previous_candle;h4_ob_target_swept_liquidity_swing;h4_ob_target_within_daily_ob
2024-09-06,Friday,london,2024-09-06 07:00:00+00:00,2024-09-06 15:00:00+00:00,bullish,187.865,186.977,191.41700000000003,186.977,0.8880000000000052,-43.05092959373255,loss,-1.0,sl,1.790540540540534,-1.0,sl,False,0,8,0 days 08:00:00,47.59999999999991,False,-16.18,78.4,4.0,2024-09-06 07:00:00+00:00,False,187.557,186.997,1,daily_mitigation_ob_caused_displacement;daily_mitigation_ob_caused_imbalance;daily_mitigation_ob_flip_zone;daily_mitigation_ob_has_inducement;daily_mitigation_ob_swept_liquidity;daily_mitigation_ob_swept_liquidity_fractal;daily_mitigation_ob_swept_liquidity_fvg;daily_mitigation_ob_swept_liquidity_internal;daily_mitigation_ob_swept_liquidity_previous_candle;daily_mitigation_ob_swept_liquidity_swing;daily_ob_target_flip_zone;daily_ob_target_swept_liquidity_fractal;daily_ob_target_swept_liquidity_fvg;daily_ob_target_swept_liquidity_internal;daily_ob_target_swept_liquidity_previous_candle;daily_ob_target_swept_liquidity_swing;h1_mitigation_ob_flip_zone;h1_mitigation_ob_swept_liquidity;h1_mitigation_ob_swept_liquidity_fvg;h1_mitigation_ob_swept_liquidity_internal;h1_mitigation_ob_swept_liquidity_previous_candle;h1_mitigation_ob_swept_liquidity_swing;h1_ob_target_flip_zone;h1_ob_target_swept_liquidity_fractal;h1_ob_target_swept_liquidity_fvg;h1_ob_target_swept_liquidity_internal;h1_ob_target_swept_liquidity_previous_candle;h1_ob_target_swept_liquidity_swing;h4_mitigation_ob_caused_displacement;h4_mitigation_ob_caused_imbalance;h4_mitigation_ob_flip_zone;h4_mitigation_ob_has_inducement;h4_mitigation_ob_swept_liquidity;h4_mitigation_ob_swept_liquidity_fractal;h4_mitigation_ob_swept_liquidity_fvg;h4_mitigation_ob_swept_liquidity_internal;h4_mitigation_ob_swept_liquidity_previous_candle;h4_mitigation_ob_swept_liquidity_swing;h4_mitigation_ob_within_daily_ob;h4_ob_target_caused_displacement;h4_ob_target_caused_imbalance;h4_ob_target_flip_zone;h4_ob_target_has_inducement;h4_ob_target_swept_liquidity;h4_ob_target_swept_liquidity_fractal;h4_ob_target_swept_liquidity_fvg;h4_ob_target_swept_liquidity_internal;h4_ob_target_swept_liquidity_previous_candle;h4_ob_target_swept_liquidity_swing;h4_ob_target_within_daily_ob
2024-09-16,Monday,ny,2024-09-16 13:00:00+00:00,2024-09-17 01:00:00+00:00,bullish,185.468,184.24099999999999,190.376,185.468,1.2270000000000039,12.755337985082846,breakeven,0.0,be_stop,0.8459657701711554,0.0,be_stop,True,1,12,0 days 12:00:00,12.899999999999068,False,-16.18,78.4,4.0,2024-09-16 13:00:00+00:00,False,184.514,184.261,1,daily_mitigation_ob_caused_displacement;daily_mitigation_ob_caused_imbalance;daily_mitigation_ob_flip_zone;daily_mitigation_ob_has_inducement;daily_mitigation_ob_swept_liquidity;daily_mitigation_ob_swept_liquidity_fractal;daily_mitigation_ob_swept_liquidity_fvg;daily_mitigation_ob_swept_liquidity_internal;daily_mitigation_ob_swept_liquidity_previous_candle;daily_mitigation_ob_swept_liquidity_swing;daily_ob_target_flip_zone;daily_ob_target_swept_liquidity_fractal;daily_ob_target_swept_liquidity_fvg;daily_ob_target_swept_liquidity_internal;daily_ob_target_swept_liquidity_previous_candle;daily_ob_target_swept_liquidity_swing;h1_mitigation_ob_flip_zone;h1_mitigation_ob_swept_liquidity_fractal;h1_mitigation_ob_swept_liquidity_fvg;h1_mitigation_ob_swept_liquidity_internal;h1_mitigation_ob_swept_liquidity_previous_candle;h1_mitigation_ob_swept_liquidity_swing;h1_ob_target_flip_zone;h1_ob_target_swept_liquidity_fractal;h1_ob_target_swept_liquidity_fvg;h1_ob_target_swept_liquidity_internal;h1_ob_target_swept_liquidity_previous_candle;h1_ob_target_swept_liquidity_swing;h4_mitigation_ob_caused_displacement;h4_mitigation_ob_caused_imbalance;h4_mitigation_ob_flip_zone;h4_mitigation_ob_has_inducement;h4_mitigation_ob_swept_liquidity;h4_mitigation_ob_swept_liquidity_fractal;h4_mitigation_ob_swept_liquidity_fvg;h4_mitigation_ob_swept_liquidity_internal;h4_mitigation_ob_swept_liquidity_previous_candle;h4_mitigation_ob_swept_liquidity_swing;h4_mitigation_ob_within_daily_ob;h4_ob_target_flip_zone;h4_ob_target_swept_liquidity;h4_ob_target_swept_liquidity_fractal;h4_ob_target_swept_liquidity_fvg;h4_ob_target_swept_liquidity_internal;h4_ob_target_swept_liquidity_swing
2024-09-17,Tuesday,london,2024-09-17 06:00:00+00:00,2024-09-17 12:00:00+00:00,bearish,185.765,186.07500000000002,184.52499999999986,186.07500000000002,0.3100000000000307,-39.621772164516,loss,-1.0,sl,1.5612903225804275,-1.0,sl,False,0,6,0 days 06:00:00,27.899999999999636,False,-16.18,78.4,4.0,2024-09-17 05:00:00+00:00,True,186.055,185.78,1,daily_mitigation_ob_caused_displacement;daily_mitigation_ob_caused_imbalance;daily_mitigation_ob_flip_zone;daily_mitigation_ob_has_inducement;daily_mitigation_ob_swept_liquidity;daily_mitigation_ob_swept_liquidity_fractal;daily_mitigation_ob_swept_liquidity_fvg;daily_mitigation_ob_swept_liquidity_internal;daily_mitigation_ob_swept_liquidity_previous_candle;daily_mitigation_ob_swept_liquidity_swing;daily_ob_target_caused_displacement;daily_ob_target_caused_imbalance;daily_ob_target_flip_zone;daily_ob_target_has_inducement;daily_ob_target_swept_liquidity;daily_ob_target_swept_liquidity_fractal;daily_ob_target_swept_liquidity_fvg;daily_ob_target_swept_liquidity_internal;daily_ob_target_swept_liquidity_previous_candle;daily_ob_target_swept_liquidity_swing;h1_mitigation_ob_flip_zone;h1_mitigation_ob_swept_liquidity_fractal;h1_mitigation_ob_swept_liquidity_fvg;h1_mitigation_ob_swept_liquidity_internal;h1_mitigation_ob_swept_liquidity_previous_candle;h1_mitigation_ob_swept_liquidity_swing;h1_ob_target_caused_displacement;h1_ob_target_caused_imbalance;h1_ob_target_flip_zone;h1_ob_target_has_inducement;h1_ob_target_swept_liquidity;h1_ob_target_swept_liquidity_fractal;h1_ob_target_swept_liquidity_fvg;h1_ob_target_swept_liquidity_internal;h1_ob_target_swept_liquidity_previous_candle;h1_ob_target_swept_liquidity_swing;h1_ob_target_within_h4_ob;h4_mitigation_ob_caused_displacement;h4_mitigation_ob_caused_imbalance;h4_mitigation_ob_flip_zone;h4_mitigation_ob_has_inducement;h4_mitigation_ob_swept_liquidity;h4_mitigation_ob_swept_liquidity_fractal;h4_mitigation_ob_swept_liquidity_fvg;h4_mitigation_ob_swept_liquidity_internal;h4_mitigation_ob_swept_liquidity_previous_candle;h4_mitigation_ob_swept_liquidity_swing;h4_mitigation_ob_within_daily_ob;h4_ob_target_caused_displacement;h4_ob_target_caused_imbalance;h4_ob_target_flip_zone;h4_ob_target_has_inducement;h4_ob_target_swept_liquidity;h4_ob_target_swept_liquidity_fractal;h4_ob_target_swept_liquidity_fvg;h4_ob_target_swept_liquidity_internal;h4_ob_target_swept_liquidity_previous_candle;h4_ob_target_swept_liquidity_swing;h4_ob_target_within_daily_ob
2024-09-17,Tuesday,ny,2024-09-17 11:00:00+00:00,2024-09-17 14:00:00+00:00,bullish,185.881,185.582,187.07700000000003,187.07700000000003,0.2990000000000066,-40.557074037439186,win,4.0,tp,5.220735785953086,0.0,be_stop,True,1,3,0 days 03:00:00,5.89999999999975,False,-16.18,78.4,4.0,2024-09-17 10:00:00+00:00,True,185.862,185.602,1,daily_mitigation_ob_caused_displacement;daily_mitigation_ob_caused_imbalance;daily_mitigation_ob_flip_zone;daily_mitigation_ob_has_inducement;daily_mitigation_ob_swept_liquidity;daily_mitigation_ob_swept_liquidity_fractal;daily_mitigation_ob_swept_liquidity_fvg;daily_mitigation_ob_swept_liquidity_internal;daily_mitigation_ob_swept_liquidity_previous_candle;daily_mitigation_ob_swept_liquidity_swing;daily_ob_target_caused_displacement;daily_ob_target_caused_imbalance;daily_ob_target_flip_zone;daily_ob_target_has_inducement;daily_ob_target_swept_liquidity;daily_ob_target_swept_liquidity_fractal;daily_ob_target_swept_liquidity_fvg;daily_ob_target_swept_liquidity_internal;daily_ob_target_swept_liquidity_previous_candle;daily_ob_target_swept_liquidity_swing;h1_mitigation_ob_flip_zone;h1_mitigation_ob_swept_liquidity_fractal;h1_mitigation_ob_swept_liquidity_fvg;h1_mitigation_ob_swept_liquidity_internal;h1_mitigation_ob_swept_liquidity_previous_candle;h1_mitigation_ob_swept_liquidity_swing;h1_ob_target_flip_zone;h1_ob_target_swept_liquidity;h1_ob_target_swept_liquidity_internal;h1_ob_target_swept_liquidity_previous_candle;h1_ob_target_swept_liquidity_swing;h4_mitigation_ob_caused_displacement;h4_mitigation_ob_caused_imbalance;h4_mitigation_ob_flip_zone;h4_mitigation_ob_has_inducement;h4_mitigation_ob_swept_liquidity;h4_mitigation_ob_swept_liquidity_fractal;h4_mitigation_ob_swept_liquidity_fvg;h4_mitigation_ob_swept_liquidity_internal;h4_mitigation_ob_swept_liquidity_previous_candle;h4_mitigation_ob_swept_liquidity_swing;h4_mitigation_ob_within_daily_ob;h4_ob_target_flip_zone;h4_ob_target_swept_liquidity;h4_ob_target_swept_liquidity_fractal;h4_ob_target_swept_liquidity_fvg;h4_ob_target_swept_liquidity_internal;h4_ob_target_swept_liquidity_swing
2024-09-18,Wednesday,london,2024-09-18 06:00:00+00:00,2024-09-19 11:00:00+00:00,bullish,186.594,185.683,190.238,190.238,0.9110000000000014,-2.50166234856724,win,4.0,tp,5.919868276619092,5.564215148188814,friday_close,True,2,29,1 days 05:00:00,0.0,False,-16.18,78.4,4.0,2024-09-18 05:00:00+00:00,True,185.906,185.703,1,daily_mitigation_ob_caused_displacement;daily_mitigation_ob_caused_imbalance;daily_mitigation_ob_flip_zone;daily_mitigation_ob_has_inducement;daily_mitigation_ob_swept_liquidity;daily_mitigation_ob_swept_liquidity_fractal;daily_mitigation_ob_swept_liquidity_fvg;daily_mitigation_ob_swept_liquidity_internal;daily_mitigation_ob_swept_liquidity_previous_candle;daily_mitigation_ob_swept_liquidity_swing;daily_ob_target_caused_displacement;daily_ob_target_caused_imbalance;daily_ob_target_flip_zone;daily_ob_target_has_inducement;daily_ob_target_swept_liquidity;daily_ob_target_swept_liquidity_fractal;daily_ob_target_swept_liquidity_fvg;daily_ob_target_swept_liquidity_internal;daily_ob_target_swept_liquidity_previous_candle;daily_ob_target_swept_liquidity_swing;h1_mitigation_ob_flip_zone;h1_mitigation_ob_swept_liquidity;h1_mitigation_ob_swept_liquidity_fractal;h1_mitigation_ob_swept_liquidity_fvg;h1_mitigation_ob_swept_liquidity_internal;h1_mitigation_ob_swept_liquidity_swing;h1_ob_target_flip_zone;h1_ob_target_swept_liquidity_fractal;h1_ob_target_swept_liquidity_fvg;h1_ob_target_swept_liquidity_internal;h1_ob_target_swept_liquidity_previous_candle;h1_ob_target_swept_liquidity_swing;h4_mitigation_ob_caused_displacement;h4_mitigation_ob_caused_imbalance;h4_mitigation_ob_flip_zone;h4_mitigation_ob_has_inducement;h4_mitigation_ob_swept_liquidity;h4_mitigation_ob_swept_liquidity_fractal;h4_mitigation_ob_swept_liquidity_fvg;h4_mitigation_ob_swept_liquidity_internal;h4_mitigation_ob_swept_liquidity_previous_candle;h4_mitigation_ob_swept_liquidity_swing;h4_mitigation_ob_within_daily_ob;h4_ob_target_caused_displacement;h4_ob_target_caused_imbalance;h4_ob_target_flip_zone;h4_ob_target_has_inducement;h4_ob_target_swept_liquidity;h4_ob_target_swept_liquidity_fractal;h4_ob_target_swept_liquidity_fvg;h4_ob_target_swept_liquidity_internal;h4_ob_target_swept_liquidity_previous_candle;h4_ob_target_swept_liquidity_swing;h4_ob_target_within_daily_ob
2024-09-19,Thursday,ny,2024-09-19 11:00:00+00:00,2024-09-19 12:00:00+00:00,bearish,189.862,190.282,188.18199999999993,190.282,0.4200000000000159,-40.932792713250535,loss,-1.0,sl,0.7785714285713947,-1.0,sl,False,0,1,0 days 01:00:00,10.499999999998977,False,-16.18,78.4,4.0,2024-09-19 11:00:00+00:00,False,190.262,189.973,1,daily_mitigation_ob_caused_displacement;daily_mitigation_ob_caused_imbalance;daily_mitigation_ob_flip_zone;daily_mitigation_ob_has_inducement;daily_mitigation_ob_swept_liquidity;daily_mitigation_ob_swept_liquidity_fractal;daily_mitigation_ob_swept_liquidity_fvg;daily_mitigation_ob_swept_liquidity_internal;daily_mitigation_ob_swept_liquidity_previous_candle;daily_mitigation_ob_swept_liquidity_swing;daily_ob_target_caused_displacement;daily_ob_target_caused_imbalance;daily_ob_target_flip_zone;daily_ob_target_has_inducement;daily_ob_target_swept_liquidity;daily_ob_target_swept_liquidity_fractal;daily_ob_target_swept_liquidity_fvg;daily_ob_target_swept_liquidity_internal;daily_ob_target_swept_liquidity_previous_candle;daily_ob_target_swept_liquidity_swing;h1_mitigation_ob_flip_zone;h1_mitigation_ob_swept_liquidity_fractal;h1_mitigation_ob_swept_liquidity_fvg;h1_mitigation_ob_swept_liquidity_internal;h1_mitigation_ob_swept_liquidity_previous_candle;h1_mitigation_ob_swept_liquidity_swing;h1_ob_target_flip_zone;h1_ob_target_swept_liquidity_fractal;h1_ob_target_swept_liquidity_fvg;h1_ob_target_swept_liquidity_internal;h1_ob_target_swept_liquidity_previous_candle;h1_ob_target_swept_liquidity_swing;h4_mitigation_ob_caused_displacement;h4_mitigation_ob_caused_imbalance;h4_mitigation_ob_flip_zone;h4_mitigation_ob_has_inducement;h4_mitigation_ob_swept_liquidity;h4_mitigation_ob_swept_liquidity_fractal;h4_mitigation_ob_swept_liquidity_fvg;h4_mitigation_ob_swept_liquidity_internal;h4_mitigation_ob_swept_liquidity_previous_candle;h4_mitigation_ob_swept_liquidity_swing;h4_mitigation_ob_within_daily_ob;h4_ob_target_caused_displacement;h4_ob_target_caused_imbalance;h4_ob_target_flip_zone;h4_ob_target_has_inducement;h4_ob_target_swept_liquidity;h4_ob_target_swept_liquidity_fractal;h4_ob_target_swept_liquidity_fvg;h4_ob_target_swept_liquidity_internal;h4_ob_target_swept_liquidity_previous_candle;h4_ob_target_swept_liquidity_swing;h4_ob_target_within_daily_ob
2024-09-24,Tuesday,london,2024-09-24 07:00:00+00:00,2024-09-24 08:00:00+00:00,bearish,192.823,193.256,191.09100000000004,193.256,0.4329999999999927,-4.203873091431672,loss,-1.0,sl,0.28175519630488716,-1.0,sl,False,0,1,0 days 01:00:00,1.8000000000000682,True,-16.18,78.4,4.0,2024-09-24 07:00:00+00:00,False,193.236,192.929,1,daily_mitigation_ob_caused_displacement;daily_mitigation_ob_caused_imbalance;daily_mitigation_ob_flip_zone;daily_mitigation_ob_has_inducement;daily_mitigation_ob_swept_liquidity;daily_mitigation_ob_swept_liquidity_fractal;daily_mitigation_ob_swept_liquidity_fvg;daily_mitigation_ob_swept_liquidity_internal;daily_mitigation_ob_swept_liquidity_previous_candle;daily_mitigation_ob_swept_liquidity_swing;daily_ob_target_caused_displacement;daily_ob_target_caused_imbalance;daily_ob_target_flip_zone;daily_ob_target_has_inducement;daily_ob_target_swept_liquidity;daily_ob_target_swept_liquidity_fractal;daily_ob_target_swept_liquidity_fvg;daily_ob_target_swept_liquidity_internal;daily_ob_target_swept_liquidity_previous_candle;daily_ob_target_swept_liquidity_swing;h1_mitigation_ob_flip_zone;h1_mitigation_ob_swept_liquidity_fractal;h1_mitigation_ob_swept_liquidity_fvg;h1_mitigation_ob_swept_liquidity_internal;h1_mitigation_ob_swept_liquidity_previous_candle;h1_mitigation_ob_swept_liquidity_swing;h1_ob_target_flip_zone;h1_ob_target_swept_liquidity_fractal;h1_ob_target_swept_liquidity_fvg;h1_ob_target_swept_liquidity_internal;h1_ob_target_swept_liquidity_previous_candle;h1_ob_target_swept_liquidity_swing;h4_mitigation_ob_flip_zone;h4_mitigation_ob_swept_liquidity_fractal;h4_mitigation_ob_swept_liquidity_fvg;h4_mitigation_ob_swept_liquidity_internal;h4_mitigation_ob_swept_liquidity_previous_candle;h4_mitigation_ob_swept_liquidity_swing;h4_ob_target_caused_displacement;h4_ob_target_caused_imbalance;h4_ob_target_flip_zone;h4_ob_target_has_inducement;h4_ob_target_swept_liquidity;h4_ob_target_swept_liquidity_fractal;h4_ob_target_swept_liquidity_fvg;h4_ob_target_swept_liquidity_internal;h4_ob_target_swept_liquidity_previous_candle;h4_ob_target_swept_liquidity_swing;h4_ob_target_within_daily_ob
2024-09-25,Wednesday,london,2024-09-25 08:00:00+00:00,2024-09-25 11:00:00+00:00,bearish,192.574,193.032,190.74200000000002,193.032,0.4579999999999984,-27.639687396253198,loss,-1.0,sl,0.11353711790397619,-1.0,sl,False,0,3,0 days 03:00:00,7.999999999998408,False,-16.18,78.4,4.0,2024-09-25 08:00:00+00:00,False,193.012,192.636,1,daily_mitigation_ob_caused_displacement;daily_mitigation_ob_caused_imbalance;daily_mitigation_ob_flip_zone;daily_mitigation_ob_has_inducement;daily_mitigation_ob_swept_liquidity;daily_mitigation_ob_swept_liquidity_fractal;daily_mitigation_ob_swept_liquidity_fvg;daily_mitigation_ob_swept_liquidity_internal;daily_mitigation_ob_swept_liquidity_previous_candle;daily_mitigation_ob_swept_liquidity_swing;daily_ob_target_caused_displacement;daily_ob_target_caused_imbalance;daily_ob_target_flip_zone;daily_ob_target_has_inducement;daily_ob_target_swept_liquidity;daily_ob_target_swept_liquidity_fractal;daily_ob_target_swept_liquidity_fvg;daily_ob_target_swept_liquidity_internal;daily_ob_target_swept_liquidity_previous_candle;daily_ob_target_swept_liquidity_swing;h1_mitigation_ob_flip_zone;h1_mitigation_ob_swept_liquidity;h1_mitigation_ob_swept_liquidity_fractal;h1_mitigation_ob_swept_liquidity_fvg;h1_mitigation_ob_swept_liquidity_internal;h1_mitigation_ob_swept_liquidity_swing;h1_ob_target_flip_zone;h1_ob_target_swept_liquidity_fractal;h1_ob_target_swept_liquidity_fvg;h1_ob_target_swept_liquidity_internal;h1_ob_target_swept_liquidity_previous_candle;h1_ob_target_swept_liquidity_swing;h4_mitigation_ob_caused_displacement;h4_mitigation_ob_caused_imbalance;h4_mitigation_ob_flip_zone;h4_mitigation_ob_has_inducement;h4_mitigation_ob_swept_liquidity;h4_mitigation_ob_swept_liquidity_fractal;h4_mitigation_ob_swept_liquidity_fvg;h4_mitigation_ob_swept_liquidity_internal;h4_mitigation_ob_swept_liquidity_previous_candle;h4_mitigation_ob_swept_liquidity_swing;h4_mitigation_ob_within_daily_ob;h4_ob_target_caused_displacement;h4_ob_target_caused_imbalance;h4_ob_target_flip_zone;h4_ob_target_has_inducement;h4_ob_target_swept_liquidity;h4_ob_target_swept_liquidity_fractal;h4_ob_target_swept_liquidity_fvg;h4_ob_target_swept_liquidity_internal;h4_ob_target_swept_liquidity_previous_candle;h4_ob_target_swept_liquidity_swing;h4_ob_target_within_daily_ob
2024-09-27,Friday,london,2024-09-27 06:00:00+00:00,2024-09-27 18:00:00+00:00,bearish,191.69,197.60000000000002,168.0499999999999,190.448,5.910000000000025,-40.355208070716564,win,0.21015228426395685,friday_close,0.22301184433163757,0.21015228426395685,friday_close,False,0,12,0 days 12:00:00,0.0,False,-16.18,78.4,4.0,2024-09-27 06:00:00+00:00,False,197.58,195.957,1,daily_mitigation_ob_flip_zone;daily_mitigation_ob_swept_liquidity;daily_mitigation_ob_swept_liquidity_fvg;daily_mitigation_ob_swept_liquidity_internal;daily_mitigation_ob_swept_liquidity_swing;daily_ob_target_flip_zone;daily_ob_target_swept_liquidity_fractal;daily_ob_target_swept_liquidity_fvg;daily_ob_target_swept_liquidity_internal;daily_ob_target_swept_liquidity_previous_candle;daily_ob_target_swept_liquidity_swing;h1_mitigation_ob_flip_zone;h1_mitigation_ob_swept_liquidity;h1_mitigation_ob_swept_liquidity_fractal;h1_mitigation_ob_swept_liquidity_internal;h1_mitigation_ob_swept_liquidity_swing;h1_ob_target_flip_zone;h1_ob_target_swept_liquidity_fractal;h1_ob_target_swept_liquidity_fvg;h1_ob_target_swept_liquidity_internal;h1_ob_target_swept_liquidity_previous_candle;h1_ob_target_swept_liquidity_swing;h4_mitigation_ob_caused_displacement;h4_mitigation_ob_caused_imbalance;h4_mitigation_ob_flip_zone;h4_mitigation_ob_has_inducement;h4_mitigation_ob_swept_liquidity;h4_mitigation_ob_swept_liquidity_fractal;h4_mitigation_ob_swept_liquidity_fvg;h4_mitigation_ob_swept_liquidity_internal;h4_mitigation_ob_swept_liquidity_previous_candle;h4_mitigation_ob_swept_liquidity_swing;h4_mitigation_ob_within_daily_ob;h4_ob_target_flip_zone;h4_ob_target_swept_liquidity;h4_ob_target_swept_liquidity_fractal;h4_ob_target_swept_liquidity_fvg;h4_ob_target_swept_liquidity_internal;h4_ob_target_swept_liquidity_swing
2024-09-30,Monday,london,2024-09-30 06:00:00+00:00,2024-10-01 04:00:00+00:00,bullish,190.123,189.369,193.13899999999995,193.13899999999995,0.7539999999999907,-11.720150431838093,win,4.0,tp,4.283819628647292,0.0,be_stop,True,1,22,0 days 22:00:00,14.699999999999136,True,-16.18,78.4,4.0,2024-09-30 06:00:00+00:00,False,189.781,189.389,1,daily_mitigation_ob_caused_displacement;daily_mitigation_ob_caused_imbalance;daily_mitigation_ob_flip_zone;daily_mitigation_ob_has_inducement;daily_mitigation_ob_swept_liquidity;daily_mitigation_ob_swept_liquidity_fractal;daily_mitigation_ob_swept_liquidity_fvg;daily_mitigation_ob_swept_liquidity_internal;daily_mitigation_ob_swept_liquidity_previous_candle;daily_mitigation_ob_swept_liquidity_swing;daily_ob_target_caused_displacement;daily_ob_target_caused_imbalance;daily_ob_target_flip_zone;daily_ob_target_has_inducement;daily_ob_target_swept_liquidity;daily_ob_target_swept_liquidity_fractal;daily_ob_target_swept_liquidity_fvg;daily_ob_target_swept_liquidity_internal;daily_ob_target_swept_liquidity_previous_candle;daily_ob_target_swept_liquidity_swing;h1_mitigation_ob_flip_zone;h1_mitigation_ob_swept_liquidity_fractal;h1_mitigation_ob_swept_liquidity_fvg;h1_mitigation_ob_swept_liquidity_internal;h1_mitigation_ob_swept_liquidity_previous_candle;h1_mitigation_ob_swept_liquidity_swing;h1_ob_target_flip_zone;h1_ob_target_swept_liquidity_fractal;h1_ob_target_swept_liquidity_fvg;h1_ob_target_swept_liquidity_internal;h1_ob_target_swept_liquidity_previous_candle;h1_ob_target_swept_liquidity_swing;h4_mitigation_ob_flip_zone;h4_mitigation_ob_swept_liquidity;h4_mitigation_ob_swept_liquidity_fractal;h4_mitigation_ob_swept_liquidity_fvg;h4_mitigation_ob_swept_liquidity_internal;h4_mitigation_ob_swept_liquidity_swing;h4_ob_target_caused_displacement;h4_ob_target_caused_imbalance;h4_ob_target_flip_zone;h4_ob_target_has_inducement;h4_ob_target_swept_liquidity;h4_ob_target_swept_liquidity_fractal;h4_ob_target_swept_liquidity_fvg;h4_ob_target_swept_liquidity_internal;h4_ob_target_swept_liquidity_previous_candle;h4_ob_target_swept_liquidity_swing;h4_ob_target_within_daily_ob
2024-10-01,Tuesday,ny,2024-10-01 13:00:00+00:00,2024-10-01 18:00:00+00:00,bearish,190.933,192.26700000000002,185.59699999999987,190.933,1.3340000000000316,-42.4715388646211,breakeven,0.0,be_stop,0.8170914542728468,0.0,be_stop,True,1,5,0 days 05:00:00,13.599999999999568,False,-16.18,78.4,4.0,2024-10-01 13:00:00+00:00,False,192.247,191.852,1,daily_mitigation_ob_caused_displacement;daily_mitigation_ob_caused_imbalance;daily_mitigation_ob_flip_zone;daily_mitigation_ob_has_inducement;daily_mitigation_ob_swept_liquidity;daily_mitigation_ob_swept_liquidity_fractal;daily_mitigation_ob_swept_liquidity_fvg;daily_mitigation_ob_swept_liquidity_internal;daily_mitigation_ob_swept_liquidity_previous_candle;daily_mitigation_ob_swept_liquidity_swing;daily_ob_target_flip_zone;daily_ob_target_swept_liquidity_fractal;daily_ob_target_swept_liquidity_fvg;daily_ob_target_swept_liquidity_internal;daily_ob_target_swept_liquidity_previous_candle;daily_ob_target_swept_liquidity_swing;h1_mitigation_ob_flip_zone;h1_mitigation_ob_swept_liquidity;h1_mitigation_ob_swept_liquidity_fractal;h1_mitigation_ob_swept_liquidity_internal;h1_mitigation_ob_swept_liquidity_previous_candle;h1_mitigation_ob_swept_liquidity_swing;h1_ob_target_flip_zone;h1_ob_target_swept_liquidity;h1_ob_target_swept_liquidity_fvg;h1_ob_target_swept_liquidity_internal;h1_ob_target_swept_liquidity_previous_candle;h1_ob_target_swept_liquidity_swing;h4_mitigation_ob_caused_displacement;h4_mitigation_ob_caused_imbalance;h4_mitigation_ob_flip_zone;h4_mitigation_ob_has_inducement;h4_mitigation_ob_swept_liquidity;h4_mitigation_ob_swept_liquidity_fractal;h4_mitigation_ob_swept_liquidity_fvg;h4_mitigation_ob_swept_liquidity_internal;h4_mitigation_ob_swept_liquidity_previous_candle;h4_mitigation_ob_swept_liquidity_swing;h4_mitigation_ob_within_daily_ob;h4_ob_target_flip_zone;h4_ob_target_swept_liquidity_fractal;h4_ob_target_swept_liquidity_fvg;h4_ob_target_swept_liquidity_internal;h4_ob_target_swept_liquidity_previous_candle;h4_ob_target_swept_liquidity_swing
2024-10-04,Friday,london,2024-10-04 06:00:00+00:00,2024-10-04 07:00:00+00:00,bearish,192.255,192.323,191.98299999999995,192.323,0.06800000000001205,-42.81703328368743,loss,-1.0,sl,0.0,-1.0,sl,False,0,1,0 days 01:00:00,35.80000000000041,False,-16.18,78.4,4.0,2024-10-04 06:00:00+00:00,False,192.303,192.108,1,daily_mitigation_ob_caused_displacement;daily_mitigation_ob_caused_imbalance;daily_mitigation_ob_flip_zone;daily_mitigation_ob_has_inducement;daily_mitigation_ob_swept_liquidity;daily_mitigation_ob_swept_liquidity_fractal;daily_mitigation_ob_swept_liquidity_fvg;daily_mitigation_ob_swept_liquidity_internal;daily_mitigation_ob_swept_liquidity_previous_candle;daily_mitigation_ob_swept_liquidity_swing;daily_ob_target_caused_displacement;daily_ob_target_caused_imbalance;daily_ob_target_flip_zone;daily_ob_target_has_inducement;daily_ob_target_swept_liquidity;daily_ob_target_swept_liquidity_fractal;daily_ob_target_swept_liquidity_fvg;daily_ob_target_swept_liquidity_internal;daily_ob_target_swept_liquidity_previous_candle;daily_ob_target_swept_liquidity_swing;h1_mitigation_ob_flip_zone;h1_mitigation_ob_swept_liquidity;h1_mitigation_ob_swept_liquidity_fvg;h1_mitigation_ob_swept_liquidity_internal;h1_mitigation_ob_swept_liquidity_previous_candle;h1_mitigation_ob_swept_liquidity_swing;h1_ob_target_flip_zone;h1_ob_target_swept_liquidity;h1_ob_target_swept_liquidity_internal;h1_ob_target_swept_liquidity_swing;h4_mitigation_ob_caused_displacement;h4_mitigation_ob_caused_imbalance;h4_mitigation_ob_flip_zone;h4_mitigation_ob_has_inducement;h4_mitigation_ob_swept_liquidity;h4_mitigation_ob_swept_liquidity_fractal;h4_mitigation_ob_swept_liquidity_fvg;h4_mitigation_ob_swept_liquidity_internal;h4_mitigation_ob_swept_liquidity_previous_candle;h4_mitigation_ob_swept_liquidity_swing;h4_mitigation_ob_within_daily_ob;h4_ob_target_caused_displacement;h4_ob_target_caused_imbalance;h4_ob_target_flip_zone;h4_ob_target_has_inducement;h4_ob_target_swept_liquidity;h4_ob_target_swept_liquidity_fractal;h4_ob_target_swept_liquidity_fvg;h4_ob_target_swept_liquidity_internal;h4_ob_target_swept_liquidity_previous_candle;h4_ob_target_swept_liquidity_swing;h4_ob_target_within_daily_ob
2024-10-04,Friday,london,2024-10-04 08:00:00+00:00,2024-10-04 10:00:00+00:00,bearish,192.518,192.899,190.994,192.899,0.3810000000000002,-36.3977440470271,loss,-1.0,sl,0.12335958005248561,-1.0,sl,False,0,2,0 days 02:00:00,15.600000000000591,False,-16.18,78.4,4.0,2024-10-04 08:00:00+00:00,False,192.879,192.522,1,daily_mitigation_ob_caused_displacement;daily_mitigation_ob_caused_imbalance;daily_mitigation_ob_flip_zone;daily_mitigation_ob_has_inducement;daily_mitigation_ob_swept_liquidity;daily_mitigation_ob_swept_liquidity_fractal;daily_mitigation_ob_swept_liquidity_fvg;daily_mitigation_ob_swept_liquidity_internal;daily_mitigation_ob_swept_liquidity_previous_candle;daily_mitigation_ob_swept_liquidity_swing;daily_ob_target_caused_displacement;daily_ob_target_caused_imbalance;daily_ob_target_flip_zone;daily_ob_target_has_inducement;daily_ob_target_swept_liquidity;daily_ob_target_swept_liquidity_fractal;daily_ob_target_swept_liquidity_fvg;daily_ob_target_swept_liquidity_internal;daily_ob_target_swept_liquidity_previous_candle;daily_ob_target_swept_liquidity_swing;h1_mitigation_ob_flip_zone;h1_mitigation_ob_swept_liquidity;h1_mitigation_ob_swept_liquidity_fvg;h1_mitigation_ob_swept_liquidity_internal;h1_mitigation_ob_swept_liquidity_swing;h1_ob_target_flip_zone;h1_ob_target_swept_liquidity;h1_ob_target_swept_liquidity_internal;h1_ob_target_swept_liquidity_swing;h4_mitigation_ob_caused_displacement;h4_mitigation_ob_caused_imbalance;h4_mitigation_ob_flip_zone;h4_mitigation_ob_has_inducement;h4_mitigation_ob_swept_liquidity;h4_mitigation_ob_swept_liquidity_fractal;h4_mitigation_ob_swept_liquidity_fvg;h4_mitigation_ob_swept_liquidity_internal;h4_mitigation_ob_swept_liquidity_previous_candle;h4_mitigation_ob_swept_liquidity_swing;h4_mitigation_ob_within_daily_ob;h4_ob_target_caused_displacement;h4_ob_target_caused_imbalance;h4_ob_target_flip_zone;h4_ob_target_has_inducement;h4_ob_target_swept_liquidity;h4_ob_target_swept_liquidity_fractal;h4_ob_target_swept_liquidity_fvg;h4_ob_target_swept_liquidity_internal;h4_ob_target_swept_liquidity_previous_candle;h4_ob_target_swept_liquidity_swing;h4_ob_target_within_daily_ob
2024-10-10,Thursday,london,2024-10-10 06:00:00+00:00,2024-10-10 07:00:00+00:00,bullish,195.003,194.868,195.54299999999995,194.868,0.1349999999999909,-37.75520922055527,loss,-1.0,sl,0.0,-1.0,sl,False,0,1,0 days 01:00:00,1.5999999999991132,False,-16.18,78.4,4.0,2024-10-10 06:00:00+00:00,False,195.113,194.888,1,daily_mitigation_ob_caused_displacement;daily_mitigation_ob_caused_imbalance;daily_mitigation_ob_flip_zone;daily_mitigation_ob_has_inducement;daily_mitigation_ob_swept_liquidity;daily_mitigation_ob_swept_liquidity_fractal;daily_mitigation_ob_swept_liquidity_fvg;daily_mitigation_ob_swept_liquidity_internal;daily_mitigation_ob_swept_liquidity_previous_candle;daily_mitigation_ob_swept_liquidity_swing;daily_ob_target_caused_displacement;daily_ob_target_caused_imbalance;daily_ob_target_flip_zone;daily_ob_target_has_inducement;daily_ob_target_swept_liquidity;daily_ob_target_swept_liquidity_fractal;daily_ob_target_swept_liquidity_fvg;daily_ob_target_swept_liquidity_internal;daily_ob_target_swept_liquidity_previous_candle;daily_ob_target_swept_liquidity_swing;h1_mitigation_ob_flip_zone;h1_mitigation_ob_swept_liquidity_fractal;h1_mitigation_ob_swept_liquidity_fvg;h1_mitigation_ob_swept_liquidity_internal;h1_mitigation_ob_swept_liquidity_previous_candle;h1_mitigation_ob_swept_liquidity_swing;h1_ob_target_caused_displacement;h1_ob_target_caused_imbalance;h1_ob_target_flip_zone;h1_ob_target_has_inducement;h1_ob_target_swept_liquidity;h1_ob_target_swept_liquidity_fractal;h1_ob_target_swept_liquidity_fvg;h1_ob_target_swept_liquidity_internal;h1_ob_target_swept_liquidity_previous_candle;h1_ob_target_swept_liquidity_swing;h1_ob_target_within_h4_ob;h4_mitigation_ob_caused_displacement;h4_mitigation_ob_caused_imbalance;h4_mitigation_ob_flip_zone;h4_mitigation_ob_has_inducement;h4_mitigation_ob_swept_liquidity;h4_mitigation_ob_swept_liquidity_fractal;h4_mitigation_ob_swept_liquidity_fvg;h4_mitigation_ob_swept_liquidity_internal;h4_mitigation_ob_swept_liquidity_previous_candle;h4_mitigation_ob_swept_liquidity_swing;h4_mitigation_ob_within_daily_ob;h4_ob_target_caused_displacement;h4_ob_target_caused_imbalance;h4_ob_target_flip_zone;h4_ob_target_has_inducement;h4_ob_target_swept_liquidity;h4_ob_target_swept_liquidity_fractal;h4_ob_target_swept_liquidity_fvg;h4_ob_target_swept_liquidity_internal;h4_ob_target_swept_liquidity_previous_candle;h4_ob_target_swept_liquidity_swing;h4_ob_target_within_daily_ob
2024-10-10,Thursday,ny,2024-10-10 11:00:00+00:00,2024-10-10 12:00:00+00:00,bullish,194.634,194.36599999999999,195.706,194.36599999999999,0.2680000000000007,-13.792578097641433,loss,-1.0,sl,0.17910447761194662,-1.0,sl,False,0,1,0 days 01:00:00,43.39999999999975,True,-16.18,78.4,4.0,2024-10-10 10:00:00+00:00,True,194.611,194.386,1,daily_mitigation_ob_caused_displacement;daily_mitigation_ob_caused_imbalance;daily_mitigation_ob_flip_zone;daily_mitigation_ob_has_inducement;daily_mitigation_ob_swept_liquidity;daily_mitigation_ob_swept_liquidity_fractal;daily_mitigation_ob_swept_liquidity_fvg;daily_mitigation_ob_swept_liquidity_internal;daily_mitigation_ob_swept_liquidity_previous_candle;daily_mitigation_ob_swept_liquidity_swing;daily_ob_target_caused_displacement;daily_ob_target_caused_imbalance;daily_ob_target_flip_zone;daily_ob_target_has_inducement;daily_ob_target_swept_liquidity;daily_ob_target_swept_liquidity_fractal;daily_ob_target_swept_liquidity_fvg;daily_ob_target_swept_liquidity_internal;daily_ob_target_swept_liquidity_previous_candle;daily_ob_target_swept_liquidity_swing;h1_mitigation_ob_flip_zone;h1_mitigation_ob_swept_liquidity_fractal;h1_mitigation_ob_swept_liquidity_fvg;h1_mitigation_ob_swept_liquidity_internal;h1_mitigation_ob_swept_liquidity_previous_candle;h1_mitigation_ob_swept_liquidity_swing;h1_ob_target_flip_zone;h1_ob_target_swept_liquidity_fractal;h1_ob_target_swept_liquidity_fvg;h1_ob_target_swept_liquidity_internal;h1_ob_target_swept_liquidity_previous_candle;h1_ob_target_swept_liquidity_swing;h4_mitigation_ob_caused_displacement;h4_mitigation_ob_caused_imbalance;h4_mitigation_ob_flip_zone;h4_mitigation_ob_has_inducement;h4_mitigation_ob_swept_liquidity;h4_mitigation_ob_swept_liquidity_fractal;h4_mitigation_ob_swept_liquidity_fvg;h4_mitigation_ob_swept_liquidity_internal;h4_mitigation_ob_swept_liquidity_previous_candle;h4_mitigation_ob_swept_liquidity_swing;h4_mitigation_ob_within_daily_ob;h4_ob_target_caused_displacement;h4_ob_target_caused_imbalance;h4_ob_target_flip_zone;h4_ob_target_has_inducement;h4_ob_target_swept_liquidity;h4_ob_target_swept_liquidity_fractal;h4_ob_target_swept_liquidity_fvg;h4_ob_target_swept_liquidity_internal;h4_ob_target_swept_liquidity_previous_candle;h4_ob_target_swept_liquidity_swing;h4_ob_target_within_daily_ob
2024-10-14,Monday,ny,2024-10-14 11:00:00+00:00,2024-10-15 05:00:00+00:00,bullish,195.102,194.887,195.96200000000002,195.102,0.2150000000000034,-30.974251972110107,breakeven,0.0,be_stop,2.874418604651094,0.0,be_stop,True,1,18,0 days 18:00:00,19.900000000001228,False,-16.18,78.4,4.0,2024-10-14 10:00:00+00:00,True,195.06,194.907,1,daily_mitigation_ob_caused_displacement;daily_mitigation_ob_caused_imbalance;daily_mitigation_ob_flip_zone;daily_mitigation_ob_has_inducement;daily_mitigation_ob_swept_liquidity;daily_mitigation_ob_swept_liquidity_fractal;daily_mitigation_ob_swept_liquidity_fvg;daily_mitigation_ob_swept_liquidity_internal;daily_mitigation_ob_swept_liquidity_previous_candle;daily_mitigation_ob_swept_liquidity_swing;daily_ob_target_caused_displacement;daily_ob_target_caused_imbalance;daily_ob_target_flip_zone;daily_ob_target_has_inducement;daily_ob_target_swept_liquidity;daily_ob_target_swept_liquidity_fractal;daily_ob_target_swept_liquidity_fvg;daily_ob_target_swept_liquidity_internal;daily_ob_target_swept_liquidity_previous_candle;daily_ob_target_swept_liquidity_swing;h1_mitigation_ob_flip_zone;h1_mitigation_ob_swept_liquidity_fractal;h1_mitigation_ob_swept_liquidity_fvg;h1_mitigation_ob_swept_liquidity_internal;h1_mitigation_ob_swept_liquidity_previous_candle;h1_mitigation_ob_swept_liquidity_swing;h1_ob_target_caused_displacement;h1_ob_target_caused_imbalance;h1_ob_target_flip_zone;h1_ob_target_has_inducement;h1_ob_target_swept_liquidity;h1_ob_target_swept_liquidity_fractal;h1_ob_target_swept_liquidity_fvg;h1_ob_target_swept_liquidity_internal;h1_ob_target_swept_liquidity_previous_candle;h1_ob_target_swept_liquidity_swing;h1_ob_target_within_h4_ob;h4_mitigation_ob_caused_displacement;h4_mitigation_ob_caused_imbalance;h4_mitigation_ob_flip_zone;h4_mitigation_ob_has_inducement;h4_mitigation_ob_swept_liquidity;h4_mitigation_ob_swept_liquidity_fractal;h4_mitigation_ob_swept_liquidity_fvg;h4_mitigation_ob_swept_liquidity_internal;h4_mitigation_ob_swept_liquidity_previous_candle;h4_mitigation_ob_swept_liquidity_swing;h4_mitigation_ob_within_daily_ob;h4_ob_target_caused_displacement;h4_ob_target_caused_imbalance;h4_ob_target_flip_zone;h4_ob_target_has_inducement;h4_ob_target_swept_liquidity;h4_ob_target_swept_liquidity_fractal;h4_ob_target_swept_liquidity_fvg;h4_ob_target_swept_liquidity_internal;h4_ob_target_swept_liquidity_previous_candle;h4_ob_target_swept_liquidity_swing;h4_ob_target_within_daily_ob
2024-10-17,Thursday,ny,2024-10-17 13:00:00+00:00,2024-10-17 15:00:00+00:00,bearish,194.67,195.294,192.1739999999999,195.294,0.6240000000000236,-18.29419279686878,loss,-1.0,sl,0.08493589743588985,-1.0,sl,False,0,2,0 days 02:00:00,1.4999999999986358,False,-16.18,78.4,4.0,2024-10-17 13:00:00+00:00,False,195.274,195.021,1,daily_mitigation_ob_caused_displacement;daily_mitigation_ob_caused_imbalance;daily_mitigation_ob_flip_zone;daily_mitigation_ob_has_inducement;daily_mitigation_ob_swept_liquidity;daily_mitigation_ob_swept_liquidity_fractal;daily_mitigation_ob_swept_liquidity_fvg;daily_mitigation_ob_swept_liquidity_internal;daily_mitigation_ob_swept_liquidity_previous_candle;daily_mitigation_ob_swept_liquidity_swing;daily_ob_target_caused_displacement;daily_ob_target_caused_imbalance;daily_ob_target_flip_zone;daily_ob_target_has_inducement;daily_ob_target_swept_liquidity;daily_ob_target_swept_liquidity_fractal;daily_ob_target_swept_liquidity_fvg;daily_ob_target_swept_liquidity_internal;daily_ob_target_swept_liquidity_previous_candle;daily_ob_target_swept_liquidity_swing;h1_mitigation_ob_flip_zone;h1_mitigation_ob_swept_liquidity;h1_mitigation_ob_swept_liquidity_fvg;h1_mitigation_ob_swept_liquidity_internal;h1_mitigation_ob_swept_liquidity_previous_candle;h1_mitigation_ob_swept_liquidity_swing;h1_ob_target_flip_zone;h1_ob_target_swept_liquidity;h1_ob_target_swept_liquidity_fractal;h1_ob_target_swept_liquidity_internal;h1_ob_target_swept_liquidity_swing;h4_mitigation_ob_flip_zone;h4_mitigation_ob_swept_liquidity_fractal;h4_mitigation_ob_swept_liquidity_fvg;h4_mitigation_ob_swept_liquidity_internal;h4_mitigation_ob_swept_liquidity_previous_candle;h4_mitigation_ob_swept_liquidity_swing;h4_ob_target_caused_displacement;h4_ob_target_caused_imbalance;h4_ob_target_flip_zone;h4_ob_target_has_inducement;h4_ob_target_swept_liquidity;h4_ob_target_swept_liquidity_fractal;h4_ob_target_swept_liquidity_fvg;h4_ob_target_swept_liquidity_internal;h4_ob_target_swept_liquidity_previous_candle;h4_ob_target_swept_liquidity_swing;h4_ob_target_within_daily_ob
2024-10-18,Friday,ny,2024-10-18 11:00:00+00:00,2024-10-18 14:00:00+00:00,bullish,195.677,195.07899999999998,198.06900000000005,195.07899999999998,0.5980000000000132,-5.326046992821565,loss,-1.0,sl,0.19230769230770328,-1.0,sl,False,0,3,0 days 03:00:00,9.399999999996567,True,-16.18,78.4,4.0,2024-10-18 10:00:00+00:00,True,195.359,195.099,1,daily_mitigation_ob_caused_displacement;daily_mitigation_ob_caused_imbalance;daily_mitigation_ob_flip_zone;daily_mitigation_ob_has_inducement;daily_mitigation_ob_swept_liquidity;daily_mitigation_ob_swept_liquidity_fractal;daily_mitigation_ob_swept_liquidity_fvg;daily_mitigation_ob_swept_liquidity_internal;daily_mitigation_ob_swept_liquidity_previous_candle;daily_mitigation_ob_swept_liquidity_swing;daily_ob_target_flip_zone;daily_ob_target_swept_liquidity_fractal;daily_ob_target_swept_liquidity_fvg;daily_ob_target_swept_liquidity_internal;daily_ob_target_swept_liquidity_previous_candle;daily_ob_target_swept_liquidity_swing;h1_mitigation_ob_flip_zone;h1_mitigation_ob_swept_liquidity;h1_mitigation_ob_swept_liquidity_internal;h1_mitigation_ob_swept_liquidity_previous_candle;h1_mitigation_ob_swept_liquidity_swing;h1_ob_target_flip_zone;h1_ob_target_swept_liquidity_fractal;h1_ob_target_swept_liquidity_fvg;h1_ob_target_swept_liquidity_internal;h1_ob_target_swept_liquidity_previous_candle;h1_ob_target_swept_liquidity_swing;h4_mitigation_ob_caused_displacement;h4_mitigation_ob_caused_imbalance;h4_mitigation_ob_flip_zone;h4_mitigation_ob_has_inducement;h4_mitigation_ob_swept_liquidity;h4_mitigation_ob_swept_liquidity_fractal;h4_mitigation_ob_swept_liquidity_fvg;h4_mitigation_ob_swept_liquidity_internal;h4_mitigation_ob_swept_liquidity_previous_candle;h4_mitigation_ob_swept_liquidity_swing;h4_mitigation_ob_within_daily_ob;h4_ob_target_flip_zone;h4_ob_target_swept_liquidity;h4_ob_target_swept_liquidity_fractal;h4_ob_target_swept_liquidity_fvg;h4_ob_target_swept_liquidity_previous_candle;h4_ob_target_swept_liquidity_swing
2024-10-18,Friday,ny,2024-10-18 11:00:00+00:00,2024-10-18 15:00:00+00:00,bullish,195.677,194.884,198.84900000000002,194.884,0.7930000000000064,-4.998143224776895,loss,-1.0,sl,0.1450189155107291,-1.0,sl,False,0,4,0 days 04:00:00,13.49999999999909,False,-16.18,78.4,4.0,2024-10-18 11:00:00+00:00,False,195.046,194.904,1,daily_mitigation_ob_caused_displacement;daily_mitigation_ob_caused_imbalance;daily_mitigation_ob_flip_zone;daily_mitigation_ob_has_inducement;daily_mitigation_ob_swept_liquidity;daily_mitigation_ob_swept_liquidity_fractal;daily_mitigation_ob_swept_liquidity_fvg;daily_mitigation_ob_swept_liquidity_internal;daily_mitigation_ob_swept_liquidity_previous_candle;daily_mitigation_ob_swept_liquidity_swing;daily_ob_target_flip_zone;daily_ob_target_swept_liquidity_fractal;daily_ob_target_swept_liquidity_fvg;daily_ob_target_swept_liquidity_internal;daily_ob_target_swept_liquidity_previous_candle;daily_ob_target_swept_liquidity_swing;h1_mitigation_ob_flip_zone;h1_mitigation_ob_swept_liquidity;h1_mitigation_ob_swept_liquidity_fvg;h1_mitigation_ob_swept_liquidity_previous_candle;h1_mitigation_ob_swept_liquidity_swing;h1_ob_target_flip_zone;h1_ob_target_swept_liquidity_fractal;h1_ob_target_swept_liquidity_fvg;h1_ob_target_swept_liquidity_internal;h1_ob_target_swept_liquidity_previous_candle;h1_ob_target_swept_liquidity_swing;h4_mitigation_ob_caused_displacement;h4_mitigation_ob_caused_imbalance;h4_mitigation_ob_flip_zone;h4_mitigation_ob_has_inducement;h4_mitigation_ob_swept_liquidity;h4_mitigation_ob_swept_liquidity_fractal;h4_mitigation_ob_swept_liquidity_fvg;h4_mitigation_ob_swept_liquidity_internal;h4_mitigation_ob_swept_liquidity_previous_candle;h4_mitigation_ob_swept_liquidity_swing;h4_mitigation_ob_within_daily_ob;h4_ob_target_flip_zone;h4_ob_target_swept_liquidity;h4_ob_target_swept_liquidity_fractal;h4_ob_target_swept_liquidity_fvg;h4_ob_target_swept_liquidity_previous_candle;h4_ob_target_swept_liquidity_swing
2024-10-21,Monday,ny,2024-10-21 11:00:00+00:00,2024-10-21 17:00:00+00:00,bullish,195.18,195.07399999999998,195.6040000000001,195.6040000000001,0.10600000000002296,-37.71564906424812,win,4.0,tp,10.0,0.0,be_stop,True,1,6,0 days 06:00:00,8.199999999999363,False,-16.18,78.4,4.0,2024-10-21 11:00:00+00:00,False,195.264,195.094,1,daily_mitigation_ob_caused_displacement;daily_mitigation_ob_caused_imbalance;daily_mitigation_ob_flip_zone;daily_mitigation_ob_has_inducement;daily_mitigation_ob_swept_liquidity;daily_mitigation_ob_swept_liquidity_fractal;daily_mitigation_ob_swept_liquidity_fvg;daily_mitigation_ob_swept_liquidity_internal;daily_mitigation_ob_swept_liquidity_previous_candle;daily_mitigation_ob_swept_liquidity_swing;daily_ob_target_caused_displacement;daily_ob_target_caused_imbalance;daily_ob_target_flip_zone;daily_ob_target_has_inducement;daily_ob_target_swept_liquidity;daily_ob_target_swept_liquidity_fractal;daily_ob_target_swept_liquidity_fvg;daily_ob_target_swept_liquidity_internal;daily_ob_target_swept_liquidity_previous_candle;daily_ob_target_swept_liquidity_swing;h1_mitigation_ob_flip_zone;h1_mitigation_ob_swept_liquidity;h1_mitigation_ob_swept_liquidity_fvg;h1_mitigation_ob_swept_liquidity_swing;h1_ob_target_flip_zone;h1_ob_target_swept_liquidity;h1_ob_target_swept_liquidity_fractal;h1_ob_target_swept_liquidity_internal;h1_ob_target_swept_liquidity_previous_candle;h1_ob_target_swept_liquidity_swing;h4_mitigation_ob_caused_displacement;h4_mitigation_ob_caused_imbalance;h4_mitigation_ob_flip_zone;h4_mitigation_ob_has_inducement;h4_mitigation_ob_swept_liquidity;h4_mitigation_ob_swept_liquidity_fractal;h4_mitigation_ob_swept_liquidity_fvg;h4_mitigation_ob_swept_liquidity_internal;h4_mitigation_ob_swept_liquidity_previous_candle;h4_mitigation_ob_swept_liquidity_swing;h4_mitigation_ob_within_daily_ob;h4_ob_target_caused_displacement;h4_ob_target_caused_imbalance;h4_ob_target_flip_zone;h4_ob_target_has_inducement;h4_ob_target_swept_liquidity;h4_ob_target_swept_liquidity_fractal;h4_ob_target_swept_liquidity_fvg;h4_ob_target_swept_liquidity_internal;h4_ob_target_swept_liquidity_previous_candle;h4_ob_target_swept_liquidity_swing;h4_ob_target_within_daily_ob
2024-10-22,Tuesday,ny,2024-10-22 11:00:00+00:00,2024-10-22 13:00:00+00:00,bullish,195.804,195.48399999999998,197.0840000000001,195.48399999999998,0.3200000000000216,7.538672544732147,loss,-1.0,sl,0.3312499999999606,-1.0,sl,False,0,2,0 days 02:00:00,38.599999999996726,True,-16.18,78.4,4.0,2024-10-22 10:00:00+00:00,True,195.752,195.504,1,daily_mitigation_ob_caused_displacement;daily_mitigation_ob_caused_imbalance;daily_mitigation_ob_flip_zone;daily_mitigation_ob_has_inducement;daily_mitigation_ob_swept_liquidity;daily_mitigation_ob_swept_liquidity_fractal;daily_mitigation_ob_swept_liquidity_fvg;daily_mitigation_ob_swept_liquidity_internal;daily_mitigation_ob_swept_liquidity_previous_candle;daily_mitigation_ob_swept_liquidity_swing;daily_ob_target_caused_displacement;daily_ob_target_caused_imbalance;daily_ob_target_flip_zone;daily_ob_target_has_inducement;daily_ob_target_swept_liquidity;daily_ob_target_swept_liquidity_fractal;daily_ob_target_swept_liquidity_fvg;daily_ob_target_swept_liquidity_internal;daily_ob_target_swept_liquidity_previous_candle;daily_ob_target_swept_liquidity_swing;h1_mitigation_ob_flip_zone;h1_mitigation_ob_swept_liquidity;h1_mitigation_ob_swept_liquidity_fvg;h1_mitigation_ob_swept_liquidity_internal;h1_mitigation_ob_swept_liquidity_previous_candle;h1_mitigation_ob_swept_liquidity_swing;h1_ob_target_caused_displacement;h1_ob_target_caused_imbalance;h1_ob_target_flip_zone;h1_ob_target_has_inducement;h1_ob_target_swept_liquidity;h1_ob_target_swept_liquidity_fractal;h1_ob_target_swept_liquidity_fvg;h1_ob_target_swept_liquidity_internal;h1_ob_target_swept_liquidity_previous_candle;h1_ob_target_swept_liquidity_swing;h1_ob_target_within_h4_ob;h4_mitigation_ob_flip_zone;h4_mitigation_ob_swept_liquidity_fractal;h4_mitigation_ob_swept_liquidity_fvg;h4_mitigation_ob_swept_liquidity_internal;h4_mitigation_ob_swept_liquidity_previous_candle;h4_mitigation_ob_swept_liquidity_swing;h4_ob_target_caused_displacement;h4_ob_target_caused_imbalance;h4_ob_target_flip_zone;h4_ob_target_has_inducement;h4_ob_target_swept_liquidity;h4_ob_target_swept_liquidity_fractal;h4_ob_target_swept_liquidity_fvg;h4_ob_target_swept_liquidity_internal;h4_ob_target_swept_liquidity_previous_candle;h4_ob_target_swept_liquidity_swing;h4_ob_target_within_daily_ob
2024-10-24,Thursday,ny,2024-10-24 13:00:00+00:00,2024-10-25 13:00:00+00:00,bearish,197.526,197.995,195.65000000000003,197.526,0.4689999999999941,-35.078587287797944,breakeven,0.0,be_stop,2.4392324093817055,0.0,be_stop,True,1,24,1 days 00:00:00,25.399999999999068,False,-16.18,78.4,4.0,2024-10-24 13:00:00+00:00,False,197.975,197.529,1,daily_mitigation_ob_caused_displacement;daily_mitigation_ob_caused_imbalance;daily_mitigation_ob_flip_zone;daily_mitigation_ob_has_inducement;daily_mitigation_ob_swept_liquidity;daily_mitigation_ob_swept_liquidity_fractal;daily_mitigation_ob_swept_liquidity_fvg;daily_mitigation_ob_swept_liquidity_internal;daily_mitigation_ob_swept_liquidity_previous_candle;daily_mitigation_ob_swept_liquidity_swing;daily_ob_target_flip_zone;daily_ob_target_swept_liquidity;daily_ob_target_swept_liquidity_fractal;daily_ob_target_swept_liquidity_fvg;daily_ob_target_swept_liquidity_internal;daily_ob_target_swept_liquidity_swing;h1_mitigation_ob_flip_zone;h1_mitigation_ob_swept_liquidity_fractal;h1_mitigation_ob_swept_liquidity_fvg;h1_mitigation_ob_swept_liquidity_internal;h1_mitigation_ob_swept_liquidity_previous_candle;h1_mitigation_ob_swept_liquidity_swing;h1_ob_target_flip_zone;h1_ob_target_swept_liquidity;h1_ob_target_swept_liquidity_fvg;h1_ob_target_swept_liquidity_internal;h1_ob_target_swept_liquidity_swing;h4_mitigation_ob_caused_displacement;h4_mitigation_ob_caused_imbalance;h4_mitigation_ob_flip_zone;h4_mitigation_ob_has_inducement;h4_mitigation_ob_swept_liquidity;h4_mitigation_ob_swept_liquidity_fractal;h4_mitigation_ob_swept_liquidity_fvg;h4_mitigation_ob_swept_liquidity_internal;h4_mitigation_ob_swept_liquidity_previous_candle;h4_mitigation_ob_swept_liquidity_swing;h4_mitigation_ob_within_daily_ob;h4_ob_target_flip_zone;h4_ob_target_swept_liquidity_fractal;h4_ob_target_swept_liquidity_fvg;h4_ob_target_swept_liquidity_internal;h4_ob_target_swept_liquidity_previous_candle;h4_ob_target_swept_liquidity_swing
2024-10-31,Thursday,ny,2024-10-31 14:00:00+00:00,2024-11-01 04:00:00+00:00,bearish,196.683,198.852,188.00699999999995,196.683,2.169000000000011,1.8435383209577938,breakeven,0.0,be_stop,0.6071922544951462,0.0,be_stop,True,1,14,0 days 14:00:00,9.300000000001774,False,-16.18,78.4,4.0,2024-10-31 14:00:00+00:00,False,198.832,198.491,1,daily_mitigation_ob_caused_displacement;daily_mitigation_ob_caused_imbalance;daily_mitigation_ob_flip_zone;daily_mitigation_ob_has_inducement;daily_mitigation_ob_swept_liquidity;daily_mitigation_ob_swept_liquidity_fractal;daily_mitigation_ob_swept_liquidity_fvg;daily_mitigation_ob_swept_liquidity_internal;daily_mitigation_ob_swept_liquidity_previous_candle;daily_mitigation_ob_swept_liquidity_swing;daily_ob_target_flip_zone;daily_ob_target_swept_liquidity;daily_ob_target_swept_liquidity_fractal;daily_ob_target_swept_liquidity_fvg;daily_ob_target_swept_liquidity_internal;daily_ob_target_swept_liquidity_swing;h1_mitigation_ob_flip_zone;h1_mitigation_ob_swept_liquidity;h1_mitigation_ob_swept_liquidity_internal;h1_mitigation_ob_swept_liquidity_previous_candle;h1_mitigation_ob_swept_liquidity_swing;h1_ob_target_flip_zone;h1_ob_target_swept_liquidity;h1_ob_target_swept_liquidity_fvg;h1_ob_target_swept_liquidity_internal;h1_ob_target_swept_liquidity_swing;h4_mitigation_ob_caused_displacement;h4_mitigation_ob_caused_imbalance;h4_mitigation_ob_flip_zone;h4_mitigation_ob_has_inducement;h4_mitigation_ob_swept_liquidity;h4_mitigation_ob_swept_liquidity_fractal;h4_mitigation_ob_swept_liquidity_fvg;h4_mitigation_ob_swept_liquidity_internal;h4_mitigation_ob_swept_liquidity_previous_candle;h4_mitigation_ob_swept_liquidity_swing;h4_mitigation_ob_within_daily_ob;h4_ob_target_flip_zone;h4_ob_target_swept_liquidity_fractal;h4_ob_target_swept_liquidity_fvg;h4_ob_target_swept_liquidity_internal;h4_ob_target_swept_liquidity_previous_candle;h4_ob_target_swept_liquidity_swing
2024-11-04,Monday,london,2024-11-04 07:00:00+00:00,2024-11-05 00:00:00+00:00,bearish,197.364,197.827,195.51200000000003,197.364,0.46299999999999386,-37.94371195239132,breakeven,0.0,be_stop,1.885529157667391,0.0,be_stop,True,1,17,0 days 17:00:00,3.299999999998704,False,-16.18,78.4,4.0,2024-11-04 07:00:00+00:00,False,197.807,197.573,2,daily_mitigation_ob_caused_displacement;daily_mitigation_ob_caused_imbalance;daily_mitigation_ob_flip_zone;daily_mitigation_ob_has_inducement;daily_mitigation_ob_swept_liquidity;daily_mitigation_ob_swept_liquidity_fractal;daily_mitigation_ob_swept_liquidity_fvg;daily_mitigation_ob_swept_liquidity_internal;daily_mitigation_ob_swept_liquidity_previous_candle;daily_mitigation_ob_swept_liquidity_swing;daily_ob_target_caused_displacement;daily_ob_target_caused_imbalance;daily_ob_target_flip_zone;daily_ob_target_has_inducement;daily_ob_target_swept_liquidity;daily_ob_target_swept_liquidity_fractal;daily_ob_target_swept_liquidity_fvg;daily_ob_target_swept_liquidity_internal;daily_ob_target_swept_liquidity_previous_candle;daily_ob_target_swept_liquidity_swing;h1_mitigation_ob_flip_zone;h1_mitigation_ob_swept_liquidity;h1_mitigation_ob_swept_liquidity_fractal;h1_mitigation_ob_swept_liquidity_internal;h1_mitigation_ob_swept_liquidity_previous_candle;h1_mitigation_ob_swept_liquidity_swing;h1_ob_target_caused_displacement;h1_ob_target_caused_imbalance;h1_ob_target_flip_zone;h1_ob_target_has_inducement;h1_ob_target_swept_liquidity;h1_ob_target_swept_liquidity_fractal;h1_ob_target_swept_liquidity_fvg;h1_ob_target_swept_liquidity_internal;h1_ob_target_swept_liquidity_previous_candle;h1_ob_target_swept_liquidity_swing;h1_ob_target_within_h4_ob;h4_mitigation_ob_caused_displacement;h4_mitigation_ob_caused_imbalance;h4_mitigation_ob_flip_zone;h4_mitigation_ob_has_inducement;h4_mitigation_ob_swept_liquidity;h4_mitigation_ob_swept_liquidity_fractal;h4_mitigation_ob_swept_liquidity_fvg;h4_mitigation_ob_swept_liquidity_internal;h4_mitigation_ob_swept_liquidity_previous_candle;h4_mitigation_ob_swept_liquidity_swing;h4_mitigation_ob_within_daily_ob;h4_ob_target_caused_displacement;h4_ob_target_caused_imbalance;h4_ob_target_flip_zone;h4_ob_target_has_inducement;h4_ob_target_swept_liquidity;h4_ob_target_swept_liquidity_fractal;h4_ob_target_swept_liquidity_fvg;h4_ob_target_swept_liquidity_internal;h4_ob_target_swept_liquidity_previous_candle;h4_ob_target_swept_liquidity_swing;h4_ob_target_within_daily_ob
2024-11-04,Monday,ny,2024-11-04 14:00:00+00:00,2024-11-04 15:00:00+00:00,bearish,197.002,197.369,195.53400000000005,197.369,0.3669999999999902,-42.17538420900743,loss,-1.0,sl,0.040871934604945995,-1.0,sl,False,0,1,0 days 01:00:00,10.200000000000387,False,-16.18,78.4,4.0,2024-11-04 14:00:00+00:00,False,197.349,197.085,1,daily_mitigation_ob_caused_displacement;daily_mitigation_ob_caused_imbalance;daily_mitigation_ob_flip_zone;daily_mitigation_ob_has_inducement;daily_mitigation_ob_swept_liquidity;daily_mitigation_ob_swept_liquidity_fractal;daily_mitigation_ob_swept_liquidity_fvg;daily_mitigation_ob_swept_liquidity_internal;daily_mitigation_ob_swept_liquidity_previous_candle;daily_mitigation_ob_swept_liquidity_swing;daily_ob_target_caused_displacement;daily_ob_target_caused_imbalance;daily_ob_target_flip_zone;daily_ob_target_has_inducement;daily_ob_target_swept_liquidity;daily_ob_target_swept_liquidity_fractal;daily_ob_target_swept_liquidity_fvg;daily_ob_target_swept_liquidity_internal;daily_ob_target_swept_liquidity_previous_candle;daily_ob_target_swept_liquidity_swing;h1_mitigation_ob_flip_zone;h1_mitigation_ob_swept_liquidity;h1_mitigation_ob_swept_liquidity_fractal;h1_mitigation_ob_swept_liquidity_internal;h1_mitigation_ob_swept_liquidity_previous_candle;h1_mitigation_ob_swept_liquidity_swing;h1_ob_target_caused_displacement;h1_ob_target_caused_imbalance;h1_ob_target_flip_zone;h1_ob_target_has_inducement;h1_ob_target_swept_liquidity;h1_ob_target_swept_liquidity_fractal;h1_ob_target_swept_liquidity_fvg;h1_ob_target_swept_liquidity_internal;h1_ob_target_swept_liquidity_previous_candle;h1_ob_target_swept_liquidity_swing;h1_ob_target_within_h4_ob;h4_mitigation_ob_caused_displacement;h4_mitigation_ob_caused_imbalance;h4_mitigation_ob_flip_zone;h4_mitigation_ob_has_inducement;h4_mitigation_ob_swept_liquidity;h4_mitigation_ob_swept_liquidity_fractal;h4_mitigation_ob_swept_liquidity_fvg;h4_mitigation_ob_swept_liquidity_internal;h4_mitigation_ob_swept_liquidity_previous_candle;h4_mitigation_ob_swept_liquidity_swing;h4_mitigation_ob_within_daily_ob;h4_ob_target_caused_displacement;h4_ob_target_caused_imbalance;h4_ob_target_flip_zone;h4_ob_target_has_inducement;h4_ob_target_swept_liquidity;h4_ob_target_swept_liquidity_fractal;h4_ob_target_swept_liquidity_fvg;h4_ob_target_swept_liquidity_internal;h4_ob_target_swept_liquidity_previous_candle;h4_ob_target_swept_liquidity_swing;h4_ob_target_within_daily_ob
2024-11-05,Tuesday,ny,2024-11-05 14:00:00+00:00,2024-11-05 19:00:00+00:00,bullish,197.521,196.601,201.20099999999994,197.396,0.9199999999999875,-20.849533227512016,loss,-0.13586956521739316,cut_19h,0.3739130434782904,-0.13586956521739316,cut_19h,False,1,5,0 days 05:00:00,0.0,False,-16.18,78.4,4.0,2024-11-05 14:00:00+00:00,False,197.287,196.621,1,daily_mitigation_ob_caused_displacement;daily_mitigation_ob_caused_imbalance;daily_mitigation_ob_flip_zone;daily_mitigation_ob_has_inducement;daily_mitigation_ob_swept_liquidity;daily_mitigation_ob_swept_liquidity_fractal;daily_mitigation_ob_swept_liquidity_fvg;daily_mitigation_ob_swept_liquidity_internal;daily_mitigation_ob_swept_liquidity_previous_candle;daily_mitigation_ob_swept_liquidity_swing;daily_ob_target_flip_zone;daily_ob_target_swept_liquidity;daily_ob_target_swept_liquidity_fvg;daily_ob_target_swept_liquidity_internal;daily_ob_target_swept_liquidity_previous_candle;daily_ob_target_swept_liquidity_swing;h1_mitigation_ob_flip_zone;h1_mitigation_ob_swept_liquidity_fractal;h1_mitigation_ob_swept_liquidity_fvg;h1_mitigation_ob_swept_liquidity_internal;h1_mitigation_ob_swept_liquidity_previous_candle;h1_mitigation_ob_swept_liquidity_swing;h1_ob_target_flip_zone;h1_ob_target_swept_liquidity;h1_ob_target_swept_liquidity_fvg;h1_ob_target_swept_liquidity_swing;h4_mitigation_ob_caused_displacement;h4_mitigation_ob_caused_imbalance;h4_mitigation_ob_flip_zone;h4_mitigation_ob_has_inducement;h4_mitigation_ob_swept_liquidity;h4_mitigation_ob_swept_liquidity_fractal;h4_mitigation_ob_swept_liquidity_fvg;h4_mitigation_ob_swept_liquidity_internal;h4_mitigation_ob_swept_liquidity_previous_candle;h4_mitigation_ob_swept_liquidity_swing;h4_mitigation_ob_within_daily_ob;h4_ob_target_flip_zone;h4_ob_target_swept_liquidity;h4_ob_target_swept_liquidity_fractal;h4_ob_target_swept_liquidity_fvg;h4_ob_target_swept_liquidity_previous_candle;h4_ob_target_swept_liquidity_swing
2024-11-07,Thursday,ny,2024-11-07 12:00:00+00:00,2024-11-07 19:00:00+00:00,bullish,199.205,198.16899999999998,203.34900000000013,198.377,1.0360000000000298,-28.154435261762313,loss,-0.7992277992277791,cut_19h,0.15830115830114147,-0.7992277992277791,cut_19h,False,1,7,0 days 07:00:00,0.0,False,-16.18,78.4,4.0,2024-11-07 11:00:00+00:00,True,198.601,198.189,1,daily_mitigation_ob_caused_displacement;daily_mitigation_ob_caused_imbalance;daily_mitigation_ob_flip_zone;daily_mitigation_ob_has_inducement;daily_mitigation_ob_swept_liquidity;daily_mitigation_ob_swept_liquidity_fractal;daily_mitigation_ob_swept_liquidity_fvg;daily_mitigation_ob_swept_liquidity_internal;daily_mitigation_ob_swept_liquidity_previous_candle;daily_mitigation_ob_swept_liquidity_swing;daily_ob_target_flip_zone;daily_ob_target_swept_liquidity;daily_ob_target_swept_liquidity_fvg;daily_ob_target_swept_liquidity_internal;daily_ob_target_swept_liquidity_previous_candle;daily_ob_target_swept_liquidity_swing;h1_mitigation_ob_flip_zone;h1_mitigation_ob_swept_liquidity_fractal;h1_mitigation_ob_swept_liquidity_fvg;h1_mitigation_ob_swept_liquidity_internal;h1_mitigation_ob_swept_liquidity_previous_candle;h1_mitigation_ob_swept_liquidity_swing;h1_ob_target_flip_zone;h1_ob_target_swept_liquidity;h1_ob_target_swept_liquidity_fractal;h1_ob_target_swept_liquidity_internal;h1_ob_target_swept_liquidity_swing;h4_mitigation_ob_caused_displacement;h4_mitigation_ob_caused_imbalance;h4_mitigation_ob_flip_zone;h4_mitigation_ob_has_inducement;h4_mitigation_ob_swept_liquidity;h4_mitigation_ob_swept_liquidity_fractal;h4_mitigation_ob_swept_liquidity_fvg;h4_mitigation_ob_swept_liquidity_internal;h4_mitigation_ob_swept_liquidity_previous_candle;h4_mitigation_ob_swept_liquidity_swing;h4_mitigation_ob_within_daily_ob;h4_ob_target_flip_zone;h4_ob_target_swept_liquidity;h4_ob_target_swept_liquidity_fractal;h4_ob_target_swept_liquidity_internal;h4_ob_target_swept_liquidity_swing
2024-11-08,Friday,ny,2024-11-08 12:00:00+00:00,2024-11-08 17:00:00+00:00,bullish,197.229,196.813,198.89300000000011,196.813,0.41600000000002524,-35.25286504373862,loss,-1.0,sl,1.4230769230767997,-1.0,sl,False,0,5,0 days 05:00:00,8.199999999999363,False,-16.18,78.4,4.0,2024-11-08 11:00:00+00:00,True,197.168,196.833,1,daily_mitigation_ob_caused_displacement;daily_mitigation_ob_caused_imbalance;daily_mitigation_ob_flip_zone;daily_mitigation_ob_has_inducement;daily_mitigation_ob_swept_liquidity;daily_mitigation_ob_swept_liquidity_fractal;daily_mitigation_ob_swept_liquidity_fvg;daily_mitigation_ob_swept_liquidity_internal;daily_mitigation_ob_swept_liquidity_previous_candle;daily_mitigation_ob_swept_liquidity_swing;daily_ob_target_caused_displacement;daily_ob_target_caused_imbalance;daily_ob_target_flip_zone;daily_ob_target_has_inducement;daily_ob_target_swept_liquidity;daily_ob_target_swept_liquidity_fractal;daily_ob_target_swept_liquidity_fvg;daily_ob_target_swept_liquidity_internal;daily_ob_target_swept_liquidity_previous_candle;daily_ob_target_swept_liquidity_swing;h1_mitigation_ob_flip_zone;h1_mitigation_ob_swept_liquidity_fractal;h1_mitigation_ob_swept_liquidity_fvg;h1_mitigation_ob_swept_liquidity_internal;h1_mitigation_ob_swept_liquidity_previous_candle;h1_mitigation_ob_swept_liquidity_swing;h1_ob_target_flip_zone;h1_ob_target_swept_liquidity_fractal;h1_ob_target_swept_liquidity_fvg;h1_ob_target_swept_liquidity_internal;h1_ob_target_swept_liquidity_previous_candle;h1_ob_target_swept_liquidity_swing;h4_mitigation_ob_caused_displacement;h4_mitigation_ob_caused_imbalance;h4_mitigation_ob_flip_zone;h4_mitigation_ob_has_inducement;h4_mitigation_ob_swept_liquidity;h4_mitigation_ob_swept_liquidity_fractal;h4_mitigation_ob_swept_liquidity_fvg;h4_mitigation_ob_swept_liquidity_internal;h4_mitigation_ob_swept_liquidity_previous_candle;h4_mitigation_ob_swept_liquidity_swing;h4_mitigation_ob_within_daily_ob;h4_ob_target_caused_displacement;h4_ob_target_caused_imbalance;h4_ob_target_flip_zone;h4_ob_target_has_inducement;h4_ob_target_swept_liquidity;h4_ob_target_swept_liquidity_fractal;h4_ob_target_swept_liquidity_fvg;h4_ob_target_swept_liquidity_internal;h4_ob_target_swept_liquidity_previous_candle;h4_ob_target_swept_liquidity_swing;h4_ob_target_within_daily_ob
2024-11-11,Monday,london,2024-11-11 09:00:00+00:00,2024-11-14 15:00:00+00:00,bearish,198.168,199.062,194.59199999999998,198.168,0.8940000000000055,-34.1738776150877,breakeven,0.0,be_stop,1.7002237136465335,0.0,be_stop,True,3,78,3 days 06:00:00,7.30000000000075,False,-16.18,78.4,4.0,2024-11-11 09:00:00+00:00,False,199.042,198.284,2,daily_mitigation_ob_caused_displacement;daily_mitigation_ob_caused_imbalance;daily_mitigation_ob_flip_zone;daily_mitigation_ob_has_inducement;daily_mitigation_ob_swept_liquidity;daily_mitigation_ob_swept_liquidity_fractal;daily_mitigation_ob_swept_liquidity_fvg;daily_mitigation_ob_swept_liquidity_internal;daily_mitigation_ob_swept_liquidity_previous_candle;daily_mitigation_ob_swept_liquidity_swing;daily_ob_target_caused_displacement;daily_ob_target_caused_imbalance;daily_ob_target_flip_zone;daily_ob_target_has_inducement;daily_ob_target_swept_liquidity;daily_ob_target_swept_liquidity_fractal;daily_ob_target_swept_liquidity_fvg;daily_ob_target_swept_liquidity_internal;daily_ob_target_swept_liquidity_previous_candle;daily_ob_target_swept_liquidity_swing;h1_mitigation_ob_flip_zone;h1_mitigation_ob_swept_liquidity;h1_mitigation_ob_swept_liquidity_fvg;h1_mitigation_ob_swept_liquidity_internal;h1_mitigation_ob_swept_liquidity_previous_candle;h1_mitigation_ob_swept_liquidity_swing;h1_ob_target_flip_zone;h1_ob_target_swept_liquidity_fractal;h1_ob_target_swept_liquidity_fvg;h1_ob_target_swept_liquidity_internal;h1_ob_target_swept_liquidity_previous_candle;h1_ob_target_swept_liquidity_swing;h4_mitigation_ob_caused_displacement;h4_mitigation_ob_caused_imbalance;h4_mitigation_ob_flip_zone;h4_mitigation_ob_has_inducement;h4_mitigation_ob_swept_liquidity;h4_mitigation_ob_swept_liquidity_fractal;h4_mitigation_ob_swept_liquidity_fvg;h4_mitigation_ob_swept_liquidity_internal;h4_mitigation_ob_swept_liquidity_previous_candle;h4_mitigation_ob_swept_liquidity_swing;h4_mitigation_ob_within_daily_ob;h4_ob_target_flip_zone;h4_ob_target_swept_liquidity_fractal;h4_ob_target_swept_liquidity_fvg;h4_ob_target_swept_liquidity_internal;h4_ob_target_swept_liquidity_previous_candle;h4_ob_target_swept_liquidity_swing
2024-11-15,Friday,ny,2024-11-15 12:00:00+00:00,2024-11-15 18:00:00+00:00,bearish,196.989,197.637,194.39700000000002,194.39700000000002,0.6479999999999961,-31.426621281633093,win,4.0,tp,4.165123456790167,4.0000000000000435,friday_close,False,0,6,0 days 06:00:00,0.0,False,-16.18,78.4,4.0,2024-11-15 12:00:00+00:00,False,197.617,197.284,1,daily_mitigation_ob_caused_displacement;daily_mitigation_ob_caused_imbalance;daily_mitigation_ob_flip_zone;daily_mitigation_ob_has_inducement;daily_mitigation_ob_swept_liquidity;daily_mitigation_ob_swept_liquidity_fractal;daily_mitigation_ob_swept_liquidity_fvg;daily_mitigation_ob_swept_liquidity_internal;daily_mitigation_ob_swept_liquidity_previous_candle;daily_mitigation_ob_swept_liquidity_swing;daily_ob_target_caused_displacement;daily_ob_target_caused_imbalance;daily_ob_target_flip_zone;daily_ob_target_has_inducement;daily_ob_target_swept_liquidity;daily_ob_target_swept_liquidity_fractal;daily_ob_target_swept_liquidity_fvg;daily_ob_target_swept_liquidity_internal;daily_ob_target_swept_liquidity_previous_candle;daily_ob_target_swept_liquidity_swing;h1_mitigation_ob_flip_zone;h1_mitigation_ob_swept_liquidity_fractal;h1_mitigation_ob_swept_liquidity_fvg;h1_mitigation_ob_swept_liquidity_internal;h1_mitigation_ob_swept_liquidity_previous_candle;h1_mitigation_ob_swept_liquidity_swing;h1_ob_target_flip_zone;h1_ob_target_swept_liquidity;h1_ob_target_swept_liquidity_fvg;h1_ob_target_swept_liquidity_internal;h1_ob_target_swept_liquidity_swing;h4_mitigation_ob_caused_displacement;h4_mitigation_ob_caused_imbalance;h4_mitigation_ob_flip_zone;h4_mitigation_ob_has_inducement;h4_mitigation_ob_swept_liquidity;h4_mitigation_ob_swept_liquidity_fractal;h4_mitigation_ob_swept_liquidity_fvg;h4_mitigation_ob_swept_liquidity_internal;h4_mitigation_ob_swept_liquidity_previous_candle;h4_mitigation_ob_swept_liquidity_swing;h4_mitigation_ob_within_daily_ob;h4_ob_target_flip_zone;h4_ob_target_swept_liquidity_fractal;h4_ob_target_swept_liquidity_fvg;h4_ob_target_swept_liquidity_internal;h4_ob_target_swept_liquidity_previous_candle;h4_ob_target_swept_liquidity_swing
2024-11-20,Wednesday,london,2024-11-20 07:00:00+00:00,2024-11-20 15:00:00+00:00,bullish,197.606,196.421,202.346,196.421,1.1850000000000023,-24.149787674789668,loss,-1.0,sl,0.07257383966245787,-1.0,sl,False,0,8,0 days 08:00:00,22.399999999998954,False,-16.18,78.4,4.0,2024-11-20 06:00:00+00:00,True,196.755,196.441,1,daily_mitigation_ob_caused_displacement;daily_mitigation_ob_caused_imbalance;daily_mitigation_ob_flip_zone;daily_mitigation_ob_has_inducement;daily_mitigation_ob_swept_liquidity;daily_mitigation_ob_swept_liquidity_fractal;daily_mitigation_ob_swept_liquidity_fvg;daily_mitigation_ob_swept_liquidity_internal;daily_mitigation_ob_swept_liquidity_previous_candle;daily_mitigation_ob_swept_liquidity_swing;daily_ob_target_flip_zone;daily_ob_target_swept_liquidity;daily_ob_target_swept_liquidity_fvg;daily_ob_target_swept_liquidity_internal;daily_ob_target_swept_liquidity_previous_candle;daily_ob_target_swept_liquidity_swing;h1_mitigation_ob_flip_zone;h1_mitigation_ob_swept_liquidity_fractal;h1_mitigation_ob_swept_liquidity_fvg;h1_mitigation_ob_swept_liquidity_internal;h1_mitigation_ob_swept_liquidity_previous_candle;h1_mitigation_ob_swept_liquidity_swing;h1_ob_target_flip_zone;h1_ob_target_swept_liquidity_fractal;h1_ob_target_swept_liquidity_fvg;h1_ob_target_swept_liquidity_internal;h1_ob_target_swept_liquidity_previous_candle;h1_ob_target_swept_liquidity_swing;h4_mitigation_ob_caused_displacement;h4_mitigation_ob_caused_imbalance;h4_mitigation_ob_flip_zone;h4_mitigation_ob_has_inducement;h4_mitigation_ob_swept_liquidity;h4_mitigation_ob_swept_liquidity_fractal;h4_mitigation_ob_swept_liquidity_fvg;h4_mitigation_ob_swept_liquidity_internal;h4_mitigation_ob_swept_liquidity_previous_candle;h4_mitigation_ob_swept_liquidity_swing;h4_mitigation_ob_within_daily_ob;h4_ob_target_flip_zone;h4_ob_target_swept_liquidity_fractal;h4_ob_target_swept_liquidity_fvg;h4_ob_target_swept_liquidity_internal;h4_ob_target_swept_liquidity_previous_candle;h4_ob_target_swept_liquidity_swing
2024-11-20,Wednesday,london,2024-11-20 08:00:00+00:00,2024-11-21 09:00:00+00:00,bearish,197.281,197.929,194.68900000000002,194.68900000000002,0.6479999999999961,21.561368482482898,win,4.0,tp,6.847222222222281,5.3364197530864494,friday_close,True,2,25,1 days 01:00:00,0.0,True,-16.18,78.4,4.0,2024-11-20 08:00:00+00:00,False,197.909,197.758,1,daily_mitigation_ob_flip_zone;daily_mitigation_ob_swept_liquidity_fractal;daily_mitigation_ob_swept_liquidity_fvg;daily_mitigation_ob_swept_liquidity_internal;daily_mitigation_ob_swept_liquidity_previous_candle;daily_mitigation_ob_swept_liquidity_swing;daily_ob_target_caused_displacement;daily_ob_target_caused_imbalance;daily_ob_target_flip_zone;daily_ob_target_has_inducement;daily_ob_target_swept_liquidity;daily_ob_target_swept_liquidity_fractal;daily_ob_target_swept_liquidity_fvg;daily_ob_target_swept_liquidity_internal;daily_ob_target_swept_liquidity_previous_candle;daily_ob_target_swept_liquidity_swing;h1_mitigation_ob_flip_zone;h1_mitigation_ob_swept_liquidity_fractal;h1_mitigation_ob_swept_liquidity_fvg;h1_mitigation_ob_swept_liquidity_internal;h1_mitigation_ob_swept_liquidity_previous_candle;h1_mitigation_ob_swept_liquidity_swing;h1_ob_target_flip_zone;h1_ob_target_swept_liquidity_fractal;h1_ob_target_swept_liquidity_fvg;h1_ob_target_swept_liquidity_internal;h1_ob_target_swept_liquidity_previous_candle;h1_ob_target_swept_liquidity_swing;h4_mitigation_ob_caused_displacement;h4_mitigation_ob_caused_imbalance;h4_mitigation_ob_flip_zone;h4_mitigation_ob_has_inducement;h4_mitigation_ob_swept_liquidity;h4_mitigation_ob_swept_liquidity_fractal;h4_mitigation_ob_swept_liquidity_fvg;h4_mitigation_ob_swept_liquidity_internal;h4_mitigation_ob_swept_liquidity_previous_candle;h4_mitigation_ob_swept_liquidity_swing;h4_mitigation_ob_within_daily_ob;h4_ob_target_flip_zone;h4_ob_target_swept_liquidity;h4_ob_target_swept_liquidity_internal;h4_ob_target_swept_liquidity_swing
2024-11-21,Thursday,london,2024-11-21 07:00:00+00:00,2024-11-22 09:00:00+00:00,bearish,195.928,196.603,193.22799999999995,193.22799999999995,0.6750000000000114,-33.51136502872997,win,4.0,tp,4.568888888888817,3.1185185185184507,friday_close,True,1,26,1 days 02:00:00,0.0,False,-16.18,78.4,4.0,2024-11-21 06:00:00+00:00,True,196.583,196.388,1,daily_mitigation_ob_caused_displacement;daily_mitigation_ob_caused_imbalance;daily_mitigation_ob_flip_zone;daily_mitigation_ob_has_inducement;daily_mitigation_ob_swept_liquidity;daily_mitigation_ob_swept_liquidity_fractal;daily_mitigation_ob_swept_liquidity_fvg;daily_mitigation_ob_swept_liquidity_internal;daily_mitigation_ob_swept_liquidity_previous_candle;daily_mitigation_ob_swept_liquidity_swing;daily_ob_target_caused_displacement;daily_ob_target_caused_imbalance;daily_ob_target_flip_zone;daily_ob_target_has_inducement;daily_ob_target_swept_liquidity;daily_ob_target_swept_liquidity_fractal;daily_ob_target_swept_liquidity_fvg;daily_ob_target_swept_liquidity_internal;daily_ob_target_swept_liquidity_previous_candle;daily_ob_target_swept_liquidity_swing;h1_mitigation_ob_flip_zone;h1_mitigation_ob_swept_liquidity_fractal;h1_mitigation_ob_swept_liquidity_fvg;h1_mitigation_ob_swept_liquidity_internal;h1_mitigation_ob_swept_liquidity_previous_candle;h1_mitigation_ob_swept_liquidity_swing;h1_ob_target_flip_zone;h1_ob_target_swept_liquidity_fractal;h1_ob_target_swept_liquidity_fvg;h1_ob_target_swept_liquidity_internal;h1_ob_target_swept_liquidity_previous_candle;h1_ob_target_swept_liquidity_swing;h4_mitigation_ob_caused_displacement;h4_mitigation_ob_caused_imbalance;h4_mitigation_ob_flip_zone;h4_mitigation_ob_has_inducement;h4_mitigation_ob_swept_liquidity;h4_mitigation_ob_swept_liquidity_fractal;h4_mitigation_ob_swept_liquidity_fvg;h4_mitigation_ob_swept_liquidity_internal;h4_mitigation_ob_swept_liquidity_previous_candle;h4_mitigation_ob_swept_liquidity_swing;h4_mitigation_ob_within_daily_ob;h4_ob_target_caused_displacement;h4_ob_target_caused_imbalance;h4_ob_target_flip_zone;h4_ob_target_has_inducement;h4_ob_target_swept_liquidity;h4_ob_target_swept_liquidity_fractal;h4_ob_target_swept_liquidity_fvg;h4_ob_target_swept_liquidity_internal;h4_ob_target_swept_liquidity_previous_candle;h4_ob_target_swept_liquidity_swing;h4_ob_target_within_daily_ob
2024-11-21,Thursday,london,2024-11-21 07:00:00+00:00,2024-11-21 19:00:00+00:00,bullish,195.928,193.932,203.91200000000003,194.746,1.9960000000000093,-32.03801821321041,loss,-0.5921843687374662,cut_19h,0.0906813627254563,-0.5921843687374662,cut_19h,False,1,12,0 days 12:00:00,0.0,False,-16.18,78.4,4.0,2024-11-21 07:00:00+00:00,False,195.83,193.952,1,daily_mitigation_ob_caused_displacement;daily_mitigation_ob_caused_imbalance;daily_mitigation_ob_flip_zone;daily_mitigation_ob_has_inducement;daily_mitigation_ob_swept_liquidity;daily_mitigation_ob_swept_liquidity_fractal;daily_mitigation_ob_swept_liquidity_fvg;daily_mitigation_ob_swept_liquidity_internal;daily_mitigation_ob_swept_liquidity_previous_candle;daily_mitigation_ob_swept_liquidity_swing;daily_ob_target_flip_zone;daily_ob_target_swept_liquidity;daily_ob_target_swept_liquidity_fvg;daily_ob_target_swept_liquidity_internal;daily_ob_target_swept_liquidity_previous_candle;daily_ob_target_swept_liquidity_swing;h1_mitigation_ob_flip_zone;h1_mitigation_ob_swept_liquidity_fractal;h1_mitigation_ob_swept_liquidity_fvg;h1_mitigation_ob_swept_liquidity_internal;h1_mitigation_ob_swept_liquidity_previous_candle;h1_mitigation_ob_swept_liquidity_swing;h1_ob_target_flip_zone;h1_ob_target_swept_liquidity;h1_ob_target_swept_liquidity_fractal;h1_ob_target_swept_liquidity_internal;h1_ob_target_swept_liquidity_previous_candle;h1_ob_target_swept_liquidity_swing;h4_mitigation_ob_flip_zone;h4_mitigation_ob_swept_liquidity;h4_mitigation_ob_swept_liquidity_internal;h4_mitigation_ob_swept_liquidity_swing;h4_ob_target_flip_zone;h4_ob_target_swept_liquidity_fractal;h4_ob_target_swept_liquidity_fvg;h4_ob_target_swept_liquidity_internal;h4_ob_target_swept_liquidity_previous_candle;h4_ob_target_swept_liquidity_swing
2024-11-22,Friday,london,2024-11-22 07:00:00+00:00,2024-11-22 08:00:00+00:00,bearish,194.519,194.65,193.995,194.65,0.13100000000000023,-14.471832180481128,loss,-1.0,sl,0.0,-1.0,sl,False,0,1,0 days 01:00:00,14.400000000000546,True,-16.18,78.4,4.0,2024-11-22 06:00:00+00:00,True,194.63,194.378,2,daily_mitigation_ob_caused_displacement;daily_mitigation_ob_caused_imbalance;daily_mitigation_ob_flip_zone;daily_mitigation_ob_has_inducement;daily_mitigation_ob_swept_liquidity;daily_mitigation_ob_swept_liquidity_fractal;daily_mitigation_ob_swept_liquidity_fvg;daily_mitigation_ob_swept_liquidity_internal;daily_mitigation_ob_swept_liquidity_previous_candle;daily_mitigation_ob_swept_liquidity_swing;daily_ob_target_caused_displacement;daily_ob_target_caused_imbalance;daily_ob_target_flip_zone;daily_ob_target_has_inducement;daily_ob_target_swept_liquidity;daily_ob_target_swept_liquidity_fractal;daily_ob_target_swept_liquidity_fvg;daily_ob_target_swept_liquidity_internal;daily_ob_target_swept_liquidity_previous_candle;daily_ob_target_swept_liquidity_swing;h1_mitigation_ob_flip_zone;h1_mitigation_ob_swept_liquidity_fractal;h1_mitigation_ob_swept_liquidity_fvg;h1_mitigation_ob_swept_liquidity_internal;h1_mitigation_ob_swept_liquidity_previous_candle;h1_mitigation_ob_swept_liquidity_swing;h1_ob_target_flip_zone;h1_ob_target_swept_liquidity_fractal;h1_ob_target_swept_liquidity_fvg;h1_ob_target_swept_liquidity_internal;h1_ob_target_swept_liquidity_previous_candle;h1_ob_target_swept_liquidity_swing;h4_mitigation_ob_caused_displacement;h4_mitigation_ob_caused_imbalance;h4_mitigation_ob_flip_zone;h4_mitigation_ob_has_inducement;h4_mitigation_ob_swept_liquidity;h4_mitigation_ob_swept_liquidity_fractal;h4_mitigation_ob_swept_liquidity_fvg;h4_mitigation_ob_swept_liquidity_internal;h4_mitigation_ob_swept_liquidity_previous_candle;h4_mitigation_ob_swept_liquidity_swing;h4_mitigation_ob_within_daily_ob;h4_ob_target_caused_displacement;h4_ob_target_caused_imbalance;h4_ob_target_flip_zone;h4_ob_target_has_inducement;h4_ob_target_swept_liquidity;h4_ob_target_swept_liquidity_fractal;h4_ob_target_swept_liquidity_fvg;h4_ob_target_swept_liquidity_internal;h4_ob_target_swept_liquidity_previous_candle;h4_ob_target_swept_liquidity_swing;h4_ob_target_within_daily_ob
2024-11-28,Thursday,ny,2024-11-28 12:00:00+00:00,2024-11-28 14:00:00+00:00,bullish,192.219,191.87199999999999,193.60700000000003,191.87199999999999,0.3470000000000084,-40.60157917863204,loss,-1.0,sl,0.03746397694525912,-1.0,sl,False,0,2,0 days 02:00:00,5.49999999999784,False,-16.18,78.4,4.0,2024-11-28 11:00:00+00:00,True,192.19,191.892,1,daily_mitigation_ob_caused_displacement;daily_mitigation_ob_caused_imbalance;daily_mitigation_ob_flip_zone;daily_mitigation_ob_has_inducement;daily_mitigation_ob_swept_liquidity;daily_mitigation_ob_swept_liquidity_fractal;daily_mitigation_ob_swept_liquidity_fvg;daily_mitigation_ob_swept_liquidity_internal;daily_mitigation_ob_swept_liquidity_previous_candle;daily_mitigation_ob_swept_liquidity_swing;daily_ob_target_flip_zone;daily_ob_target_swept_liquidity;daily_ob_target_swept_liquidity_fractal;daily_ob_target_swept_liquidity_fvg;daily_ob_target_swept_liquidity_internal;daily_ob_target_swept_liquidity_swing;h1_mitigation_ob_flip_zone;h1_mitigation_ob_swept_liquidity_fractal;h1_mitigation_ob_swept_liquidity_fvg;h1_mitigation_ob_swept_liquidity_internal;h1_mitigation_ob_swept_liquidity_previous_candle;h1_mitigation_ob_swept_liquidity_swing;h1_ob_target_flip_zone;h1_ob_target_swept_liquidity_fractal;h1_ob_target_swept_liquidity_fvg;h1_ob_target_swept_liquidity_internal;h1_ob_target_swept_liquidity_previous_candle;h1_ob_target_swept_liquidity_swing;h4_mitigation_ob_caused_displacement;h4_mitigation_ob_caused_imbalance;h4_mitigation_ob_flip_zone;h4_mitigation_ob_has_inducement;h4_mitigation_ob_swept_liquidity;h4_mitigation_ob_swept_liquidity_fractal;h4_mitigation_ob_swept_liquidity_fvg;h4_mitigation_ob_swept_liquidity_internal;h4_mitigation_ob_swept_liquidity_previous_candle;h4_mitigation_ob_swept_liquidity_swing;h4_mitigation_ob_within_daily_ob;h4_ob_target_flip_zone;h4_ob_target_swept_liquidity;h4_ob_target_swept_liquidity_fractal;h4_ob_target_swept_liquidity_internal;h4_ob_target_swept_liquidity_swing
2024-11-28,Thursday,ny,2024-11-28 13:00:00+00:00,2024-11-28 14:00:00+00:00,bullish,191.936,191.87199999999999,192.1920000000001,191.87199999999999,0.06400000000002137,-47.268136390974604,loss,-1.0,sl,0.0,-1.0,sl,False,0,1,0 days 01:00:00,5.49999999999784,False,-16.18,78.4,4.0,2024-11-28 13:00:00+00:00,False,192.19,191.892,2,daily_mitigation_ob_caused_displacement;daily_mitigation_ob_caused_imbalance;daily_mitigation_ob_flip_zone;daily_mitigation_ob_has_inducement;daily_mitigation_ob_swept_liquidity;daily_mitigation_ob_swept_liquidity_fractal;daily_mitigation_ob_swept_liquidity_fvg;daily_mitigation_ob_swept_liquidity_internal;daily_mitigation_ob_swept_liquidity_previous_candle;daily_mitigation_ob_swept_liquidity_swing;daily_ob_target_caused_displacement;daily_ob_target_caused_imbalance;daily_ob_target_flip_zone;daily_ob_target_has_inducement;daily_ob_target_swept_liquidity;daily_ob_target_swept_liquidity_fractal;daily_ob_target_swept_liquidity_fvg;daily_ob_target_swept_liquidity_internal;daily_ob_target_swept_liquidity_previous_candle;daily_ob_target_swept_liquidity_swing;h1_mitigation_ob_flip_zone;h1_mitigation_ob_swept_liquidity_fractal;h1_mitigation_ob_swept_liquidity_fvg;h1_mitigation_ob_swept_liquidity_internal;h1_mitigation_ob_swept_liquidity_previous_candle;h1_mitigation_ob_swept_liquidity_swing;h1_ob_target_caused_displacement;h1_ob_target_caused_imbalance;h1_ob_target_flip_zone;h1_ob_target_has_inducement;h1_ob_target_swept_liquidity;h1_ob_target_swept_liquidity_fractal;h1_ob_target_swept_liquidity_fvg;h1_ob_target_swept_liquidity_internal;h1_ob_target_swept_liquidity_previous_candle;h1_ob_target_swept_liquidity_swing;h1_ob_target_within_h4_ob;h4_mitigation_ob_caused_displacement;h4_mitigation_ob_caused_imbalance;h4_mitigation_ob_flip_zone;h4_mitigation_ob_has_inducement;h4_mitigation_ob_swept_liquidity;h4_mitigation_ob_swept_liquidity_fractal;h4_mitigation_ob_swept_liquidity_fvg;h4_mitigation_ob_swept_liquidity_internal;h4_mitigation_ob_swept_liquidity_previous_candle;h4_mitigation_ob_swept_liquidity_swing;h4_mitigation_ob_within_daily_ob;h4_ob_target_caused_displacement;h4_ob_target_caused_imbalance;h4_ob_target_flip_zone;h4_ob_target_has_inducement;h4_ob_target_swept_liquidity;h4_ob_target_swept_liquidity_fractal;h4_ob_target_swept_liquidity_fvg;h4_ob_target_swept_liquidity_internal;h4_ob_target_swept_liquidity_previous_candle;h4_ob_target_swept_liquidity_swing;h4_ob_target_within_daily_ob
2024-11-29,Friday,ny,2024-11-29 13:00:00+00:00,2024-11-29 16:00:00+00:00,bearish,190.23,190.96900000000002,187.27399999999986,190.96900000000002,0.7390000000000327,-23.098546185804413,loss,-1.0,sl,0.0771312584573551,-1.0,sl,False,0,3,0 days 03:00:00,27.499999999997726,False,-16.18,78.4,4.0,2024-11-29 13:00:00+00:00,False,190.949,190.675,1,daily_mitigation_ob_caused_displacement;daily_mitigation_ob_caused_imbalance;daily_mitigation_ob_flip_zone;daily_mitigation_ob_has_inducement;daily_mitigation_ob_swept_liquidity;daily_mitigation_ob_swept_liquidity_fractal;daily_mitigation_ob_swept_liquidity_fvg;daily_mitigation_ob_swept_liquidity_internal;daily_mitigation_ob_swept_liquidity_previous_candle;daily_mitigation_ob_swept_liquidity_swing;daily_ob_target_flip_zone;daily_ob_target_swept_liquidity_fractal;daily_ob_target_swept_liquidity_fvg;daily_ob_target_swept_liquidity_internal;daily_ob_target_swept_liquidity_previous_candle;daily_ob_target_swept_liquidity_swing;h1_mitigation_ob_flip_zone;h1_mitigation_ob_swept_liquidity_fractal;h1_mitigation_ob_swept_liquidity_fvg;h1_mitigation_ob_swept_liquidity_internal;h1_mitigation_ob_swept_liquidity_previous_candle;h1_mitigation_ob_swept_liquidity_swing;h1_ob_target_flip_zone;h1_ob_target_swept_liquidity;h1_ob_target_swept_liquidity_fractal;h1_ob_target_swept_liquidity_fvg;h1_ob_target_swept_liquidity_internal;h1_ob_target_swept_liquidity_swing;h4_mitigation_ob_caused_displacement;h4_mitigation_ob_caused_imbalance;h4_mitigation_ob_flip_zone;h4_mitigation_ob_has_inducement;h4_mitigation_ob_swept_liquidity;h4_mitigation_ob_swept_liquidity_fractal;h4_mitigation_ob_swept_liquidity_fvg;h4_mitigation_ob_swept_liquidity_internal;h4_mitigation_ob_swept_liquidity_previous_candle;h4_mitigation_ob_swept_liquidity_swing;h4_mitigation_ob_within_daily_ob;h4_ob_target_flip_zone;h4_ob_target_swept_liquidity_fractal;h4_ob_target_swept_liquidity_fvg;h4_ob_target_swept_liquidity_internal;h4_ob_target_swept_liquidity_previous_candle;h4_ob_target_swept_liquidity_swing
2024-12-02,Monday,london,2024-12-02 07:00:00+00:00,2024-12-04 07:00:00+00:00,bearish,190.548,191.556,186.51599999999996,190.548,1.0080000000000098,-22.223430178711265,breakeven,0.0,be_stop,2.451388888888869,0.0,be_stop,True,2,48,2 days 00:00:00,22.999999999998977,False,-16.18,78.4,4.0,2024-12-02 06:00:00+00:00,True,191.536,191.261,1,daily_mitigation_ob_caused_displacement;daily_mitigation_ob_caused_imbalance;daily_mitigation_ob_flip_zone;daily_mitigation_ob_has_inducement;daily_mitigation_ob_swept_liquidity;daily_mitigation_ob_swept_liquidity_fractal;daily_mitigation_ob_swept_liquidity_fvg;daily_mitigation_ob_swept_liquidity_internal;daily_mitigation_ob_swept_liquidity_previous_candle;daily_mitigation_ob_swept_liquidity_swing;daily_ob_target_flip_zone;daily_ob_target_swept_liquidity_fractal;daily_ob_target_swept_liquidity_fvg;daily_ob_target_swept_liquidity_internal;daily_ob_target_swept_liquidity_previous_candle;daily_ob_target_swept_liquidity_swing;h1_mitigation_ob_flip_zone;h1_mitigation_ob_swept_liquidity;h1_mitigation_ob_swept_liquidity_fvg;h1_mitigation_ob_swept_liquidity_internal;h1_mitigation_ob_swept_liquidity_previous_candle;h1_mitigation_ob_swept_liquidity_swing;h1_ob_target_flip_zone;h1_ob_target_swept_liquidity;h1_ob_target_swept_liquidity_fractal;h1_ob_target_swept_liquidity_fvg;h1_ob_target_swept_liquidity_internal;h1_ob_target_swept_liquidity_swing;h4_mitigation_ob_flip_zone;h4_mitigation_ob_swept_liquidity;h4_mitigation_ob_swept_liquidity_fractal;h4_mitigation_ob_swept_liquidity_internal;h4_mitigation_ob_swept_liquidity_previous_candle;h4_mitigation_ob_swept_liquidity_swing;h4_ob_target_flip_zone;h4_ob_target_swept_liquidity_fractal;h4_ob_target_swept_liquidity_fvg;h4_ob_target_swept_liquidity_internal;h4_ob_target_swept_liquidity_previous_candle;h4_ob_target_swept_liquidity_swing
2024-12-02,Monday,ny,2024-12-02 14:00:00+00:00,2024-12-02 23:00:00+00:00,bearish,189.487,190.81300000000002,184.1829999999999,189.487,1.3260000000000218,2.9119840663886185,breakeven,0.0,be_stop,0.7677224736048144,0.0,be_stop,True,1,9,0 days 09:00:00,9.800000000001319,False,-16.18,78.4,4.0,2024-12-02 14:00:00+00:00,False,190.793,190.438,1,daily_mitigation_ob_caused_displacement;daily_mitigation_ob_caused_imbalance;daily_mitigation_ob_flip_zone;daily_mitigation_ob_has_inducement;daily_mitigation_ob_swept_liquidity;daily_mitigation_ob_swept_liquidity_fractal;daily_mitigation_ob_swept_liquidity_fvg;daily_mitigation_ob_swept_liquidity_internal;daily_mitigation_ob_swept_liquidity_previous_candle;daily_mitigation_ob_swept_liquidity_swing;daily_ob_target_flip_zone;daily_ob_target_swept_liquidity_fractal;daily_ob_target_swept_liquidity_fvg;daily_ob_target_swept_liquidity_internal;daily_ob_target_swept_liquidity_previous_candle;daily_ob_target_swept_liquidity_swing;h1_mitigation_ob_flip_zone;h1_mitigation_ob_swept_liquidity_fractal;h1_mitigation_ob_swept_liquidity_fvg;h1_mitigation_ob_swept_liquidity_internal;h1_mitigation_ob_swept_liquidity_previous_candle;h1_mitigation_ob_swept_liquidity_swing;h1_ob_target_flip_zone;h1_ob_target_swept_liquidity;h1_ob_target_swept_liquidity_fractal;h1_ob_target_swept_liquidity_fvg;h1_ob_target_swept_liquidity_internal;h1_ob_target_swept_liquidity_swing;h4_mitigation_ob_caused_displacement;h4_mitigation_ob_caused_imbalance;h4_mitigation_ob_flip_zone;h4_mitigation_ob_has_inducement;h4_mitigation_ob_swept_liquidity;h4_mitigation_ob_swept_liquidity_fractal;h4_mitigation_ob_swept_liquidity_fvg;h4_mitigation_ob_swept_liquidity_internal;h4_mitigation_ob_swept_liquidity_previous_candle;h4_mitigation_ob_swept_liquidity_swing;h4_mitigation_ob_within_daily_ob;h4_ob_target_flip_zone;h4_ob_target_swept_liquidity_fractal;h4_ob_target_swept_liquidity_fvg;h4_ob_target_swept_liquidity_internal;h4_ob_target_swept_liquidity_previous_candle;h4_ob_target_swept_liquidity_swing
2024-12-03,Tuesday,london,2024-12-03 09:00:00+00:00,2024-12-04 01:00:00+00:00,bearish,189.92,190.59900000000002,187.20399999999987,189.92,0.6790000000000305,-33.629341752072314,breakeven,0.0,be_stop,2.7142857142855767,0.0,be_stop,True,1,16,0 days 16:00:00,8.600000000001273,False,-16.18,78.4,4.0,2024-12-03 09:00:00+00:00,False,190.579,190.211,1,daily_mitigation_ob_caused_displacement;daily_mitigation_ob_caused_imbalance;daily_mitigation_ob_flip_zone;daily_mitigation_ob_has_inducement;daily_mitigation_ob_swept_liquidity;daily_mitigation_ob_swept_liquidity_fractal;daily_mitigation_ob_swept_liquidity_fvg;daily_mitigation_ob_swept_liquidity_internal;daily_mitigation_ob_swept_liquidity_previous_candle;daily_mitigation_ob_swept_liquidity_swing;daily_ob_target_flip_zone;daily_ob_target_swept_liquidity_fractal;daily_ob_target_swept_liquidity_fvg;daily_ob_target_swept_liquidity_internal;daily_ob_target_swept_liquidity_previous_candle;daily_ob_target_swept_liquidity_swing;h1_mitigation_ob_flip_zone;h1_mitigation_ob_swept_liquidity;h1_mitigation_ob_swept_liquidity_fvg;h1_mitigation_ob_swept_liquidity_previous_candle;h1_mitigation_ob_swept_liquidity_swing;h1_ob_target_flip_zone;h1_ob_target_swept_liquidity_fractal;h1_ob_target_swept_liquidity_fvg;h1_ob_target_swept_liquidity_internal;h1_ob_target_swept_liquidity_previous_candle;h1_ob_target_swept_liquidity_swing;h4_mitigation_ob_caused_displacement;h4_mitigation_ob_caused_imbalance;h4_mitigation_ob_flip_zone;h4_mitigation_ob_has_inducement;h4_mitigation_ob_swept_liquidity;h4_mitigation_ob_swept_liquidity_fractal;h4_mitigation_ob_swept_liquidity_fvg;h4_mitigation_ob_swept_liquidity_internal;h4_mitigation_ob_swept_liquidity_previous_candle;h4_mitigation_ob_swept_liquidity_swing;h4_mitigation_ob_within_daily_ob;h4_ob_target_flip_zone;h4_ob_target_swept_liquidity;h4_ob_target_swept_liquidity_fractal;h4_ob_target_swept_liquidity_internal;h4_ob_target_swept_liquidity_previous_candle;h4_ob_target_swept_liquidity_swing
2024-12-09,Monday,london,2024-12-09 09:00:00+00:00,2024-12-09 10:00:00+00:00,bearish,192.057,192.251,191.28099999999992,192.251,0.19400000000001683,17.786409830774723,loss,-1.0,sl,0.0,-1.0,sl,False,0,1,0 days 01:00:00,8.400000000000318,True,-16.18,78.4,4.0,2024-12-09 09:00:00+00:00,False,192.231,192.043,1,daily_mitigation_ob_caused_displacement;daily_mitigation_ob_caused_imbalance;daily_mitigation_ob_flip_zone;daily_mitigation_ob_has_inducement;daily_mitigation_ob_swept_liquidity;daily_mitigation_ob_swept_liquidity_fractal;daily_mitigation_ob_swept_liquidity_fvg;daily_mitigation_ob_swept_liquidity_internal;daily_mitigation_ob_swept_liquidity_previous_candle;daily_mitigation_ob_swept_liquidity_swing;daily_ob_target_caused_displacement;daily_ob_target_caused_imbalance;daily_ob_target_flip_zone;daily_ob_target_has_inducement;daily_ob_target_swept_liquidity;daily_ob_target_swept_liquidity_fractal;daily_ob_target_swept_liquidity_fvg;daily_ob_target_swept_liquidity_internal;daily_ob_target_swept_liquidity_previous_candle;daily_ob_target_swept_liquidity_swing;h1_mitigation_ob_flip_zone;h1_mitigation_ob_swept_liquidity_fractal;h1_mitigation_ob_swept_liquidity_fvg;h1_mitigation_ob_swept_liquidity_internal;h1_mitigation_ob_swept_liquidity_previous_candle;h1_mitigation_ob_swept_liquidity_swing;h1_ob_target_flip_zone;h1_ob_target_swept_liquidity_fractal;h1_ob_target_swept_liquidity_fvg;h1_ob_target_swept_liquidity_internal;h1_ob_target_swept_liquidity_previous_candle;h1_ob_target_swept_liquidity_swing;h4_mitigation_ob_caused_displacement;h4_mitigation_ob_caused_imbalance;h4_mitigation_ob_flip_zone;h4_mitigation_ob_has_inducement;h4_mitigation_ob_swept_liquidity;h4_mitigation_ob_swept_liquidity_fractal;h4_mitigation_ob_swept_liquidity_fvg;h4_mitigation_ob_swept_liquidity_internal;h4_mitigation_ob_swept_liquidity_previous_candle;h4_mitigation_ob_swept_liquidity_swing;h4_mitigation_ob_within_daily_ob;h4_ob_target_caused_displacement;h4_ob_target_caused_imbalance;h4_ob_target_flip_zone;h4_ob_target_has_inducement;h4_ob_target_swept_liquidity;h4_ob_target_swept_liquidity_fractal;h4_ob_target_swept_liquidity_fvg;h4_ob_target_swept_liquidity_internal;h4_ob_target_swept_liquidity_previous_candle;h4_ob_target_swept_liquidity_swing;h4_ob_target_within_daily_ob
2024-12-09,Monday,ny,2024-12-09 14:00:00+00:00,2024-12-09 15:00:00+00:00,bearish,192.85,193.291,191.08599999999998,193.291,0.4410000000000025,-6.231461548268765,loss,-1.0,sl,0.07709750566891524,-1.0,sl,False,0,1,0 days 01:00:00,11.400000000000432,True,-16.18,78.4,4.0,2024-12-09 14:00:00+00:00,False,193.271,192.899,1,daily_mitigation_ob_caused_displacement;daily_mitigation_ob_caused_imbalance;daily_mitigation_ob_flip_zone;daily_mitigation_ob_has_inducement;daily_mitigation_ob_swept_liquidity;daily_mitigation_ob_swept_liquidity_fractal;daily_mitigation_ob_swept_liquidity_fvg;daily_mitigation_ob_swept_liquidity_internal;daily_mitigation_ob_swept_liquidity_previous_candle;daily_mitigation_ob_swept_liquidity_swing;daily_ob_target_caused_displacement;daily_ob_target_caused_imbalance;daily_ob_target_flip_zone;daily_ob_target_has_inducement;daily_ob_target_swept_liquidity;daily_ob_target_swept_liquidity_fractal;daily_ob_target_swept_liquidity_fvg;daily_ob_target_swept_liquidity_internal;daily_ob_target_swept_liquidity_previous_candle;daily_ob_target_swept_liquidity_swing;h1_mitigation_ob_flip_zone;h1_mitigation_ob_swept_liquidity_fractal;h1_mitigation_ob_swept_liquidity_fvg;h1_mitigation_ob_swept_liquidity_internal;h1_mitigation_ob_swept_liquidity_previous_candle;h1_mitigation_ob_swept_liquidity_swing;h1_ob_target_flip_zone;h1_ob_target_swept_liquidity_fractal;h1_ob_target_swept_liquidity_fvg;h1_ob_target_swept_liquidity_internal;h1_ob_target_swept_liquidity_previous_candle;h1_ob_target_swept_liquidity_swing;h4_mitigation_ob_caused_displacement;h4_mitigation_ob_caused_imbalance;h4_mitigation_ob_flip_zone;h4_mitigation_ob_has_inducement;h4_mitigation_ob_swept_liquidity;h4_mitigation_ob_swept_liquidity_fractal;h4_mitigation_ob_swept_liquidity_fvg;h4_mitigation_ob_swept_liquidity_internal;h4_mitigation_ob_swept_liquidity_previous_candle;h4_mitigation_ob_swept_liquidity_swing;h4_mitigation_ob_within_daily_ob;h4_ob_target_caused_displacement;h4_ob_target_caused_imbalance;h4_ob_target_flip_zone;h4_ob_target_has_inducement;h4_ob_target_swept_liquidity;h4_ob_target_swept_liquidity_fractal;h4_ob_target_swept_liquidity_fvg;h4_ob_target_swept_liquidity_internal;h4_ob_target_swept_liquidity_previous_candle;h4_ob_target_swept_liquidity_swing;h4_ob_target_within_daily_ob
2024-12-11,Wednesday,ny,2024-12-11 12:00:00+00:00,2024-12-11 19:00:00+00:00,bullish,194.481,193.78,197.28499999999997,194.43,0.7009999999999934,-7.263125430366535,loss,-0.07275320970041113,cut_19h,0.4350927246790438,-0.07275320970041113,cut_19h,False,1,7,0 days 07:00:00,0.0,True,-16.18,78.4,4.0,2024-12-11 11:00:00+00:00,True,194.054,193.8,1,daily_mitigation_ob_caused_displacement;daily_mitigation_ob_caused_imbalance;daily_mitigation_ob_flip_zone;daily_mitigation_ob_has_inducement;daily_mitigation_ob_swept_liquidity;daily_mitigation_ob_swept_liquidity_fractal;daily_mitigation_ob_swept_liquidity_fvg;daily_mitigation_ob_swept_liquidity_internal;daily_mitigation_ob_swept_liquidity_previous_candle;daily_mitigation_ob_swept_liquidity_swing;daily_ob_target_caused_displacement;daily_ob_target_caused_imbalance;daily_ob_target_flip_zone;daily_ob_target_has_inducement;daily_ob_target_swept_liquidity;daily_ob_target_swept_liquidity_fractal;daily_ob_target_swept_liquidity_fvg;daily_ob_target_swept_liquidity_internal;daily_ob_target_swept_liquidity_previous_candle;daily_ob_target_swept_liquidity_swing;h1_mitigation_ob_flip_zone;h1_mitigation_ob_swept_liquidity;h1_mitigation_ob_swept_liquidity_fvg;h1_mitigation_ob_swept_liquidity_internal;h1_mitigation_ob_swept_liquidity_previous_candle;h1_mitigation_ob_swept_liquidity_swing;h1_ob_target_flip_zone;h1_ob_target_swept_liquidity;h1_ob_target_swept_liquidity_fractal;h1_ob_target_swept_liquidity_internal;h1_ob_target_swept_liquidity_previous_candle;h1_ob_target_swept_liquidity_swing;h4_mitigation_ob_caused_displacement;h4_mitigation_ob_caused_imbalance;h4_mitigation_ob_flip_zone;h4_mitigation_ob_has_inducement;h4_mitigation_ob_swept_liquidity;h4_mitigation_ob_swept_liquidity_fractal;h4_mitigation_ob_swept_liquidity_fvg;h4_mitigation_ob_swept_liquidity_internal;h4_mitigation_ob_swept_liquidity_previous_candle;h4_mitigation_ob_swept_liquidity_swing;h4_mitigation_ob_within_daily_ob;h4_ob_target_flip_zone;h4_ob_target_swept_liquidity_fractal;h4_ob_target_swept_liquidity_fvg;h4_ob_target_swept_liquidity_internal;h4_ob_target_swept_liquidity_previous_candle;h4_ob_target_swept_liquidity_swing
2024-12-13,Friday,ny,2024-12-13 12:00:00+00:00,2024-12-13 19:00:00+00:00,bearish,194.302,194.53900000000002,193.3539999999999,194.016,0.2370000000000232,-41.371955285891396,win,1.2067510548522082,friday_close,2.8101265822781927,1.2067510548522082,friday_close,False,0,7,0 days 07:00:00,0.0,False,-16.18,78.4,4.0,2024-12-13 12:00:00+00:00,False,194.519,194.259,1,daily_mitigation_ob_caused_displacement;daily_mitigation_ob_caused_imbalance;daily_mitigation_ob_flip_zone;daily_mitigation_ob_has_inducement;daily_mitigation_ob_swept_liquidity;daily_mitigation_ob_swept_liquidity_fractal;daily_mitigation_ob_swept_liquidity_fvg;daily_mitigation_ob_swept_liquidity_internal;daily_mitigation_ob_swept_liquidity_previous_candle;daily_mitigation_ob_swept_liquidity_swing;daily_ob_target_caused_displacement;daily_ob_target_caused_imbalance;daily_ob_target_flip_zone;daily_ob_target_has_inducement;daily_ob_target_swept_liquidity;daily_ob_target_swept_liquidity_fractal;daily_ob_target_swept_liquidity_fvg;daily_ob_target_swept_liquidity_internal;daily_ob_target_swept_liquidity_previous_candle;daily_ob_target_swept_liquidity_swing;h1_mitigation_ob_flip_zone;h1_mitigation_ob_swept_liquidity_fractal;h1_mitigation_ob_swept_liquidity_fvg;h1_mitigation_ob_swept_liquidity_internal;h1_mitigation_ob_swept_liquidity_previous_candle;h1_mitigation_ob_swept_liquidity_swing;h1_ob_target_flip_zone;h1_ob_target_swept_liquidity;h1_ob_target_swept_liquidity_fractal;h1_ob_target_swept_liquidity_fvg;h1_ob_target_swept_liquidity_internal;h1_ob_target_swept_liquidity_swing;h4_mitigation_ob_caused_displacement;h4_mitigation_ob_caused_imbalance;h4_mitigation_ob_flip_zone;h4_mitigation_ob_has_inducement;h4_mitigation_ob_swept_liquidity;h4_mitigation_ob_swept_liquidity_fractal;h4_mitigation_ob_swept_liquidity_fvg;h4_mitigation_ob_swept_liquidity_internal;h4_mitigation_ob_swept_liquidity_previous_candle;h4_mitigation_ob_swept_liquidity_swing;h4_mitigation_ob_within_daily_ob;h4_ob_target_caused_displacement;h4_ob_target_caused_imbalance;h4_ob_target_flip_zone;h4_ob_target_has_inducement;h4_ob_target_swept_liquidity;h4_ob_target_swept_liquidity_fractal;h4_ob_target_swept_liquidity_fvg;h4_ob_target_swept_liquidity_internal;h4_ob_target_swept_liquidity_previous_candle;h4_ob_target_swept_liquidity_swing;h4_ob_target_within_daily_ob
2024-12-16,Monday,london,2024-12-16 08:00:00+00:00,2024-12-18 20:00:00+00:00,bullish,194.249,193.559,197.009,194.249,0.6899999999999977,24.41818177731844,breakeven,0.0,be_stop,2.3768115942029278,0.0,be_stop,True,3,59,2 days 12:00:00,18.000000000000682,True,-16.18,78.4,4.0,2024-12-16 08:00:00+00:00,False,193.972,193.579,1,daily_mitigation_ob_caused_displacement;daily_mitigation_ob_caused_imbalance;daily_mitigation_ob_flip_zone;daily_mitigation_ob_has_inducement;daily_mitigation_ob_swept_liquidity;daily_mitigation_ob_swept_liquidity_fractal;daily_mitigation_ob_swept_liquidity_fvg;daily_mitigation_ob_swept_liquidity_internal;daily_mitigation_ob_swept_liquidity_previous_candle;daily_mitigation_ob_swept_liquidity_swing;daily_ob_target_caused_displacement;daily_ob_target_caused_imbalance;daily_ob_target_flip_zone;daily_ob_target_has_inducement;daily_ob_target_swept_liquidity;daily_ob_target_swept_liquidity_fractal;daily_ob_target_swept_liquidity_fvg;daily_ob_target_swept_liquidity_internal;daily_ob_target_swept_liquidity_previous_candle;daily_ob_target_swept_liquidity_swing;h1_mitigation_ob_flip_zone;h1_mitigation_ob_swept_liquidity;h1_mitigation_ob_swept_liquidity_internal;h1_mitigation_ob_swept_liquidity_previous_candle;h1_mitigation_ob_swept_liquidity_swing;h1_ob_target_flip_zone;h1_ob_target_swept_liquidity;h1_ob_target_swept_liquidity_fractal;h1_ob_target_swept_liquidity_internal;h1_ob_target_swept_liquidity_previous_candle;h1_ob_target_swept_liquidity_swing;h4_mitigation_ob_caused_displacement;h4_mitigation_ob_caused_imbalance;h4_mitigation_ob_flip_zone;h4_mitigation_ob_has_inducement;h4_mitigation_ob_swept_liquidity;h4_mitigation_ob_swept_liquidity_fractal;h4_mitigation_ob_swept_liquidity_fvg;h4_mitigation_ob_swept_liquidity_internal;h4_mitigation_ob_swept_liquidity_previous_candle;h4_mitigation_ob_swept_liquidity_swing;h4_mitigation_ob_within_daily_ob;h4_ob_target_flip_zone;h4_ob_target_swept_liquidity_fractal;h4_ob_target_swept_liquidity_fvg;h4_ob_target_swept_liquidity_internal;h4_ob_target_swept_liquidity_previous_candle;h4_ob_target_swept_liquidity_swing
2024-12-17,Tuesday,ny,2024-12-17 12:00:00+00:00,2024-12-18 00:00:00+00:00,bearish,195.441,195.812,193.95699999999997,195.441,0.3710000000000093,-37.31166836124573,breakeven,0.0,be_stop,1.7061994609164255,0.0,be_stop,True,1,11,0 days 12:00:00,2.7999999999991587,False,-16.18,78.4,4.0,2024-12-17 11:00:00+00:00,True,195.792,195.293,1,daily_mitigation_ob_caused_displacement;daily_mitigation_ob_caused_imbalance;daily_mitigation_ob_flip_zone;daily_mitigation_ob_has_inducement;daily_mitigation_ob_swept_liquidity;daily_mitigation_ob_swept_liquidity_fractal;daily_mitigation_ob_swept_liquidity_fvg;daily_mitigation_ob_swept_liquidity_internal;daily_mitigation_ob_swept_liquidity_previous_candle;daily_mitigation_ob_swept_liquidity_swing;daily_ob_target_flip_zone;daily_ob_target_swept_liquidity_fractal;daily_ob_target_swept_liquidity_fvg;daily_ob_target_swept_liquidity_internal;daily_ob_target_swept_liquidity_previous_candle;daily_ob_target_swept_liquidity_swing;h1_mitigation_ob_flip_zone;h1_mitigation_ob_swept_liquidity_fractal;h1_mitigation_ob_swept_liquidity_fvg;h1_mitigation_ob_swept_liquidity_internal;h1_mitigation_ob_swept_liquidity_previous_candle;h1_mitigation_ob_swept_liquidity_swing;h1_ob_target_flip_zone;h1_ob_target_swept_liquidity;h1_ob_target_swept_liquidity_fractal;h1_ob_target_swept_liquidity_internal;h1_ob_target_swept_liquidity_swing;h4_mitigation_ob_caused_displacement;h4_mitigation_ob_caused_imbalance;h4_mitigation_ob_flip_zone;h4_mitigation_ob_has_inducement;h4_mitigation_ob_swept_liquidity;h4_mitigation_ob_swept_liquidity_fractal;h4_mitigation_ob_swept_liquidity_fvg;h4_mitigation_ob_swept_liquidity_internal;h4_mitigation_ob_swept_liquidity_previous_candle;h4_mitigation_ob_swept_liquidity_swing;h4_mitigation_ob_within_daily_ob;h4_ob_target_flip_zone;h4_ob_target_swept_liquidity_fractal;h4_ob_target_swept_liquidity_fvg;h4_ob_target_swept_liquidity_internal;h4_ob_target_swept_liquidity_previous_candle;h4_ob_target_swept_liquidity_swing
2024-12-18,Wednesday,london,2024-12-18 07:00:00+00:00,2024-12-18 10:00:00+00:00,bearish,194.908,195.287,193.3919999999999,195.287,0.3790000000000191,-36.420066714493856,loss,-1.0,sl,0.5250659630606169,-1.0,sl,False,0,3,0 days 03:00:00,6.000000000000227,False,-16.18,78.4,4.0,2024-12-18 07:00:00+00:00,False,195.267,195.019,1,daily_mitigation_ob_caused_displacement;daily_mitigation_ob_caused_imbalance;daily_mitigation_ob_flip_zone;daily_mitigation_ob_has_inducement;daily_mitigation_ob_swept_liquidity;daily_mitigation_ob_swept_liquidity_fractal;daily_mitigation_ob_swept_liquidity_fvg;daily_mitigation_ob_swept_liquidity_internal;daily_mitigation_ob_swept_liquidity_previous_candle;daily_mitigation_ob_swept_liquidity_swing;daily_ob_target_flip_zone;daily_ob_target_swept_liquidity_fractal;daily_ob_target_swept_liquidity_fvg;daily_ob_target_swept_liquidity_internal;daily_ob_target_swept_liquidity_previous_candle;daily_ob_target_swept_liquidity_swing;h1_mitigation_ob_flip_zone;h1_mitigation_ob_swept_liquidity;h1_mitigation_ob_swept_liquidity_fractal;h1_mitigation_ob_swept_liquidity_internal;h1_mitigation_ob_swept_liquidity_previous_candle;h1_mitigation_ob_swept_liquidity_swing;h1_ob_target_flip_zone;h1_ob_target_swept_liquidity;h1_ob_target_swept_liquidity_fractal;h1_ob_target_swept_liquidity_internal;h1_ob_target_swept_liquidity_swing;h4_mitigation_ob_caused_displacement;h4_mitigation_ob_caused_imbalance;h4_mitigation_ob_flip_zone;h4_mitigation_ob_has_inducement;h4_mitigation_ob_swept_liquidity;h4_mitigation_ob_swept_liquidity_fractal;h4_mitigation_ob_swept_liquidity_fvg;h4_mitigation_ob_swept_liquidity_internal;h4_mitigation_ob_swept_liquidity_previous_candle;h4_mitigation_ob_swept_liquidity_swing;h4_mitigation_ob_within_daily_ob;h4_ob_target_flip_zone;h4_ob_target_swept_liquidity_fractal;h4_ob_target_swept_liquidity_fvg;h4_ob_target_swept_liquidity_internal;h4_ob_target_swept_liquidity_previous_candle;h4_ob_target_swept_liquidity_swing
2024-12-23,Monday,london,2024-12-23 09:00:00+00:00,2024-12-23 12:00:00+00:00,bullish,196.929,196.44899999999998,198.84900000000007,196.44899999999998,0.4800000000000182,2.2087580484946727,loss,-1.0,sl,0.0666666666666864,-1.0,sl,False,0,3,0 days 03:00:00,0.9999999999990905,True,-16.18,78.4,4.0,2024-12-23 09:00:00+00:00,False,196.666,196.469,2,daily_mitigation_ob_caused_displacement;daily_mitigation_ob_caused_imbalance;daily_mitigation_ob_flip_zone;daily_mitigation_ob_has_inducement;daily_mitigation_ob_swept_liquidity;daily_mitigation_ob_swept_liquidity_fractal;daily_mitigation_ob_swept_liquidity_fvg;daily_mitigation_ob_swept_liquidity_internal;daily_mitigation_ob_swept_liquidity_previous_candle;daily_mitigation_ob_swept_liquidity_swing;daily_ob_target_caused_displacement;daily_ob_target_caused_imbalance;daily_ob_target_flip_zone;daily_ob_target_has_inducement;daily_ob_target_swept_liquidity;daily_ob_target_swept_liquidity_fractal;daily_ob_target_swept_liquidity_fvg;daily_ob_target_swept_liquidity_internal;daily_ob_target_swept_liquidity_previous_candle;daily_ob_target_swept_liquidity_swing;h1_mitigation_ob_flip_zone;h1_mitigation_ob_swept_liquidity_fractal;h1_mitigation_ob_swept_liquidity_fvg;h1_mitigation_ob_swept_liquidity_internal;h1_mitigation_ob_swept_liquidity_previous_candle;h1_mitigation_ob_swept_liquidity_swing;h1_ob_target_caused_displacement;h1_ob_target_caused_imbalance;h1_ob_target_flip_zone;h1_ob_target_has_inducement;h1_ob_target_swept_liquidity;h1_ob_target_swept_liquidity_fractal;h1_ob_target_swept_liquidity_fvg;h1_ob_target_swept_liquidity_internal;h1_ob_target_swept_liquidity_previous_candle;h1_ob_target_swept_liquidity_swing;h1_ob_target_within_h4_ob;h4_mitigation_ob_flip_zone;h4_mitigation_ob_swept_liquidity;h4_mitigation_ob_swept_liquidity_fractal;h4_mitigation_ob_swept_liquidity_fvg;h4_mitigation_ob_swept_liquidity_internal;h4_mitigation_ob_swept_liquidity_swing;h4_ob_target_caused_displacement;h4_ob_target_caused_imbalance;h4_ob_target_flip_zone;h4_ob_target_has_inducement;h4_ob_target_swept_liquidity;h4_ob_target_swept_liquidity_fractal;h4_ob_target_swept_liquidity_fvg;h4_ob_target_swept_liquidity_internal;h4_ob_target_swept_liquidity_previous_candle;h4_ob_target_swept_liquidity_swing;h4_ob_target_within_daily_ob
2024-12-23,Monday,ny,2024-12-23 13:00:00+00:00,2024-12-23 19:00:00+00:00,bearish,196.888,197.083,196.10800000000003,196.888,0.19499999999999318,-42.06363433737585,breakeven,0.0,be_stop,1.4358974358974919,0.0,be_stop,True,1,6,0 days 06:00:00,4.699999999999704,False,-16.18,78.4,4.0,2024-12-23 13:00:00+00:00,False,197.063,196.761,1,daily_mitigation_ob_caused_displacement;daily_mitigation_ob_caused_imbalance;daily_mitigation_ob_flip_zone;daily_mitigation_ob_has_inducement;daily_mitigation_ob_swept_liquidity;daily_mitigation_ob_swept_liquidity_fractal;daily_mitigation_ob_swept_liquidity_fvg;daily_mitigation_ob_swept_liquidity_internal;daily_mitigation_ob_swept_liquidity_previous_candle;daily_mitigation_ob_swept_liquidity_swing;daily_ob_target_caused_displacement;daily_ob_target_caused_imbalance;daily_ob_target_flip_zone;daily_ob_target_has_inducement;daily_ob_target_swept_liquidity;daily_ob_target_swept_liquidity_fractal;daily_ob_target_swept_liquidity_fvg;daily_ob_target_swept_liquidity_internal;daily_ob_target_swept_liquidity_previous_candle;daily_ob_target_swept_liquidity_swing;h1_mitigation_ob_flip_zone;h1_mitigation_ob_swept_liquidity_fractal;h1_mitigation_ob_swept_liquidity_fvg;h1_mitigation_ob_swept_liquidity_internal;h1_mitigation_ob_swept_liquidity_previous_candle;h1_mitigation_ob_swept_liquidity_swing;h1_ob_target_caused_displacement;h1_ob_target_caused_imbalance;h1_ob_target_flip_zone;h1_ob_target_has_inducement;h1_ob_target_swept_liquidity;h1_ob_target_swept_liquidity_fractal;h1_ob_target_swept_liquidity_fvg;h1_ob_target_swept_liquidity_internal;h1_ob_target_swept_liquidity_previous_candle;h1_ob_target_swept_liquidity_swing;h1_ob_target_within_h4_ob;h4_mitigation_ob_caused_displacement;h4_mitigation_ob_caused_imbalance;h4_mitigation_ob_flip_zone;h4_mitigation_ob_has_inducement;h4_mitigation_ob_swept_liquidity;h4_mitigation_ob_swept_liquidity_fractal;h4_mitigation_ob_swept_liquidity_fvg;h4_mitigation_ob_swept_liquidity_internal;h4_mitigation_ob_swept_liquidity_previous_candle;h4_mitigation_ob_swept_liquidity_swing;h4_mitigation_ob_within_daily_ob;h4_ob_target_caused_displacement;h4_ob_target_caused_imbalance;h4_ob_target_flip_zone;h4_ob_target_has_inducement;h4_ob_target_swept_liquidity;h4_ob_target_swept_liquidity_fractal;h4_ob_target_swept_liquidity_fvg;h4_ob_target_swept_liquidity_internal;h4_ob_target_swept_liquidity_previous_candle;h4_ob_target_swept_liquidity_swing;h4_ob_target_within_daily_ob
2024-12-26,Thursday,london,2024-12-26 08:00:00+00:00,2024-12-27 19:00:00+00:00,bullish,197.105,196.563,199.273,198.349,0.5420000000000016,-36.97787797365996,win,2.295202952029513,friday_close,2.5738007380073915,2.295202952029513,friday_close,True,1,35,1 days 11:00:00,0.0,False,-16.18,78.4,4.0,2024-12-26 08:00:00+00:00,False,197.117,196.583,1,daily_mitigation_ob_caused_displacement;daily_mitigation_ob_caused_imbalance;daily_mitigation_ob_flip_zone;daily_mitigation_ob_has_inducement;daily_mitigation_ob_swept_liquidity;daily_mitigation_ob_swept_liquidity_fractal;daily_mitigation_ob_swept_liquidity_fvg;daily_mitigation_ob_swept_liquidity_internal;daily_mitigation_ob_swept_liquidity_previous_candle;daily_mitigation_ob_swept_liquidity_swing;daily_ob_target_flip_zone;daily_ob_target_swept_liquidity;daily_ob_target_swept_liquidity_fvg;daily_ob_target_swept_liquidity_internal;daily_ob_target_swept_liquidity_previous_candle;daily_ob_target_swept_liquidity_swing;h1_mitigation_ob_flip_zone;h1_mitigation_ob_swept_liquidity_fractal;h1_mitigation_ob_swept_liquidity_fvg;h1_mitigation_ob_swept_liquidity_internal;h1_mitigation_ob_swept_liquidity_previous_candle;h1_mitigation_ob_swept_liquidity_swing;h1_ob_target_caused_displacement;h1_ob_target_caused_imbalance;h1_ob_target_flip_zone;h1_ob_target_has_inducement;h1_ob_target_swept_liquidity;h1_ob_target_swept_liquidity_fractal;h1_ob_target_swept_liquidity_fvg;h1_ob_target_swept_liquidity_internal;h1_ob_target_swept_liquidity_previous_candle;h1_ob_target_swept_liquidity_swing;h1_ob_target_within_h4_ob;h4_mitigation_ob_caused_displacement;h4_mitigation_ob_caused_imbalance;h4_mitigation_ob_flip_zone;h4_mitigation_ob_has_inducement;h4_mitigation_ob_swept_liquidity;h4_mitigation_ob_swept_liquidity_fractal;h4_mitigation_ob_swept_liquidity_fvg;h4_mitigation_ob_swept_liquidity_internal;h4_mitigation_ob_swept_liquidity_previous_candle;h4_mitigation_ob_swept_liquidity_swing;h4_mitigation_ob_within_daily_ob;h4_ob_target_caused_displacement;h4_ob_target_caused_imbalance;h4_ob_target_flip_zone;h4_ob_target_has_inducement;h4_ob_target_swept_liquidity;h4_ob_target_swept_liquidity_fractal;h4_ob_target_swept_liquidity_fvg;h4_ob_target_swept_liquidity_internal;h4_ob_target_swept_liquidity_previous_candle;h4_ob_target_swept_liquidity_swing;h4_ob_target_within_daily_ob
2024-12-27,Friday,london,2024-12-27 07:00:00+00:00,2024-12-27 08:00:00+00:00,bearish,197.728,197.76700000000002,197.57199999999995,197.76700000000002,0.03900000000001569,29.930560175042597,loss,-1.0,sl,0.0,-1.0,sl,False,0,1,0 days 01:00:00,5.1999999999964075,True,-16.18,78.4,4.0,2024-12-27 06:00:00+00:00,True,197.747,197.529,1,daily_mitigation_ob_caused_displacement;daily_mitigation_ob_caused_imbalance;daily_mitigation_ob_flip_zone;daily_mitigation_ob_has_inducement;daily_mitigation_ob_swept_liquidity;daily_mitigation_ob_swept_liquidity_fractal;daily_mitigation_ob_swept_liquidity_fvg;daily_mitigation_ob_swept_liquidity_internal;daily_mitigation_ob_swept_liquidity_previous_candle;daily_mitigation_ob_swept_liquidity_swing;daily_ob_target_caused_displacement;daily_ob_target_caused_imbalance;daily_ob_target_flip_zone;daily_ob_target_has_inducement;daily_ob_target_swept_liquidity;daily_ob_target_swept_liquidity_fractal;daily_ob_target_swept_liquidity_fvg;daily_ob_target_swept_liquidity_internal;daily_ob_target_swept_liquidity_previous_candle;daily_ob_target_swept_liquidity_swing;h1_mitigation_ob_flip_zone;h1_mitigation_ob_swept_liquidity_fractal;h1_mitigation_ob_swept_liquidity_fvg;h1_mitigation_ob_swept_liquidity_internal;h1_mitigation_ob_swept_liquidity_previous_candle;h1_mitigation_ob_swept_liquidity_swing;h1_ob_target_caused_displacement;h1_ob_target_caused_imbalance;h1_ob_target_flip_zone;h1_ob_target_has_inducement;h1_ob_target_swept_liquidity;h1_ob_target_swept_liquidity_fractal;h1_ob_target_swept_liquidity_fvg;h1_ob_target_swept_liquidity_internal;h1_ob_target_swept_liquidity_previous_candle;h1_ob_target_swept_liquidity_swing;h1_ob_target_within_h4_ob;h4_mitigation_ob_caused_displacement;h4_mitigation_ob_caused_imbalance;h4_mitigation_ob_flip_zone;h4_mitigation_ob_has_inducement;h4_mitigation_ob_swept_liquidity;h4_mitigation_ob_swept_liquidity_fractal;h4_mitigation_ob_swept_liquidity_fvg;h4_mitigation_ob_swept_liquidity_internal;h4_mitigation_ob_swept_liquidity_previous_candle;h4_mitigation_ob_swept_liquidity_swing;h4_mitigation_ob_within_daily_ob;h4_ob_target_caused_displacement;h4_ob_target_caused_imbalance;h4_ob_target_flip_zone;h4_ob_target_has_inducement;h4_ob_target_swept_liquidity;h4_ob_target_swept_liquidity_fractal;h4_ob_target_swept_liquidity_fvg;h4_ob_target_swept_liquidity_internal;h4_ob_target_swept_liquidity_previous_candle;h4_ob_target_swept_liquidity_swing;h4_ob_target_within_daily_ob
