date,day_of_week,session,order_placed_time,order_completed_time,direction,entry_price,sl_price,tp_price,exit_price,sl_size,probability,result,realised_r,exit_reason,max_r_reached,terminal_r,terminal_reason,be_moved,checkpoints,bars_held,trade_duration,sl_excursion_pips,taken,applied_threshold,applied_max_sl_pips,applied_tp_multiple,mitigation_time,entry_deferred,ob_top,ob_bottom,ob_touch_no,excluded_gates
2020-01-02,Thursday,london,2020-01-02 09:00:00+00:00,2020-01-02 14:00:00+00:00,bearish,143.822,144.085,143.16449999999998,143.16449999999998,0.26300000000000523,29.166666666666668,win,2.5,tp,10.0,9.28897338403028,friday_close,True,1,5,0 days 05:00:00,0.0,True,,,2.5,2020-01-02 09:00:00+00:00,False,144.065,143.912,1,daily_mitigation_ob_caused_displacement;daily_mitigation_ob_caused_imbalance;daily_mitigation_ob_flip_zone;daily_mitigation_ob_has_inducement;daily_mitigation_ob_swept_liquidity;daily_mitigation_ob_swept_liquidity_fractal;daily_mitigation_ob_swept_liquidity_fvg;daily_mitigation_ob_swept_liquidity_internal;daily_mitigation_ob_swept_liquidity_previous_candle;daily_mitigation_ob_swept_liquidity_swing;daily_ob_target_flip_zone;daily_ob_target_swept_liquidity;daily_ob_target_swept_liquidity_fractal;daily_ob_target_swept_liquidity_internal;daily_ob_target_swept_liquidity_previous_candle;daily_ob_target_swept_liquidity_swing;h1_mitigation_ob_flip_zone;h1_mitigation_ob_swept_liquidity_fractal;h1_mitigation_ob_swept_liquidity_fvg;h1_mitigation_ob_swept_liquidity_internal;h1_mitigation_ob_swept_liquidity_previous_candle;h1_mitigation_ob_swept_liquidity_swing;h1_ob_target_flip_zone;h1_ob_target_swept_liquidity;h1_ob_target_swept_liquidity_fvg;h1_ob_target_swept_liquidity_swing;h4_mitigation_ob_caused_displacement;h4_mitigation_ob_caused_imbalance;h4_mitigation_ob_flip_zone;h4_mitigation_ob_has_inducement;h4_mitigation_ob_swept_liquidity;h4_mitigation_ob_swept_liquidity_fractal;h4_mitigation_ob_swept_liquidity_fvg;h4_mitigation_ob_swept_liquidity_internal;h4_mitigation_ob_swept_liquidity_previous_candle;h4_mitigation_ob_swept_liquidity_swing;h4_mitigation_ob_within_daily_ob;h4_ob_target_flip_zone;h4_ob_target_swept_liquidity;h4_ob_target_swept_liquidity_fractal;h4_ob_target_swept_liquidity_fvg;h4_ob_target_swept_liquidity_internal;h4_ob_target_swept_liquidity_swing
2020-01-03,Friday,ny,2020-01-03 12:00:00+00:00,2020-01-03 19:00:00+00:00,bullish,141.371,140.809,142.77600000000004,141.379,0.5620000000000118,1.4285714285714286,win,0.014234875444806382,friday_close,0.6850533807828876,0.014234875444806382,friday_close,False,0,7,0 days 07:00:00,0.0,True,,,2.5,2020-01-03 12:00:00+00:00,False,141.111,140.829,1,daily_mitigation_ob_caused_displacement;daily_mitigation_ob_caused_imbalance;daily_mitigation_ob_flip_zone;daily_mitigation_ob_has_inducement;daily_mitigation_ob_swept_liquidity;daily_mitigation_ob_swept_liquidity_fractal;daily_mitigation_ob_swept_liquidity_fvg;daily_mitigation_ob_swept_liquidity_internal;daily_mitigation_ob_swept_liquidity_previous_candle;daily_mitigation_ob_swept_liquidity_swing;daily_ob_target_caused_displacement;daily_ob_target_caused_imbalance;daily_ob_target_flip_zone;daily_ob_target_has_inducement;daily_ob_target_swept_liquidity;daily_ob_target_swept_liquidity_fractal;daily_ob_target_swept_liquidity_fvg;daily_ob_target_swept_liquidity_internal;daily_ob_target_swept_liquidity_previous_candle;daily_ob_target_swept_liquidity_swing;h1_mitigation_ob_flip_zone;h1_mitigation_ob_swept_liquidity;h1_mitigation_ob_swept_liquidity_fvg;h1_mitigation_ob_swept_liquidity_internal;h1_mitigation_ob_swept_liquidity_previous_candle;h1_mitigation_ob_swept_liquidity_swing;h1_ob_target_flip_zone;h1_ob_target_swept_liquidity_fractal;h1_ob_target_swept_liquidity_fvg;h1_ob_target_swept_liquidity_internal;h1_ob_target_swept_liquidity_previous_candle;h1_ob_target_swept_liquidity_swing;h4_mitigation_ob_flip_zone;h4_mitigation_ob_swept_liquidity_fractal;h4_mitigation_ob_swept_liquidity_fvg;h4_mitigation_ob_swept_liquidity_internal;h4_mitigation_ob_swept_liquidity_previous_candle;h4_mitigation_ob_swept_liquidity_swing;h4_ob_target_flip_zone;h4_ob_target_swept_liquidity_fractal;h4_ob_target_swept_liquidity_fvg;h4_ob_target_swept_liquidity_internal;h4_ob_target_swept_liquidity_previous_candle;h4_ob_target_swept_liquidity_swing
2020-01-07,Tuesday,ny,2020-01-07 13:00:00+00:00,2020-01-07 21:00:00+00:00,bullish,142.247,141.96599999999998,142.9495000000001,142.247,0.28100000000003433,-6.451612903225806,breakeven,0.0,be_stop,1.359430604981957,0.0,be_stop,True,1,8,0 days 08:00:00,13.400000000001455,True,,,2.5,2020-01-07 13:00:00+00:00,False,142.175,141.986,1,daily_mitigation_ob_caused_displacement;daily_mitigation_ob_caused_imbalance;daily_mitigation_ob_flip_zone;daily_mitigation_ob_has_inducement;daily_mitigation_ob_swept_liquidity;daily_mitigation_ob_swept_liquidity_fractal;daily_mitigation_ob_swept_liquidity_fvg;daily_mitigation_ob_swept_liquidity_internal;daily_mitigation_ob_swept_liquidity_previous_candle;daily_mitigation_ob_swept_liquidity_swing;daily_ob_target_caused_displacement;daily_ob_target_caused_imbalance;daily_ob_target_flip_zone;daily_ob_target_has_inducement;daily_ob_target_swept_liquidity;daily_ob_target_swept_liquidity_fractal;daily_ob_target_swept_liquidity_fvg;daily_ob_target_swept_liquidity_internal;daily_ob_target_swept_liquidity_previous_candle;daily_ob_target_swept_liquidity_swing;h1_mitigation_ob_flip_zone;h1_mitigation_ob_swept_liquidity;h1_mitigation_ob_swept_liquidity_fractal;h1_mitigation_ob_swept_liquidity_internal;h1_mitigation_ob_swept_liquidity_swing;h1_ob_target_flip_zone;h1_ob_target_swept_liquidity;h1_ob_target_swept_liquidity_fractal;h1_ob_target_swept_liquidity_internal;h1_ob_target_swept_liquidity_previous_candle;h1_ob_target_swept_liquidity_swing;h4_mitigation_ob_caused_displacement;h4_mitigation_ob_caused_imbalance;h4_mitigation_ob_flip_zone;h4_mitigation_ob_has_inducement;h4_mitigation_ob_swept_liquidity;h4_mitigation_ob_swept_liquidity_fractal;h4_mitigation_ob_swept_liquidity_fvg;h4_mitigation_ob_swept_liquidity_internal;h4_mitigation_ob_swept_liquidity_previous_candle;h4_mitigation_ob_swept_liquidity_swing;h4_mitigation_ob_within_daily_ob;h4_ob_target_flip_zone;h4_ob_target_swept_liquidity_fractal;h4_ob_target_swept_liquidity_fvg;h4_ob_target_swept_liquidity_internal;h4_ob_target_swept_liquidity_previous_candle;h4_ob_target_swept_liquidity_swing
2020-01-09,Thursday,london,2020-01-09 07:00:00+00:00,2020-01-09 09:00:00+00:00,bullish,143.409,143.064,144.2715,143.064,0.34499999999999886,20.588235294117645,loss,-1.0,sl,0.0,-1.0,sl,False,0,2,0 days 02:00:00,64.40000000000055,True,,,2.5,2020-01-09 07:00:00+00:00,False,143.351,143.084,1,daily_mitigation_ob_caused_displacement;daily_mitigation_ob_caused_imbalance;daily_mitigation_ob_flip_zone;daily_mitigation_ob_has_inducement;daily_mitigation_ob_swept_liquidity;daily_mitigation_ob_swept_liquidity_fractal;daily_mitigation_ob_swept_liquidity_fvg;daily_mitigation_ob_swept_liquidity_internal;daily_mitigation_ob_swept_liquidity_previous_candle;daily_mitigation_ob_swept_liquidity_swing;daily_ob_target_flip_zone;daily_ob_target_swept_liquidity_fractal;daily_ob_target_swept_liquidity_fvg;daily_ob_target_swept_liquidity_internal;daily_ob_target_swept_liquidity_previous_candle;daily_ob_target_swept_liquidity_swing;h1_mitigation_ob_flip_zone;h1_mitigation_ob_swept_liquidity;h1_mitigation_ob_swept_liquidity_fractal;h1_mitigation_ob_swept_liquidity_internal;h1_mitigation_ob_swept_liquidity_previous_candle;h1_mitigation_ob_swept_liquidity_swing;h1_ob_target_flip_zone;h1_ob_target_swept_liquidity_fractal;h1_ob_target_swept_liquidity_fvg;h1_ob_target_swept_liquidity_internal;h1_ob_target_swept_liquidity_previous_candle;h1_ob_target_swept_liquidity_swing;h4_mitigation_ob_caused_displacement;h4_mitigation_ob_caused_imbalance;h4_mitigation_ob_flip_zone;h4_mitigation_ob_has_inducement;h4_mitigation_ob_swept_liquidity;h4_mitigation_ob_swept_liquidity_fractal;h4_mitigation_ob_swept_liquidity_fvg;h4_mitigation_ob_swept_liquidity_internal;h4_mitigation_ob_swept_liquidity_previous_candle;h4_mitigation_ob_swept_liquidity_swing;h4_mitigation_ob_within_daily_ob;h4_ob_target_flip_zone;h4_ob_target_swept_liquidity_fractal;h4_ob_target_swept_liquidity_fvg;h4_ob_target_swept_liquidity_internal;h4_ob_target_swept_liquidity_previous_candle;h4_ob_target_swept_liquidity_swing
2020-01-16,Thursday,london,2020-01-16 09:00:00+00:00,2020-01-16 15:00:00+00:00,bearish,143.585,143.85500000000002,142.90999999999997,143.85500000000002,0.27000000000001023,-7.142857142857142,loss,-1.0,sl,0.6777777777778304,-1.0,sl,False,0,6,0 days 06:00:00,6.999999999999318,True,,,2.5,2020-01-16 09:00:00+00:00,False,143.835,143.718,1,daily_mitigation_ob_caused_displacement;daily_mitigation_ob_caused_imbalance;daily_mitigation_ob_flip_zone;daily_mitigation_ob_has_inducement;daily_mitigation_ob_swept_liquidity;daily_mitigation_ob_swept_liquidity_fractal;daily_mitigation_ob_swept_liquidity_fvg;daily_mitigation_ob_swept_liquidity_internal;daily_mitigation_ob_swept_liquidity_previous_candle;daily_mitigation_ob_swept_liquidity_swing;daily_ob_target_caused_displacement;daily_ob_target_caused_imbalance;daily_ob_target_flip_zone;daily_ob_target_has_inducement;daily_ob_target_swept_liquidity;daily_ob_target_swept_liquidity_fractal;daily_ob_target_swept_liquidity_fvg;daily_ob_target_swept_liquidity_internal;daily_ob_target_swept_liquidity_previous_candle;daily_ob_target_swept_liquidity_swing;h1_mitigation_ob_flip_zone;h1_mitigation_ob_swept_liquidity_fractal;h1_mitigation_ob_swept_liquidity_fvg;h1_mitigation_ob_swept_liquidity_internal;h1_mitigation_ob_swept_liquidity_previous_candle;h1_mitigation_ob_swept_liquidity_swing;h1_ob_target_flip_zone;h1_ob_target_swept_liquidity_fractal;h1_ob_target_swept_liquidity_fvg;h1_ob_target_swept_liquidity_internal;h1_ob_target_swept_liquidity_previous_candle;h1_ob_target_swept_liquidity_swing;h4_mitigation_ob_flip_zone;h4_mitigation_ob_swept_liquidity_fractal;h4_mitigation_ob_swept_liquidity_fvg;h4_mitigation_ob_swept_liquidity_internal;h4_mitigation_ob_swept_liquidity_previous_candle;h4_mitigation_ob_swept_liquidity_swing;h4_ob_target_flip_zone;h4_ob_target_swept_liquidity_fractal;h4_ob_target_swept_liquidity_fvg;h4_ob_target_swept_liquidity_internal;h4_ob_target_swept_liquidity_previous_candle;h4_ob_target_swept_liquidity_swing
2020-01-20,Monday,london,2020-01-20 08:00:00+00:00,2020-01-20 11:00:00+00:00,bullish,142.905,142.766,143.25250000000003,143.25250000000003,0.13900000000001,34.0,win,2.5,tp,3.251798561150832,0.0,be_stop,True,1,3,0 days 03:00:00,4.900000000000659,True,,,2.5,2020-01-20 08:00:00+00:00,False,142.952,142.786,1,daily_mitigation_ob_caused_displacement;daily_mitigation_ob_caused_imbalance;daily_mitigation_ob_flip_zone;daily_mitigation_ob_has_inducement;daily_mitigation_ob_swept_liquidity;daily_mitigation_ob_swept_liquidity_fractal;daily_mitigation_ob_swept_liquidity_fvg;daily_mitigation_ob_swept_liquidity_internal;daily_mitigation_ob_swept_liquidity_previous_candle;daily_mitigation_ob_swept_liquidity_swing;daily_ob_target_caused_displacement;daily_ob_target_caused_imbalance;daily_ob_target_flip_zone;daily_ob_target_has_inducement;daily_ob_target_swept_liquidity;daily_ob_target_swept_liquidity_fractal;daily_ob_target_swept_liquidity_fvg;daily_ob_target_swept_liquidity_internal;daily_ob_target_swept_liquidity_previous_candle;daily_ob_target_swept_liquidity_swing;h1_mitigation_ob_flip_zone;h1_mitigation_ob_swept_liquidity;h1_mitigation_ob_swept_liquidity_fractal;h1_mitigation_ob_swept_liquidity_fvg;h1_mitigation_ob_swept_liquidity_internal;h1_mitigation_ob_swept_liquidity_swing;h1_ob_target_flip_zone;h1_ob_target_swept_liquidity_fractal;h1_ob_target_swept_liquidity_fvg;h1_ob_target_swept_liquidity_internal;h1_ob_target_swept_liquidity_previous_candle;h1_ob_target_swept_liquidity_swing;h4_mitigation_ob_caused_displacement;h4_mitigation_ob_caused_imbalance;h4_mitigation_ob_flip_zone;h4_mitigation_ob_has_inducement;h4_mitigation_ob_swept_liquidity;h4_mitigation_ob_swept_liquidity_fractal;h4_mitigation_ob_swept_liquidity_fvg;h4_mitigation_ob_swept_liquidity_internal;h4_mitigation_ob_swept_liquidity_previous_candle;h4_mitigation_ob_swept_liquidity_swing;h4_mitigation_ob_within_daily_ob;h4_ob_target_caused_displacement;h4_ob_target_caused_imbalance;h4_ob_target_flip_zone;h4_ob_target_has_inducement;h4_ob_target_swept_liquidity;h4_ob_target_swept_liquidity_fractal;h4_ob_target_swept_liquidity_fvg;h4_ob_target_swept_liquidity_internal;h4_ob_target_swept_liquidity_previous_candle;h4_ob_target_swept_liquidity_swing;h4_ob_target_within_daily_ob
2020-01-20,Monday,ny,2020-01-20 12:00:00+00:00,2020-01-20 13:00:00+00:00,bearish,143.141,143.228,142.92349999999993,143.228,0.08700000000001751,10.0,loss,-1.0,sl,0.0,-1.0,sl,False,0,1,0 days 01:00:00,9.999999999999432,True,,,2.5,2020-01-20 11:00:00+00:00,True,143.208,143.065,1,daily_mitigation_ob_caused_displacement;daily_mitigation_ob_caused_imbalance;daily_mitigation_ob_flip_zone;daily_mitigation_ob_has_inducement;daily_mitigation_ob_swept_liquidity;daily_mitigation_ob_swept_liquidity_fractal;daily_mitigation_ob_swept_liquidity_fvg;daily_mitigation_ob_swept_liquidity_internal;daily_mitigation_ob_swept_liquidity_previous_candle;daily_mitigation_ob_swept_liquidity_swing;daily_ob_target_caused_displacement;daily_ob_target_caused_imbalance;daily_ob_target_flip_zone;daily_ob_target_has_inducement;daily_ob_target_swept_liquidity;daily_ob_target_swept_liquidity_fractal;daily_ob_target_swept_liquidity_fvg;daily_ob_target_swept_liquidity_internal;daily_ob_target_swept_liquidity_previous_candle;daily_ob_target_swept_liquidity_swing;h1_mitigation_ob_flip_zone;h1_mitigation_ob_swept_liquidity_fractal;h1_mitigation_ob_swept_liquidity_fvg;h1_mitigation_ob_swept_liquidity_internal;h1_mitigation_ob_swept_liquidity_previous_candle;h1_mitigation_ob_swept_liquidity_swing;h1_ob_target_caused_displacement;h1_ob_target_caused_imbalance;h1_ob_target_flip_zone;h1_ob_target_has_inducement;h1_ob_target_swept_liquidity;h1_ob_target_swept_liquidity_fractal;h1_ob_target_swept_liquidity_fvg;h1_ob_target_swept_liquidity_internal;h1_ob_target_swept_liquidity_previous_candle;h1_ob_target_swept_liquidity_swing;h1_ob_target_within_h4_ob;h4_mitigation_ob_caused_displacement;h4_mitigation_ob_caused_imbalance;h4_mitigation_ob_flip_zone;h4_mitigation_ob_has_inducement;h4_mitigation_ob_swept_liquidity;h4_mitigation_ob_swept_liquidity_fractal;h4_mitigation_ob_swept_liquidity_fvg;h4_mitigation_ob_swept_liquidity_internal;h4_mitigation_ob_swept_liquidity_previous_candle;h4_mitigation_ob_swept_liquidity_swing;h4_mitigation_ob_within_daily_ob;h4_ob_target_caused_displacement;h4_ob_target_caused_imbalance;h4_ob_target_flip_zone;h4_ob_target_has_inducement;h4_ob_target_swept_liquidity;h4_ob_target_swept_liquidity_fractal;h4_ob_target_swept_liquidity_fvg;h4_ob_target_swept_liquidity_internal;h4_ob_target_swept_liquidity_previous_candle;h4_ob_target_swept_liquidity_swing;h4_ob_target_within_daily_ob
2020-01-21,Tuesday,ny,2020-01-21 12:00:00+00:00,2020-01-21 13:00:00+00:00,bearish,143.591,143.94500000000002,142.70599999999996,143.94500000000002,0.3540000000000134,-10.0,loss,-1.0,sl,0.008474576271226584,-1.0,sl,False,0,1,0 days 01:00:00,2.7999999999991587,True,,,2.5,2020-01-21 12:00:00+00:00,False,143.925,143.629,1,daily_mitigation_ob_caused_displacement;daily_mitigation_ob_caused_imbalance;daily_mitigation_ob_flip_zone;daily_mitigation_ob_has_inducement;daily_mitigation_ob_swept_liquidity;daily_mitigation_ob_swept_liquidity_fractal;daily_mitigation_ob_swept_liquidity_fvg;daily_mitigation_ob_swept_liquidity_internal;daily_mitigation_ob_swept_liquidity_previous_candle;daily_mitigation_ob_swept_liquidity_swing;daily_ob_target_caused_displacement;daily_ob_target_caused_imbalance;daily_ob_target_flip_zone;daily_ob_target_has_inducement;daily_ob_target_swept_liquidity;daily_ob_target_swept_liquidity_fractal;daily_ob_target_swept_liquidity_fvg;daily_ob_target_swept_liquidity_internal;daily_ob_target_swept_liquidity_previous_candle;daily_ob_target_swept_liquidity_swing;h1_mitigation_ob_flip_zone;h1_mitigation_ob_swept_liquidity;h1_mitigation_ob_swept_liquidity_fvg;h1_mitigation_ob_swept_liquidity_internal;h1_mitigation_ob_swept_liquidity_previous_candle;h1_mitigation_ob_swept_liquidity_swing;h1_ob_target_flip_zone;h1_ob_target_swept_liquidity_fractal;h1_ob_target_swept_liquidity_fvg;h1_ob_target_swept_liquidity_internal;h1_ob_target_swept_liquidity_previous_candle;h1_ob_target_swept_liquidity_swing;h4_mitigation_ob_caused_displacement;h4_mitigation_ob_caused_imbalance;h4_mitigation_ob_flip_zone;h4_mitigation_ob_has_inducement;h4_mitigation_ob_swept_liquidity;h4_mitigation_ob_swept_liquidity_fractal;h4_mitigation_ob_swept_liquidity_fvg;h4_mitigation_ob_swept_liquidity_internal;h4_mitigation_ob_swept_liquidity_previous_candle;h4_mitigation_ob_swept_liquidity_swing;h4_mitigation_ob_within_daily_ob;h4_ob_target_flip_zone;h4_ob_target_swept_liquidity_fractal;h4_ob_target_swept_liquidity_fvg;h4_ob_target_swept_liquidity_internal;h4_ob_target_swept_liquidity_previous_candle;h4_ob_target_swept_liquidity_swing
2020-01-22,Wednesday,london,2020-01-22 08:00:00+00:00,2020-01-22 09:00:00+00:00,bullish,143.546,143.39499999999998,143.92350000000002,143.39499999999998,0.15100000000001046,50.0,loss,-1.0,sl,0.0,-1.0,sl,False,0,1,0 days 01:00:00,1.8999999999977035,True,,,2.5,2020-01-22 08:00:00+00:00,False,143.541,143.415,1,daily_mitigation_ob_caused_displacement;daily_mitigation_ob_caused_imbalance;daily_mitigation_ob_flip_zone;daily_mitigation_ob_has_inducement;daily_mitigation_ob_swept_liquidity;daily_mitigation_ob_swept_liquidity_fractal;daily_mitigation_ob_swept_liquidity_fvg;daily_mitigation_ob_swept_liquidity_internal;daily_mitigation_ob_swept_liquidity_previous_candle;daily_mitigation_ob_swept_liquidity_swing;daily_ob_target_caused_displacement;daily_ob_target_caused_imbalance;daily_ob_target_flip_zone;daily_ob_target_has_inducement;daily_ob_target_swept_liquidity;daily_ob_target_swept_liquidity_fractal;daily_ob_target_swept_liquidity_fvg;daily_ob_target_swept_liquidity_internal;daily_ob_target_swept_liquidity_previous_candle;daily_ob_target_swept_liquidity_swing;h1_mitigation_ob_flip_zone;h1_mitigation_ob_swept_liquidity_fractal;h1_mitigation_ob_swept_liquidity_fvg;h1_mitigation_ob_swept_liquidity_internal;h1_mitigation_ob_swept_liquidity_previous_candle;h1_mitigation_ob_swept_liquidity_swing;h1_ob_target_flip_zone;h1_ob_target_swept_liquidity;h1_ob_target_swept_liquidity_fvg;h1_ob_target_swept_liquidity_internal;h1_ob_target_swept_liquidity_previous_candle;h1_ob_target_swept_liquidity_swing;h4_mitigation_ob_caused_displacement;h4_mitigation_ob_caused_imbalance;h4_mitigation_ob_flip_zone;h4_mitigation_ob_has_inducement;h4_mitigation_ob_swept_liquidity;h4_mitigation_ob_swept_liquidity_fractal;h4_mitigation_ob_swept_liquidity_fvg;h4_mitigation_ob_swept_liquidity_internal;h4_mitigation_ob_swept_liquidity_previous_candle;h4_mitigation_ob_swept_liquidity_swing;h4_mitigation_ob_within_daily_ob;h4_ob_target_flip_zone;h4_ob_target_swept_liquidity;h4_ob_target_swept_liquidity_fractal;h4_ob_target_swept_liquidity_fvg;h4_ob_target_swept_liquidity_internal;h4_ob_target_swept_liquidity_swing
2020-01-23,Thursday,london,2020-01-23 07:00:00+00:00,2020-01-23 14:00:00+00:00,bullish,144.086,143.50699999999998,145.53350000000012,143.50699999999998,0.5790000000000362,25.0,loss,-1.0,sl,0.0,-1.0,sl,False,0,7,0 days 07:00:00,12.09999999999809,True,,,2.5,2020-01-23 07:00:00+00:00,False,143.749,143.527,1,daily_mitigation_ob_caused_displacement;daily_mitigation_ob_caused_imbalance;daily_mitigation_ob_flip_zone;daily_mitigation_ob_has_inducement;daily_mitigation_ob_swept_liquidity;daily_mitigation_ob_swept_liquidity_fractal;daily_mitigation_ob_swept_liquidity_fvg;daily_mitigation_ob_swept_liquidity_internal;daily_mitigation_ob_swept_liquidity_previous_candle;daily_mitigation_ob_swept_liquidity_swing;daily_ob_target_flip_zone;daily_ob_target_swept_liquidity_fractal;daily_ob_target_swept_liquidity_fvg;daily_ob_target_swept_liquidity_internal;daily_ob_target_swept_liquidity_previous_candle;daily_ob_target_swept_liquidity_swing;h1_mitigation_ob_flip_zone;h1_mitigation_ob_swept_liquidity;h1_mitigation_ob_swept_liquidity_fractal;h1_mitigation_ob_swept_liquidity_internal;h1_mitigation_ob_swept_liquidity_swing;h1_ob_target_flip_zone;h1_ob_target_swept_liquidity;h1_ob_target_swept_liquidity_fractal;h1_ob_target_swept_liquidity_fvg;h1_ob_target_swept_liquidity_internal;h1_ob_target_swept_liquidity_swing;h4_mitigation_ob_caused_displacement;h4_mitigation_ob_caused_imbalance;h4_mitigation_ob_flip_zone;h4_mitigation_ob_has_inducement;h4_mitigation_ob_swept_liquidity;h4_mitigation_ob_swept_liquidity_fractal;h4_mitigation_ob_swept_liquidity_fvg;h4_mitigation_ob_swept_liquidity_internal;h4_mitigation_ob_swept_liquidity_previous_candle;h4_mitigation_ob_swept_liquidity_swing;h4_mitigation_ob_within_daily_ob;h4_ob_target_flip_zone;h4_ob_target_swept_liquidity;h4_ob_target_swept_liquidity_fractal;h4_ob_target_swept_liquidity_internal;h4_ob_target_swept_liquidity_swing
2020-01-29,Wednesday,london,2020-01-29 09:00:00+00:00,2020-01-29 19:00:00+00:00,bearish,141.882,142.16400000000002,141.17699999999996,142.07,0.2820000000000107,10.0,loss,-0.6666666666665995,cut_19h,0.6276595744680347,-0.6666666666665995,cut_19h,False,1,10,0 days 10:00:00,0.0,True,,,2.5,2020-01-29 09:00:00+00:00,False,142.144,142.055,1,daily_mitigation_ob_caused_displacement;daily_mitigation_ob_caused_imbalance;daily_mitigation_ob_flip_zone;daily_mitigation_ob_has_inducement;daily_mitigation_ob_swept_liquidity;daily_mitigation_ob_swept_liquidity_fractal;daily_mitigation_ob_swept_liquidity_fvg;daily_mitigation_ob_swept_liquidity_internal;daily_mitigation_ob_swept_liquidity_previous_candle;daily_mitigation_ob_swept_liquidity_swing;daily_ob_target_caused_displacement;daily_ob_target_caused_imbalance;daily_ob_target_flip_zone;daily_ob_target_has_inducement;daily_ob_target_swept_liquidity;daily_ob_target_swept_liquidity_fractal;daily_ob_target_swept_liquidity_fvg;daily_ob_target_swept_liquidity_internal;daily_ob_target_swept_liquidity_previous_candle;daily_ob_target_swept_liquidity_swing;h1_mitigation_ob_flip_zone;h1_mitigation_ob_swept_liquidity_fractal;h1_mitigation_ob_swept_liquidity_fvg;h1_mitigation_ob_swept_liquidity_internal;h1_mitigation_ob_swept_liquidity_previous_candle;h1_mitigation_ob_swept_liquidity_swing;h1_ob_target_caused_displacement;h1_ob_target_caused_imbalance;h1_ob_target_flip_zone;h1_ob_target_has_inducement;h1_ob_target_swept_liquidity;h1_ob_target_swept_liquidity_fractal;h1_ob_target_swept_liquidity_fvg;h1_ob_target_swept_liquidity_internal;h1_ob_target_swept_liquidity_previous_candle;h1_ob_target_swept_liquidity_swing;h1_ob_target_within_h4_ob;h4_mitigation_ob_caused_displacement;h4_mitigation_ob_caused_imbalance;h4_mitigation_ob_flip_zone;h4_mitigation_ob_has_inducement;h4_mitigation_ob_swept_liquidity;h4_mitigation_ob_swept_liquidity_fractal;h4_mitigation_ob_swept_liquidity_fvg;h4_mitigation_ob_swept_liquidity_internal;h4_mitigation_ob_swept_liquidity_previous_candle;h4_mitigation_ob_swept_liquidity_swing;h4_mitigation_ob_within_daily_ob;h4_ob_target_flip_zone;h4_ob_target_swept_liquidity_fractal;h4_ob_target_swept_liquidity_fvg;h4_ob_target_swept_liquidity_internal;h4_ob_target_swept_liquidity_previous_candle;h4_ob_target_swept_liquidity_swing
2020-01-30,Thursday,ny,2020-01-30 13:00:00+00:00,2020-01-30 14:00:00+00:00,bearish,142.633,142.686,142.50050000000002,142.50050000000002,0.05299999999999727,17.5,win,2.5,tp,10.0,0.0,be_stop,True,1,1,0 days 01:00:00,7.099999999999795,True,,,2.5,2020-01-30 13:00:00+00:00,False,142.666,142.445,1,daily_mitigation_ob_caused_displacement;daily_mitigation_ob_caused_imbalance;daily_mitigation_ob_flip_zone;daily_mitigation_ob_has_inducement;daily_mitigation_ob_swept_liquidity;daily_mitigation_ob_swept_liquidity_fractal;daily_mitigation_ob_swept_liquidity_fvg;daily_mitigation_ob_swept_liquidity_internal;daily_mitigation_ob_swept_liquidity_previous_candle;daily_mitigation_ob_swept_liquidity_swing;daily_ob_target_caused_displacement;daily_ob_target_caused_imbalance;daily_ob_target_flip_zone;daily_ob_target_has_inducement;daily_ob_target_swept_liquidity;daily_ob_target_swept_liquidity_fractal;daily_ob_target_swept_liquidity_fvg;daily_ob_target_swept_liquidity_internal;daily_ob_target_swept_liquidity_previous_candle;daily_ob_target_swept_liquidity_swing;h1_mitigation_ob_flip_zone;h1_mitigation_ob_swept_liquidity;h1_mitigation_ob_swept_liquidity_fractal;h1_mitigation_ob_swept_liquidity_internal;h1_mitigation_ob_swept_liquidity_previous_candle;h1_mitigation_ob_swept_liquidity_swing;h1_ob_target_caused_displacement;h1_ob_target_caused_imbalance;h1_ob_target_flip_zone;h1_ob_target_has_inducement;h1_ob_target_swept_liquidity;h1_ob_target_swept_liquidity_fractal;h1_ob_target_swept_liquidity_fvg;h1_ob_target_swept_liquidity_internal;h1_ob_target_swept_liquidity_previous_candle;h1_ob_target_swept_liquidity_swing;h1_ob_target_within_h4_ob;h4_mitigation_ob_caused_displacement;h4_mitigation_ob_caused_imbalance;h4_mitigation_ob_flip_zone;h4_mitigation_ob_has_inducement;h4_mitigation_ob_swept_liquidity;h4_mitigation_ob_swept_liquidity_fractal;h4_mitigation_ob_swept_liquidity_fvg;h4_mitigation_ob_swept_liquidity_internal;h4_mitigation_ob_swept_liquidity_previous_candle;h4_mitigation_ob_swept_liquidity_swing;h4_mitigation_ob_within_daily_ob;h4_ob_target_caused_displacement;h4_ob_target_caused_imbalance;h4_ob_target_flip_zone;h4_ob_target_has_inducement;h4_ob_target_swept_liquidity;h4_ob_target_swept_liquidity_fractal;h4_ob_target_swept_liquidity_fvg;h4_ob_target_swept_liquidity_internal;h4_ob_target_swept_liquidity_previous_candle;h4_ob_target_swept_liquidity_swing;h4_ob_target_within_daily_ob
2020-01-31,Friday,ny,2020-01-31 14:00:00+00:00,2020-01-31 19:00:00+00:00,bearish,142.988,143.304,142.19799999999998,142.933,0.3160000000000025,20.0,win,0.17405063291141262,friday_close,0.715189873417713,0.17405063291141262,friday_close,False,0,5,0 days 05:00:00,0.0,True,,,2.5,2020-01-31 14:00:00+00:00,False,143.284,143.084,1,daily_mitigation_ob_caused_displacement;daily_mitigation_ob_caused_imbalance;daily_mitigation_ob_flip_zone;daily_mitigation_ob_has_inducement;daily_mitigation_ob_swept_liquidity;daily_mitigation_ob_swept_liquidity_fractal;daily_mitigation_ob_swept_liquidity_fvg;daily_mitigation_ob_swept_liquidity_internal;daily_mitigation_ob_swept_liquidity_previous_candle;daily_mitigation_ob_swept_liquidity_swing;daily_ob_target_caused_displacement;daily_ob_target_caused_imbalance;daily_ob_target_flip_zone;daily_ob_target_has_inducement;daily_ob_target_swept_liquidity;daily_ob_target_swept_liquidity_fractal;daily_ob_target_swept_liquidity_fvg;daily_ob_target_swept_liquidity_internal;daily_ob_target_swept_liquidity_previous_candle;daily_ob_target_swept_liquidity_swing;h1_mitigation_ob_flip_zone;h1_mitigation_ob_swept_liquidity_fractal;h1_mitigation_ob_swept_liquidity_fvg;h1_mitigation_ob_swept_liquidity_internal;h1_mitigation_ob_swept_liquidity_previous_candle;h1_mitigation_ob_swept_liquidity_swing;h1_ob_target_flip_zone;h1_ob_target_swept_liquidity;h1_ob_target_swept_liquidity_fractal;h1_ob_target_swept_liquidity_internal;h1_ob_target_swept_liquidity_previous_candle;h1_ob_target_swept_liquidity_swing;h4_mitigation_ob_caused_displacement;h4_mitigation_ob_caused_imbalance;h4_mitigation_ob_flip_zone;h4_mitigation_ob_has_inducement;h4_mitigation_ob_swept_liquidity;h4_mitigation_ob_swept_liquidity_fractal;h4_mitigation_ob_swept_liquidity_fvg;h4_mitigation_ob_swept_liquidity_internal;h4_mitigation_ob_swept_liquidity_previous_candle;h4_mitigation_ob_swept_liquidity_swing;h4_mitigation_ob_within_daily_ob;h4_ob_target_flip_zone;h4_ob_target_swept_liquidity;h4_ob_target_swept_liquidity_fractal;h4_ob_target_swept_liquidity_fvg;h4_ob_target_swept_liquidity_internal;h4_ob_target_swept_liquidity_swing
2020-02-03,Monday,ny,2020-02-03 12:00:00+00:00,2020-02-03 14:00:00+00:00,bullish,141.67,141.38899999999998,142.3725,141.38899999999998,0.2810000000000059,-8.0,loss,-1.0,sl,0.5800711743772509,-1.0,sl,False,0,2,0 days 02:00:00,2.4999999999977263,True,,,2.5,2020-02-03 11:00:00+00:00,True,141.69,141.409,1,daily_mitigation_ob_caused_displacement;daily_mitigation_ob_caused_imbalance;daily_mitigation_ob_flip_zone;daily_mitigation_ob_has_inducement;daily_mitigation_ob_swept_liquidity;daily_mitigation_ob_swept_liquidity_fractal;daily_mitigation_ob_swept_liquidity_fvg;daily_mitigation_ob_swept_liquidity_internal;daily_mitigation_ob_swept_liquidity_previous_candle;daily_mitigation_ob_swept_liquidity_swing;daily_ob_target_caused_displacement;daily_ob_target_caused_imbalance;daily_ob_target_flip_zone;daily_ob_target_has_inducement;daily_ob_target_swept_liquidity;daily_ob_target_swept_liquidity_fractal;daily_ob_target_swept_liquidity_fvg;daily_ob_target_swept_liquidity_internal;daily_ob_target_swept_liquidity_previous_candle;daily_ob_target_swept_liquidity_swing;h1_mitigation_ob_flip_zone;h1_mitigation_ob_swept_liquidity_fractal;h1_mitigation_ob_swept_liquidity_fvg;h1_mitigation_ob_swept_liquidity_internal;h1_mitigation_ob_swept_liquidity_previous_candle;h1_mitigation_ob_swept_liquidity_swing;h1_ob_target_flip_zone;h1_ob_target_swept_liquidity_fractal;h1_ob_target_swept_liquidity_fvg;h1_ob_target_swept_liquidity_internal;h1_ob_target_swept_liquidity_previous_candle;h1_ob_target_swept_liquidity_swing;h4_mitigation_ob_caused_displacement;h4_mitigation_ob_caused_imbalance;h4_mitigation_ob_flip_zone;h4_mitigation_ob_has_inducement;h4_mitigation_ob_swept_liquidity;h4_mitigation_ob_swept_liquidity_fractal;h4_mitigation_ob_swept_liquidity_fvg;h4_mitigation_ob_swept_liquidity_internal;h4_mitigation_ob_swept_liquidity_previous_candle;h4_mitigation_ob_swept_liquidity_swing;h4_mitigation_ob_within_daily_ob;h4_ob_target_caused_displacement;h4_ob_target_caused_imbalance;h4_ob_target_flip_zone;h4_ob_target_has_inducement;h4_ob_target_swept_liquidity;h4_ob_target_swept_liquidity_fractal;h4_ob_target_swept_liquidity_fvg;h4_ob_target_swept_liquidity_internal;h4_ob_target_swept_liquidity_previous_candle;h4_ob_target_swept_liquidity_swing;h4_ob_target_within_daily_ob
2020-02-07,Friday,ny,2020-02-07 13:00:00+00:00,2020-02-07 19:00:00+00:00,bearish,141.978,142.39100000000002,140.94549999999998,141.5,0.4130000000000109,17.5,win,1.1573849878934528,friday_close,1.1622276029055822,1.1573849878934528,friday_close,False,0,6,0 days 06:00:00,0.0,True,,,2.5,2020-02-07 13:00:00+00:00,False,142.371,142.17,1,daily_mitigation_ob_caused_displacement;daily_mitigation_ob_caused_imbalance;daily_mitigation_ob_flip_zone;daily_mitigation_ob_has_inducement;daily_mitigation_ob_swept_liquidity;daily_mitigation_ob_swept_liquidity_fractal;daily_mitigation_ob_swept_liquidity_fvg;daily_mitigation_ob_swept_liquidity_internal;daily_mitigation_ob_swept_liquidity_previous_candle;daily_mitigation_ob_swept_liquidity_swing;daily_ob_target_flip_zone;daily_ob_target_swept_liquidity;daily_ob_target_swept_liquidity_fvg;daily_ob_target_swept_liquidity_previous_candle;daily_ob_target_swept_liquidity_swing;h1_mitigation_ob_flip_zone;h1_mitigation_ob_swept_liquidity;h1_mitigation_ob_swept_liquidity_fractal;h1_mitigation_ob_swept_liquidity_fvg;h1_mitigation_ob_swept_liquidity_internal;h1_mitigation_ob_swept_liquidity_swing;h1_ob_target_flip_zone;h1_ob_target_swept_liquidity_fractal;h1_ob_target_swept_liquidity_fvg;h1_ob_target_swept_liquidity_internal;h1_ob_target_swept_liquidity_previous_candle;h1_ob_target_swept_liquidity_swing;h4_mitigation_ob_flip_zone;h4_mitigation_ob_swept_liquidity_fractal;h4_mitigation_ob_swept_liquidity_fvg;h4_mitigation_ob_swept_liquidity_internal;h4_mitigation_ob_swept_liquidity_previous_candle;h4_mitigation_ob_swept_liquidity_swing;h4_ob_target_flip_zone;h4_ob_target_swept_liquidity_fractal;h4_ob_target_swept_liquidity_fvg;h4_ob_target_swept_liquidity_internal;h4_ob_target_swept_liquidity_previous_candle;h4_ob_target_swept_liquidity_swing
2020-02-10,Monday,ny,2020-02-10 12:00:00+00:00,2020-02-11 01:00:00+00:00,bearish,141.925,142.10500000000002,141.475,141.925,0.18000000000000682,-2.0,breakeven,0.0,be_stop,1.9333333333333333,0.0,be_stop,True,1,13,0 days 13:00:00,0.9999999999990905,True,,,2.5,2020-02-10 11:00:00+00:00,True,142.085,141.926,1,daily_mitigation_ob_caused_displacement;daily_mitigation_ob_caused_imbalance;daily_mitigation_ob_flip_zone;daily_mitigation_ob_has_inducement;daily_mitigation_ob_swept_liquidity;daily_mitigation_ob_swept_liquidity_fractal;daily_mitigation_ob_swept_liquidity_fvg;daily_mitigation_ob_swept_liquidity_internal;daily_mitigation_ob_swept_liquidity_previous_candle;daily_mitigation_ob_swept_liquidity_swing;daily_ob_target_caused_displacement;daily_ob_target_caused_imbalance;daily_ob_target_flip_zone;daily_ob_target_has_inducement;daily_ob_target_swept_liquidity;daily_ob_target_swept_liquidity_fractal;daily_ob_target_swept_liquidity_fvg;daily_ob_target_swept_liquidity_internal;daily_ob_target_swept_liquidity_previous_candle;daily_ob_target_swept_liquidity_swing;h1_mitigation_ob_flip_zone;h1_mitigation_ob_swept_liquidity;h1_mitigation_ob_swept_liquidity_fractal;h1_mitigation_ob_swept_liquidity_fvg;h1_mitigation_ob_swept_liquidity_internal;h1_mitigation_ob_swept_liquidity_swing;h1_ob_target_flip_zone;h1_ob_target_swept_liquidity_fractal;h1_ob_target_swept_liquidity_fvg;h1_ob_target_swept_liquidity_internal;h1_ob_target_swept_liquidity_previous_candle;h1_ob_target_swept_liquidity_swing;h4_mitigation_ob_caused_displacement;h4_mitigation_ob_caused_imbalance;h4_mitigation_ob_flip_zone;h4_mitigation_ob_has_inducement;h4_mitigation_ob_swept_liquidity;h4_mitigation_ob_swept_liquidity_fractal;h4_mitigation_ob_swept_liquidity_fvg;h4_mitigation_ob_swept_liquidity_internal;h4_mitigation_ob_swept_liquidity_previous_candle;h4_mitigation_ob_swept_liquidity_swing;h4_mitigation_ob_within_daily_ob;h4_ob_target_caused_displacement;h4_ob_target_caused_imbalance;h4_ob_target_flip_zone;h4_ob_target_has_inducement;h4_ob_target_swept_liquidity;h4_ob_target_swept_liquidity_fractal;h4_ob_target_swept_liquidity_fvg;h4_ob_target_swept_liquidity_internal;h4_ob_target_swept_liquidity_previous_candle;h4_ob_target_swept_liquidity_swing;h4_ob_target_within_daily_ob
2020-02-11,Tuesday,ny,2020-02-11 12:00:00+00:00,2020-02-11 22:00:00+00:00,bullish,142.058,141.88899999999998,142.4805,142.058,0.16900000000001114,13.461538461538462,breakeven,0.0,be_stop,2.3727810650886627,0.0,be_stop,True,1,10,0 days 10:00:00,3.499999999999659,True,,,2.5,2020-02-11 11:00:00+00:00,True,141.985,141.909,1,daily_mitigation_ob_caused_displacement;daily_mitigation_ob_caused_imbalance;daily_mitigation_ob_flip_zone;daily_mitigation_ob_has_inducement;daily_mitigation_ob_swept_liquidity;daily_mitigation_ob_swept_liquidity_fractal;daily_mitigation_ob_swept_liquidity_fvg;daily_mitigation_ob_swept_liquidity_internal;daily_mitigation_ob_swept_liquidity_previous_candle;daily_mitigation_ob_swept_liquidity_swing;daily_ob_target_caused_displacement;daily_ob_target_caused_imbalance;daily_ob_target_flip_zone;daily_ob_target_has_inducement;daily_ob_target_swept_liquidity;daily_ob_target_swept_liquidity_fractal;daily_ob_target_swept_liquidity_fvg;daily_ob_target_swept_liquidity_internal;daily_ob_target_swept_liquidity_previous_candle;daily_ob_target_swept_liquidity_swing;h1_mitigation_ob_flip_zone;h1_mitigation_ob_swept_liquidity_fractal;h1_mitigation_ob_swept_liquidity_fvg;h1_mitigation_ob_swept_liquidity_internal;h1_mitigation_ob_swept_liquidity_previous_candle;h1_mitigation_ob_swept_liquidity_swing;h1_ob_target_flip_zone;h1_ob_target_swept_liquidity;h1_ob_target_swept_liquidity_fractal;h1_ob_target_swept_liquidity_internal;h1_ob_target_swept_liquidity_swing;h4_mitigation_ob_caused_displacement;h4_mitigation_ob_caused_imbalance;h4_mitigation_ob_flip_zone;h4_mitigation_ob_has_inducement;h4_mitigation_ob_swept_liquidity;h4_mitigation_ob_swept_liquidity_fractal;h4_mitigation_ob_swept_liquidity_fvg;h4_mitigation_ob_swept_liquidity_internal;h4_mitigation_ob_swept_liquidity_previous_candle;h4_mitigation_ob_swept_liquidity_swing;h4_mitigation_ob_within_daily_ob;h4_ob_target_caused_displacement;h4_ob_target_caused_imbalance;h4_ob_target_flip_zone;h4_ob_target_has_inducement;h4_ob_target_swept_liquidity;h4_ob_target_swept_liquidity_fractal;h4_ob_target_swept_liquidity_fvg;h4_ob_target_swept_liquidity_internal;h4_ob_target_swept_liquidity_previous_candle;h4_ob_target_swept_liquidity_swing;h4_ob_target_within_daily_ob
2020-02-11,Tuesday,ny,2020-02-11 12:00:00+00:00,2020-02-11 22:00:00+00:00,bullish,142.058,141.70399999999998,142.94300000000004,142.058,0.3540000000000134,17.741935483870968,breakeven,0.0,be_stop,1.1327683615819075,0.0,be_stop,True,1,10,0 days 10:00:00,3.499999999999659,True,,,2.5,2020-02-11 12:00:00+00:00,False,141.945,141.724,1,daily_mitigation_ob_caused_displacement;daily_mitigation_ob_caused_imbalance;daily_mitigation_ob_flip_zone;daily_mitigation_ob_has_inducement;daily_mitigation_ob_swept_liquidity;daily_mitigation_ob_swept_liquidity_fractal;daily_mitigation_ob_swept_liquidity_fvg;daily_mitigation_ob_swept_liquidity_internal;daily_mitigation_ob_swept_liquidity_previous_candle;daily_mitigation_ob_swept_liquidity_swing;daily_ob_target_caused_displacement;daily_ob_target_caused_imbalance;daily_ob_target_flip_zone;daily_ob_target_has_inducement;daily_ob_target_swept_liquidity;daily_ob_target_swept_liquidity_fractal;daily_ob_target_swept_liquidity_fvg;daily_ob_target_swept_liquidity_internal;daily_ob_target_swept_liquidity_previous_candle;daily_ob_target_swept_liquidity_swing;h1_mitigation_ob_flip_zone;h1_mitigation_ob_swept_liquidity_fractal;h1_mitigation_ob_swept_liquidity_fvg;h1_mitigation_ob_swept_liquidity_internal;h1_mitigation_ob_swept_liquidity_previous_candle;h1_mitigation_ob_swept_liquidity_swing;h1_ob_target_flip_zone;h1_ob_target_swept_liquidity;h1_ob_target_swept_liquidity_fractal;h1_ob_target_swept_liquidity_internal;h1_ob_target_swept_liquidity_swing;h4_mitigation_ob_caused_displacement;h4_mitigation_ob_caused_imbalance;h4_mitigation_ob_flip_zone;h4_mitigation_ob_has_inducement;h4_mitigation_ob_swept_liquidity;h4_mitigation_ob_swept_liquidity_fractal;h4_mitigation_ob_swept_liquidity_fvg;h4_mitigation_ob_swept_liquidity_internal;h4_mitigation_ob_swept_liquidity_previous_candle;h4_mitigation_ob_swept_liquidity_swing;h4_mitigation_ob_within_daily_ob;h4_ob_target_flip_zone;h4_ob_target_swept_liquidity_fractal;h4_ob_target_swept_liquidity_fvg;h4_ob_target_swept_liquidity_internal;h4_ob_target_swept_liquidity_previous_candle;h4_ob_target_swept_liquidity_swing
2020-02-12,Wednesday,london,2020-02-12 08:00:00+00:00,2020-02-12 09:00:00+00:00,bearish,142.756,142.80100000000002,142.64349999999996,142.80100000000002,0.045000000000015916,10.0,loss,-1.0,sl,0.0,-1.0,sl,False,0,1,0 days 01:00:00,2.9999999999972715,True,,,2.5,2020-02-12 08:00:00+00:00,False,142.781,142.52,1,daily_mitigation_ob_caused_displacement;daily_mitigation_ob_caused_imbalance;daily_mitigation_ob_flip_zone;daily_mitigation_ob_has_inducement;daily_mitigation_ob_swept_liquidity;daily_mitigation_ob_swept_liquidity_fractal;daily_mitigation_ob_swept_liquidity_fvg;daily_mitigation_ob_swept_liquidity_internal;daily_mitigation_ob_swept_liquidity_previous_candle;daily_mitigation_ob_swept_liquidity_swing;daily_ob_target_caused_displacement;daily_ob_target_caused_imbalance;daily_ob_target_flip_zone;daily_ob_target_has_inducement;daily_ob_target_swept_liquidity;daily_ob_target_swept_liquidity_fractal;daily_ob_target_swept_liquidity_fvg;daily_ob_target_swept_liquidity_internal;daily_ob_target_swept_liquidity_previous_candle;daily_ob_target_swept_liquidity_swing;h1_mitigation_ob_flip_zone;h1_mitigation_ob_swept_liquidity_fractal;h1_mitigation_ob_swept_liquidity_fvg;h1_mitigation_ob_swept_liquidity_internal;h1_mitigation_ob_swept_liquidity_previous_candle;h1_mitigation_ob_swept_liquidity_swing;h1_ob_target_flip_zone;h1_ob_target_swept_liquidity_fractal;h1_ob_target_swept_liquidity_fvg;h1_ob_target_swept_liquidity_internal;h1_ob_target_swept_liquidity_previous_candle;h1_ob_target_swept_liquidity_swing;h4_mitigation_ob_caused_displacement;h4_mitigation_ob_caused_imbalance;h4_mitigation_ob_flip_zone;h4_mitigation_ob_has_inducement;h4_mitigation_ob_swept_liquidity;h4_mitigation_ob_swept_liquidity_fractal;h4_mitigation_ob_swept_liquidity_fvg;h4_mitigation_ob_swept_liquidity_internal;h4_mitigation_ob_swept_liquidity_previous_candle;h4_mitigation_ob_swept_liquidity_swing;h4_mitigation_ob_within_daily_ob;h4_ob_target_flip_zone;h4_ob_target_swept_liquidity_fractal;h4_ob_target_swept_liquidity_fvg;h4_ob_target_swept_liquidity_internal;h4_ob_target_swept_liquidity_previous_candle;h4_ob_target_swept_liquidity_swing
2020-02-13,Thursday,london,2020-02-13 07:00:00+00:00,2020-02-13 14:00:00+00:00,bullish,142.405,142.11599999999999,143.12750000000005,143.12750000000005,0.2890000000000157,20.0,win,2.5,tp,3.7024221453284953,2.3010380622835847,friday_close,True,1,7,0 days 07:00:00,0.0,True,,,2.5,2020-02-13 06:00:00+00:00,True,142.238,142.136,1,daily_mitigation_ob_caused_displacement;daily_mitigation_ob_caused_imbalance;daily_mitigation_ob_flip_zone;daily_mitigation_ob_has_inducement;daily_mitigation_ob_swept_liquidity;daily_mitigation_ob_swept_liquidity_fractal;daily_mitigation_ob_swept_liquidity_fvg;daily_mitigation_ob_swept_liquidity_internal;daily_mitigation_ob_swept_liquidity_previous_candle;daily_mitigation_ob_swept_liquidity_swing;daily_ob_target_caused_displacement;daily_ob_target_caused_imbalance;daily_ob_target_flip_zone;daily_ob_target_has_inducement;daily_ob_target_swept_liquidity;daily_ob_target_swept_liquidity_fractal;daily_ob_target_swept_liquidity_fvg;daily_ob_target_swept_liquidity_internal;daily_ob_target_swept_liquidity_previous_candle;daily_ob_target_swept_liquidity_swing;h1_mitigation_ob_flip_zone;h1_mitigation_ob_swept_liquidity_fractal;h1_mitigation_ob_swept_liquidity_fvg;h1_mitigation_ob_swept_liquidity_internal;h1_mitigation_ob_swept_liquidity_previous_candle;h1_mitigation_ob_swept_liquidity_swing;h1_ob_target_flip_zone;h1_ob_target_swept_liquidity;h1_ob_target_swept_liquidity_fractal;h1_ob_target_swept_liquidity_fvg;h1_ob_target_swept_liquidity_internal;h1_ob_target_swept_liquidity_swing;h4_mitigation_ob_caused_displacement;h4_mitigation_ob_caused_imbalance;h4_mitigation_ob_flip_zone;h4_mitigation_ob_has_inducement;h4_mitigation_ob_swept_liquidity;h4_mitigation_ob_swept_liquidity_fractal;h4_mitigation_ob_swept_liquidity_fvg;h4_mitigation_ob_swept_liquidity_internal;h4_mitigation_ob_swept_liquidity_previous_candle;h4_mitigation_ob_swept_liquidity_swing;h4_mitigation_ob_within_daily_ob;h4_ob_target_flip_zone;h4_ob_target_swept_liquidity_fractal;h4_ob_target_swept_liquidity_fvg;h4_ob_target_swept_liquidity_internal;h4_ob_target_swept_liquidity_previous_candle;h4_ob_target_swept_liquidity_swing
2020-02-14,Friday,ny,2020-02-14 12:00:00+00:00,2020-02-14 19:00:00+00:00,bearish,143.117,143.335,142.57199999999995,143.07,0.21800000000001774,3.225806451612903,win,0.21559633027519826,friday_close,1.6284403669722975,0.21559633027519826,friday_close,False,0,7,0 days 07:00:00,0.0,True,,,2.5,2020-02-14 12:00:00+00:00,False,143.315,143.163,1,daily_mitigation_ob_caused_displacement;daily_mitigation_ob_caused_imbalance;daily_mitigation_ob_flip_zone;daily_mitigation_ob_has_inducement;daily_mitigation_ob_swept_liquidity;daily_mitigation_ob_swept_liquidity_fractal;daily_mitigation_ob_swept_liquidity_fvg;daily_mitigation_ob_swept_liquidity_internal;daily_mitigation_ob_swept_liquidity_previous_candle;daily_mitigation_ob_swept_liquidity_swing;daily_ob_target_caused_displacement;daily_ob_target_caused_imbalance;daily_ob_target_flip_zone;daily_ob_target_has_inducement;daily_ob_target_swept_liquidity;daily_ob_target_swept_liquidity_fractal;daily_ob_target_swept_liquidity_fvg;daily_ob_target_swept_liquidity_internal;daily_ob_target_swept_liquidity_previous_candle;daily_ob_target_swept_liquidity_swing;h1_mitigation_ob_flip_zone;h1_mitigation_ob_swept_liquidity;h1_mitigation_ob_swept_liquidity_fractal;h1_mitigation_ob_swept_liquidity_fvg;h1_mitigation_ob_swept_liquidity_internal;h1_mitigation_ob_swept_liquidity_swing;h1_ob_target_flip_zone;h1_ob_target_swept_liquidity;h1_ob_target_swept_liquidity_fvg;h1_ob_target_swept_liquidity_internal;h1_ob_target_swept_liquidity_swing;h4_mitigation_ob_caused_displacement;h4_mitigation_ob_caused_imbalance;h4_mitigation_ob_flip_zone;h4_mitigation_ob_has_inducement;h4_mitigation_ob_swept_liquidity;h4_mitigation_ob_swept_liquidity_fractal;h4_mitigation_ob_swept_liquidity_fvg;h4_mitigation_ob_swept_liquidity_internal;h4_mitigation_ob_swept_liquidity_previous_candle;h4_mitigation_ob_swept_liquidity_swing;h4_mitigation_ob_within_daily_ob;h4_ob_target_flip_zone;h4_ob_target_swept_liquidity_fractal;h4_ob_target_swept_liquidity_fvg;h4_ob_target_swept_liquidity_internal;h4_ob_target_swept_liquidity_previous_candle;h4_ob_target_swept_liquidity_swing
2020-02-18,Tuesday,london,2020-02-18 09:00:00+00:00,2020-02-19 12:00:00+00:00,bullish,142.59,142.196,143.57500000000002,143.57500000000002,0.39400000000000546,-6.451612903225806,win,2.5,tp,6.007614213197861,5.794416243654709,friday_close,True,3,27,1 days 03:00:00,0.0,True,,,2.5,2020-02-18 09:00:00+00:00,False,142.345,142.216,1,daily_mitigation_ob_caused_displacement;daily_mitigation_ob_caused_imbalance;daily_mitigation_ob_flip_zone;daily_mitigation_ob_has_inducement;daily_mitigation_ob_swept_liquidity;daily_mitigation_ob_swept_liquidity_fractal;daily_mitigation_ob_swept_liquidity_fvg;daily_mitigation_ob_swept_liquidity_internal;daily_mitigation_ob_swept_liquidity_previous_candle;daily_mitigation_ob_swept_liquidity_swing;daily_ob_target_caused_displacement;daily_ob_target_caused_imbalance;daily_ob_target_flip_zone;daily_ob_target_has_inducement;daily_ob_target_swept_liquidity;daily_ob_target_swept_liquidity_fractal;daily_ob_target_swept_liquidity_fvg;daily_ob_target_swept_liquidity_internal;daily_ob_target_swept_liquidity_previous_candle;daily_ob_target_swept_liquidity_swing;h1_mitigation_ob_flip_zone;h1_mitigation_ob_swept_liquidity;h1_mitigation_ob_swept_liquidity_fractal;h1_mitigation_ob_swept_liquidity_internal;h1_mitigation_ob_swept_liquidity_swing;h1_ob_target_flip_zone;h1_ob_target_swept_liquidity;h1_ob_target_swept_liquidity_fvg;h1_ob_target_swept_liquidity_internal;h1_ob_target_swept_liquidity_previous_candle;h1_ob_target_swept_liquidity_swing;h4_mitigation_ob_caused_displacement;h4_mitigation_ob_caused_imbalance;h4_mitigation_ob_flip_zone;h4_mitigation_ob_has_inducement;h4_mitigation_ob_swept_liquidity;h4_mitigation_ob_swept_liquidity_fractal;h4_mitigation_ob_swept_liquidity_fvg;h4_mitigation_ob_swept_liquidity_internal;h4_mitigation_ob_swept_liquidity_previous_candle;h4_mitigation_ob_swept_liquidity_swing;h4_mitigation_ob_within_daily_ob;h4_ob_target_flip_zone;h4_ob_target_swept_liquidity_fractal;h4_ob_target_swept_liquidity_fvg;h4_ob_target_swept_liquidity_internal;h4_ob_target_swept_liquidity_previous_candle;h4_ob_target_swept_liquidity_swing
2020-02-18,Tuesday,ny,2020-02-18 12:00:00+00:00,2020-02-18 15:00:00+00:00,bearish,143.053,143.21,142.66049999999996,143.21,0.1570000000000107,16.0,loss,-1.0,sl,0.7579617834394374,-1.0,sl,False,0,3,0 days 03:00:00,1.9000000000005457,True,,,2.5,2020-02-18 12:00:00+00:00,False,143.19,143.149,1,daily_mitigation_ob_caused_displacement;daily_mitigation_ob_caused_imbalance;daily_mitigation_ob_flip_zone;daily_mitigation_ob_has_inducement;daily_mitigation_ob_swept_liquidity;daily_mitigation_ob_swept_liquidity_fractal;daily_mitigation_ob_swept_liquidity_fvg;daily_mitigation_ob_swept_liquidity_internal;daily_mitigation_ob_swept_liquidity_previous_candle;daily_mitigation_ob_swept_liquidity_swing;daily_ob_target_caused_displacement;daily_ob_target_caused_imbalance;daily_ob_target_flip_zone;daily_ob_target_has_inducement;daily_ob_target_swept_liquidity;daily_ob_target_swept_liquidity_fractal;daily_ob_target_swept_liquidity_fvg;daily_ob_target_swept_liquidity_internal;daily_ob_target_swept_liquidity_previous_candle;daily_ob_target_swept_liquidity_swing;h1_mitigation_ob_flip_zone;h1_mitigation_ob_swept_liquidity;h1_mitigation_ob_swept_liquidity_fvg;h1_mitigation_ob_swept_liquidity_internal;h1_mitigation_ob_swept_liquidity_previous_candle;h1_mitigation_ob_swept_liquidity_swing;h1_ob_target_flip_zone;h1_ob_target_swept_liquidity;h1_ob_target_swept_liquidity_fractal;h1_ob_target_swept_liquidity_fvg;h1_ob_target_swept_liquidity_internal;h1_ob_target_swept_liquidity_swing;h4_mitigation_ob_caused_displacement;h4_mitigation_ob_caused_imbalance;h4_mitigation_ob_flip_zone;h4_mitigation_ob_has_inducement;h4_mitigation_ob_swept_liquidity;h4_mitigation_ob_swept_liquidity_fractal;h4_mitigation_ob_swept_liquidity_fvg;h4_mitigation_ob_swept_liquidity_internal;h4_mitigation_ob_swept_liquidity_previous_candle;h4_mitigation_ob_swept_liquidity_swing;h4_mitigation_ob_within_daily_ob;h4_ob_target_caused_displacement;h4_ob_target_caused_imbalance;h4_ob_target_flip_zone;h4_ob_target_has_inducement;h4_ob_target_swept_liquidity;h4_ob_target_swept_liquidity_fractal;h4_ob_target_swept_liquidity_fvg;h4_ob_target_swept_liquidity_internal;h4_ob_target_swept_liquidity_previous_candle;h4_ob_target_swept_liquidity_swing;h4_ob_target_within_daily_ob
2020-02-19,Wednesday,london,2020-02-19 08:00:00+00:00,2020-02-19 09:00:00+00:00,bearish,143.17,143.354,142.70999999999992,143.354,0.18400000000002592,22.0,loss,-1.0,sl,0.9510869565215124,-1.0,sl,False,0,1,0 days 01:00:00,15.599999999997749,True,,,2.5,2020-02-19 08:00:00+00:00,False,143.334,143.208,2,daily_mitigation_ob_caused_displacement;daily_mitigation_ob_caused_imbalance;daily_mitigation_ob_flip_zone;daily_mitigation_ob_has_inducement;daily_mitigation_ob_swept_liquidity;daily_mitigation_ob_swept_liquidity_fractal;daily_mitigation_ob_swept_liquidity_fvg;daily_mitigation_ob_swept_liquidity_internal;daily_mitigation_ob_swept_liquidity_previous_candle;daily_mitigation_ob_swept_liquidity_swing;daily_ob_target_caused_displacement;daily_ob_target_caused_imbalance;daily_ob_target_flip_zone;daily_ob_target_has_inducement;daily_ob_target_swept_liquidity;daily_ob_target_swept_liquidity_fractal;daily_ob_target_swept_liquidity_fvg;daily_ob_target_swept_liquidity_internal;daily_ob_target_swept_liquidity_previous_candle;daily_ob_target_swept_liquidity_swing;h1_mitigation_ob_flip_zone;h1_mitigation_ob_swept_liquidity;h1_mitigation_ob_swept_liquidity_fractal;h1_mitigation_ob_swept_liquidity_fvg;h1_mitigation_ob_swept_liquidity_internal;h1_mitigation_ob_swept_liquidity_swing;h1_ob_target_flip_zone;h1_ob_target_swept_liquidity_fractal;h1_ob_target_swept_liquidity_fvg;h1_ob_target_swept_liquidity_internal;h1_ob_target_swept_liquidity_previous_candle;h1_ob_target_swept_liquidity_swing;h4_mitigation_ob_caused_displacement;h4_mitigation_ob_caused_imbalance;h4_mitigation_ob_flip_zone;h4_mitigation_ob_has_inducement;h4_mitigation_ob_swept_liquidity;h4_mitigation_ob_swept_liquidity_fractal;h4_mitigation_ob_swept_liquidity_fvg;h4_mitigation_ob_swept_liquidity_internal;h4_mitigation_ob_swept_liquidity_previous_candle;h4_mitigation_ob_swept_liquidity_swing;h4_mitigation_ob_within_daily_ob;h4_ob_target_caused_displacement;h4_ob_target_caused_imbalance;h4_ob_target_flip_zone;h4_ob_target_has_inducement;h4_ob_target_swept_liquidity;h4_ob_target_swept_liquidity_fractal;h4_ob_target_swept_liquidity_fvg;h4_ob_target_swept_liquidity_internal;h4_ob_target_swept_liquidity_previous_candle;h4_ob_target_swept_liquidity_swing;h4_ob_target_within_daily_ob
2020-02-20,Thursday,ny,2020-02-20 12:00:00+00:00,2020-02-21 07:00:00+00:00,bullish,144.05,143.759,144.7775000000001,144.05,0.29100000000002524,27.142857142857142,breakeven,0.0,be_stop,1.6632302405496167,0.0,be_stop,True,1,19,0 days 19:00:00,8.100000000001728,True,,,2.5,2020-02-20 12:00:00+00:00,False,143.963,143.779,1,daily_mitigation_ob_caused_displacement;daily_mitigation_ob_caused_imbalance;daily_mitigation_ob_flip_zone;daily_mitigation_ob_has_inducement;daily_mitigation_ob_swept_liquidity;daily_mitigation_ob_swept_liquidity_fractal;daily_mitigation_ob_swept_liquidity_fvg;daily_mitigation_ob_swept_liquidity_internal;daily_mitigation_ob_swept_liquidity_previous_candle;daily_mitigation_ob_swept_liquidity_swing;daily_ob_target_flip_zone;daily_ob_target_swept_liquidity_fractal;daily_ob_target_swept_liquidity_fvg;daily_ob_target_swept_liquidity_internal;daily_ob_target_swept_liquidity_previous_candle;daily_ob_target_swept_liquidity_swing;h1_mitigation_ob_flip_zone;h1_mitigation_ob_swept_liquidity_fractal;h1_mitigation_ob_swept_liquidity_fvg;h1_mitigation_ob_swept_liquidity_internal;h1_mitigation_ob_swept_liquidity_previous_candle;h1_mitigation_ob_swept_liquidity_swing;h1_ob_target_flip_zone;h1_ob_target_swept_liquidity_fractal;h1_ob_target_swept_liquidity_fvg;h1_ob_target_swept_liquidity_internal;h1_ob_target_swept_liquidity_previous_candle;h1_ob_target_swept_liquidity_swing;h4_mitigation_ob_caused_displacement;h4_mitigation_ob_caused_imbalance;h4_mitigation_ob_flip_zone;h4_mitigation_ob_has_inducement;h4_mitigation_ob_swept_liquidity;h4_mitigation_ob_swept_liquidity_fractal;h4_mitigation_ob_swept_liquidity_fvg;h4_mitigation_ob_swept_liquidity_internal;h4_mitigation_ob_swept_liquidity_previous_candle;h4_mitigation_ob_swept_liquidity_swing;h4_mitigation_ob_within_daily_ob;h4_ob_target_flip_zone;h4_ob_target_swept_liquidity;h4_ob_target_swept_liquidity_fractal;h4_ob_target_swept_liquidity_internal;h4_ob_target_swept_liquidity_swing
2020-02-25,Tuesday,london,2020-02-25 08:00:00+00:00,2020-02-25 19:00:00+00:00,bullish,143.415,142.938,144.60750000000002,143.068,0.47700000000000387,33.82352941176471,loss,-0.7274633123689249,cut_19h,0.3815513626834694,-0.7274633123689249,cut_19h,False,1,11,0 days 11:00:00,0.0,True,,,2.5,2020-02-25 08:00:00+00:00,False,143.123,142.958,1,daily_mitigation_ob_caused_displacement;daily_mitigation_ob_caused_imbalance;daily_mitigation_ob_flip_zone;daily_mitigation_ob_has_inducement;daily_mitigation_ob_swept_liquidity;daily_mitigation_ob_swept_liquidity_fractal;daily_mitigation_ob_swept_liquidity_fvg;daily_mitigation_ob_swept_liquidity_internal;daily_mitigation_ob_swept_liquidity_previous_candle;daily_mitigation_ob_swept_liquidity_swing;daily_ob_target_flip_zone;daily_ob_target_swept_liquidity_fractal;daily_ob_target_swept_liquidity_fvg;daily_ob_target_swept_liquidity_internal;daily_ob_target_swept_liquidity_previous_candle;daily_ob_target_swept_liquidity_swing;h1_mitigation_ob_flip_zone;h1_mitigation_ob_swept_liquidity;h1_mitigation_ob_swept_liquidity_fractal;h1_mitigation_ob_swept_liquidity_internal;h1_mitigation_ob_swept_liquidity_previous_candle;h1_mitigation_ob_swept_liquidity_swing;h1_ob_target_flip_zone;h1_ob_target_swept_liquidity;h1_ob_target_swept_liquidity_fractal;h1_ob_target_swept_liquidity_fvg;h1_ob_target_swept_liquidity_internal;h1_ob_target_swept_liquidity_swing;h4_mitigation_ob_caused_displacement;h4_mitigation_ob_caused_imbalance;h4_mitigation_ob_flip_zone;h4_mitigation_ob_has_inducement;h4_mitigation_ob_swept_liquidity;h4_mitigation_ob_swept_liquidity_fractal;h4_mitigation_ob_swept_liquidity_fvg;h4_mitigation_ob_swept_liquidity_internal;h4_mitigation_ob_swept_liquidity_previous_candle;h4_mitigation_ob_swept_liquidity_swing;h4_mitigation_ob_within_daily_ob;h4_ob_target_flip_zone;h4_ob_target_swept_liquidity;h4_ob_target_swept_liquidity_fractal;h4_ob_target_swept_liquidity_internal;h4_ob_target_swept_liquidity_previous_candle;h4_ob_target_swept_liquidity_swing
2020-02-28,Friday,london,2020-02-28 09:00:00+00:00,2020-02-28 13:00:00+00:00,bearish,140.244,140.40800000000002,139.83399999999995,139.83399999999995,0.1640000000000157,22.857142857142858,win,2.5,tp,10.0,14.749999999998657,friday_close,False,0,4,0 days 04:00:00,0.0,True,,,2.5,2020-02-28 09:00:00+00:00,False,140.388,140.209,1,daily_mitigation_ob_caused_displacement;daily_mitigation_ob_caused_imbalance;daily_mitigation_ob_flip_zone;daily_mitigation_ob_has_inducement;daily_mitigation_ob_swept_liquidity;daily_mitigation_ob_swept_liquidity_fractal;daily_mitigation_ob_swept_liquidity_fvg;daily_mitigation_ob_swept_liquidity_internal;daily_mitigation_ob_swept_liquidity_previous_candle;daily_mitigation_ob_swept_liquidity_swing;daily_ob_target_flip_zone;daily_ob_target_swept_liquidity;daily_ob_target_swept_liquidity_fvg;daily_ob_target_swept_liquidity_previous_candle;daily_ob_target_swept_liquidity_swing;h1_mitigation_ob_flip_zone;h1_mitigation_ob_swept_liquidity_fractal;h1_mitigation_ob_swept_liquidity_fvg;h1_mitigation_ob_swept_liquidity_internal;h1_mitigation_ob_swept_liquidity_previous_candle;h1_mitigation_ob_swept_liquidity_swing;h1_ob_target_flip_zone;h1_ob_target_swept_liquidity_fractal;h1_ob_target_swept_liquidity_fvg;h1_ob_target_swept_liquidity_internal;h1_ob_target_swept_liquidity_previous_candle;h1_ob_target_swept_liquidity_swing;h4_mitigation_ob_caused_displacement;h4_mitigation_ob_caused_imbalance;h4_mitigation_ob_flip_zone;h4_mitigation_ob_has_inducement;h4_mitigation_ob_swept_liquidity;h4_mitigation_ob_swept_liquidity_fractal;h4_mitigation_ob_swept_liquidity_fvg;h4_mitigation_ob_swept_liquidity_internal;h4_mitigation_ob_swept_liquidity_previous_candle;h4_mitigation_ob_swept_liquidity_swing;h4_mitigation_ob_within_daily_ob;h4_ob_target_flip_zone;h4_ob_target_swept_liquidity;h4_ob_target_swept_liquidity_fractal;h4_ob_target_swept_liquidity_fvg;h4_ob_target_swept_liquidity_internal;h4_ob_target_swept_liquidity_previous_candle
2020-03-03,Tuesday,ny,2020-03-03 14:00:00+00:00,2020-03-03 15:00:00+00:00,bearish,137.615,138.14200000000002,136.29749999999996,138.14200000000002,0.5270000000000152,45.0,loss,-1.0,sl,0.0,-1.0,sl,False,0,1,0 days 01:00:00,3.8999999999987267,True,,,2.5,2020-03-03 14:00:00+00:00,False,138.122,137.85,1,daily_mitigation_ob_caused_displacement;daily_mitigation_ob_caused_imbalance;daily_mitigation_ob_flip_zone;daily_mitigation_ob_has_inducement;daily_mitigation_ob_swept_liquidity;daily_mitigation_ob_swept_liquidity_fractal;daily_mitigation_ob_swept_liquidity_fvg;daily_mitigation_ob_swept_liquidity_internal;daily_mitigation_ob_swept_liquidity_previous_candle;daily_mitigation_ob_swept_liquidity_swing;daily_ob_target_caused_displacement;daily_ob_target_caused_imbalance;daily_ob_target_flip_zone;daily_ob_target_has_inducement;daily_ob_target_swept_liquidity;daily_ob_target_swept_liquidity_fractal;daily_ob_target_swept_liquidity_fvg;daily_ob_target_swept_liquidity_internal;daily_ob_target_swept_liquidity_previous_candle;daily_ob_target_swept_liquidity_swing;h1_mitigation_ob_flip_zone;h1_mitigation_ob_swept_liquidity_fractal;h1_mitigation_ob_swept_liquidity_fvg;h1_mitigation_ob_swept_liquidity_internal;h1_mitigation_ob_swept_liquidity_previous_candle;h1_mitigation_ob_swept_liquidity_swing;h1_ob_target_flip_zone;h1_ob_target_swept_liquidity;h1_ob_target_swept_liquidity_fvg;h1_ob_target_swept_liquidity_internal;h1_ob_target_swept_liquidity_previous_candle;h1_ob_target_swept_liquidity_swing;h4_mitigation_ob_caused_displacement;h4_mitigation_ob_caused_imbalance;h4_mitigation_ob_flip_zone;h4_mitigation_ob_has_inducement;h4_mitigation_ob_swept_liquidity;h4_mitigation_ob_swept_liquidity_fractal;h4_mitigation_ob_swept_liquidity_fvg;h4_mitigation_ob_swept_liquidity_internal;h4_mitigation_ob_swept_liquidity_previous_candle;h4_mitigation_ob_swept_liquidity_swing;h4_mitigation_ob_within_daily_ob;h4_ob_target_flip_zone;h4_ob_target_swept_liquidity_fractal;h4_ob_target_swept_liquidity_fvg;h4_ob_target_swept_liquidity_internal;h4_ob_target_swept_liquidity_previous_candle;h4_ob_target_swept_liquidity_swing
2020-03-11,Wednesday,london,2020-03-11 07:00:00+00:00,2020-03-11 08:00:00+00:00,bearish,135.466,135.57500000000002,135.19349999999997,135.57500000000002,0.10900000000000887,77.5,loss,-1.0,sl,0.0,-1.0,sl,False,0,1,0 days 01:00:00,71.4999999999975,True,,,2.5,2020-03-11 07:00:00+00:00,False,135.555,135.181,1,daily_mitigation_ob_caused_displacement;daily_mitigation_ob_caused_imbalance;daily_mitigation_ob_flip_zone;daily_mitigation_ob_has_inducement;daily_mitigation_ob_swept_liquidity;daily_mitigation_ob_swept_liquidity_fractal;daily_mitigation_ob_swept_liquidity_fvg;daily_mitigation_ob_swept_liquidity_internal;daily_mitigation_ob_swept_liquidity_previous_candle;daily_mitigation_ob_swept_liquidity_swing;daily_ob_target_caused_displacement;daily_ob_target_caused_imbalance;daily_ob_target_flip_zone;daily_ob_target_has_inducement;daily_ob_target_swept_liquidity;daily_ob_target_swept_liquidity_fractal;daily_ob_target_swept_liquidity_fvg;daily_ob_target_swept_liquidity_internal;daily_ob_target_swept_liquidity_previous_candle;daily_ob_target_swept_liquidity_swing;h1_mitigation_ob_flip_zone;h1_mitigation_ob_swept_liquidity;h1_mitigation_ob_swept_liquidity_fractal;h1_mitigation_ob_swept_liquidity_fvg;h1_mitigation_ob_swept_liquidity_internal;h1_mitigation_ob_swept_liquidity_swing;h1_ob_target_caused_displacement;h1_ob_target_caused_imbalance;h1_ob_target_flip_zone;h1_ob_target_has_inducement;h1_ob_target_swept_liquidity;h1_ob_target_swept_liquidity_fractal;h1_ob_target_swept_liquidity_fvg;h1_ob_target_swept_liquidity_internal;h1_ob_target_swept_liquidity_previous_candle;h1_ob_target_swept_liquidity_swing;h1_ob_target_within_h4_ob;h4_mitigation_ob_caused_displacement;h4_mitigation_ob_caused_imbalance;h4_mitigation_ob_flip_zone;h4_mitigation_ob_has_inducement;h4_mitigation_ob_swept_liquidity;h4_mitigation_ob_swept_liquidity_fractal;h4_mitigation_ob_swept_liquidity_fvg;h4_mitigation_ob_swept_liquidity_internal;h4_mitigation_ob_swept_liquidity_previous_candle;h4_mitigation_ob_swept_liquidity_swing;h4_mitigation_ob_within_daily_ob;h4_ob_target_caused_displacement;h4_ob_target_caused_imbalance;h4_ob_target_flip_zone;h4_ob_target_has_inducement;h4_ob_target_swept_liquidity;h4_ob_target_swept_liquidity_fractal;h4_ob_target_swept_liquidity_fvg;h4_ob_target_swept_liquidity_internal;h4_ob_target_swept_liquidity_previous_candle;h4_ob_target_swept_liquidity_swing;h4_ob_target_within_daily_ob
2020-03-11,Wednesday,london,2020-03-11 08:00:00+00:00,2020-03-11 19:00:00+00:00,bullish,136.103,133.676,142.17050000000006,134.294,2.427000000000021,1.4285714285714286,loss,-0.7453646477132188,cut_19h,0.1817058096415322,-0.7453646477132188,cut_19h,False,1,11,0 days 11:00:00,0.0,True,,,2.5,2020-03-11 08:00:00+00:00,False,134.199,133.696,2,daily_mitigation_ob_caused_displacement;daily_mitigation_ob_caused_imbalance;daily_mitigation_ob_flip_zone;daily_mitigation_ob_has_inducement;daily_mitigation_ob_swept_liquidity;daily_mitigation_ob_swept_liquidity_fractal;daily_mitigation_ob_swept_liquidity_fvg;daily_mitigation_ob_swept_liquidity_internal;daily_mitigation_ob_swept_liquidity_previous_candle;daily_mitigation_ob_swept_liquidity_swing;daily_ob_target_flip_zone;daily_ob_target_swept_liquidity;daily_ob_target_swept_liquidity_fvg;daily_ob_target_swept_liquidity_internal;daily_ob_target_swept_liquidity_previous_candle;daily_ob_target_swept_liquidity_swing;h1_mitigation_ob_flip_zone;h1_mitigation_ob_swept_liquidity_fractal;h1_mitigation_ob_swept_liquidity_fvg;h1_mitigation_ob_swept_liquidity_internal;h1_mitigation_ob_swept_liquidity_previous_candle;h1_mitigation_ob_swept_liquidity_swing;h1_ob_target_flip_zone;h1_ob_target_swept_liquidity;h1_ob_target_swept_liquidity_fractal;h1_ob_target_swept_liquidity_internal;h1_ob_target_swept_liquidity_swing;h4_mitigation_ob_caused_displacement;h4_mitigation_ob_caused_imbalance;h4_mitigation_ob_flip_zone;h4_mitigation_ob_has_inducement;h4_mitigation_ob_swept_liquidity;h4_mitigation_ob_swept_liquidity_fractal;h4_mitigation_ob_swept_liquidity_fvg;h4_mitigation_ob_swept_liquidity_internal;h4_mitigation_ob_swept_liquidity_previous_candle;h4_mitigation_ob_swept_liquidity_swing;h4_mitigation_ob_within_daily_ob;h4_ob_target_flip_zone;h4_ob_target_swept_liquidity_fractal;h4_ob_target_swept_liquidity_fvg;h4_ob_target_swept_liquidity_internal;h4_ob_target_swept_liquidity_previous_candle;h4_ob_target_swept_liquidity_swing
2020-03-11,Wednesday,ny,2020-03-11 12:00:00+00:00,2020-03-11 17:00:00+00:00,bullish,135.142,134.65599999999998,136.35700000000003,134.65599999999998,0.4860000000000184,-20.0,loss,-1.0,sl,1.3868312757201255,-1.0,sl,False,0,5,0 days 05:00:00,18.399999999996908,True,,,2.5,2020-03-11 12:00:00+00:00,False,135.217,134.676,1,daily_mitigation_ob_caused_displacement;daily_mitigation_ob_caused_imbalance;daily_mitigation_ob_flip_zone;daily_mitigation_ob_has_inducement;daily_mitigation_ob_swept_liquidity;daily_mitigation_ob_swept_liquidity_fractal;daily_mitigation_ob_swept_liquidity_fvg;daily_mitigation_ob_swept_liquidity_internal;daily_mitigation_ob_swept_liquidity_previous_candle;daily_mitigation_ob_swept_liquidity_swing;daily_ob_target_caused_displacement;daily_ob_target_caused_imbalance;daily_ob_target_flip_zone;daily_ob_target_has_inducement;daily_ob_target_swept_liquidity;daily_ob_target_swept_liquidity_fractal;daily_ob_target_swept_liquidity_fvg;daily_ob_target_swept_liquidity_internal;daily_ob_target_swept_liquidity_previous_candle;daily_ob_target_swept_liquidity_swing;h1_mitigation_ob_flip_zone;h1_mitigation_ob_swept_liquidity_fractal;h1_mitigation_ob_swept_liquidity_fvg;h1_mitigation_ob_swept_liquidity_internal;h1_mitigation_ob_swept_liquidity_previous_candle;h1_mitigation_ob_swept_liquidity_swing;h1_ob_target_caused_displacement;h1_ob_target_caused_imbalance;h1_ob_target_flip_zone;h1_ob_target_has_inducement;h1_ob_target_swept_liquidity;h1_ob_target_swept_liquidity_fractal;h1_ob_target_swept_liquidity_fvg;h1_ob_target_swept_liquidity_internal;h1_ob_target_swept_liquidity_previous_candle;h1_ob_target_swept_liquidity_swing;h1_ob_target_within_h4_ob;h4_mitigation_ob_caused_displacement;h4_mitigation_ob_caused_imbalance;h4_mitigation_ob_flip_zone;h4_mitigation_ob_has_inducement;h4_mitigation_ob_swept_liquidity;h4_mitigation_ob_swept_liquidity_fractal;h4_mitigation_ob_swept_liquidity_fvg;h4_mitigation_ob_swept_liquidity_internal;h4_mitigation_ob_swept_liquidity_previous_candle;h4_mitigation_ob_swept_liquidity_swing;h4_mitigation_ob_within_daily_ob;h4_ob_target_caused_displacement;h4_ob_target_caused_imbalance;h4_ob_target_flip_zone;h4_ob_target_has_inducement;h4_ob_target_swept_liquidity;h4_ob_target_swept_liquidity_fractal;h4_ob_target_swept_liquidity_fvg;h4_ob_target_swept_liquidity_internal;h4_ob_target_swept_liquidity_previous_candle;h4_ob_target_swept_liquidity_swing;h4_ob_target_within_daily_ob
2020-03-13,Friday,london,2020-03-13 09:00:00+00:00,2020-03-13 10:00:00+00:00,bearish,133.792,134.18200000000002,132.81699999999995,134.18200000000002,0.3900000000000148,57.99999999999999,loss,-1.0,sl,0.1974358974358853,-1.0,sl,False,0,1,0 days 01:00:00,12.599999999997635,True,,,2.5,2020-03-13 09:00:00+00:00,False,134.162,133.821,1,daily_mitigation_ob_caused_displacement;daily_mitigation_ob_caused_imbalance;daily_mitigation_ob_flip_zone;daily_mitigation_ob_has_inducement;daily_mitigation_ob_swept_liquidity;daily_mitigation_ob_swept_liquidity_fractal;daily_mitigation_ob_swept_liquidity_fvg;daily_mitigation_ob_swept_liquidity_internal;daily_mitigation_ob_swept_liquidity_previous_candle;daily_mitigation_ob_swept_liquidity_swing;daily_ob_target_caused_displacement;daily_ob_target_caused_imbalance;daily_ob_target_flip_zone;daily_ob_target_has_inducement;daily_ob_target_swept_liquidity;daily_ob_target_swept_liquidity_fractal;daily_ob_target_swept_liquidity_fvg;daily_ob_target_swept_liquidity_internal;daily_ob_target_swept_liquidity_previous_candle;daily_ob_target_swept_liquidity_swing;h1_mitigation_ob_flip_zone;h1_mitigation_ob_swept_liquidity_fractal;h1_mitigation_ob_swept_liquidity_fvg;h1_mitigation_ob_swept_liquidity_internal;h1_mitigation_ob_swept_liquidity_previous_candle;h1_mitigation_ob_swept_liquidity_swing;h1_ob_target_flip_zone;h1_ob_target_swept_liquidity;h1_ob_target_swept_liquidity_fractal;h1_ob_target_swept_liquidity_fvg;h1_ob_target_swept_liquidity_internal;h1_ob_target_swept_liquidity_swing;h4_mitigation_ob_caused_displacement;h4_mitigation_ob_caused_imbalance;h4_mitigation_ob_flip_zone;h4_mitigation_ob_has_inducement;h4_mitigation_ob_swept_liquidity;h4_mitigation_ob_swept_liquidity_fractal;h4_mitigation_ob_swept_liquidity_fvg;h4_mitigation_ob_swept_liquidity_internal;h4_mitigation_ob_swept_liquidity_previous_candle;h4_mitigation_ob_swept_liquidity_swing;h4_mitigation_ob_within_daily_ob;h4_ob_target_caused_displacement;h4_ob_target_caused_imbalance;h4_ob_target_flip_zone;h4_ob_target_has_inducement;h4_ob_target_swept_liquidity;h4_ob_target_swept_liquidity_fractal;h4_ob_target_swept_liquidity_fvg;h4_ob_target_swept_liquidity_internal;h4_ob_target_swept_liquidity_previous_candle;h4_ob_target_swept_liquidity_swing;h4_ob_target_within_daily_ob
2020-03-18,Wednesday,ny,2020-03-18 13:00:00+00:00,2020-03-18 16:00:00+00:00,bullish,127.285,126.649,128.875,126.649,0.6359999999999957,-20.833333333333336,loss,-1.0,sl,0.8584905660377519,-1.0,sl,False,0,3,0 days 03:00:00,258.70000000000033,True,,,2.5,2020-03-18 13:00:00+00:00,False,127.335,126.669,1,daily_mitigation_ob_caused_displacement;daily_mitigation_ob_caused_imbalance;daily_mitigation_ob_flip_zone;daily_mitigation_ob_has_inducement;daily_mitigation_ob_swept_liquidity;daily_mitigation_ob_swept_liquidity_fractal;daily_mitigation_ob_swept_liquidity_fvg;daily_mitigation_ob_swept_liquidity_internal;daily_mitigation_ob_swept_liquidity_previous_candle;daily_mitigation_ob_swept_liquidity_swing;daily_ob_target_caused_displacement;daily_ob_target_caused_imbalance;daily_ob_target_flip_zone;daily_ob_target_has_inducement;daily_ob_target_swept_liquidity;daily_ob_target_swept_liquidity_fractal;daily_ob_target_swept_liquidity_fvg;daily_ob_target_swept_liquidity_internal;daily_ob_target_swept_liquidity_previous_candle;daily_ob_target_swept_liquidity_swing;h1_mitigation_ob_flip_zone;h1_mitigation_ob_swept_liquidity_fractal;h1_mitigation_ob_swept_liquidity_fvg;h1_mitigation_ob_swept_liquidity_internal;h1_mitigation_ob_swept_liquidity_previous_candle;h1_mitigation_ob_swept_liquidity_swing;h1_ob_target_flip_zone;h1_ob_target_swept_liquidity;h1_ob_target_swept_liquidity_fractal;h1_ob_target_swept_liquidity_internal;h1_ob_target_swept_liquidity_swing;h4_mitigation_ob_flip_zone;h4_mitigation_ob_swept_liquidity_fractal;h4_mitigation_ob_swept_liquidity_fvg;h4_mitigation_ob_swept_liquidity_internal;h4_mitigation_ob_swept_liquidity_previous_candle;h4_mitigation_ob_swept_liquidity_swing;h4_ob_target_flip_zone;h4_ob_target_swept_liquidity_fractal;h4_ob_target_swept_liquidity_fvg;h4_ob_target_swept_liquidity_internal;h4_ob_target_swept_liquidity_previous_candle;h4_ob_target_swept_liquidity_swing
2020-03-20,Friday,london,2020-03-20 08:00:00+00:00,2020-03-20 19:00:00+00:00,bullish,130.427,127.811,136.96699999999996,128.61,2.6159999999999854,-2.857142857142857,loss,-0.6945718654434209,friday_close,0.6165902140672815,-0.6945718654434209,friday_close,False,0,11,0 days 11:00:00,0.0,True,,,2.5,2020-03-20 08:00:00+00:00,False,128.326,127.831,1,daily_mitigation_ob_caused_displacement;daily_mitigation_ob_caused_imbalance;daily_mitigation_ob_flip_zone;daily_mitigation_ob_has_inducement;daily_mitigation_ob_swept_liquidity;daily_mitigation_ob_swept_liquidity_fractal;daily_mitigation_ob_swept_liquidity_fvg;daily_mitigation_ob_swept_liquidity_internal;daily_mitigation_ob_swept_liquidity_previous_candle;daily_mitigation_ob_swept_liquidity_swing;daily_ob_target_flip_zone;daily_ob_target_swept_liquidity;daily_ob_target_swept_liquidity_fractal;daily_ob_target_swept_liquidity_internal;daily_ob_target_swept_liquidity_swing;h1_mitigation_ob_flip_zone;h1_mitigation_ob_swept_liquidity_fractal;h1_mitigation_ob_swept_liquidity_fvg;h1_mitigation_ob_swept_liquidity_internal;h1_mitigation_ob_swept_liquidity_previous_candle;h1_mitigation_ob_swept_liquidity_swing;h1_ob_target_flip_zone;h1_ob_target_swept_liquidity_fractal;h1_ob_target_swept_liquidity_fvg;h1_ob_target_swept_liquidity_internal;h1_ob_target_swept_liquidity_previous_candle;h1_ob_target_swept_liquidity_swing;h4_mitigation_ob_caused_displacement;h4_mitigation_ob_caused_imbalance;h4_mitigation_ob_flip_zone;h4_mitigation_ob_has_inducement;h4_mitigation_ob_swept_liquidity;h4_mitigation_ob_swept_liquidity_fractal;h4_mitigation_ob_swept_liquidity_fvg;h4_mitigation_ob_swept_liquidity_internal;h4_mitigation_ob_swept_liquidity_previous_candle;h4_mitigation_ob_swept_liquidity_swing;h4_mitigation_ob_within_daily_ob;h4_ob_target_flip_zone;h4_ob_target_swept_liquidity;h4_ob_target_swept_liquidity_fractal;h4_ob_target_swept_liquidity_internal;h4_ob_target_swept_liquidity_previous_candle;h4_ob_target_swept_liquidity_swing
2020-03-24,Tuesday,ny,2020-03-24 12:00:00+00:00,2020-03-24 13:00:00+00:00,bearish,130.195,130.64100000000002,129.07999999999993,130.64100000000002,0.4460000000000264,32.25806451612903,loss,-1.0,sl,0.026905829596411985,-1.0,sl,False,0,1,0 days 01:00:00,1.4999999999986358,True,,,2.5,2020-03-24 11:00:00+00:00,True,130.621,129.909,1,daily_mitigation_ob_caused_displacement;daily_mitigation_ob_caused_imbalance;daily_mitigation_ob_flip_zone;daily_mitigation_ob_has_inducement;daily_mitigation_ob_swept_liquidity;daily_mitigation_ob_swept_liquidity_fractal;daily_mitigation_ob_swept_liquidity_fvg;daily_mitigation_ob_swept_liquidity_internal;daily_mitigation_ob_swept_liquidity_previous_candle;daily_mitigation_ob_swept_liquidity_swing;daily_ob_target_caused_displacement;daily_ob_target_caused_imbalance;daily_ob_target_flip_zone;daily_ob_target_has_inducement;daily_ob_target_swept_liquidity;daily_ob_target_swept_liquidity_fractal;daily_ob_target_swept_liquidity_fvg;daily_ob_target_swept_liquidity_internal;daily_ob_target_swept_liquidity_previous_candle;daily_ob_target_swept_liquidity_swing;h1_mitigation_ob_flip_zone;h1_mitigation_ob_swept_liquidity_fractal;h1_mitigation_ob_swept_liquidity_fvg;h1_mitigation_ob_swept_liquidity_internal;h1_mitigation_ob_swept_liquidity_previous_candle;h1_mitigation_ob_swept_liquidity_swing;h1_ob_target_flip_zone;h1_ob_target_swept_liquidity;h1_ob_target_swept_liquidity_fvg;h1_ob_target_swept_liquidity_internal;h1_ob_target_swept_liquidity_swing;h4_mitigation_ob_caused_displacement;h4_mitigation_ob_caused_imbalance;h4_mitigation_ob_flip_zone;h4_mitigation_ob_has_inducement;h4_mitigation_ob_swept_liquidity;h4_mitigation_ob_swept_liquidity_fractal;h4_mitigation_ob_swept_liquidity_fvg;h4_mitigation_ob_swept_liquidity_internal;h4_mitigation_ob_swept_liquidity_previous_candle;h4_mitigation_ob_swept_liquidity_swing;h4_mitigation_ob_within_daily_ob;h4_ob_target_flip_zone;h4_ob_target_swept_liquidity;h4_ob_target_swept_liquidity_fractal;h4_ob_target_swept_liquidity_fvg;h4_ob_target_swept_liquidity_internal;h4_ob_target_swept_liquidity_swing
2020-03-25,Wednesday,london,2020-03-25 09:00:00+00:00,2020-03-25 10:00:00+00:00,bearish,133.383,133.80700000000002,132.32299999999998,132.32299999999998,0.4240000000000066,29.166666666666668,win,2.5,tp,8.332547169811228,0.0,be_stop,True,1,1,0 days 01:00:00,7.899999999997931,True,,,2.5,2020-03-25 09:00:00+00:00,False,133.787,132.524,1,daily_mitigation_ob_caused_displacement;daily_mitigation_ob_caused_imbalance;daily_mitigation_ob_flip_zone;daily_mitigation_ob_has_inducement;daily_mitigation_ob_swept_liquidity;daily_mitigation_ob_swept_liquidity_fractal;daily_mitigation_ob_swept_liquidity_fvg;daily_mitigation_ob_swept_liquidity_internal;daily_mitigation_ob_swept_liquidity_previous_candle;daily_mitigation_ob_swept_liquidity_swing;daily_ob_target_caused_displacement;daily_ob_target_caused_imbalance;daily_ob_target_flip_zone;daily_ob_target_has_inducement;daily_ob_target_swept_liquidity;daily_ob_target_swept_liquidity_fractal;daily_ob_target_swept_liquidity_fvg;daily_ob_target_swept_liquidity_internal;daily_ob_target_swept_liquidity_previous_candle;daily_ob_target_swept_liquidity_swing;h1_mitigation_ob_flip_zone;h1_mitigation_ob_swept_liquidity_fractal;h1_mitigation_ob_swept_liquidity_fvg;h1_mitigation_ob_swept_liquidity_internal;h1_mitigation_ob_swept_liquidity_previous_candle;h1_mitigation_ob_swept_liquidity_swing;h1_ob_target_flip_zone;h1_ob_target_swept_liquidity;h1_ob_target_swept_liquidity_fvg;h1_ob_target_swept_liquidity_internal;h1_ob_target_swept_liquidity_previous_candle;h1_ob_target_swept_liquidity_swing;h4_mitigation_ob_flip_zone;h4_mitigation_ob_swept_liquidity;h4_mitigation_ob_swept_liquidity_fractal;h4_mitigation_ob_swept_liquidity_internal;h4_mitigation_ob_swept_liquidity_previous_candle;h4_mitigation_ob_swept_liquidity_swing;h4_ob_target_flip_zone;h4_ob_target_swept_liquidity;h4_ob_target_swept_liquidity_fractal;h4_ob_target_swept_liquidity_internal;h4_ob_target_swept_liquidity_swing
2020-03-27,Friday,ny,2020-03-27 12:00:00+00:00,2020-03-27 16:00:00+00:00,bearish,133.252,133.803,131.87450000000004,133.803,0.5509999999999877,25.0,loss,-1.0,sl,1.2704174228675729,-1.0,sl,False,0,4,0 days 04:00:00,57.59999999999934,True,,,2.5,2020-03-27 11:00:00+00:00,True,133.783,133.283,2,daily_mitigation_ob_caused_displacement;daily_mitigation_ob_caused_imbalance;daily_mitigation_ob_flip_zone;daily_mitigation_ob_has_inducement;daily_mitigation_ob_swept_liquidity;daily_mitigation_ob_swept_liquidity_fractal;daily_mitigation_ob_swept_liquidity_fvg;daily_mitigation_ob_swept_liquidity_internal;daily_mitigation_ob_swept_liquidity_previous_candle;daily_mitigation_ob_swept_liquidity_swing;daily_ob_target_caused_displacement;daily_ob_target_caused_imbalance;daily_ob_target_flip_zone;daily_ob_target_has_inducement;daily_ob_target_swept_liquidity;daily_ob_target_swept_liquidity_fractal;daily_ob_target_swept_liquidity_fvg;daily_ob_target_swept_liquidity_internal;daily_ob_target_swept_liquidity_previous_candle;daily_ob_target_swept_liquidity_swing;h1_mitigation_ob_flip_zone;h1_mitigation_ob_swept_liquidity_fractal;h1_mitigation_ob_swept_liquidity_fvg;h1_mitigation_ob_swept_liquidity_internal;h1_mitigation_ob_swept_liquidity_previous_candle;h1_mitigation_ob_swept_liquidity_swing;h1_ob_target_flip_zone;h1_ob_target_swept_liquidity;h1_ob_target_swept_liquidity_fvg;h1_ob_target_swept_liquidity_internal;h1_ob_target_swept_liquidity_previous_candle;h1_ob_target_swept_liquidity_swing;h4_mitigation_ob_caused_displacement;h4_mitigation_ob_caused_imbalance;h4_mitigation_ob_flip_zone;h4_mitigation_ob_has_inducement;h4_mitigation_ob_swept_liquidity;h4_mitigation_ob_swept_liquidity_fractal;h4_mitigation_ob_swept_liquidity_fvg;h4_mitigation_ob_swept_liquidity_internal;h4_mitigation_ob_swept_liquidity_previous_candle;h4_mitigation_ob_swept_liquidity_swing;h4_mitigation_ob_within_daily_ob;h4_ob_target_flip_zone;h4_ob_target_swept_liquidity;h4_ob_target_swept_liquidity_fractal;h4_ob_target_swept_liquidity_fvg;h4_ob_target_swept_liquidity_internal;h4_ob_target_swept_liquidity_swing
2020-03-30,Monday,ny,2020-03-30 12:00:00+00:00,2020-03-30 14:00:00+00:00,bullish,134.232,133.453,136.1795,133.453,0.7789999999999964,5.0,loss,-1.0,sl,0.019255455712470924,-1.0,sl,False,0,2,0 days 02:00:00,5.700000000001637,True,,,2.5,2020-03-30 12:00:00+00:00,False,133.86,133.473,1,daily_mitigation_ob_caused_displacement;daily_mitigation_ob_caused_imbalance;daily_mitigation_ob_flip_zone;daily_mitigation_ob_has_inducement;daily_mitigation_ob_swept_liquidity;daily_mitigation_ob_swept_liquidity_fractal;daily_mitigation_ob_swept_liquidity_fvg;daily_mitigation_ob_swept_liquidity_internal;daily_mitigation_ob_swept_liquidity_previous_candle;daily_mitigation_ob_swept_liquidity_swing;daily_ob_target_flip_zone;daily_ob_target_swept_liquidity;daily_ob_target_swept_liquidity_fractal;daily_ob_target_swept_liquidity_internal;daily_ob_target_swept_liquidity_swing;h1_mitigation_ob_flip_zone;h1_mitigation_ob_swept_liquidity_fractal;h1_mitigation_ob_swept_liquidity_fvg;h1_mitigation_ob_swept_liquidity_internal;h1_mitigation_ob_swept_liquidity_previous_candle;h1_mitigation_ob_swept_liquidity_swing;h1_ob_target_caused_displacement;h1_ob_target_caused_imbalance;h1_ob_target_flip_zone;h1_ob_target_has_inducement;h1_ob_target_swept_liquidity;h1_ob_target_swept_liquidity_fractal;h1_ob_target_swept_liquidity_fvg;h1_ob_target_swept_liquidity_internal;h1_ob_target_swept_liquidity_previous_candle;h1_ob_target_swept_liquidity_swing;h1_ob_target_within_h4_ob;h4_mitigation_ob_caused_displacement;h4_mitigation_ob_caused_imbalance;h4_mitigation_ob_flip_zone;h4_mitigation_ob_has_inducement;h4_mitigation_ob_swept_liquidity;h4_mitigation_ob_swept_liquidity_fractal;h4_mitigation_ob_swept_liquidity_fvg;h4_mitigation_ob_swept_liquidity_internal;h4_mitigation_ob_swept_liquidity_previous_candle;h4_mitigation_ob_swept_liquidity_swing;h4_mitigation_ob_within_daily_ob;h4_ob_target_flip_zone;h4_ob_target_swept_liquidity_fractal;h4_ob_target_swept_liquidity_fvg;h4_ob_target_swept_liquidity_internal;h4_ob_target_swept_liquidity_previous_candle;h4_ob_target_swept_liquidity_swing
2020-04-01,Wednesday,ny,2020-04-01 12:00:00+00:00,2020-04-01 18:00:00+00:00,bearish,132.992,133.554,131.58699999999996,132.992,0.5620000000000118,40.0,breakeven,0.0,be_stop,0.7402135231316513,0.0,be_stop,True,1,6,0 days 06:00:00,8.100000000001728,True,,,2.5,2020-04-01 12:00:00+00:00,False,133.534,133.265,1,daily_mitigation_ob_caused_displacement;daily_mitigation_ob_caused_imbalance;daily_mitigation_ob_flip_zone;daily_mitigation_ob_has_inducement;daily_mitigation_ob_swept_liquidity;daily_mitigation_ob_swept_liquidity_fractal;daily_mitigation_ob_swept_liquidity_fvg;daily_mitigation_ob_swept_liquidity_internal;daily_mitigation_ob_swept_liquidity_previous_candle;daily_mitigation_ob_swept_liquidity_swing;daily_ob_target_caused_displacement;daily_ob_target_caused_imbalance;daily_ob_target_flip_zone;daily_ob_target_has_inducement;daily_ob_target_swept_liquidity;daily_ob_target_swept_liquidity_fractal;daily_ob_target_swept_liquidity_fvg;daily_ob_target_swept_liquidity_internal;daily_ob_target_swept_liquidity_previous_candle;daily_ob_target_swept_liquidity_swing;h1_mitigation_ob_flip_zone;h1_mitigation_ob_swept_liquidity_fractal;h1_mitigation_ob_swept_liquidity_fvg;h1_mitigation_ob_swept_liquidity_internal;h1_mitigation_ob_swept_liquidity_previous_candle;h1_mitigation_ob_swept_liquidity_swing;h1_ob_target_flip_zone;h1_ob_target_swept_liquidity;h1_ob_target_swept_liquidity_fvg;h1_ob_target_swept_liquidity_internal;h1_ob_target_swept_liquidity_previous_candle;h1_ob_target_swept_liquidity_swing;h4_mitigation_ob_caused_displacement;h4_mitigation_ob_caused_imbalance;h4_mitigation_ob_flip_zone;h4_mitigation_ob_has_inducement;h4_mitigation_ob_swept_liquidity;h4_mitigation_ob_swept_liquidity_fractal;h4_mitigation_ob_swept_liquidity_fvg;h4_mitigation_ob_swept_liquidity_internal;h4_mitigation_ob_swept_liquidity_previous_candle;h4_mitigation_ob_swept_liquidity_swing;h4_mitigation_ob_within_daily_ob;h4_ob_target_flip_zone;h4_ob_target_swept_liquidity;h4_ob_target_swept_liquidity_fractal;h4_ob_target_swept_liquidity_fvg;h4_ob_target_swept_liquidity_internal;h4_ob_target_swept_liquidity_swing
2020-04-10,Friday,ny,2020-04-10 11:00:00+00:00,2020-04-10 18:00:00+00:00,bullish,135.349,135.01999999999998,136.1715,135.185,0.32900000000000773,40.0,loss,-0.49848024316104383,friday_close,0.15805471124626047,-0.49848024316104383,friday_close,False,0,7,0 days 07:00:00,0.0,True,,,2.5,2020-04-10 11:00:00+00:00,False,135.241,135.04,1,daily_mitigation_ob_caused_displacement;daily_mitigation_ob_caused_imbalance;daily_mitigation_ob_flip_zone;daily_mitigation_ob_has_inducement;daily_mitigation_ob_swept_liquidity;daily_mitigation_ob_swept_liquidity_fractal;daily_mitigation_ob_swept_liquidity_fvg;daily_mitigation_ob_swept_liquidity_internal;daily_mitigation_ob_swept_liquidity_previous_candle;daily_mitigation_ob_swept_liquidity_swing;daily_ob_target_caused_displacement;daily_ob_target_caused_imbalance;daily_ob_target_flip_zone;daily_ob_target_has_inducement;daily_ob_target_swept_liquidity;daily_ob_target_swept_liquidity_fractal;daily_ob_target_swept_liquidity_fvg;daily_ob_target_swept_liquidity_internal;daily_ob_target_swept_liquidity_previous_candle;daily_ob_target_swept_liquidity_swing;h1_mitigation_ob_flip_zone;h1_mitigation_ob_swept_liquidity_fractal;h1_mitigation_ob_swept_liquidity_fvg;h1_mitigation_ob_swept_liquidity_internal;h1_mitigation_ob_swept_liquidity_previous_candle;h1_mitigation_ob_swept_liquidity_swing;h1_ob_target_flip_zone;h1_ob_target_swept_liquidity_fractal;h1_ob_target_swept_liquidity_fvg;h1_ob_target_swept_liquidity_internal;h1_ob_target_swept_liquidity_previous_candle;h1_ob_target_swept_liquidity_swing;h4_mitigation_ob_caused_displacement;h4_mitigation_ob_caused_imbalance;h4_mitigation_ob_flip_zone;h4_mitigation_ob_has_inducement;h4_mitigation_ob_swept_liquidity;h4_mitigation_ob_swept_liquidity_fractal;h4_mitigation_ob_swept_liquidity_fvg;h4_mitigation_ob_swept_liquidity_internal;h4_mitigation_ob_swept_liquidity_previous_candle;h4_mitigation_ob_swept_liquidity_swing;h4_mitigation_ob_within_daily_ob;h4_ob_target_caused_displacement;h4_ob_target_caused_imbalance;h4_ob_target_flip_zone;h4_ob_target_has_inducement;h4_ob_target_swept_liquidity;h4_ob_target_swept_liquidity_fractal;h4_ob_target_swept_liquidity_fvg;h4_ob_target_swept_liquidity_internal;h4_ob_target_swept_liquidity_previous_candle;h4_ob_target_swept_liquidity_swing;h4_ob_target_within_daily_ob
2020-04-10,Friday,ny,2020-04-10 12:00:00+00:00,2020-04-10 18:00:00+00:00,bearish,135.354,135.764,134.329,135.185,0.4099999999999966,1.4285714285714286,win,0.41219512195125013,friday_close,0.458536585365898,0.41219512195125013,friday_close,False,0,6,0 days 06:00:00,0.0,True,,,2.5,2020-04-10 12:00:00+00:00,False,135.744,135.355,1,daily_mitigation_ob_flip_zone;daily_mitigation_ob_swept_liquidity;daily_mitigation_ob_swept_liquidity_fractal;daily_mitigation_ob_swept_liquidity_internal;daily_mitigation_ob_swept_liquidity_swing;daily_ob_target_caused_displacement;daily_ob_target_caused_imbalance;daily_ob_target_flip_zone;daily_ob_target_has_inducement;daily_ob_target_swept_liquidity;daily_ob_target_swept_liquidity_fractal;daily_ob_target_swept_liquidity_fvg;daily_ob_target_swept_liquidity_internal;daily_ob_target_swept_liquidity_previous_candle;daily_ob_target_swept_liquidity_swing;h1_mitigation_ob_flip_zone;h1_mitigation_ob_swept_liquidity_fractal;h1_mitigation_ob_swept_liquidity_fvg;h1_mitigation_ob_swept_liquidity_internal;h1_mitigation_ob_swept_liquidity_previous_candle;h1_mitigation_ob_swept_liquidity_swing;h1_ob_target_flip_zone;h1_ob_target_swept_liquidity_fractal;h1_ob_target_swept_liquidity_fvg;h1_ob_target_swept_liquidity_internal;h1_ob_target_swept_liquidity_previous_candle;h1_ob_target_swept_liquidity_swing;h4_mitigation_ob_caused_displacement;h4_mitigation_ob_caused_imbalance;h4_mitigation_ob_flip_zone;h4_mitigation_ob_has_inducement;h4_mitigation_ob_swept_liquidity;h4_mitigation_ob_swept_liquidity_fractal;h4_mitigation_ob_swept_liquidity_fvg;h4_mitigation_ob_swept_liquidity_internal;h4_mitigation_ob_swept_liquidity_previous_candle;h4_mitigation_ob_swept_liquidity_swing;h4_mitigation_ob_within_daily_ob;h4_ob_target_flip_zone;h4_ob_target_swept_liquidity_fractal;h4_ob_target_swept_liquidity_fvg;h4_ob_target_swept_liquidity_internal;h4_ob_target_swept_liquidity_previous_candle;h4_ob_target_swept_liquidity_swing
2020-04-15,Wednesday,ny,2020-04-15 13:00:00+00:00,2020-04-15 20:00:00+00:00,bullish,134.506,133.408,137.25100000000003,134.506,1.0980000000000132,4.166666666666666,breakeven,0.0,be_stop,0.38979963570126785,0.0,be_stop,True,1,7,0 days 07:00:00,4.599999999999227,True,,,2.5,2020-04-15 13:00:00+00:00,False,133.663,133.428,1,daily_mitigation_ob_flip_zone;daily_mitigation_ob_swept_liquidity_fractal;daily_mitigation_ob_swept_liquidity_fvg;daily_mitigation_ob_swept_liquidity_internal;daily_mitigation_ob_swept_liquidity_previous_candle;daily_mitigation_ob_swept_liquidity_swing;daily_ob_target_caused_displacement;daily_ob_target_caused_imbalance;daily_ob_target_flip_zone;daily_ob_target_has_inducement;daily_ob_target_swept_liquidity;daily_ob_target_swept_liquidity_fractal;daily_ob_target_swept_liquidity_fvg;daily_ob_target_swept_liquidity_internal;daily_ob_target_swept_liquidity_previous_candle;daily_ob_target_swept_liquidity_swing;h1_mitigation_ob_flip_zone;h1_mitigation_ob_swept_liquidity_fractal;h1_mitigation_ob_swept_liquidity_fvg;h1_mitigation_ob_swept_liquidity_internal;h1_mitigation_ob_swept_liquidity_previous_candle;h1_mitigation_ob_swept_liquidity_swing;h1_ob_target_flip_zone;h1_ob_target_swept_liquidity;h1_ob_target_swept_liquidity_fvg;h1_ob_target_swept_liquidity_swing;h4_mitigation_ob_caused_displacement;h4_mitigation_ob_caused_imbalance;h4_mitigation_ob_flip_zone;h4_mitigation_ob_has_inducement;h4_mitigation_ob_swept_liquidity;h4_mitigation_ob_swept_liquidity_fractal;h4_mitigation_ob_swept_liquidity_fvg;h4_mitigation_ob_swept_liquidity_internal;h4_mitigation_ob_swept_liquidity_previous_candle;h4_mitigation_ob_swept_liquidity_swing;h4_mitigation_ob_within_daily_ob;h4_ob_target_flip_zone;h4_ob_target_swept_liquidity;h4_ob_target_swept_liquidity_fvg;h4_ob_target_swept_liquidity_internal;h4_ob_target_swept_liquidity_previous_candle;h4_ob_target_swept_liquidity_swing
2020-04-22,Wednesday,london,2020-04-22 06:00:00+00:00,2020-04-22 07:00:00+00:00,bearish,132.405,132.49300000000002,132.18499999999995,132.49300000000002,0.08800000000002228,46.0,loss,-1.0,sl,0.0,-1.0,sl,False,0,1,0 days 01:00:00,34.99999999999659,True,,,2.5,2020-04-22 06:00:00+00:00,False,132.473,132.313,1,daily_mitigation_ob_caused_displacement;daily_mitigation_ob_caused_imbalance;daily_mitigation_ob_flip_zone;daily_mitigation_ob_has_inducement;daily_mitigation_ob_swept_liquidity;daily_mitigation_ob_swept_liquidity_fractal;daily_mitigation_ob_swept_liquidity_fvg;daily_mitigation_ob_swept_liquidity_internal;daily_mitigation_ob_swept_liquidity_previous_candle;daily_mitigation_ob_swept_liquidity_swing;daily_ob_target_caused_displacement;daily_ob_target_caused_imbalance;daily_ob_target_flip_zone;daily_ob_target_has_inducement;daily_ob_target_swept_liquidity;daily_ob_target_swept_liquidity_fractal;daily_ob_target_swept_liquidity_fvg;daily_ob_target_swept_liquidity_internal;daily_ob_target_swept_liquidity_previous_candle;daily_ob_target_swept_liquidity_swing;h1_mitigation_ob_flip_zone;h1_mitigation_ob_swept_liquidity_fractal;h1_mitigation_ob_swept_liquidity_fvg;h1_mitigation_ob_swept_liquidity_internal;h1_mitigation_ob_swept_liquidity_previous_candle;h1_mitigation_ob_swept_liquidity_swing;h1_ob_target_caused_displacement;h1_ob_target_caused_imbalance;h1_ob_target_flip_zone;h1_ob_target_has_inducement;h1_ob_target_swept_liquidity;h1_ob_target_swept_liquidity_fractal;h1_ob_target_swept_liquidity_fvg;h1_ob_target_swept_liquidity_internal;h1_ob_target_swept_liquidity_previous_candle;h1_ob_target_swept_liquidity_swing;h1_ob_target_within_h4_ob;h4_mitigation_ob_caused_displacement;h4_mitigation_ob_caused_imbalance;h4_mitigation_ob_flip_zone;h4_mitigation_ob_has_inducement;h4_mitigation_ob_swept_liquidity;h4_mitigation_ob_swept_liquidity_fractal;h4_mitigation_ob_swept_liquidity_fvg;h4_mitigation_ob_swept_liquidity_internal;h4_mitigation_ob_swept_liquidity_previous_candle;h4_mitigation_ob_swept_liquidity_swing;h4_mitigation_ob_within_daily_ob;h4_ob_target_flip_zone;h4_ob_target_swept_liquidity;h4_ob_target_swept_liquidity_fractal;h4_ob_target_swept_liquidity_fvg;h4_ob_target_swept_liquidity_internal;h4_ob_target_swept_liquidity_swing
2020-04-22,Wednesday,ny,2020-04-22 12:00:00+00:00,2020-04-22 17:00:00+00:00,bearish,133.226,133.478,132.59599999999998,132.59599999999998,0.25200000000000955,30.0,win,2.5,tp,2.6746031746030994,0.0,be_stop,True,1,5,0 days 05:00:00,7.499999999998863,True,,,2.5,2020-04-22 12:00:00+00:00,False,133.458,133.27,1,daily_mitigation_ob_caused_displacement;daily_mitigation_ob_caused_imbalance;daily_mitigation_ob_flip_zone;daily_mitigation_ob_has_inducement;daily_mitigation_ob_swept_liquidity;daily_mitigation_ob_swept_liquidity_fractal;daily_mitigation_ob_swept_liquidity_fvg;daily_mitigation_ob_swept_liquidity_internal;daily_mitigation_ob_swept_liquidity_previous_candle;daily_mitigation_ob_swept_liquidity_swing;daily_ob_target_caused_displacement;daily_ob_target_caused_imbalance;daily_ob_target_flip_zone;daily_ob_target_has_inducement;daily_ob_target_swept_liquidity;daily_ob_target_swept_liquidity_fractal;daily_ob_target_swept_liquidity_fvg;daily_ob_target_swept_liquidity_internal;daily_ob_target_swept_liquidity_previous_candle;daily_ob_target_swept_liquidity_swing;h1_mitigation_ob_flip_zone;h1_mitigation_ob_swept_liquidity_fractal;h1_mitigation_ob_swept_liquidity_fvg;h1_mitigation_ob_swept_liquidity_internal;h1_mitigation_ob_swept_liquidity_previous_candle;h1_mitigation_ob_swept_liquidity_swing;h1_ob_target_flip_zone;h1_ob_target_swept_liquidity_fractal;h1_ob_target_swept_liquidity_fvg;h1_ob_target_swept_liquidity_internal;h1_ob_target_swept_liquidity_previous_candle;h1_ob_target_swept_liquidity_swing;h4_mitigation_ob_caused_displacement;h4_mitigation_ob_caused_imbalance;h4_mitigation_ob_flip_zone;h4_mitigation_ob_has_inducement;h4_mitigation_ob_swept_liquidity;h4_mitigation_ob_swept_liquidity_fractal;h4_mitigation_ob_swept_liquidity_fvg;h4_mitigation_ob_swept_liquidity_internal;h4_mitigation_ob_swept_liquidity_previous_candle;h4_mitigation_ob_swept_liquidity_swing;h4_mitigation_ob_within_daily_ob;h4_ob_target_flip_zone;h4_ob_target_swept_liquidity;h4_ob_target_swept_liquidity_fractal;h4_ob_target_swept_liquidity_fvg;h4_ob_target_swept_liquidity_internal;h4_ob_target_swept_liquidity_swing
2020-04-23,Thursday,london,2020-04-23 06:00:00+00:00,2020-04-23 14:00:00+00:00,bearish,133.163,133.478,132.37550000000002,133.478,0.3149999999999977,35.0,loss,-1.0,sl,2.447619047619113,-1.0,sl,False,0,8,0 days 08:00:00,20.09999999999934,True,,,2.5,2020-04-23 06:00:00+00:00,False,133.458,133.27,2,daily_mitigation_ob_caused_displacement;daily_mitigation_ob_caused_imbalance;daily_mitigation_ob_flip_zone;daily_mitigation_ob_has_inducement;daily_mitigation_ob_swept_liquidity;daily_mitigation_ob_swept_liquidity_fractal;daily_mitigation_ob_swept_liquidity_fvg;daily_mitigation_ob_swept_liquidity_internal;daily_mitigation_ob_swept_liquidity_previous_candle;daily_mitigation_ob_swept_liquidity_swing;daily_ob_target_caused_displacement;daily_ob_target_caused_imbalance;daily_ob_target_flip_zone;daily_ob_target_has_inducement;daily_ob_target_swept_liquidity;daily_ob_target_swept_liquidity_fractal;daily_ob_target_swept_liquidity_fvg;daily_ob_target_swept_liquidity_internal;daily_ob_target_swept_liquidity_previous_candle;daily_ob_target_swept_liquidity_swing;h1_mitigation_ob_flip_zone;h1_mitigation_ob_swept_liquidity_fractal;h1_mitigation_ob_swept_liquidity_fvg;h1_mitigation_ob_swept_liquidity_internal;h1_mitigation_ob_swept_liquidity_previous_candle;h1_mitigation_ob_swept_liquidity_swing;h1_ob_target_flip_zone;h1_ob_target_swept_liquidity_fractal;h1_ob_target_swept_liquidity_fvg;h1_ob_target_swept_liquidity_internal;h1_ob_target_swept_liquidity_previous_candle;h1_ob_target_swept_liquidity_swing;h4_mitigation_ob_caused_displacement;h4_mitigation_ob_caused_imbalance;h4_mitigation_ob_flip_zone;h4_mitigation_ob_has_inducement;h4_mitigation_ob_swept_liquidity;h4_mitigation_ob_swept_liquidity_fractal;h4_mitigation_ob_swept_liquidity_fvg;h4_mitigation_ob_swept_liquidity_internal;h4_mitigation_ob_swept_liquidity_previous_candle;h4_mitigation_ob_swept_liquidity_swing;h4_mitigation_ob_within_daily_ob;h4_ob_target_flip_zone;h4_ob_target_swept_liquidity;h4_ob_target_swept_liquidity_fractal;h4_ob_target_swept_liquidity_fvg;h4_ob_target_swept_liquidity_internal;h4_ob_target_swept_liquidity_swing
2020-04-27,Monday,london,2020-04-27 07:00:00+00:00,2020-04-27 12:00:00+00:00,bullish,133.268,132.999,133.94050000000001,132.999,0.26900000000000546,18.571428571428573,loss,-1.0,sl,0.4089219330854386,-1.0,sl,False,0,5,0 days 05:00:00,0.1999999999981128,True,,,2.5,2020-04-27 07:00:00+00:00,False,133.217,133.019,1,daily_mitigation_ob_caused_displacement;daily_mitigation_ob_caused_imbalance;daily_mitigation_ob_flip_zone;daily_mitigation_ob_has_inducement;daily_mitigation_ob_swept_liquidity;daily_mitigation_ob_swept_liquidity_fractal;daily_mitigation_ob_swept_liquidity_fvg;daily_mitigation_ob_swept_liquidity_internal;daily_mitigation_ob_swept_liquidity_previous_candle;daily_mitigation_ob_swept_liquidity_swing;daily_ob_target_flip_zone;daily_ob_target_swept_liquidity;daily_ob_target_swept_liquidity_fractal;daily_ob_target_swept_liquidity_fvg;daily_ob_target_swept_liquidity_internal;daily_ob_target_swept_liquidity_swing;h1_mitigation_ob_flip_zone;h1_mitigation_ob_swept_liquidity;h1_mitigation_ob_swept_liquidity_fractal;h1_mitigation_ob_swept_liquidity_internal;h1_mitigation_ob_swept_liquidity_swing;h1_ob_target_flip_zone;h1_ob_target_swept_liquidity_fractal;h1_ob_target_swept_liquidity_fvg;h1_ob_target_swept_liquidity_internal;h1_ob_target_swept_liquidity_previous_candle;h1_ob_target_swept_liquidity_swing;h4_mitigation_ob_caused_displacement;h4_mitigation_ob_caused_imbalance;h4_mitigation_ob_flip_zone;h4_mitigation_ob_has_inducement;h4_mitigation_ob_swept_liquidity;h4_mitigation_ob_swept_liquidity_fractal;h4_mitigation_ob_swept_liquidity_fvg;h4_mitigation_ob_swept_liquidity_internal;h4_mitigation_ob_swept_liquidity_previous_candle;h4_mitigation_ob_swept_liquidity_swing;h4_mitigation_ob_within_daily_ob;h4_ob_target_flip_zone;h4_ob_target_swept_liquidity_fractal;h4_ob_target_swept_liquidity_fvg;h4_ob_target_swept_liquidity_internal;h4_ob_target_swept_liquidity_previous_candle;h4_ob_target_swept_liquidity_swing
2020-04-28,Tuesday,ny,2020-04-28 11:00:00+00:00,2020-04-28 12:00:00+00:00,bullish,133.264,133.099,133.67650000000006,133.099,0.16500000000002046,16.176470588235293,loss,-1.0,sl,0.3939393939393313,-1.0,sl,False,0,1,0 days 01:00:00,0.6000000000000227,True,,,2.5,2020-04-28 10:00:00+00:00,True,133.216,133.119,1,daily_mitigation_ob_caused_displacement;daily_mitigation_ob_caused_imbalance;daily_mitigation_ob_flip_zone;daily_mitigation_ob_has_inducement;daily_mitigation_ob_swept_liquidity;daily_mitigation_ob_swept_liquidity_fractal;daily_mitigation_ob_swept_liquidity_fvg;daily_mitigation_ob_swept_liquidity_internal;daily_mitigation_ob_swept_liquidity_previous_candle;daily_mitigation_ob_swept_liquidity_swing;daily_ob_target_flip_zone;daily_ob_target_swept_liquidity;daily_ob_target_swept_liquidity_fractal;daily_ob_target_swept_liquidity_fvg;daily_ob_target_swept_liquidity_internal;daily_ob_target_swept_liquidity_swing;h1_mitigation_ob_flip_zone;h1_mitigation_ob_swept_liquidity;h1_mitigation_ob_swept_liquidity_fvg;h1_mitigation_ob_swept_liquidity_internal;h1_mitigation_ob_swept_liquidity_previous_candle;h1_mitigation_ob_swept_liquidity_swing;h1_ob_target_flip_zone;h1_ob_target_swept_liquidity_fractal;h1_ob_target_swept_liquidity_fvg;h1_ob_target_swept_liquidity_internal;h1_ob_target_swept_liquidity_previous_candle;h1_ob_target_swept_liquidity_swing;h4_mitigation_ob_caused_displacement;h4_mitigation_ob_caused_imbalance;h4_mitigation_ob_flip_zone;h4_mitigation_ob_has_inducement;h4_mitigation_ob_swept_liquidity;h4_mitigation_ob_swept_liquidity_fractal;h4_mitigation_ob_swept_liquidity_fvg;h4_mitigation_ob_swept_liquidity_internal;h4_mitigation_ob_swept_liquidity_previous_candle;h4_mitigation_ob_swept_liquidity_swing;h4_mitigation_ob_within_daily_ob;h4_ob_target_flip_zone;h4_ob_target_swept_liquidity_fractal;h4_ob_target_swept_liquidity_fvg;h4_ob_target_swept_liquidity_internal;h4_ob_target_swept_liquidity_previous_candle;h4_ob_target_swept_liquidity_swing
2020-04-30,Thursday,london,2020-04-30 06:00:00+00:00,2020-04-30 07:00:00+00:00,bearish,132.829,132.96800000000002,132.48149999999998,132.96800000000002,0.13900000000001,47.5,loss,-1.0,sl,0.0,-1.0,sl,False,0,1,0 days 01:00:00,5.49999999999784,True,,,2.5,2020-04-30 05:00:00+00:00,True,132.948,132.817,1,daily_mitigation_ob_caused_displacement;daily_mitigation_ob_caused_imbalance;daily_mitigation_ob_flip_zone;daily_mitigation_ob_has_inducement;daily_mitigation_ob_swept_liquidity;daily_mitigation_ob_swept_liquidity_fractal;daily_mitigation_ob_swept_liquidity_fvg;daily_mitigation_ob_swept_liquidity_internal;daily_mitigation_ob_swept_liquidity_previous_candle;daily_mitigation_ob_swept_liquidity_swing;daily_ob_target_caused_displacement;daily_ob_target_caused_imbalance;daily_ob_target_flip_zone;daily_ob_target_has_inducement;daily_ob_target_swept_liquidity;daily_ob_target_swept_liquidity_fractal;daily_ob_target_swept_liquidity_fvg;daily_ob_target_swept_liquidity_internal;daily_ob_target_swept_liquidity_previous_candle;daily_ob_target_swept_liquidity_swing;h1_mitigation_ob_flip_zone;h1_mitigation_ob_swept_liquidity;h1_mitigation_ob_swept_liquidity_fractal;h1_mitigation_ob_swept_liquidity_fvg;h1_mitigation_ob_swept_liquidity_internal;h1_mitigation_ob_swept_liquidity_swing;h1_ob_target_caused_displacement;h1_ob_target_caused_imbalance;h1_ob_target_flip_zone;h1_ob_target_has_inducement;h1_ob_target_swept_liquidity;h1_ob_target_swept_liquidity_fractal;h1_ob_target_swept_liquidity_fvg;h1_ob_target_swept_liquidity_internal;h1_ob_target_swept_liquidity_previous_candle;h1_ob_target_swept_liquidity_swing;h1_ob_target_within_h4_ob;h4_mitigation_ob_caused_displacement;h4_mitigation_ob_caused_imbalance;h4_mitigation_ob_flip_zone;h4_mitigation_ob_has_inducement;h4_mitigation_ob_swept_liquidity;h4_mitigation_ob_swept_liquidity_fractal;h4_mitigation_ob_swept_liquidity_fvg;h4_mitigation_ob_swept_liquidity_internal;h4_mitigation_ob_swept_liquidity_previous_candle;h4_mitigation_ob_swept_liquidity_swing;h4_mitigation_ob_within_daily_ob;h4_ob_target_caused_displacement;h4_ob_target_caused_imbalance;h4_ob_target_flip_zone;h4_ob_target_has_inducement;h4_ob_target_swept_liquidity;h4_ob_target_swept_liquidity_fractal;h4_ob_target_swept_liquidity_fvg;h4_ob_target_swept_liquidity_internal;h4_ob_target_swept_liquidity_previous_candle;h4_ob_target_swept_liquidity_swing;h4_ob_target_within_daily_ob
2020-05-08,Friday,ny,2020-05-08 11:00:00+00:00,2020-05-08 14:00:00+00:00,bullish,131.695,131.321,132.63,132.63,0.3739999999999952,-10.294117647058822,win,2.5,tp,2.6336898395722628,1.8262032085561537,friday_close,False,0,3,0 days 03:00:00,0.0,True,,,2.5,2020-05-08 11:00:00+00:00,False,131.589,131.341,1,daily_mitigation_ob_caused_displacement;daily_mitigation_ob_caused_imbalance;daily_mitigation_ob_flip_zone;daily_mitigation_ob_has_inducement;daily_mitigation_ob_swept_liquidity;daily_mitigation_ob_swept_liquidity_fractal;daily_mitigation_ob_swept_liquidity_fvg;daily_mitigation_ob_swept_liquidity_internal;daily_mitigation_ob_swept_liquidity_previous_candle;daily_mitigation_ob_swept_liquidity_swing;daily_ob_target_flip_zone;daily_ob_target_swept_liquidity_fractal;daily_ob_target_swept_liquidity_fvg;daily_ob_target_swept_liquidity_internal;daily_ob_target_swept_liquidity_previous_candle;daily_ob_target_swept_liquidity_swing;h1_mitigation_ob_flip_zone;h1_mitigation_ob_swept_liquidity_fractal;h1_mitigation_ob_swept_liquidity_fvg;h1_mitigation_ob_swept_liquidity_internal;h1_mitigation_ob_swept_liquidity_previous_candle;h1_mitigation_ob_swept_liquidity_swing;h1_ob_target_flip_zone;h1_ob_target_swept_liquidity_fractal;h1_ob_target_swept_liquidity_fvg;h1_ob_target_swept_liquidity_internal;h1_ob_target_swept_liquidity_previous_candle;h1_ob_target_swept_liquidity_swing;h4_mitigation_ob_caused_displacement;h4_mitigation_ob_caused_imbalance;h4_mitigation_ob_flip_zone;h4_mitigation_ob_has_inducement;h4_mitigation_ob_swept_liquidity;h4_mitigation_ob_swept_liquidity_fractal;h4_mitigation_ob_swept_liquidity_fvg;h4_mitigation_ob_swept_liquidity_internal;h4_mitigation_ob_swept_liquidity_previous_candle;h4_mitigation_ob_swept_liquidity_swing;h4_mitigation_ob_within_daily_ob;h4_ob_target_flip_zone;h4_ob_target_swept_liquidity;h4_ob_target_swept_liquidity_fractal;h4_ob_target_swept_liquidity_internal;h4_ob_target_swept_liquidity_previous_candle;h4_ob_target_swept_liquidity_swing
2020-05-14,Thursday,ny,2020-05-14 11:00:00+00:00,2020-05-14 17:00:00+00:00,bearish,130.604,130.88500000000002,129.9015,130.88500000000002,0.2810000000000059,75.0,loss,-1.0,sl,1.302491103202869,-1.0,sl,False,0,6,0 days 06:00:00,2.0999999999986585,True,,,2.5,2020-05-14 11:00:00+00:00,False,130.865,130.694,1,daily_mitigation_ob_caused_displacement;daily_mitigation_ob_caused_imbalance;daily_mitigation_ob_flip_zone;daily_mitigation_ob_has_inducement;daily_mitigation_ob_swept_liquidity;daily_mitigation_ob_swept_liquidity_fractal;daily_mitigation_ob_swept_liquidity_fvg;daily_mitigation_ob_swept_liquidity_internal;daily_mitigation_ob_swept_liquidity_previous_candle;daily_mitigation_ob_swept_liquidity_swing;daily_ob_target_flip_zone;daily_ob_target_swept_liquidity;daily_ob_target_swept_liquidity_fractal;daily_ob_target_swept_liquidity_fvg;daily_ob_target_swept_liquidity_internal;daily_ob_target_swept_liquidity_swing;h1_mitigation_ob_flip_zone;h1_mitigation_ob_swept_liquidity_fractal;h1_mitigation_ob_swept_liquidity_fvg;h1_mitigation_ob_swept_liquidity_internal;h1_mitigation_ob_swept_liquidity_previous_candle;h1_mitigation_ob_swept_liquidity_swing;h1_ob_target_caused_displacement;h1_ob_target_caused_imbalance;h1_ob_target_flip_zone;h1_ob_target_has_inducement;h1_ob_target_swept_liquidity;h1_ob_target_swept_liquidity_fractal;h1_ob_target_swept_liquidity_fvg;h1_ob_target_swept_liquidity_internal;h1_ob_target_swept_liquidity_previous_candle;h1_ob_target_swept_liquidity_swing;h1_ob_target_within_h4_ob;h4_mitigation_ob_caused_displacement;h4_mitigation_ob_caused_imbalance;h4_mitigation_ob_flip_zone;h4_mitigation_ob_has_inducement;h4_mitigation_ob_swept_liquidity;h4_mitigation_ob_swept_liquidity_fractal;h4_mitigation_ob_swept_liquidity_fvg;h4_mitigation_ob_swept_liquidity_internal;h4_mitigation_ob_swept_liquidity_previous_candle;h4_mitigation_ob_swept_liquidity_swing;h4_mitigation_ob_within_daily_ob;h4_ob_target_caused_displacement;h4_ob_target_caused_imbalance;h4_ob_target_flip_zone;h4_ob_target_has_inducement;h4_ob_target_swept_liquidity;h4_ob_target_swept_liquidity_fractal;h4_ob_target_swept_liquidity_fvg;h4_ob_target_swept_liquidity_internal;h4_ob_target_swept_liquidity_previous_candle;h4_ob_target_swept_liquidity_swing;h4_ob_target_within_daily_ob
2020-05-15,Friday,london,2020-05-15 07:00:00+00:00,2020-05-15 11:00:00+00:00,bullish,130.807,130.40699999999998,131.80700000000002,130.40699999999998,0.4000000000000057,-25.0,loss,-1.0,sl,0.2450000000000295,-1.0,sl,False,0,4,0 days 04:00:00,32.99999999999841,True,,,2.5,2020-05-15 07:00:00+00:00,False,130.648,130.427,1,daily_mitigation_ob_caused_displacement;daily_mitigation_ob_caused_imbalance;daily_mitigation_ob_flip_zone;daily_mitigation_ob_has_inducement;daily_mitigation_ob_swept_liquidity;daily_mitigation_ob_swept_liquidity_fractal;daily_mitigation_ob_swept_liquidity_fvg;daily_mitigation_ob_swept_liquidity_internal;daily_mitigation_ob_swept_liquidity_previous_candle;daily_mitigation_ob_swept_liquidity_swing;daily_ob_target_caused_displacement;daily_ob_target_caused_imbalance;daily_ob_target_flip_zone;daily_ob_target_has_inducement;daily_ob_target_swept_liquidity;daily_ob_target_swept_liquidity_fractal;daily_ob_target_swept_liquidity_fvg;daily_ob_target_swept_liquidity_internal;daily_ob_target_swept_liquidity_previous_candle;daily_ob_target_swept_liquidity_swing;h1_mitigation_ob_flip_zone;h1_mitigation_ob_swept_liquidity_fractal;h1_mitigation_ob_swept_liquidity_fvg;h1_mitigation_ob_swept_liquidity_internal;h1_mitigation_ob_swept_liquidity_previous_candle;h1_mitigation_ob_swept_liquidity_swing;h1_ob_target_flip_zone;h1_ob_target_swept_liquidity;h1_ob_target_swept_liquidity_fractal;h1_ob_target_swept_liquidity_fvg;h1_ob_target_swept_liquidity_internal;h1_ob_target_swept_liquidity_swing;h4_mitigation_ob_caused_displacement;h4_mitigation_ob_caused_imbalance;h4_mitigation_ob_flip_zone;h4_mitigation_ob_has_inducement;h4_mitigation_ob_swept_liquidity;h4_mitigation_ob_swept_liquidity_fractal;h4_mitigation_ob_swept_liquidity_fvg;h4_mitigation_ob_swept_liquidity_internal;h4_mitigation_ob_swept_liquidity_previous_candle;h4_mitigation_ob_swept_liquidity_swing;h4_mitigation_ob_within_daily_ob;h4_ob_target_flip_zone;h4_ob_target_swept_liquidity;h4_ob_target_swept_liquidity_fvg;h4_ob_target_swept_liquidity_internal;h4_ob_target_swept_liquidity_previous_candle;h4_ob_target_swept_liquidity_swing
2020-05-15,Friday,london,2020-05-15 08:00:00+00:00,2020-05-15 18:00:00+00:00,bearish,130.666,131.03900000000002,129.73349999999994,130.028,0.37300000000001887,63.793103448275865,win,1.7104557640749944,friday_close,1.8418230563001303,1.7104557640749944,friday_close,False,0,10,0 days 10:00:00,0.0,True,,,2.5,2020-05-15 08:00:00+00:00,False,131.019,130.878,1,daily_mitigation_ob_caused_displacement;daily_mitigation_ob_caused_imbalance;daily_mitigation_ob_flip_zone;daily_mitigation_ob_has_inducement;daily_mitigation_ob_swept_liquidity;daily_mitigation_ob_swept_liquidity_fractal;daily_mitigation_ob_swept_liquidity_fvg;daily_mitigation_ob_swept_liquidity_internal;daily_mitigation_ob_swept_liquidity_previous_candle;daily_mitigation_ob_swept_liquidity_swing;daily_ob_target_flip_zone;daily_ob_target_swept_liquidity;daily_ob_target_swept_liquidity_fractal;daily_ob_target_swept_liquidity_fvg;daily_ob_target_swept_liquidity_internal;daily_ob_target_swept_liquidity_swing;h1_mitigation_ob_flip_zone;h1_mitigation_ob_swept_liquidity;h1_mitigation_ob_swept_liquidity_fractal;h1_mitigation_ob_swept_liquidity_fvg;h1_mitigation_ob_swept_liquidity_internal;h1_mitigation_ob_swept_liquidity_swing;h1_ob_target_caused_displacement;h1_ob_target_caused_imbalance;h1_ob_target_flip_zone;h1_ob_target_has_inducement;h1_ob_target_swept_liquidity;h1_ob_target_swept_liquidity_fractal;h1_ob_target_swept_liquidity_fvg;h1_ob_target_swept_liquidity_internal;h1_ob_target_swept_liquidity_previous_candle;h1_ob_target_swept_liquidity_swing;h1_ob_target_within_h4_ob;h4_mitigation_ob_caused_displacement;h4_mitigation_ob_caused_imbalance;h4_mitigation_ob_flip_zone;h4_mitigation_ob_has_inducement;h4_mitigation_ob_swept_liquidity;h4_mitigation_ob_swept_liquidity_fractal;h4_mitigation_ob_swept_liquidity_fvg;h4_mitigation_ob_swept_liquidity_internal;h4_mitigation_ob_swept_liquidity_previous_candle;h4_mitigation_ob_swept_liquidity_swing;h4_mitigation_ob_within_daily_ob;h4_ob_target_flip_zone;h4_ob_target_swept_liquidity;h4_ob_target_swept_liquidity_fractal;h4_ob_target_swept_liquidity_fvg;h4_ob_target_swept_liquidity_internal;h4_ob_target_swept_liquidity_swing
2020-05-15,Friday,ny,2020-05-15 13:00:00+00:00,2020-05-15 18:00:00+00:00,bearish,130.177,130.544,129.25949999999995,130.028,0.36700000000001864,51.24999999999999,win,0.4059945504087012,friday_close,0.5395095367846567,0.4059945504087012,friday_close,False,0,5,0 days 05:00:00,0.0,True,,,2.5,2020-05-15 13:00:00+00:00,False,130.524,130.257,1,daily_mitigation_ob_caused_displacement;daily_mitigation_ob_caused_imbalance;daily_mitigation_ob_flip_zone;daily_mitigation_ob_has_inducement;daily_mitigation_ob_swept_liquidity;daily_mitigation_ob_swept_liquidity_fractal;daily_mitigation_ob_swept_liquidity_fvg;daily_mitigation_ob_swept_liquidity_internal;daily_mitigation_ob_swept_liquidity_previous_candle;daily_mitigation_ob_swept_liquidity_swing;daily_ob_target_flip_zone;daily_ob_target_swept_liquidity;daily_ob_target_swept_liquidity_fractal;daily_ob_target_swept_liquidity_fvg;daily_ob_target_swept_liquidity_internal;daily_ob_target_swept_liquidity_swing;h1_mitigation_ob_flip_zone;h1_mitigation_ob_swept_liquidity;h1_mitigation_ob_swept_liquidity_fvg;h1_mitigation_ob_swept_liquidity_internal;h1_mitigation_ob_swept_liquidity_previous_candle;h1_mitigation_ob_swept_liquidity_swing;h1_ob_target_flip_zone;h1_ob_target_swept_liquidity;h1_ob_target_swept_liquidity_fvg;h1_ob_target_swept_liquidity_internal;h1_ob_target_swept_liquidity_swing;h4_mitigation_ob_flip_zone;h4_mitigation_ob_swept_liquidity;h4_mitigation_ob_swept_liquidity_fractal;h4_mitigation_ob_swept_liquidity_internal;h4_mitigation_ob_swept_liquidity_previous_candle;h4_mitigation_ob_swept_liquidity_swing;h4_ob_target_flip_zone;h4_ob_target_swept_liquidity;h4_ob_target_swept_liquidity_fractal;h4_ob_target_swept_liquidity_fvg;h4_ob_target_swept_liquidity_internal;h4_ob_target_swept_liquidity_swing
2020-05-20,Wednesday,london,2020-05-20 08:00:00+00:00,2020-05-20 18:00:00+00:00,bullish,131.8,131.396,132.81000000000006,131.511,0.4040000000000248,-10.0,loss,-0.7153465346534603,cut_19h,0.8886138613860357,-0.7153465346534603,cut_19h,False,1,10,0 days 10:00:00,0.0,True,,,2.5,2020-05-20 08:00:00+00:00,False,131.695,131.416,1,daily_mitigation_ob_caused_displacement;daily_mitigation_ob_caused_imbalance;daily_mitigation_ob_flip_zone;daily_mitigation_ob_has_inducement;daily_mitigation_ob_swept_liquidity;daily_mitigation_ob_swept_liquidity_fractal;daily_mitigation_ob_swept_liquidity_fvg;daily_mitigation_ob_swept_liquidity_internal;daily_mitigation_ob_swept_liquidity_previous_candle;daily_mitigation_ob_swept_liquidity_swing;daily_ob_target_caused_displacement;daily_ob_target_caused_imbalance;daily_ob_target_flip_zone;daily_ob_target_has_inducement;daily_ob_target_swept_liquidity;daily_ob_target_swept_liquidity_fractal;daily_ob_target_swept_liquidity_fvg;daily_ob_target_swept_liquidity_internal;daily_ob_target_swept_liquidity_previous_candle;daily_ob_target_swept_liquidity_swing;h1_mitigation_ob_flip_zone;h1_mitigation_ob_swept_liquidity_fractal;h1_mitigation_ob_swept_liquidity_fvg;h1_mitigation_ob_swept_liquidity_internal;h1_mitigation_ob_swept_liquidity_previous_candle;h1_mitigation_ob_swept_liquidity_swing;h1_ob_target_flip_zone;h1_ob_target_swept_liquidity_fractal;h1_ob_target_swept_liquidity_fvg;h1_ob_target_swept_liquidity_internal;h1_ob_target_swept_liquidity_previous_candle;h1_ob_target_swept_liquidity_swing;h4_mitigation_ob_caused_displacement;h4_mitigation_ob_caused_imbalance;h4_mitigation_ob_flip_zone;h4_mitigation_ob_has_inducement;h4_mitigation_ob_swept_liquidity;h4_mitigation_ob_swept_liquidity_fractal;h4_mitigation_ob_swept_liquidity_fvg;h4_mitigation_ob_swept_liquidity_internal;h4_mitigation_ob_swept_liquidity_previous_candle;h4_mitigation_ob_swept_liquidity_swing;h4_mitigation_ob_within_daily_ob;h4_ob_target_flip_zone;h4_ob_target_swept_liquidity;h4_ob_target_swept_liquidity_fractal;h4_ob_target_swept_liquidity_internal;h4_ob_target_swept_liquidity_previous_candle;h4_ob_target_swept_liquidity_swing
2020-05-20,Wednesday,ny,2020-05-20 11:00:00+00:00,2020-05-21 10:00:00+00:00,bearish,131.94,132.25400000000002,131.15499999999994,131.94,0.3140000000000214,-5.0,breakeven,0.0,be_stop,2.3025477707004316,0.0,be_stop,True,1,23,0 days 23:00:00,0.9000000000014552,True,,,2.5,2020-05-20 10:00:00+00:00,True,132.234,132.057,1,daily_mitigation_ob_caused_displacement;daily_mitigation_ob_caused_imbalance;daily_mitigation_ob_flip_zone;daily_mitigation_ob_has_inducement;daily_mitigation_ob_swept_liquidity;daily_mitigation_ob_swept_liquidity_fractal;daily_mitigation_ob_swept_liquidity_fvg;daily_mitigation_ob_swept_liquidity_internal;daily_mitigation_ob_swept_liquidity_previous_candle;daily_mitigation_ob_swept_liquidity_swing;daily_ob_target_caused_displacement;daily_ob_target_caused_imbalance;daily_ob_target_flip_zone;daily_ob_target_has_inducement;daily_ob_target_swept_liquidity;daily_ob_target_swept_liquidity_fractal;daily_ob_target_swept_liquidity_fvg;daily_ob_target_swept_liquidity_internal;daily_ob_target_swept_liquidity_previous_candle;daily_ob_target_swept_liquidity_swing;h1_mitigation_ob_flip_zone;h1_mitigation_ob_swept_liquidity_fractal;h1_mitigation_ob_swept_liquidity_fvg;h1_mitigation_ob_swept_liquidity_internal;h1_mitigation_ob_swept_liquidity_previous_candle;h1_mitigation_ob_swept_liquidity_swing;h1_ob_target_flip_zone;h1_ob_target_swept_liquidity_fractal;h1_ob_target_swept_liquidity_fvg;h1_ob_target_swept_liquidity_internal;h1_ob_target_swept_liquidity_previous_candle;h1_ob_target_swept_liquidity_swing;h4_mitigation_ob_caused_displacement;h4_mitigation_ob_caused_imbalance;h4_mitigation_ob_flip_zone;h4_mitigation_ob_has_inducement;h4_mitigation_ob_swept_liquidity;h4_mitigation_ob_swept_liquidity_fractal;h4_mitigation_ob_swept_liquidity_fvg;h4_mitigation_ob_swept_liquidity_internal;h4_mitigation_ob_swept_liquidity_previous_candle;h4_mitigation_ob_swept_liquidity_swing;h4_mitigation_ob_within_daily_ob;h4_ob_target_flip_zone;h4_ob_target_swept_liquidity_fractal;h4_ob_target_swept_liquidity_fvg;h4_ob_target_swept_liquidity_internal;h4_ob_target_swept_liquidity_previous_candle;h4_ob_target_swept_liquidity_swing
2020-05-21,Thursday,london,2020-05-21 07:00:00+00:00,2020-05-21 08:00:00+00:00,bearish,131.386,131.684,130.641,131.684,0.2980000000000018,15.0,loss,-1.0,sl,0.1711409395972732,-1.0,sl,False,0,1,0 days 01:00:00,5.700000000001637,True,,,2.5,2020-05-21 07:00:00+00:00,False,131.664,131.449,1,daily_mitigation_ob_caused_displacement;daily_mitigation_ob_caused_imbalance;daily_mitigation_ob_flip_zone;daily_mitigation_ob_has_inducement;daily_mitigation_ob_swept_liquidity;daily_mitigation_ob_swept_liquidity_fractal;daily_mitigation_ob_swept_liquidity_fvg;daily_mitigation_ob_swept_liquidity_internal;daily_mitigation_ob_swept_liquidity_previous_candle;daily_mitigation_ob_swept_liquidity_swing;daily_ob_target_caused_displacement;daily_ob_target_caused_imbalance;daily_ob_target_flip_zone;daily_ob_target_has_inducement;daily_ob_target_swept_liquidity;daily_ob_target_swept_liquidity_fractal;daily_ob_target_swept_liquidity_fvg;daily_ob_target_swept_liquidity_internal;daily_ob_target_swept_liquidity_previous_candle;daily_ob_target_swept_liquidity_swing;h1_mitigation_ob_flip_zone;h1_mitigation_ob_swept_liquidity_fractal;h1_mitigation_ob_swept_liquidity_fvg;h1_mitigation_ob_swept_liquidity_internal;h1_mitigation_ob_swept_liquidity_previous_candle;h1_mitigation_ob_swept_liquidity_swing;h1_ob_target_flip_zone;h1_ob_target_swept_liquidity_fractal;h1_ob_target_swept_liquidity_fvg;h1_ob_target_swept_liquidity_internal;h1_ob_target_swept_liquidity_previous_candle;h1_ob_target_swept_liquidity_swing;h4_mitigation_ob_caused_displacement;h4_mitigation_ob_caused_imbalance;h4_mitigation_ob_flip_zone;h4_mitigation_ob_has_inducement;h4_mitigation_ob_swept_liquidity;h4_mitigation_ob_swept_liquidity_fractal;h4_mitigation_ob_swept_liquidity_fvg;h4_mitigation_ob_swept_liquidity_internal;h4_mitigation_ob_swept_liquidity_previous_candle;h4_mitigation_ob_swept_liquidity_swing;h4_mitigation_ob_within_daily_ob;h4_ob_target_flip_zone;h4_ob_target_swept_liquidity_fractal;h4_ob_target_swept_liquidity_fvg;h4_ob_target_swept_liquidity_internal;h4_ob_target_swept_liquidity_previous_candle;h4_ob_target_swept_liquidity_swing
2020-05-22,Friday,london,2020-05-22 06:00:00+00:00,2020-05-22 07:00:00+00:00,bullish,131.088,130.938,131.46300000000002,130.938,0.15000000000000568,-32.0,loss,-1.0,sl,0.0,-1.0,sl,False,0,1,0 days 01:00:00,26.69999999999959,True,,,2.5,2020-05-22 06:00:00+00:00,False,131.14,130.958,1,daily_mitigation_ob_caused_displacement;daily_mitigation_ob_caused_imbalance;daily_mitigation_ob_flip_zone;daily_mitigation_ob_has_inducement;daily_mitigation_ob_swept_liquidity;daily_mitigation_ob_swept_liquidity_fractal;daily_mitigation_ob_swept_liquidity_fvg;daily_mitigation_ob_swept_liquidity_internal;daily_mitigation_ob_swept_liquidity_previous_candle;daily_mitigation_ob_swept_liquidity_swing;daily_ob_target_caused_displacement;daily_ob_target_caused_imbalance;daily_ob_target_flip_zone;daily_ob_target_has_inducement;daily_ob_target_swept_liquidity;daily_ob_target_swept_liquidity_fractal;daily_ob_target_swept_liquidity_fvg;daily_ob_target_swept_liquidity_internal;daily_ob_target_swept_liquidity_previous_candle;daily_ob_target_swept_liquidity_swing;h1_mitigation_ob_flip_zone;h1_mitigation_ob_swept_liquidity_fractal;h1_mitigation_ob_swept_liquidity_fvg;h1_mitigation_ob_swept_liquidity_internal;h1_mitigation_ob_swept_liquidity_previous_candle;h1_mitigation_ob_swept_liquidity_swing;h1_ob_target_flip_zone;h1_ob_target_swept_liquidity_fractal;h1_ob_target_swept_liquidity_fvg;h1_ob_target_swept_liquidity_internal;h1_ob_target_swept_liquidity_previous_candle;h1_ob_target_swept_liquidity_swing;h4_mitigation_ob_caused_displacement;h4_mitigation_ob_caused_imbalance;h4_mitigation_ob_flip_zone;h4_mitigation_ob_has_inducement;h4_mitigation_ob_swept_liquidity;h4_mitigation_ob_swept_liquidity_fractal;h4_mitigation_ob_swept_liquidity_fvg;h4_mitigation_ob_swept_liquidity_internal;h4_mitigation_ob_swept_liquidity_previous_candle;h4_mitigation_ob_swept_liquidity_swing;h4_mitigation_ob_within_daily_ob;h4_ob_target_caused_displacement;h4_ob_target_caused_imbalance;h4_ob_target_flip_zone;h4_ob_target_has_inducement;h4_ob_target_swept_liquidity;h4_ob_target_swept_liquidity_fractal;h4_ob_target_swept_liquidity_fvg;h4_ob_target_swept_liquidity_internal;h4_ob_target_swept_liquidity_previous_candle;h4_ob_target_swept_liquidity_swing;h4_ob_target_within_daily_ob
2020-05-25,Monday,london,2020-05-25 08:00:00+00:00,2020-05-25 20:00:00+00:00,bullish,131.24,130.856,132.20000000000005,131.24,0.38400000000001455,0.0,breakeven,0.0,be_stop,0.42708333333328397,0.0,be_stop,True,1,12,0 days 12:00:00,16.500000000002046,True,,,2.5,2020-05-25 08:00:00+00:00,False,131.051,130.876,2,daily_mitigation_ob_caused_displacement;daily_mitigation_ob_caused_imbalance;daily_mitigation_ob_flip_zone;daily_mitigation_ob_has_inducement;daily_mitigation_ob_swept_liquidity;daily_mitigation_ob_swept_liquidity_fractal;daily_mitigation_ob_swept_liquidity_fvg;daily_mitigation_ob_swept_liquidity_internal;daily_mitigation_ob_swept_liquidity_previous_candle;daily_mitigation_ob_swept_liquidity_swing;daily_ob_target_caused_displacement;daily_ob_target_caused_imbalance;daily_ob_target_flip_zone;daily_ob_target_has_inducement;daily_ob_target_swept_liquidity;daily_ob_target_swept_liquidity_fractal;daily_ob_target_swept_liquidity_fvg;daily_ob_target_swept_liquidity_internal;daily_ob_target_swept_liquidity_previous_candle;daily_ob_target_swept_liquidity_swing;h1_mitigation_ob_flip_zone;h1_mitigation_ob_swept_liquidity;h1_mitigation_ob_swept_liquidity_fractal;h1_mitigation_ob_swept_liquidity_fvg;h1_mitigation_ob_swept_liquidity_internal;h1_mitigation_ob_swept_liquidity_swing;h1_ob_target_flip_zone;h1_ob_target_swept_liquidity_fractal;h1_ob_target_swept_liquidity_fvg;h1_ob_target_swept_liquidity_internal;h1_ob_target_swept_liquidity_previous_candle;h1_ob_target_swept_liquidity_swing;h4_mitigation_ob_caused_displacement;h4_mitigation_ob_caused_imbalance;h4_mitigation_ob_flip_zone;h4_mitigation_ob_has_inducement;h4_mitigation_ob_swept_liquidity;h4_mitigation_ob_swept_liquidity_fractal;h4_mitigation_ob_swept_liquidity_fvg;h4_mitigation_ob_swept_liquidity_internal;h4_mitigation_ob_swept_liquidity_previous_candle;h4_mitigation_ob_swept_liquidity_swing;h4_mitigation_ob_within_daily_ob;h4_ob_target_flip_zone;h4_ob_target_swept_liquidity_fractal;h4_ob_target_swept_liquidity_fvg;h4_ob_target_swept_liquidity_internal;h4_ob_target_swept_liquidity_previous_candle;h4_ob_target_swept_liquidity_swing
2020-05-25,Monday,ny,2020-05-25 12:00:00+00:00,2020-05-25 20:00:00+00:00,bullish,131.206,130.968,131.801,131.206,0.23799999999999955,8.064516129032258,breakeven,0.0,be_stop,0.8319327731092768,0.0,be_stop,True,1,8,0 days 08:00:00,13.100000000000023,True,,,2.5,2020-05-25 12:00:00+00:00,False,131.127,130.988,1,daily_mitigation_ob_caused_displacement;daily_mitigation_ob_caused_imbalance;daily_mitigation_ob_flip_zone;daily_mitigation_ob_has_inducement;daily_mitigation_ob_swept_liquidity;daily_mitigation_ob_swept_liquidity_fractal;daily_mitigation_ob_swept_liquidity_fvg;daily_mitigation_ob_swept_liquidity_internal;daily_mitigation_ob_swept_liquidity_previous_candle;daily_mitigation_ob_swept_liquidity_swing;daily_ob_target_caused_displacement;daily_ob_target_caused_imbalance;daily_ob_target_flip_zone;daily_ob_target_has_inducement;daily_ob_target_swept_liquidity;daily_ob_target_swept_liquidity_fractal;daily_ob_target_swept_liquidity_fvg;daily_ob_target_swept_liquidity_internal;daily_ob_target_swept_liquidity_previous_candle;daily_ob_target_swept_liquidity_swing;h1_mitigation_ob_flip_zone;h1_mitigation_ob_swept_liquidity;h1_mitigation_ob_swept_liquidity_fvg;h1_mitigation_ob_swept_liquidity_internal;h1_mitigation_ob_swept_liquidity_swing;h1_ob_target_flip_zone;h1_ob_target_swept_liquidity_fractal;h1_ob_target_swept_liquidity_fvg;h1_ob_target_swept_liquidity_internal;h1_ob_target_swept_liquidity_previous_candle;h1_ob_target_swept_liquidity_swing;h4_mitigation_ob_caused_displacement;h4_mitigation_ob_caused_imbalance;h4_mitigation_ob_flip_zone;h4_mitigation_ob_has_inducement;h4_mitigation_ob_swept_liquidity;h4_mitigation_ob_swept_liquidity_fractal;h4_mitigation_ob_swept_liquidity_fvg;h4_mitigation_ob_swept_liquidity_internal;h4_mitigation_ob_swept_liquidity_previous_candle;h4_mitigation_ob_swept_liquidity_swing;h4_mitigation_ob_within_daily_ob;h4_ob_target_flip_zone;h4_ob_target_swept_liquidity_fractal;h4_ob_target_swept_liquidity_fvg;h4_ob_target_swept_liquidity_internal;h4_ob_target_swept_liquidity_previous_candle;h4_ob_target_swept_liquidity_swing
2020-06-04,Thursday,ny,2020-06-04 12:00:00+00:00,2020-06-04 14:00:00+00:00,bearish,136.32,137.15900000000002,134.2224999999999,137.15900000000002,0.8390000000000271,1.4285714285714286,loss,-1.0,sl,0.08700834326576487,-1.0,sl,False,0,2,0 days 02:00:00,30.19999999999925,True,,,2.5,2020-06-04 12:00:00+00:00,False,137.139,136.988,1,daily_mitigation_ob_caused_displacement;daily_mitigation_ob_caused_imbalance;daily_mitigation_ob_flip_zone;daily_mitigation_ob_has_inducement;daily_mitigation_ob_swept_liquidity;daily_mitigation_ob_swept_liquidity_fractal;daily_mitigation_ob_swept_liquidity_fvg;daily_mitigation_ob_swept_liquidity_internal;daily_mitigation_ob_swept_liquidity_previous_candle;daily_mitigation_ob_swept_liquidity_swing;daily_ob_target_flip_zone;daily_ob_target_swept_liquidity_fractal;daily_ob_target_swept_liquidity_fvg;daily_ob_target_swept_liquidity_internal;daily_ob_target_swept_liquidity_previous_candle;daily_ob_target_swept_liquidity_swing;h1_mitigation_ob_flip_zone;h1_mitigation_ob_swept_liquidity_fractal;h1_mitigation_ob_swept_liquidity_fvg;h1_mitigation_ob_swept_liquidity_internal;h1_mitigation_ob_swept_liquidity_previous_candle;h1_mitigation_ob_swept_liquidity_swing;h1_ob_target_flip_zone;h1_ob_target_swept_liquidity;h1_ob_target_swept_liquidity_fractal;h1_ob_target_swept_liquidity_internal;h1_ob_target_swept_liquidity_swing;h4_mitigation_ob_caused_displacement;h4_mitigation_ob_caused_imbalance;h4_mitigation_ob_flip_zone;h4_mitigation_ob_has_inducement;h4_mitigation_ob_swept_liquidity;h4_mitigation_ob_swept_liquidity_fractal;h4_mitigation_ob_swept_liquidity_fvg;h4_mitigation_ob_swept_liquidity_internal;h4_mitigation_ob_swept_liquidity_previous_candle;h4_mitigation_ob_swept_liquidity_swing;h4_mitigation_ob_within_daily_ob;h4_ob_target_flip_zone;h4_ob_target_swept_liquidity_fractal;h4_ob_target_swept_liquidity_fvg;h4_ob_target_swept_liquidity_internal;h4_ob_target_swept_liquidity_previous_candle;h4_ob_target_swept_liquidity_swing
2020-06-05,Friday,london,2020-06-05 08:00:00+00:00,2020-06-05 13:00:00+00:00,bearish,138.049,139.203,135.16400000000002,139.203,1.1539999999999964,22.857142857142858,loss,-1.0,sl,0.1629116117851102,-1.0,sl,False,0,5,0 days 05:00:00,14.19999999999959,True,,,2.5,2020-06-05 08:00:00+00:00,False,139.183,138.765,1,daily_mitigation_ob_caused_displacement;daily_mitigation_ob_caused_imbalance;daily_mitigation_ob_flip_zone;daily_mitigation_ob_has_inducement;daily_mitigation_ob_swept_liquidity;daily_mitigation_ob_swept_liquidity_fractal;daily_mitigation_ob_swept_liquidity_fvg;daily_mitigation_ob_swept_liquidity_internal;daily_mitigation_ob_swept_liquidity_previous_candle;daily_mitigation_ob_swept_liquidity_swing;daily_ob_target_flip_zone;daily_ob_target_swept_liquidity_fractal;daily_ob_target_swept_liquidity_fvg;daily_ob_target_swept_liquidity_internal;daily_ob_target_swept_liquidity_previous_candle;daily_ob_target_swept_liquidity_swing;h1_mitigation_ob_flip_zone;h1_mitigation_ob_swept_liquidity;h1_mitigation_ob_swept_liquidity_fractal;h1_mitigation_ob_swept_liquidity_internal;h1_mitigation_ob_swept_liquidity_swing;h1_ob_target_flip_zone;h1_ob_target_swept_liquidity;h1_ob_target_swept_liquidity_fvg;h1_ob_target_swept_liquidity_internal;h1_ob_target_swept_liquidity_previous_candle;h1_ob_target_swept_liquidity_swing;h4_mitigation_ob_caused_displacement;h4_mitigation_ob_caused_imbalance;h4_mitigation_ob_flip_zone;h4_mitigation_ob_has_inducement;h4_mitigation_ob_swept_liquidity;h4_mitigation_ob_swept_liquidity_fractal;h4_mitigation_ob_swept_liquidity_fvg;h4_mitigation_ob_swept_liquidity_internal;h4_mitigation_ob_swept_liquidity_previous_candle;h4_mitigation_ob_swept_liquidity_swing;h4_mitigation_ob_within_daily_ob;h4_ob_target_flip_zone;h4_ob_target_swept_liquidity;h4_ob_target_swept_liquidity_fractal;h4_ob_target_swept_liquidity_fvg;h4_ob_target_swept_liquidity_internal;h4_ob_target_swept_liquidity_swing
2020-06-09,Tuesday,london,2020-06-09 06:00:00+00:00,2020-06-09 18:00:00+00:00,bearish,137.163,137.592,136.09050000000002,137.215,0.42900000000000205,4.0,loss,-0.12121212121210315,cut_19h,2.1724941724942,-0.12121212121210315,cut_19h,False,1,12,0 days 12:00:00,0.0,True,,,2.5,2020-06-09 06:00:00+00:00,False,137.572,137.369,1,daily_mitigation_ob_caused_displacement;daily_mitigation_ob_caused_imbalance;daily_mitigation_ob_flip_zone;daily_mitigation_ob_has_inducement;daily_mitigation_ob_swept_liquidity;daily_mitigation_ob_swept_liquidity_fractal;daily_mitigation_ob_swept_liquidity_fvg;daily_mitigation_ob_swept_liquidity_internal;daily_mitigation_ob_swept_liquidity_previous_candle;daily_mitigation_ob_swept_liquidity_swing;daily_ob_target_caused_displacement;daily_ob_target_caused_imbalance;daily_ob_target_flip_zone;daily_ob_target_has_inducement;daily_ob_target_swept_liquidity;daily_ob_target_swept_liquidity_fractal;daily_ob_target_swept_liquidity_fvg;daily_ob_target_swept_liquidity_internal;daily_ob_target_swept_liquidity_previous_candle;daily_ob_target_swept_liquidity_swing;h1_mitigation_ob_flip_zone;h1_mitigation_ob_swept_liquidity_fractal;h1_mitigation_ob_swept_liquidity_fvg;h1_mitigation_ob_swept_liquidity_internal;h1_mitigation_ob_swept_liquidity_previous_candle;h1_mitigation_ob_swept_liquidity_swing;h1_ob_target_flip_zone;h1_ob_target_swept_liquidity;h1_ob_target_swept_liquidity_fractal;h1_ob_target_swept_liquidity_fvg;h1_ob_target_swept_liquidity_previous_candle;h1_ob_target_swept_liquidity_swing;h4_mitigation_ob_caused_displacement;h4_mitigation_ob_caused_imbalance;h4_mitigation_ob_flip_zone;h4_mitigation_ob_has_inducement;h4_mitigation_ob_swept_liquidity;h4_mitigation_ob_swept_liquidity_fractal;h4_mitigation_ob_swept_liquidity_fvg;h4_mitigation_ob_swept_liquidity_internal;h4_mitigation_ob_swept_liquidity_previous_candle;h4_mitigation_ob_swept_liquidity_swing;h4_mitigation_ob_within_daily_ob;h4_ob_target_caused_displacement;h4_ob_target_caused_imbalance;h4_ob_target_flip_zone;h4_ob_target_has_inducement;h4_ob_target_swept_liquidity;h4_ob_target_swept_liquidity_fractal;h4_ob_target_swept_liquidity_fvg;h4_ob_target_swept_liquidity_internal;h4_ob_target_swept_liquidity_previous_candle;h4_ob_target_swept_liquidity_swing;h4_ob_target_within_daily_ob
2020-06-09,Tuesday,london,2020-06-09 08:00:00+00:00,2020-06-09 09:00:00+00:00,bullish,136.381,136.343,136.47600000000003,136.343,0.038000000000010914,32.5,loss,-1.0,sl,0.0,-1.0,sl,False,0,1,0 days 01:00:00,11.199999999999477,True,,,2.5,2020-06-09 08:00:00+00:00,False,136.513,136.363,1,daily_mitigation_ob_caused_displacement;daily_mitigation_ob_caused_imbalance;daily_mitigation_ob_flip_zone;daily_mitigation_ob_has_inducement;daily_mitigation_ob_swept_liquidity;daily_mitigation_ob_swept_liquidity_fractal;daily_mitigation_ob_swept_liquidity_fvg;daily_mitigation_ob_swept_liquidity_internal;daily_mitigation_ob_swept_liquidity_previous_candle;daily_mitigation_ob_swept_liquidity_swing;daily_ob_target_caused_displacement;daily_ob_target_caused_imbalance;daily_ob_target_flip_zone;daily_ob_target_has_inducement;daily_ob_target_swept_liquidity;daily_ob_target_swept_liquidity_fractal;daily_ob_target_swept_liquidity_fvg;daily_ob_target_swept_liquidity_internal;daily_ob_target_swept_liquidity_previous_candle;daily_ob_target_swept_liquidity_swing;h1_mitigation_ob_flip_zone;h1_mitigation_ob_swept_liquidity;h1_mitigation_ob_swept_liquidity_fractal;h1_mitigation_ob_swept_liquidity_fvg;h1_mitigation_ob_swept_liquidity_previous_candle;h1_mitigation_ob_swept_liquidity_swing;h1_ob_target_caused_displacement;h1_ob_target_caused_imbalance;h1_ob_target_flip_zone;h1_ob_target_has_inducement;h1_ob_target_swept_liquidity;h1_ob_target_swept_liquidity_fractal;h1_ob_target_swept_liquidity_fvg;h1_ob_target_swept_liquidity_internal;h1_ob_target_swept_liquidity_previous_candle;h1_ob_target_swept_liquidity_swing;h1_ob_target_within_h4_ob;h4_mitigation_ob_caused_displacement;h4_mitigation_ob_caused_imbalance;h4_mitigation_ob_flip_zone;h4_mitigation_ob_has_inducement;h4_mitigation_ob_swept_liquidity;h4_mitigation_ob_swept_liquidity_fractal;h4_mitigation_ob_swept_liquidity_fvg;h4_mitigation_ob_swept_liquidity_internal;h4_mitigation_ob_swept_liquidity_previous_candle;h4_mitigation_ob_swept_liquidity_swing;h4_mitigation_ob_within_daily_ob;h4_ob_target_caused_displacement;h4_ob_target_caused_imbalance;h4_ob_target_flip_zone;h4_ob_target_has_inducement;h4_ob_target_swept_liquidity;h4_ob_target_swept_liquidity_fractal;h4_ob_target_swept_liquidity_fvg;h4_ob_target_swept_liquidity_internal;h4_ob_target_swept_liquidity_previous_candle;h4_ob_target_swept_liquidity_swing;h4_ob_target_within_daily_ob
2020-06-09,Tuesday,ny,2020-06-09 12:00:00+00:00,2020-06-09 18:00:00+00:00,bearish,136.626,137.40300000000002,134.68349999999998,137.215,0.7770000000000152,-7.142857142857142,loss,-0.7580437580437415,cut_19h,0.07464607464606382,-0.7580437580437415,cut_19h,False,1,6,0 days 06:00:00,0.0,True,,,2.5,2020-06-09 12:00:00+00:00,False,137.383,137.124,1,daily_mitigation_ob_caused_displacement;daily_mitigation_ob_caused_imbalance;daily_mitigation_ob_flip_zone;daily_mitigation_ob_has_inducement;daily_mitigation_ob_swept_liquidity;daily_mitigation_ob_swept_liquidity_fractal;daily_mitigation_ob_swept_liquidity_fvg;daily_mitigation_ob_swept_liquidity_internal;daily_mitigation_ob_swept_liquidity_previous_candle;daily_mitigation_ob_swept_liquidity_swing;daily_ob_target_flip_zone;daily_ob_target_swept_liquidity_fractal;daily_ob_target_swept_liquidity_fvg;daily_ob_target_swept_liquidity_internal;daily_ob_target_swept_liquidity_previous_candle;daily_ob_target_swept_liquidity_swing;h1_mitigation_ob_flip_zone;h1_mitigation_ob_swept_liquidity_fractal;h1_mitigation_ob_swept_liquidity_fvg;h1_mitigation_ob_swept_liquidity_internal;h1_mitigation_ob_swept_liquidity_previous_candle;h1_mitigation_ob_swept_liquidity_swing;h1_ob_target_flip_zone;h1_ob_target_swept_liquidity;h1_ob_target_swept_liquidity_fractal;h1_ob_target_swept_liquidity_internal;h1_ob_target_swept_liquidity_swing;h4_mitigation_ob_caused_displacement;h4_mitigation_ob_caused_imbalance;h4_mitigation_ob_flip_zone;h4_mitigation_ob_has_inducement;h4_mitigation_ob_swept_liquidity;h4_mitigation_ob_swept_liquidity_fractal;h4_mitigation_ob_swept_liquidity_fvg;h4_mitigation_ob_swept_liquidity_internal;h4_mitigation_ob_swept_liquidity_previous_candle;h4_mitigation_ob_swept_liquidity_swing;h4_mitigation_ob_within_daily_ob;h4_ob_target_flip_zone;h4_ob_target_swept_liquidity_fractal;h4_ob_target_swept_liquidity_fvg;h4_ob_target_swept_liquidity_internal;h4_ob_target_swept_liquidity_previous_candle;h4_ob_target_swept_liquidity_swing
2020-06-10,Wednesday,london,2020-06-10 07:00:00+00:00,2020-06-10 18:00:00+00:00,bullish,137.006,136.47,138.346,136.926,0.5360000000000014,36.53846153846153,loss,-0.14925373134330652,cut_19h,0.7611940298507202,-0.14925373134330652,cut_19h,False,1,11,0 days 11:00:00,0.0,True,,,2.5,2020-06-10 07:00:00+00:00,False,136.992,136.49,2,daily_mitigation_ob_caused_displacement;daily_mitigation_ob_caused_imbalance;daily_mitigation_ob_flip_zone;daily_mitigation_ob_has_inducement;daily_mitigation_ob_swept_liquidity;daily_mitigation_ob_swept_liquidity_fractal;daily_mitigation_ob_swept_liquidity_fvg;daily_mitigation_ob_swept_liquidity_internal;daily_mitigation_ob_swept_liquidity_previous_candle;daily_mitigation_ob_swept_liquidity_swing;daily_ob_target_caused_displacement;daily_ob_target_caused_imbalance;daily_ob_target_flip_zone;daily_ob_target_has_inducement;daily_ob_target_swept_liquidity;daily_ob_target_swept_liquidity_fractal;daily_ob_target_swept_liquidity_fvg;daily_ob_target_swept_liquidity_internal;daily_ob_target_swept_liquidity_previous_candle;daily_ob_target_swept_liquidity_swing;h1_mitigation_ob_flip_zone;h1_mitigation_ob_swept_liquidity;h1_mitigation_ob_swept_liquidity_fractal;h1_mitigation_ob_swept_liquidity_internal;h1_mitigation_ob_swept_liquidity_swing;h1_ob_target_flip_zone;h1_ob_target_swept_liquidity_fractal;h1_ob_target_swept_liquidity_fvg;h1_ob_target_swept_liquidity_internal;h1_ob_target_swept_liquidity_previous_candle;h1_ob_target_swept_liquidity_swing;h4_mitigation_ob_caused_displacement;h4_mitigation_ob_caused_imbalance;h4_mitigation_ob_flip_zone;h4_mitigation_ob_has_inducement;h4_mitigation_ob_swept_liquidity;h4_mitigation_ob_swept_liquidity_fractal;h4_mitigation_ob_swept_liquidity_fvg;h4_mitigation_ob_swept_liquidity_internal;h4_mitigation_ob_swept_liquidity_previous_candle;h4_mitigation_ob_swept_liquidity_swing;h4_mitigation_ob_within_daily_ob;h4_ob_target_caused_displacement;h4_ob_target_caused_imbalance;h4_ob_target_flip_zone;h4_ob_target_has_inducement;h4_ob_target_swept_liquidity;h4_ob_target_swept_liquidity_fractal;h4_ob_target_swept_liquidity_fvg;h4_ob_target_swept_liquidity_internal;h4_ob_target_swept_liquidity_previous_candle;h4_ob_target_swept_liquidity_swing;h4_ob_target_within_daily_ob
2020-06-11,Thursday,london,2020-06-11 08:00:00+00:00,2020-06-11 12:00:00+00:00,bullish,135.64,135.128,136.92,135.128,0.5120000000000005,-1.6129032258064515,loss,-1.0,sl,0.505859375000028,-1.0,sl,False,0,4,0 days 04:00:00,5.89999999999975,True,,,2.5,2020-06-11 08:00:00+00:00,False,135.367,135.148,1,daily_mitigation_ob_caused_displacement;daily_mitigation_ob_caused_imbalance;daily_mitigation_ob_flip_zone;daily_mitigation_ob_has_inducement;daily_mitigation_ob_swept_liquidity;daily_mitigation_ob_swept_liquidity_fractal;daily_mitigation_ob_swept_liquidity_fvg;daily_mitigation_ob_swept_liquidity_internal;daily_mitigation_ob_swept_liquidity_previous_candle;daily_mitigation_ob_swept_liquidity_swing;daily_ob_target_caused_displacement;daily_ob_target_caused_imbalance;daily_ob_target_flip_zone;daily_ob_target_has_inducement;daily_ob_target_swept_liquidity;daily_ob_target_swept_liquidity_fractal;daily_ob_target_swept_liquidity_fvg;daily_ob_target_swept_liquidity_internal;daily_ob_target_swept_liquidity_previous_candle;daily_ob_target_swept_liquidity_swing;h1_mitigation_ob_flip_zone;h1_mitigation_ob_swept_liquidity;h1_mitigation_ob_swept_liquidity_fractal;h1_mitigation_ob_swept_liquidity_internal;h1_mitigation_ob_swept_liquidity_swing;h1_ob_target_flip_zone;h1_ob_target_swept_liquidity_fractal;h1_ob_target_swept_liquidity_fvg;h1_ob_target_swept_liquidity_internal;h1_ob_target_swept_liquidity_previous_candle;h1_ob_target_swept_liquidity_swing;h4_mitigation_ob_caused_displacement;h4_mitigation_ob_caused_imbalance;h4_mitigation_ob_flip_zone;h4_mitigation_ob_has_inducement;h4_mitigation_ob_swept_liquidity;h4_mitigation_ob_swept_liquidity_fractal;h4_mitigation_ob_swept_liquidity_fvg;h4_mitigation_ob_swept_liquidity_internal;h4_mitigation_ob_swept_liquidity_previous_candle;h4_mitigation_ob_swept_liquidity_swing;h4_mitigation_ob_within_daily_ob;h4_ob_target_flip_zone;h4_ob_target_swept_liquidity_fractal;h4_ob_target_swept_liquidity_fvg;h4_ob_target_swept_liquidity_internal;h4_ob_target_swept_liquidity_previous_candle;h4_ob_target_swept_liquidity_swing
2020-06-15,Monday,london,2020-06-15 07:00:00+00:00,2020-06-17 14:00:00+00:00,bullish,134.285,133.37099999999998,136.57000000000005,134.285,0.9140000000000157,15.0,breakeven,0.0,be_stop,2.256017505470434,0.0,be_stop,True,2,55,2 days 07:00:00,22.800000000000864,True,,,2.5,2020-06-15 07:00:00+00:00,False,133.552,133.391,1,daily_mitigation_ob_caused_displacement;daily_mitigation_ob_caused_imbalance;daily_mitigation_ob_flip_zone;daily_mitigation_ob_has_inducement;daily_mitigation_ob_swept_liquidity;daily_mitigation_ob_swept_liquidity_fractal;daily_mitigation_ob_swept_liquidity_fvg;daily_mitigation_ob_swept_liquidity_internal;daily_mitigation_ob_swept_liquidity_previous_candle;daily_mitigation_ob_swept_liquidity_swing;daily_ob_target_caused_displacement;daily_ob_target_caused_imbalance;daily_ob_target_flip_zone;daily_ob_target_has_inducement;daily_ob_target_swept_liquidity;daily_ob_target_swept_liquidity_fractal;daily_ob_target_swept_liquidity_fvg;daily_ob_target_swept_liquidity_internal;daily_ob_target_swept_liquidity_previous_candle;daily_ob_target_swept_liquidity_swing;h1_mitigation_ob_flip_zone;h1_mitigation_ob_swept_liquidity_fractal;h1_mitigation_ob_swept_liquidity_fvg;h1_mitigation_ob_swept_liquidity_internal;h1_mitigation_ob_swept_liquidity_previous_candle;h1_mitigation_ob_swept_liquidity_swing;h1_ob_target_flip_zone;h1_ob_target_swept_liquidity;h1_ob_target_swept_liquidity_fractal;h1_ob_target_swept_liquidity_internal;h1_ob_target_swept_liquidity_previous_candle;h1_ob_target_swept_liquidity_swing;h4_mitigation_ob_caused_displacement;h4_mitigation_ob_caused_imbalance;h4_mitigation_ob_flip_zone;h4_mitigation_ob_has_inducement;h4_mitigation_ob_swept_liquidity;h4_mitigation_ob_swept_liquidity_fractal;h4_mitigation_ob_swept_liquidity_fvg;h4_mitigation_ob_swept_liquidity_internal;h4_mitigation_ob_swept_liquidity_previous_candle;h4_mitigation_ob_swept_liquidity_swing;h4_mitigation_ob_within_daily_ob;h4_ob_target_flip_zone;h4_ob_target_swept_liquidity_fractal;h4_ob_target_swept_liquidity_fvg;h4_ob_target_swept_liquidity_internal;h4_ob_target_swept_liquidity_previous_candle;h4_ob_target_swept_liquidity_swing
2020-06-15,Monday,ny,2020-06-15 13:00:00+00:00,2020-06-15 18:00:00+00:00,bullish,134.97,134.397,136.40250000000003,134.792,0.5730000000000075,15.0,loss,-0.31064572425828085,cut_19h,0.16753926701571095,-0.31064572425828085,cut_19h,False,1,5,0 days 05:00:00,0.0,True,,,2.5,2020-06-15 13:00:00+00:00,False,134.632,134.417,1,daily_mitigation_ob_caused_displacement;daily_mitigation_ob_caused_imbalance;daily_mitigation_ob_flip_zone;daily_mitigation_ob_has_inducement;daily_mitigation_ob_swept_liquidity;daily_mitigation_ob_swept_liquidity_fractal;daily_mitigation_ob_swept_liquidity_fvg;daily_mitigation_ob_swept_liquidity_internal;daily_mitigation_ob_swept_liquidity_previous_candle;daily_mitigation_ob_swept_liquidity_swing;daily_ob_target_caused_displacement;daily_ob_target_caused_imbalance;daily_ob_target_flip_zone;daily_ob_target_has_inducement;daily_ob_target_swept_liquidity;daily_ob_target_swept_liquidity_fractal;daily_ob_target_swept_liquidity_fvg;daily_ob_target_swept_liquidity_internal;daily_ob_target_swept_liquidity_previous_candle;daily_ob_target_swept_liquidity_swing;h1_mitigation_ob_flip_zone;h1_mitigation_ob_swept_liquidity_fractal;h1_mitigation_ob_swept_liquidity_fvg;h1_mitigation_ob_swept_liquidity_internal;h1_mitigation_ob_swept_liquidity_previous_candle;h1_mitigation_ob_swept_liquidity_swing;h1_ob_target_flip_zone;h1_ob_target_swept_liquidity;h1_ob_target_swept_liquidity_fractal;h1_ob_target_swept_liquidity_internal;h1_ob_target_swept_liquidity_previous_candle;h1_ob_target_swept_liquidity_swing;h4_mitigation_ob_caused_displacement;h4_mitigation_ob_caused_imbalance;h4_mitigation_ob_flip_zone;h4_mitigation_ob_has_inducement;h4_mitigation_ob_swept_liquidity;h4_mitigation_ob_swept_liquidity_fractal;h4_mitigation_ob_swept_liquidity_fvg;h4_mitigation_ob_swept_liquidity_internal;h4_mitigation_ob_swept_liquidity_previous_candle;h4_mitigation_ob_swept_liquidity_swing;h4_mitigation_ob_within_daily_ob;h4_ob_target_flip_zone;h4_ob_target_swept_liquidity_fractal;h4_ob_target_swept_liquidity_fvg;h4_ob_target_swept_liquidity_internal;h4_ob_target_swept_liquidity_previous_candle;h4_ob_target_swept_liquidity_swing
2020-06-17,Wednesday,london,2020-06-17 07:00:00+00:00,2020-06-18 01:00:00+00:00,bearish,134.806,135.24,133.721,133.721,0.4339999999999975,-14.705882352941178,win,2.5,tp,6.5414746543779145,6.407834101382539,friday_close,True,2,18,0 days 18:00:00,0.0,True,,,2.5,2020-06-17 07:00:00+00:00,False,135.22,134.899,1,daily_mitigation_ob_caused_displacement;daily_mitigation_ob_caused_imbalance;daily_mitigation_ob_flip_zone;daily_mitigation_ob_has_inducement;daily_mitigation_ob_swept_liquidity;daily_mitigation_ob_swept_liquidity_fractal;daily_mitigation_ob_swept_liquidity_fvg;daily_mitigation_ob_swept_liquidity_internal;daily_mitigation_ob_swept_liquidity_previous_candle;daily_mitigation_ob_swept_liquidity_swing;daily_ob_target_flip_zone;daily_ob_target_swept_liquidity_fractal;daily_ob_target_swept_liquidity_fvg;daily_ob_target_swept_liquidity_internal;daily_ob_target_swept_liquidity_previous_candle;daily_ob_target_swept_liquidity_swing;h1_mitigation_ob_flip_zone;h1_mitigation_ob_swept_liquidity_fractal;h1_mitigation_ob_swept_liquidity_fvg;h1_mitigation_ob_swept_liquidity_internal;h1_mitigation_ob_swept_liquidity_previous_candle;h1_mitigation_ob_swept_liquidity_swing;h1_ob_target_flip_zone;h1_ob_target_swept_liquidity_fractal;h1_ob_target_swept_liquidity_fvg;h1_ob_target_swept_liquidity_internal;h1_ob_target_swept_liquidity_previous_candle;h1_ob_target_swept_liquidity_swing;h4_mitigation_ob_caused_displacement;h4_mitigation_ob_caused_imbalance;h4_mitigation_ob_flip_zone;h4_mitigation_ob_has_inducement;h4_mitigation_ob_swept_liquidity;h4_mitigation_ob_swept_liquidity_fractal;h4_mitigation_ob_swept_liquidity_fvg;h4_mitigation_ob_swept_liquidity_internal;h4_mitigation_ob_swept_liquidity_previous_candle;h4_mitigation_ob_swept_liquidity_swing;h4_mitigation_ob_within_daily_ob;h4_ob_target_flip_zone;h4_ob_target_swept_liquidity;h4_ob_target_swept_liquidity_fractal;h4_ob_target_swept_liquidity_fvg;h4_ob_target_swept_liquidity_internal;h4_ob_target_swept_liquidity_swing
2020-06-18,Thursday,london,2020-06-18 07:00:00+00:00,2020-06-18 14:00:00+00:00,bearish,133.975,134.53900000000002,132.56499999999994,132.56499999999994,0.5640000000000214,-2.857142857142857,win,2.5,tp,3.5602836879430946,3.457446808510487,friday_close,True,1,7,0 days 07:00:00,0.0,True,,,2.5,2020-06-18 07:00:00+00:00,False,134.519,134.271,1,daily_mitigation_ob_caused_displacement;daily_mitigation_ob_caused_imbalance;daily_mitigation_ob_flip_zone;daily_mitigation_ob_has_inducement;daily_mitigation_ob_swept_liquidity;daily_mitigation_ob_swept_liquidity_fractal;daily_mitigation_ob_swept_liquidity_fvg;daily_mitigation_ob_swept_liquidity_internal;daily_mitigation_ob_swept_liquidity_previous_candle;daily_mitigation_ob_swept_liquidity_swing;daily_ob_target_flip_zone;daily_ob_target_swept_liquidity_fractal;daily_ob_target_swept_liquidity_fvg;daily_ob_target_swept_liquidity_internal;daily_ob_target_swept_liquidity_previous_candle;daily_ob_target_swept_liquidity_swing;h1_mitigation_ob_flip_zone;h1_mitigation_ob_swept_liquidity;h1_mitigation_ob_swept_liquidity_fractal;h1_mitigation_ob_swept_liquidity_internal;h1_mitigation_ob_swept_liquidity_previous_candle;h1_mitigation_ob_swept_liquidity_swing;h1_ob_target_flip_zone;h1_ob_target_swept_liquidity_fractal;h1_ob_target_swept_liquidity_fvg;h1_ob_target_swept_liquidity_internal;h1_ob_target_swept_liquidity_previous_candle;h1_ob_target_swept_liquidity_swing;h4_mitigation_ob_caused_displacement;h4_mitigation_ob_caused_imbalance;h4_mitigation_ob_flip_zone;h4_mitigation_ob_has_inducement;h4_mitigation_ob_swept_liquidity;h4_mitigation_ob_swept_liquidity_fractal;h4_mitigation_ob_swept_liquidity_fvg;h4_mitigation_ob_swept_liquidity_internal;h4_mitigation_ob_swept_liquidity_previous_candle;h4_mitigation_ob_swept_liquidity_swing;h4_mitigation_ob_within_daily_ob;h4_ob_target_flip_zone;h4_ob_target_swept_liquidity;h4_ob_target_swept_liquidity_internal;h4_ob_target_swept_liquidity_previous_candle;h4_ob_target_swept_liquidity_swing
2020-06-22,Monday,london,2020-06-22 08:00:00+00:00,2020-06-22 16:00:00+00:00,bearish,132.841,133.102,132.18850000000003,133.102,0.2609999999999957,35.714285714285715,loss,-1.0,sl,2.0651340996169525,-1.0,sl,False,0,8,0 days 08:00:00,17.099999999999227,True,,,2.5,2020-06-22 08:00:00+00:00,False,133.082,132.874,1,daily_mitigation_ob_caused_displacement;daily_mitigation_ob_caused_imbalance;daily_mitigation_ob_flip_zone;daily_mitigation_ob_has_inducement;daily_mitigation_ob_swept_liquidity;daily_mitigation_ob_swept_liquidity_fractal;daily_mitigation_ob_swept_liquidity_fvg;daily_mitigation_ob_swept_liquidity_internal;daily_mitigation_ob_swept_liquidity_previous_candle;daily_mitigation_ob_swept_liquidity_swing;daily_ob_target_caused_displacement;daily_ob_target_caused_imbalance;daily_ob_target_flip_zone;daily_ob_target_has_inducement;daily_ob_target_swept_liquidity;daily_ob_target_swept_liquidity_fractal;daily_ob_target_swept_liquidity_fvg;daily_ob_target_swept_liquidity_internal;daily_ob_target_swept_liquidity_previous_candle;daily_ob_target_swept_liquidity_swing;h1_mitigation_ob_flip_zone;h1_mitigation_ob_swept_liquidity;h1_mitigation_ob_swept_liquidity_fractal;h1_mitigation_ob_swept_liquidity_internal;h1_mitigation_ob_swept_liquidity_previous_candle;h1_mitigation_ob_swept_liquidity_swing;h1_ob_target_flip_zone;h1_ob_target_swept_liquidity_fractal;h1_ob_target_swept_liquidity_fvg;h1_ob_target_swept_liquidity_internal;h1_ob_target_swept_liquidity_previous_candle;h1_ob_target_swept_liquidity_swing;h4_mitigation_ob_flip_zone;h4_mitigation_ob_swept_liquidity;h4_mitigation_ob_swept_liquidity_fractal;h4_mitigation_ob_swept_liquidity_internal;h4_mitigation_ob_swept_liquidity_previous_candle;h4_mitigation_ob_swept_liquidity_swing;h4_ob_target_flip_zone;h4_ob_target_swept_liquidity;h4_ob_target_swept_liquidity_fractal;h4_ob_target_swept_liquidity_fvg;h4_ob_target_swept_liquidity_internal;h4_ob_target_swept_liquidity_swing
2020-07-01,Wednesday,london,2020-07-01 06:00:00+00:00,2020-07-02 08:00:00+00:00,bullish,133.339,132.891,134.459,134.459,0.4480000000000075,18.571428571428573,win,2.5,tp,3.0379464285713556,1.6383928571428494,friday_close,True,2,26,1 days 02:00:00,0.0,True,,,2.5,2020-07-01 05:00:00+00:00,True,133.071,132.911,1,daily_mitigation_ob_caused_displacement;daily_mitigation_ob_caused_imbalance;daily_mitigation_ob_flip_zone;daily_mitigation_ob_has_inducement;daily_mitigation_ob_swept_liquidity;daily_mitigation_ob_swept_liquidity_fractal;daily_mitigation_ob_swept_liquidity_fvg;daily_mitigation_ob_swept_liquidity_internal;daily_mitigation_ob_swept_liquidity_previous_candle;daily_mitigation_ob_swept_liquidity_swing;daily_ob_target_flip_zone;daily_ob_target_swept_liquidity_fractal;daily_ob_target_swept_liquidity_fvg;daily_ob_target_swept_liquidity_internal;daily_ob_target_swept_liquidity_previous_candle;daily_ob_target_swept_liquidity_swing;h1_mitigation_ob_flip_zone;h1_mitigation_ob_swept_liquidity_fractal;h1_mitigation_ob_swept_liquidity_fvg;h1_mitigation_ob_swept_liquidity_internal;h1_mitigation_ob_swept_liquidity_previous_candle;h1_mitigation_ob_swept_liquidity_swing;h1_ob_target_flip_zone;h1_ob_target_swept_liquidity;h1_ob_target_swept_liquidity_fractal;h1_ob_target_swept_liquidity_internal;h1_ob_target_swept_liquidity_swing;h4_mitigation_ob_caused_displacement;h4_mitigation_ob_caused_imbalance;h4_mitigation_ob_flip_zone;h4_mitigation_ob_has_inducement;h4_mitigation_ob_swept_liquidity;h4_mitigation_ob_swept_liquidity_fractal;h4_mitigation_ob_swept_liquidity_fvg;h4_mitigation_ob_swept_liquidity_internal;h4_mitigation_ob_swept_liquidity_previous_candle;h4_mitigation_ob_swept_liquidity_swing;h4_mitigation_ob_within_daily_ob;h4_ob_target_flip_zone;h4_ob_target_swept_liquidity_fractal;h4_ob_target_swept_liquidity_fvg;h4_ob_target_swept_liquidity_internal;h4_ob_target_swept_liquidity_previous_candle;h4_ob_target_swept_liquidity_swing
2020-07-02,Thursday,ny,2020-07-02 11:00:00+00:00,2020-07-03 18:00:00+00:00,bearish,134.503,134.996,133.2704999999999,134.073,0.4930000000000234,-5.88235294117647,win,0.8722109533467708,friday_close,1.636916835699695,0.8722109533467708,friday_close,True,1,31,1 days 07:00:00,0.0,True,,,2.5,2020-07-02 11:00:00+00:00,False,134.976,134.638,1,daily_mitigation_ob_flip_zone;daily_mitigation_ob_swept_liquidity_fractal;daily_mitigation_ob_swept_liquidity_fvg;daily_mitigation_ob_swept_liquidity_internal;daily_mitigation_ob_swept_liquidity_previous_candle;daily_mitigation_ob_swept_liquidity_swing;daily_ob_target_caused_displacement;daily_ob_target_caused_imbalance;daily_ob_target_flip_zone;daily_ob_target_has_inducement;daily_ob_target_swept_liquidity;daily_ob_target_swept_liquidity_fractal;daily_ob_target_swept_liquidity_fvg;daily_ob_target_swept_liquidity_internal;daily_ob_target_swept_liquidity_previous_candle;daily_ob_target_swept_liquidity_swing;h1_mitigation_ob_flip_zone;h1_mitigation_ob_swept_liquidity_fractal;h1_mitigation_ob_swept_liquidity_fvg;h1_mitigation_ob_swept_liquidity_internal;h1_mitigation_ob_swept_liquidity_previous_candle;h1_mitigation_ob_swept_liquidity_swing;h1_ob_target_flip_zone;h1_ob_target_swept_liquidity;h1_ob_target_swept_liquidity_fractal;h1_ob_target_swept_liquidity_internal;h1_ob_target_swept_liquidity_previous_candle;h1_ob_target_swept_liquidity_swing;h4_mitigation_ob_caused_displacement;h4_mitigation_ob_caused_imbalance;h4_mitigation_ob_flip_zone;h4_mitigation_ob_has_inducement;h4_mitigation_ob_swept_liquidity;h4_mitigation_ob_swept_liquidity_fractal;h4_mitigation_ob_swept_liquidity_fvg;h4_mitigation_ob_swept_liquidity_internal;h4_mitigation_ob_swept_liquidity_previous_candle;h4_mitigation_ob_swept_liquidity_swing;h4_mitigation_ob_within_daily_ob;h4_ob_target_flip_zone;h4_ob_target_swept_liquidity_fractal;h4_ob_target_swept_liquidity_fvg;h4_ob_target_swept_liquidity_internal;h4_ob_target_swept_liquidity_previous_candle;h4_ob_target_swept_liquidity_swing
2020-07-02,Thursday,ny,2020-07-02 13:00:00+00:00,2020-07-03 18:00:00+00:00,bearish,134.498,134.996,133.25299999999993,134.073,0.49800000000001887,-5.88235294117647,win,0.8534136546184073,friday_close,1.610441767068197,0.8534136546184073,friday_close,True,1,29,1 days 05:00:00,0.0,True,,,2.5,2020-07-02 13:00:00+00:00,False,134.976,134.638,2,daily_mitigation_ob_flip_zone;daily_mitigation_ob_swept_liquidity_fractal;daily_mitigation_ob_swept_liquidity_fvg;daily_mitigation_ob_swept_liquidity_internal;daily_mitigation_ob_swept_liquidity_previous_candle;daily_mitigation_ob_swept_liquidity_swing;daily_ob_target_caused_displacement;daily_ob_target_caused_imbalance;daily_ob_target_flip_zone;daily_ob_target_has_inducement;daily_ob_target_swept_liquidity;daily_ob_target_swept_liquidity_fractal;daily_ob_target_swept_liquidity_fvg;daily_ob_target_swept_liquidity_internal;daily_ob_target_swept_liquidity_previous_candle;daily_ob_target_swept_liquidity_swing;h1_mitigation_ob_flip_zone;h1_mitigation_ob_swept_liquidity_fractal;h1_mitigation_ob_swept_liquidity_fvg;h1_mitigation_ob_swept_liquidity_internal;h1_mitigation_ob_swept_liquidity_previous_candle;h1_mitigation_ob_swept_liquidity_swing;h1_ob_target_flip_zone;h1_ob_target_swept_liquidity;h1_ob_target_swept_liquidity_fractal;h1_ob_target_swept_liquidity_internal;h1_ob_target_swept_liquidity_previous_candle;h1_ob_target_swept_liquidity_swing;h4_mitigation_ob_caused_displacement;h4_mitigation_ob_caused_imbalance;h4_mitigation_ob_flip_zone;h4_mitigation_ob_has_inducement;h4_mitigation_ob_swept_liquidity;h4_mitigation_ob_swept_liquidity_fractal;h4_mitigation_ob_swept_liquidity_fvg;h4_mitigation_ob_swept_liquidity_internal;h4_mitigation_ob_swept_liquidity_previous_candle;h4_mitigation_ob_swept_liquidity_swing;h4_mitigation_ob_within_daily_ob;h4_ob_target_flip_zone;h4_ob_target_swept_liquidity_fractal;h4_ob_target_swept_liquidity_fvg;h4_ob_target_swept_liquidity_internal;h4_ob_target_swept_liquidity_previous_candle;h4_ob_target_swept_liquidity_swing
2020-07-07,Tuesday,london,2020-07-07 07:00:00+00:00,2020-07-07 13:00:00+00:00,bullish,134.414,134.16199999999998,135.044,135.044,0.25200000000000955,25.0,win,2.5,tp,5.976190476190251,0.0,be_stop,True,3,6,0 days 06:00:00,3.1999999999982265,True,,,2.5,2020-07-07 07:00:00+00:00,False,134.291,134.182,1,daily_mitigation_ob_caused_displacement;daily_mitigation_ob_caused_imbalance;daily_mitigation_ob_flip_zone;daily_mitigation_ob_has_inducement;daily_mitigation_ob_swept_liquidity;daily_mitigation_ob_swept_liquidity_fractal;daily_mitigation_ob_swept_liquidity_fvg;daily_mitigation_ob_swept_liquidity_internal;daily_mitigation_ob_swept_liquidity_previous_candle;daily_mitigation_ob_swept_liquidity_swing;daily_ob_target_caused_displacement;daily_ob_target_caused_imbalance;daily_ob_target_flip_zone;daily_ob_target_has_inducement;daily_ob_target_swept_liquidity;daily_ob_target_swept_liquidity_fractal;daily_ob_target_swept_liquidity_fvg;daily_ob_target_swept_liquidity_internal;daily_ob_target_swept_liquidity_previous_candle;daily_ob_target_swept_liquidity_swing;h1_mitigation_ob_flip_zone;h1_mitigation_ob_swept_liquidity_fractal;h1_mitigation_ob_swept_liquidity_fvg;h1_mitigation_ob_swept_liquidity_internal;h1_mitigation_ob_swept_liquidity_previous_candle;h1_mitigation_ob_swept_liquidity_swing;h1_ob_target_flip_zone;h1_ob_target_swept_liquidity_fractal;h1_ob_target_swept_liquidity_fvg;h1_ob_target_swept_liquidity_internal;h1_ob_target_swept_liquidity_previous_candle;h1_ob_target_swept_liquidity_swing;h4_mitigation_ob_caused_displacement;h4_mitigation_ob_caused_imbalance;h4_mitigation_ob_flip_zone;h4_mitigation_ob_has_inducement;h4_mitigation_ob_swept_liquidity;h4_mitigation_ob_swept_liquidity_fractal;h4_mitigation_ob_swept_liquidity_fvg;h4_mitigation_ob_swept_liquidity_internal;h4_mitigation_ob_swept_liquidity_previous_candle;h4_mitigation_ob_swept_liquidity_swing;h4_mitigation_ob_within_daily_ob;h4_ob_target_flip_zone;h4_ob_target_swept_liquidity_fractal;h4_ob_target_swept_liquidity_fvg;h4_ob_target_swept_liquidity_internal;h4_ob_target_swept_liquidity_previous_candle;h4_ob_target_swept_liquidity_swing
2020-07-08,Wednesday,london,2020-07-08 06:00:00+00:00,2020-07-08 08:00:00+00:00,bullish,134.95,134.837,135.2325,134.837,0.11299999999999955,34.0,loss,-1.0,sl,0.8407079646017632,-1.0,sl,False,0,2,0 days 02:00:00,14.099999999999113,True,,,2.5,2020-07-08 05:00:00+00:00,True,134.976,134.857,1,daily_mitigation_ob_caused_displacement;daily_mitigation_ob_caused_imbalance;daily_mitigation_ob_flip_zone;daily_mitigation_ob_has_inducement;daily_mitigation_ob_swept_liquidity;daily_mitigation_ob_swept_liquidity_fractal;daily_mitigation_ob_swept_liquidity_fvg;daily_mitigation_ob_swept_liquidity_internal;daily_mitigation_ob_swept_liquidity_previous_candle;daily_mitigation_ob_swept_liquidity_swing;daily_ob_target_caused_displacement;daily_ob_target_caused_imbalance;daily_ob_target_flip_zone;daily_ob_target_has_inducement;daily_ob_target_swept_liquidity;daily_ob_target_swept_liquidity_fractal;daily_ob_target_swept_liquidity_fvg;daily_ob_target_swept_liquidity_internal;daily_ob_target_swept_liquidity_previous_candle;daily_ob_target_swept_liquidity_swing;h1_mitigation_ob_flip_zone;h1_mitigation_ob_swept_liquidity_fractal;h1_mitigation_ob_swept_liquidity_fvg;h1_mitigation_ob_swept_liquidity_internal;h1_mitigation_ob_swept_liquidity_previous_candle;h1_mitigation_ob_swept_liquidity_swing;h1_ob_target_flip_zone;h1_ob_target_swept_liquidity_fractal;h1_ob_target_swept_liquidity_fvg;h1_ob_target_swept_liquidity_internal;h1_ob_target_swept_liquidity_previous_candle;h1_ob_target_swept_liquidity_swing;h4_mitigation_ob_caused_displacement;h4_mitigation_ob_caused_imbalance;h4_mitigation_ob_flip_zone;h4_mitigation_ob_has_inducement;h4_mitigation_ob_swept_liquidity;h4_mitigation_ob_swept_liquidity_fractal;h4_mitigation_ob_swept_liquidity_fvg;h4_mitigation_ob_swept_liquidity_internal;h4_mitigation_ob_swept_liquidity_previous_candle;h4_mitigation_ob_swept_liquidity_swing;h4_mitigation_ob_within_daily_ob;h4_ob_target_caused_displacement;h4_ob_target_caused_imbalance;h4_ob_target_flip_zone;h4_ob_target_has_inducement;h4_ob_target_swept_liquidity;h4_ob_target_swept_liquidity_fractal;h4_ob_target_swept_liquidity_fvg;h4_ob_target_swept_liquidity_internal;h4_ob_target_swept_liquidity_previous_candle;h4_ob_target_swept_liquidity_swing;h4_ob_target_within_daily_ob
2020-07-09,Thursday,london,2020-07-09 07:00:00+00:00,2020-07-09 09:00:00+00:00,bearish,135.452,135.80800000000002,134.56199999999995,135.80800000000002,0.35600000000002296,-11.428571428571429,loss,-1.0,sl,0.10112359550561528,-1.0,sl,False,0,2,0 days 02:00:00,11.199999999996635,True,,,2.5,2020-07-09 07:00:00+00:00,False,135.788,135.572,1,daily_mitigation_ob_caused_displacement;daily_mitigation_ob_caused_imbalance;daily_mitigation_ob_flip_zone;daily_mitigation_ob_has_inducement;daily_mitigation_ob_swept_liquidity;daily_mitigation_ob_swept_liquidity_fractal;daily_mitigation_ob_swept_liquidity_fvg;daily_mitigation_ob_swept_liquidity_internal;daily_mitigation_ob_swept_liquidity_previous_candle;daily_mitigation_ob_swept_liquidity_swing;daily_ob_target_caused_displacement;daily_ob_target_caused_imbalance;daily_ob_target_flip_zone;daily_ob_target_has_inducement;daily_ob_target_swept_liquidity;daily_ob_target_swept_liquidity_fractal;daily_ob_target_swept_liquidity_fvg;daily_ob_target_swept_liquidity_internal;daily_ob_target_swept_liquidity_previous_candle;daily_ob_target_swept_liquidity_swing;h1_mitigation_ob_flip_zone;h1_mitigation_ob_swept_liquidity_fractal;h1_mitigation_ob_swept_liquidity_fvg;h1_mitigation_ob_swept_liquidity_internal;h1_mitigation_ob_swept_liquidity_previous_candle;h1_mitigation_ob_swept_liquidity_swing;h1_ob_target_flip_zone;h1_ob_target_swept_liquidity_fractal;h1_ob_target_swept_liquidity_fvg;h1_ob_target_swept_liquidity_internal;h1_ob_target_swept_liquidity_previous_candle;h1_ob_target_swept_liquidity_swing;h4_mitigation_ob_flip_zone;h4_mitigation_ob_swept_liquidity_fractal;h4_mitigation_ob_swept_liquidity_fvg;h4_mitigation_ob_swept_liquidity_internal;h4_mitigation_ob_swept_liquidity_previous_candle;h4_mitigation_ob_swept_liquidity_swing;h4_ob_target_flip_zone;h4_ob_target_swept_liquidity_fractal;h4_ob_target_swept_liquidity_fvg;h4_ob_target_swept_liquidity_internal;h4_ob_target_swept_liquidity_previous_candle;h4_ob_target_swept_liquidity_swing
2020-07-10,Friday,london,2020-07-10 06:00:00+00:00,2020-07-10 07:00:00+00:00,bullish,134.425,134.38299999999998,134.5300000000001,134.38299999999998,0.04200000000003001,25.0,loss,-1.0,sl,0.0,-1.0,sl,False,0,1,0 days 01:00:00,10.3999999999985,True,,,2.5,2020-07-10 06:00:00+00:00,False,134.477,134.403,1,daily_mitigation_ob_flip_zone;daily_mitigation_ob_swept_liquidity_fractal;daily_mitigation_ob_swept_liquidity_fvg;daily_mitigation_ob_swept_liquidity_internal;daily_mitigation_ob_swept_liquidity_previous_candle;daily_mitigation_ob_swept_liquidity_swing;daily_ob_target_caused_displacement;daily_ob_target_caused_imbalance;daily_ob_target_flip_zone;daily_ob_target_has_inducement;daily_ob_target_swept_liquidity;daily_ob_target_swept_liquidity_fractal;daily_ob_target_swept_liquidity_fvg;daily_ob_target_swept_liquidity_internal;daily_ob_target_swept_liquidity_previous_candle;daily_ob_target_swept_liquidity_swing;h1_mitigation_ob_flip_zone;h1_mitigation_ob_swept_liquidity;h1_mitigation_ob_swept_liquidity_fvg;h1_mitigation_ob_swept_liquidity_internal;h1_mitigation_ob_swept_liquidity_previous_candle;h1_mitigation_ob_swept_liquidity_swing;h1_ob_target_caused_displacement;h1_ob_target_caused_imbalance;h1_ob_target_flip_zone;h1_ob_target_has_inducement;h1_ob_target_swept_liquidity;h1_ob_target_swept_liquidity_fractal;h1_ob_target_swept_liquidity_fvg;h1_ob_target_swept_liquidity_internal;h1_ob_target_swept_liquidity_previous_candle;h1_ob_target_swept_liquidity_swing;h1_ob_target_within_h4_ob;h4_mitigation_ob_caused_displacement;h4_mitigation_ob_caused_imbalance;h4_mitigation_ob_flip_zone;h4_mitigation_ob_has_inducement;h4_mitigation_ob_swept_liquidity;h4_mitigation_ob_swept_liquidity_fractal;h4_mitigation_ob_swept_liquidity_fvg;h4_mitigation_ob_swept_liquidity_internal;h4_mitigation_ob_swept_liquidity_previous_candle;h4_mitigation_ob_swept_liquidity_swing;h4_mitigation_ob_within_daily_ob;h4_ob_target_caused_displacement;h4_ob_target_caused_imbalance;h4_ob_target_flip_zone;h4_ob_target_has_inducement;h4_ob_target_swept_liquidity;h4_ob_target_swept_liquidity_fractal;h4_ob_target_swept_liquidity_fvg;h4_ob_target_swept_liquidity_internal;h4_ob_target_swept_liquidity_previous_candle;h4_ob_target_swept_liquidity_swing;h4_ob_target_within_daily_ob
2020-07-13,Monday,london,2020-07-13 06:00:00+00:00,2020-07-13 07:00:00+00:00,bullish,135.372,135.07899999999998,136.1045000000001,135.07899999999998,0.2930000000000348,10.0,loss,-1.0,sl,0.1569965870306717,-1.0,sl,False,0,1,0 days 01:00:00,5.599999999998317,True,,,2.5,2020-07-13 06:00:00+00:00,False,135.223,135.099,1,daily_mitigation_ob_caused_displacement;daily_mitigation_ob_caused_imbalance;daily_mitigation_ob_flip_zone;daily_mitigation_ob_has_inducement;daily_mitigation_ob_swept_liquidity;daily_mitigation_ob_swept_liquidity_fractal;daily_mitigation_ob_swept_liquidity_fvg;daily_mitigation_ob_swept_liquidity_internal;daily_mitigation_ob_swept_liquidity_previous_candle;daily_mitigation_ob_swept_liquidity_swing;daily_ob_target_caused_displacement;daily_ob_target_caused_imbalance;daily_ob_target_flip_zone;daily_ob_target_has_inducement;daily_ob_target_swept_liquidity;daily_ob_target_swept_liquidity_fractal;daily_ob_target_swept_liquidity_fvg;daily_ob_target_swept_liquidity_internal;daily_ob_target_swept_liquidity_previous_candle;daily_ob_target_swept_liquidity_swing;h1_mitigation_ob_flip_zone;h1_mitigation_ob_swept_liquidity_fractal;h1_mitigation_ob_swept_liquidity_fvg;h1_mitigation_ob_swept_liquidity_internal;h1_mitigation_ob_swept_liquidity_previous_candle;h1_mitigation_ob_swept_liquidity_swing;h1_ob_target_flip_zone;h1_ob_target_swept_liquidity;h1_ob_target_swept_liquidity_fractal;h1_ob_target_swept_liquidity_fvg;h1_ob_target_swept_liquidity_internal;h1_ob_target_swept_liquidity_swing;h4_mitigation_ob_caused_displacement;h4_mitigation_ob_caused_imbalance;h4_mitigation_ob_flip_zone;h4_mitigation_ob_has_inducement;h4_mitigation_ob_swept_liquidity;h4_mitigation_ob_swept_liquidity_fractal;h4_mitigation_ob_swept_liquidity_fvg;h4_mitigation_ob_swept_liquidity_internal;h4_mitigation_ob_swept_liquidity_previous_candle;h4_mitigation_ob_swept_liquidity_swing;h4_mitigation_ob_within_daily_ob;h4_ob_target_flip_zone;h4_ob_target_swept_liquidity_fractal;h4_ob_target_swept_liquidity_fvg;h4_ob_target_swept_liquidity_internal;h4_ob_target_swept_liquidity_previous_candle;h4_ob_target_swept_liquidity_swing
2020-07-13,Monday,london,2020-07-13 08:00:00+00:00,2020-07-13 09:00:00+00:00,bullish,134.979,134.885,135.21400000000006,134.885,0.09400000000002251,16.0,loss,-1.0,sl,0.1170212765956707,-1.0,sl,False,0,1,0 days 01:00:00,9.899999999998954,True,,,2.5,2020-07-13 08:00:00+00:00,False,135.052,134.905,1,daily_mitigation_ob_caused_displacement;daily_mitigation_ob_caused_imbalance;daily_mitigation_ob_flip_zone;daily_mitigation_ob_has_inducement;daily_mitigation_ob_swept_liquidity;daily_mitigation_ob_swept_liquidity_fractal;daily_mitigation_ob_swept_liquidity_fvg;daily_mitigation_ob_swept_liquidity_internal;daily_mitigation_ob_swept_liquidity_previous_candle;daily_mitigation_ob_swept_liquidity_swing;daily_ob_target_caused_displacement;daily_ob_target_caused_imbalance;daily_ob_target_flip_zone;daily_ob_target_has_inducement;daily_ob_target_swept_liquidity;daily_ob_target_swept_liquidity_fractal;daily_ob_target_swept_liquidity_fvg;daily_ob_target_swept_liquidity_internal;daily_ob_target_swept_liquidity_previous_candle;daily_ob_target_swept_liquidity_swing;h1_mitigation_ob_flip_zone;h1_mitigation_ob_swept_liquidity_fractal;h1_mitigation_ob_swept_liquidity_fvg;h1_mitigation_ob_swept_liquidity_internal;h1_mitigation_ob_swept_liquidity_previous_candle;h1_mitigation_ob_swept_liquidity_swing;h1_ob_target_flip_zone;h1_ob_target_swept_liquidity;h1_ob_target_swept_liquidity_fractal;h1_ob_target_swept_liquidity_fvg;h1_ob_target_swept_liquidity_internal;h1_ob_target_swept_liquidity_swing;h4_mitigation_ob_caused_displacement;h4_mitigation_ob_caused_imbalance;h4_mitigation_ob_flip_zone;h4_mitigation_ob_has_inducement;h4_mitigation_ob_swept_liquidity;h4_mitigation_ob_swept_liquidity_fractal;h4_mitigation_ob_swept_liquidity_fvg;h4_mitigation_ob_swept_liquidity_internal;h4_mitigation_ob_swept_liquidity_previous_candle;h4_mitigation_ob_swept_liquidity_swing;h4_mitigation_ob_within_daily_ob;h4_ob_target_caused_displacement;h4_ob_target_caused_imbalance;h4_ob_target_flip_zone;h4_ob_target_has_inducement;h4_ob_target_swept_liquidity;h4_ob_target_swept_liquidity_fractal;h4_ob_target_swept_liquidity_fvg;h4_ob_target_swept_liquidity_internal;h4_ob_target_swept_liquidity_previous_candle;h4_ob_target_swept_liquidity_swing;h4_ob_target_within_daily_ob
2020-07-14,Tuesday,london,2020-07-14 06:00:00+00:00,2020-07-14 18:00:00+00:00,bearish,134.531,134.78900000000002,133.88599999999997,134.61,0.2580000000000098,17.741935483870968,loss,-0.30620155038761526,cut_19h,2.147286821705353,-0.30620155038761526,cut_19h,False,1,12,0 days 12:00:00,0.0,True,,,2.5,2020-07-14 05:00:00+00:00,True,134.769,134.627,1,daily_mitigation_ob_caused_displacement;daily_mitigation_ob_caused_imbalance;daily_mitigation_ob_flip_zone;daily_mitigation_ob_has_inducement;daily_mitigation_ob_swept_liquidity;daily_mitigation_ob_swept_liquidity_fractal;daily_mitigation_ob_swept_liquidity_fvg;daily_mitigation_ob_swept_liquidity_internal;daily_mitigation_ob_swept_liquidity_previous_candle;daily_mitigation_ob_swept_liquidity_swing;daily_ob_target_caused_displacement;daily_ob_target_caused_imbalance;daily_ob_target_flip_zone;daily_ob_target_has_inducement;daily_ob_target_swept_liquidity;daily_ob_target_swept_liquidity_fractal;daily_ob_target_swept_liquidity_fvg;daily_ob_target_swept_liquidity_internal;daily_ob_target_swept_liquidity_previous_candle;daily_ob_target_swept_liquidity_swing;h1_mitigation_ob_flip_zone;h1_mitigation_ob_swept_liquidity;h1_mitigation_ob_swept_liquidity_fractal;h1_mitigation_ob_swept_liquidity_internal;h1_mitigation_ob_swept_liquidity_previous_candle;h1_mitigation_ob_swept_liquidity_swing;h1_ob_target_flip_zone;h1_ob_target_swept_liquidity;h1_ob_target_swept_liquidity_internal;h1_ob_target_swept_liquidity_previous_candle;h1_ob_target_swept_liquidity_swing;h4_mitigation_ob_caused_displacement;h4_mitigation_ob_caused_imbalance;h4_mitigation_ob_flip_zone;h4_mitigation_ob_has_inducement;h4_mitigation_ob_swept_liquidity;h4_mitigation_ob_swept_liquidity_fractal;h4_mitigation_ob_swept_liquidity_fvg;h4_mitigation_ob_swept_liquidity_internal;h4_mitigation_ob_swept_liquidity_previous_candle;h4_mitigation_ob_swept_liquidity_swing;h4_mitigation_ob_within_daily_ob;h4_ob_target_flip_zone;h4_ob_target_swept_liquidity_fractal;h4_ob_target_swept_liquidity_fvg;h4_ob_target_swept_liquidity_internal;h4_ob_target_swept_liquidity_previous_candle;h4_ob_target_swept_liquidity_swing
2020-07-14,Tuesday,ny,2020-07-14 11:00:00+00:00,2020-07-14 13:00:00+00:00,bearish,134.523,134.655,134.19299999999998,134.19299999999998,0.132000000000005,2.5,win,2.5,tp,4.136363636363421,-0.6590909090910168,cut_19h,False,1,2,0 days 02:00:00,0.0,True,,,2.5,2020-07-14 11:00:00+00:00,False,134.635,134.46,1,daily_mitigation_ob_caused_displacement;daily_mitigation_ob_caused_imbalance;daily_mitigation_ob_flip_zone;daily_mitigation_ob_has_inducement;daily_mitigation_ob_swept_liquidity;daily_mitigation_ob_swept_liquidity_fractal;daily_mitigation_ob_swept_liquidity_fvg;daily_mitigation_ob_swept_liquidity_internal;daily_mitigation_ob_swept_liquidity_previous_candle;daily_mitigation_ob_swept_liquidity_swing;daily_ob_target_caused_displacement;daily_ob_target_caused_imbalance;daily_ob_target_flip_zone;daily_ob_target_has_inducement;daily_ob_target_swept_liquidity;daily_ob_target_swept_liquidity_fractal;daily_ob_target_swept_liquidity_fvg;daily_ob_target_swept_liquidity_internal;daily_ob_target_swept_liquidity_previous_candle;daily_ob_target_swept_liquidity_swing;h1_mitigation_ob_flip_zone;h1_mitigation_ob_swept_liquidity_fractal;h1_mitigation_ob_swept_liquidity_fvg;h1_mitigation_ob_swept_liquidity_internal;h1_mitigation_ob_swept_liquidity_previous_candle;h1_mitigation_ob_swept_liquidity_swing;h1_ob_target_caused_displacement;h1_ob_target_caused_imbalance;h1_ob_target_flip_zone;h1_ob_target_has_inducement;h1_ob_target_swept_liquidity;h1_ob_target_swept_liquidity_fractal;h1_ob_target_swept_liquidity_fvg;h1_ob_target_swept_liquidity_internal;h1_ob_target_swept_liquidity_previous_candle;h1_ob_target_swept_liquidity_swing;h1_ob_target_within_h4_ob;h4_mitigation_ob_caused_displacement;h4_mitigation_ob_caused_imbalance;h4_mitigation_ob_flip_zone;h4_mitigation_ob_has_inducement;h4_mitigation_ob_swept_liquidity;h4_mitigation_ob_swept_liquidity_fractal;h4_mitigation_ob_swept_liquidity_fvg;h4_mitigation_ob_swept_liquidity_internal;h4_mitigation_ob_swept_liquidity_previous_candle;h4_mitigation_ob_swept_liquidity_swing;h4_mitigation_ob_within_daily_ob;h4_ob_target_caused_displacement;h4_ob_target_caused_imbalance;h4_ob_target_flip_zone;h4_ob_target_has_inducement;h4_ob_target_swept_liquidity;h4_ob_target_swept_liquidity_fractal;h4_ob_target_swept_liquidity_fvg;h4_ob_target_swept_liquidity_internal;h4_ob_target_swept_liquidity_previous_candle;h4_ob_target_swept_liquidity_swing;h4_ob_target_within_daily_ob
2020-07-17,Friday,london,2020-07-17 07:00:00+00:00,2020-07-17 18:00:00+00:00,bearish,134.388,134.81400000000002,133.32299999999998,134.384,0.42600000000001614,-14.705882352941178,win,0.009389671361546826,friday_close,0.6244131455398616,0.009389671361546826,friday_close,False,0,11,0 days 11:00:00,0.0,True,,,2.5,2020-07-17 07:00:00+00:00,False,134.794,134.65,1,daily_mitigation_ob_caused_displacement;daily_mitigation_ob_caused_imbalance;daily_mitigation_ob_flip_zone;daily_mitigation_ob_has_inducement;daily_mitigation_ob_swept_liquidity;daily_mitigation_ob_swept_liquidity_fractal;daily_mitigation_ob_swept_liquidity_fvg;daily_mitigation_ob_swept_liquidity_internal;daily_mitigation_ob_swept_liquidity_previous_candle;daily_mitigation_ob_swept_liquidity_swing;daily_ob_target_flip_zone;daily_ob_target_swept_liquidity;daily_ob_target_swept_liquidity_fractal;daily_ob_target_swept_liquidity_fvg;daily_ob_target_swept_liquidity_internal;daily_ob_target_swept_liquidity_swing;h1_mitigation_ob_flip_zone;h1_mitigation_ob_swept_liquidity_fractal;h1_mitigation_ob_swept_liquidity_fvg;h1_mitigation_ob_swept_liquidity_internal;h1_mitigation_ob_swept_liquidity_previous_candle;h1_mitigation_ob_swept_liquidity_swing;h1_ob_target_flip_zone;h1_ob_target_swept_liquidity;h1_ob_target_swept_liquidity_fractal;h1_ob_target_swept_liquidity_fvg;h1_ob_target_swept_liquidity_internal;h1_ob_target_swept_liquidity_swing;h4_mitigation_ob_caused_displacement;h4_mitigation_ob_caused_imbalance;h4_mitigation_ob_flip_zone;h4_mitigation_ob_has_inducement;h4_mitigation_ob_swept_liquidity;h4_mitigation_ob_swept_liquidity_fractal;h4_mitigation_ob_swept_liquidity_fvg;h4_mitigation_ob_swept_liquidity_internal;h4_mitigation_ob_swept_liquidity_previous_candle;h4_mitigation_ob_swept_liquidity_swing;h4_mitigation_ob_within_daily_ob;h4_ob_target_flip_zone;h4_ob_target_swept_liquidity_fractal;h4_ob_target_swept_liquidity_fvg;h4_ob_target_swept_liquidity_internal;h4_ob_target_swept_liquidity_previous_candle;h4_ob_target_swept_liquidity_swing
2020-07-17,Friday,ny,2020-07-17 13:00:00+00:00,2020-07-17 18:00:00+00:00,bullish,134.29,134.03799999999998,134.92000000000002,134.384,0.25200000000000955,57.99999999999999,win,0.37301587301583544,friday_close,0.7380952380952381,0.37301587301583544,friday_close,False,0,5,0 days 05:00:00,0.0,True,,,2.5,2020-07-17 13:00:00+00:00,False,134.278,134.058,1,daily_mitigation_ob_caused_displacement;daily_mitigation_ob_caused_imbalance;daily_mitigation_ob_flip_zone;daily_mitigation_ob_has_inducement;daily_mitigation_ob_swept_liquidity;daily_mitigation_ob_swept_liquidity_fractal;daily_mitigation_ob_swept_liquidity_fvg;daily_mitigation_ob_swept_liquidity_internal;daily_mitigation_ob_swept_liquidity_previous_candle;daily_mitigation_ob_swept_liquidity_swing;daily_ob_target_caused_displacement;daily_ob_target_caused_imbalance;daily_ob_target_flip_zone;daily_ob_target_has_inducement;daily_ob_target_swept_liquidity;daily_ob_target_swept_liquidity_fractal;daily_ob_target_swept_liquidity_fvg;daily_ob_target_swept_liquidity_internal;daily_ob_target_swept_liquidity_previous_candle;daily_ob_target_swept_liquidity_swing;h1_mitigation_ob_flip_zone;h1_mitigation_ob_swept_liquidity;h1_mitigation_ob_swept_liquidity_fractal;h1_mitigation_ob_swept_liquidity_fvg;h1_mitigation_ob_swept_liquidity_internal;h1_mitigation_ob_swept_liquidity_swing;h1_ob_target_flip_zone;h1_ob_target_swept_liquidity;h1_ob_target_swept_liquidity_fractal;h1_ob_target_swept_liquidity_fvg;h1_ob_target_swept_liquidity_internal;h1_ob_target_swept_liquidity_swing;h4_mitigation_ob_caused_displacement;h4_mitigation_ob_caused_imbalance;h4_mitigation_ob_flip_zone;h4_mitigation_ob_has_inducement;h4_mitigation_ob_swept_liquidity;h4_mitigation_ob_swept_liquidity_fractal;h4_mitigation_ob_swept_liquidity_fvg;h4_mitigation_ob_swept_liquidity_internal;h4_mitigation_ob_swept_liquidity_previous_candle;h4_mitigation_ob_swept_liquidity_swing;h4_mitigation_ob_within_daily_ob;h4_ob_target_caused_displacement;h4_ob_target_caused_imbalance;h4_ob_target_flip_zone;h4_ob_target_has_inducement;h4_ob_target_swept_liquidity;h4_ob_target_swept_liquidity_fractal;h4_ob_target_swept_liquidity_fvg;h4_ob_target_swept_liquidity_internal;h4_ob_target_swept_liquidity_previous_candle;h4_ob_target_swept_liquidity_swing;h4_ob_target_within_daily_ob
2020-07-23,Thursday,london,2020-07-23 08:00:00+00:00,2020-07-23 12:00:00+00:00,bullish,136.26,135.91799999999998,137.115,135.91799999999998,0.34200000000001296,15.0,loss,-1.0,sl,0.5204678362572822,-1.0,sl,False,0,4,0 days 04:00:00,6.999999999996476,True,,,2.5,2020-07-23 08:00:00+00:00,False,136.273,135.938,2,daily_mitigation_ob_caused_displacement;daily_mitigation_ob_caused_imbalance;daily_mitigation_ob_flip_zone;daily_mitigation_ob_has_inducement;daily_mitigation_ob_swept_liquidity;daily_mitigation_ob_swept_liquidity_fractal;daily_mitigation_ob_swept_liquidity_fvg;daily_mitigation_ob_swept_liquidity_internal;daily_mitigation_ob_swept_liquidity_previous_candle;daily_mitigation_ob_swept_liquidity_swing;daily_ob_target_caused_displacement;daily_ob_target_caused_imbalance;daily_ob_target_flip_zone;daily_ob_target_has_inducement;daily_ob_target_swept_liquidity;daily_ob_target_swept_liquidity_fractal;daily_ob_target_swept_liquidity_fvg;daily_ob_target_swept_liquidity_internal;daily_ob_target_swept_liquidity_previous_candle;daily_ob_target_swept_liquidity_swing;h1_mitigation_ob_flip_zone;h1_mitigation_ob_swept_liquidity;h1_mitigation_ob_swept_liquidity_fvg;h1_mitigation_ob_swept_liquidity_internal;h1_mitigation_ob_swept_liquidity_previous_candle;h1_mitigation_ob_swept_liquidity_swing;h1_ob_target_flip_zone;h1_ob_target_swept_liquidity;h1_ob_target_swept_liquidity_fractal;h1_ob_target_swept_liquidity_internal;h1_ob_target_swept_liquidity_previous_candle;h1_ob_target_swept_liquidity_swing;h4_mitigation_ob_caused_displacement;h4_mitigation_ob_caused_imbalance;h4_mitigation_ob_flip_zone;h4_mitigation_ob_has_inducement;h4_mitigation_ob_swept_liquidity;h4_mitigation_ob_swept_liquidity_fractal;h4_mitigation_ob_swept_liquidity_fvg;h4_mitigation_ob_swept_liquidity_internal;h4_mitigation_ob_swept_liquidity_previous_candle;h4_mitigation_ob_swept_liquidity_swing;h4_mitigation_ob_within_daily_ob;h4_ob_target_flip_zone;h4_ob_target_swept_liquidity_fractal;h4_ob_target_swept_liquidity_fvg;h4_ob_target_swept_liquidity_internal;h4_ob_target_swept_liquidity_previous_candle;h4_ob_target_swept_liquidity_swing
2020-07-24,Friday,london,2020-07-24 06:00:00+00:00,2020-07-24 18:00:00+00:00,bearish,135.532,135.913,134.5795,135.391,0.3810000000000002,2.941176470588235,win,0.3700787401575314,friday_close,1.412073490813676,0.3700787401575314,friday_close,False,0,12,0 days 12:00:00,0.0,True,,,2.5,2020-07-24 05:00:00+00:00,True,135.893,135.488,1,daily_mitigation_ob_caused_displacement;daily_mitigation_ob_caused_imbalance;daily_mitigation_ob_flip_zone;daily_mitigation_ob_has_inducement;daily_mitigation_ob_swept_liquidity;daily_mitigation_ob_swept_liquidity_fractal;daily_mitigation_ob_swept_liquidity_fvg;daily_mitigation_ob_swept_liquidity_internal;daily_mitigation_ob_swept_liquidity_previous_candle;daily_mitigation_ob_swept_liquidity_swing;daily_ob_target_flip_zone;daily_ob_target_swept_liquidity_fractal;daily_ob_target_swept_liquidity_fvg;daily_ob_target_swept_liquidity_internal;daily_ob_target_swept_liquidity_previous_candle;daily_ob_target_swept_liquidity_swing;h1_mitigation_ob_flip_zone;h1_mitigation_ob_swept_liquidity_fractal;h1_mitigation_ob_swept_liquidity_fvg;h1_mitigation_ob_swept_liquidity_internal;h1_mitigation_ob_swept_liquidity_previous_candle;h1_mitigation_ob_swept_liquidity_swing;h1_ob_target_flip_zone;h1_ob_target_swept_liquidity;h1_ob_target_swept_liquidity_fractal;h1_ob_target_swept_liquidity_internal;h1_ob_target_swept_liquidity_previous_candle;h1_ob_target_swept_liquidity_swing;h4_mitigation_ob_caused_displacement;h4_mitigation_ob_caused_imbalance;h4_mitigation_ob_flip_zone;h4_mitigation_ob_has_inducement;h4_mitigation_ob_swept_liquidity;h4_mitigation_ob_swept_liquidity_fractal;h4_mitigation_ob_swept_liquidity_fvg;h4_mitigation_ob_swept_liquidity_internal;h4_mitigation_ob_swept_liquidity_previous_candle;h4_mitigation_ob_swept_liquidity_swing;h4_mitigation_ob_within_daily_ob;h4_ob_target_flip_zone;h4_ob_target_swept_liquidity_fractal;h4_ob_target_swept_liquidity_fvg;h4_ob_target_swept_liquidity_internal;h4_ob_target_swept_liquidity_previous_candle;h4_ob_target_swept_liquidity_swing
2020-07-27,Monday,london,2020-07-27 08:00:00+00:00,2020-07-27 11:00:00+00:00,bearish,135.477,135.603,135.16199999999998,135.603,0.12600000000000477,7.352941176470589,loss,-1.0,sl,2.1190476190475063,-1.0,sl,False,0,3,0 days 03:00:00,3.499999999999659,True,,,2.5,2020-07-27 08:00:00+00:00,False,135.583,135.447,1,daily_mitigation_ob_caused_displacement;daily_mitigation_ob_caused_imbalance;daily_mitigation_ob_flip_zone;daily_mitigation_ob_has_inducement;daily_mitigation_ob_swept_liquidity;daily_mitigation_ob_swept_liquidity_fractal;daily_mitigation_ob_swept_liquidity_fvg;daily_mitigation_ob_swept_liquidity_internal;daily_mitigation_ob_swept_liquidity_previous_candle;daily_mitigation_ob_swept_liquidity_swing;daily_ob_target_flip_zone;daily_ob_target_swept_liquidity_fractal;daily_ob_target_swept_liquidity_fvg;daily_ob_target_swept_liquidity_internal;daily_ob_target_swept_liquidity_previous_candle;daily_ob_target_swept_liquidity_swing;h1_mitigation_ob_flip_zone;h1_mitigation_ob_swept_liquidity_fractal;h1_mitigation_ob_swept_liquidity_fvg;h1_mitigation_ob_swept_liquidity_internal;h1_mitigation_ob_swept_liquidity_previous_candle;h1_mitigation_ob_swept_liquidity_swing;h1_ob_target_flip_zone;h1_ob_target_swept_liquidity;h1_ob_target_swept_liquidity_fractal;h1_ob_target_swept_liquidity_internal;h1_ob_target_swept_liquidity_previous_candle;h1_ob_target_swept_liquidity_swing;h4_mitigation_ob_caused_displacement;h4_mitigation_ob_caused_imbalance;h4_mitigation_ob_flip_zone;h4_mitigation_ob_has_inducement;h4_mitigation_ob_swept_liquidity;h4_mitigation_ob_swept_liquidity_fractal;h4_mitigation_ob_swept_liquidity_fvg;h4_mitigation_ob_swept_liquidity_internal;h4_mitigation_ob_swept_liquidity_previous_candle;h4_mitigation_ob_swept_liquidity_swing;h4_mitigation_ob_within_daily_ob;h4_ob_target_flip_zone;h4_ob_target_swept_liquidity_fractal;h4_ob_target_swept_liquidity_fvg;h4_ob_target_swept_liquidity_internal;h4_ob_target_swept_liquidity_previous_candle;h4_ob_target_swept_liquidity_swing
2020-07-30,Thursday,london,2020-07-30 06:00:00+00:00,2020-07-30 10:00:00+00:00,bearish,136.288,136.64000000000001,135.40800000000002,136.64000000000001,0.35200000000000387,25.0,loss,-1.0,sl,0.6164772727273028,-1.0,sl,False,0,4,0 days 04:00:00,17.899999999997362,True,,,2.5,2020-07-30 06:00:00+00:00,False,136.62,136.493,1,daily_mitigation_ob_caused_displacement;daily_mitigation_ob_caused_imbalance;daily_mitigation_ob_flip_zone;daily_mitigation_ob_has_inducement;daily_mitigation_ob_swept_liquidity;daily_mitigation_ob_swept_liquidity_fractal;daily_mitigation_ob_swept_liquidity_fvg;daily_mitigation_ob_swept_liquidity_internal;daily_mitigation_ob_swept_liquidity_previous_candle;daily_mitigation_ob_swept_liquidity_swing;daily_ob_target_flip_zone;daily_ob_target_swept_liquidity_fractal;daily_ob_target_swept_liquidity_fvg;daily_ob_target_swept_liquidity_internal;daily_ob_target_swept_liquidity_previous_candle;daily_ob_target_swept_liquidity_swing;h1_mitigation_ob_flip_zone;h1_mitigation_ob_swept_liquidity;h1_mitigation_ob_swept_liquidity_fractal;h1_mitigation_ob_swept_liquidity_fvg;h1_mitigation_ob_swept_liquidity_internal;h1_mitigation_ob_swept_liquidity_swing;h1_ob_target_flip_zone;h1_ob_target_swept_liquidity;h1_ob_target_swept_liquidity_fvg;h1_ob_target_swept_liquidity_internal;h1_ob_target_swept_liquidity_previous_candle;h1_ob_target_swept_liquidity_swing;h4_mitigation_ob_caused_displacement;h4_mitigation_ob_caused_imbalance;h4_mitigation_ob_flip_zone;h4_mitigation_ob_has_inducement;h4_mitigation_ob_swept_liquidity;h4_mitigation_ob_swept_liquidity_fractal;h4_mitigation_ob_swept_liquidity_fvg;h4_mitigation_ob_swept_liquidity_internal;h4_mitigation_ob_swept_liquidity_previous_candle;h4_mitigation_ob_swept_liquidity_swing;h4_mitigation_ob_within_daily_ob;h4_ob_target_flip_zone;h4_ob_target_swept_liquidity;h4_ob_target_swept_liquidity_fractal;h4_ob_target_swept_liquidity_fvg;h4_ob_target_swept_liquidity_internal;h4_ob_target_swept_liquidity_swing
2020-07-30,Thursday,ny,2020-07-30 11:00:00+00:00,2020-07-30 12:00:00+00:00,bearish,136.926,136.971,136.81349999999995,136.971,0.045000000000015916,4.0,loss,-1.0,sl,0.0,-1.0,sl,False,0,1,0 days 01:00:00,3.0000000000001137,True,,,2.5,2020-07-30 11:00:00+00:00,False,136.951,136.722,1,daily_mitigation_ob_caused_displacement;daily_mitigation_ob_caused_imbalance;daily_mitigation_ob_flip_zone;daily_mitigation_ob_has_inducement;daily_mitigation_ob_swept_liquidity;daily_mitigation_ob_swept_liquidity_fractal;daily_mitigation_ob_swept_liquidity_fvg;daily_mitigation_ob_swept_liquidity_internal;daily_mitigation_ob_swept_liquidity_previous_candle;daily_mitigation_ob_swept_liquidity_swing;daily_ob_target_caused_displacement;daily_ob_target_caused_imbalance;daily_ob_target_flip_zone;daily_ob_target_has_inducement;daily_ob_target_swept_liquidity;daily_ob_target_swept_liquidity_fractal;daily_ob_target_swept_liquidity_fvg;daily_ob_target_swept_liquidity_internal;daily_ob_target_swept_liquidity_previous_candle;daily_ob_target_swept_liquidity_swing;h1_mitigation_ob_flip_zone;h1_mitigation_ob_swept_liquidity;h1_mitigation_ob_swept_liquidity_fractal;h1_mitigation_ob_swept_liquidity_internal;h1_mitigation_ob_swept_liquidity_previous_candle;h1_mitigation_ob_swept_liquidity_swing;h1_ob_target_caused_displacement;h1_ob_target_caused_imbalance;h1_ob_target_flip_zone;h1_ob_target_has_inducement;h1_ob_target_swept_liquidity;h1_ob_target_swept_liquidity_fractal;h1_ob_target_swept_liquidity_fvg;h1_ob_target_swept_liquidity_internal;h1_ob_target_swept_liquidity_previous_candle;h1_ob_target_swept_liquidity_swing;h1_ob_target_within_h4_ob;h4_mitigation_ob_flip_zone;h4_mitigation_ob_swept_liquidity;h4_mitigation_ob_swept_liquidity_fractal;h4_mitigation_ob_swept_liquidity_fvg;h4_mitigation_ob_swept_liquidity_internal;h4_mitigation_ob_swept_liquidity_swing;h4_ob_target_caused_displacement;h4_ob_target_caused_imbalance;h4_ob_target_flip_zone;h4_ob_target_has_inducement;h4_ob_target_swept_liquidity;h4_ob_target_swept_liquidity_fractal;h4_ob_target_swept_liquidity_fvg;h4_ob_target_swept_liquidity_internal;h4_ob_target_swept_liquidity_previous_candle;h4_ob_target_swept_liquidity_swing;h4_ob_target_within_daily_ob
2020-07-31,Friday,london,2020-07-31 07:00:00+00:00,2020-07-31 08:00:00+00:00,bearish,137.209,137.357,136.839,137.357,0.14799999999999613,-3.4482758620689653,loss,-1.0,sl,0.5540540540540255,-1.0,sl,False,0,1,0 days 01:00:00,8.29999999999984,True,,,2.5,2020-07-31 07:00:00+00:00,False,137.337,137.132,1,daily_mitigation_ob_caused_displacement;daily_mitigation_ob_caused_imbalance;daily_mitigation_ob_flip_zone;daily_mitigation_ob_has_inducement;daily_mitigation_ob_swept_liquidity;daily_mitigation_ob_swept_liquidity_fractal;daily_mitigation_ob_swept_liquidity_fvg;daily_mitigation_ob_swept_liquidity_internal;daily_mitigation_ob_swept_liquidity_previous_candle;daily_mitigation_ob_swept_liquidity_swing;daily_ob_target_flip_zone;daily_ob_target_swept_liquidity_fractal;daily_ob_target_swept_liquidity_fvg;daily_ob_target_swept_liquidity_internal;daily_ob_target_swept_liquidity_previous_candle;daily_ob_target_swept_liquidity_swing;h1_mitigation_ob_flip_zone;h1_mitigation_ob_swept_liquidity_fractal;h1_mitigation_ob_swept_liquidity_fvg;h1_mitigation_ob_swept_liquidity_internal;h1_mitigation_ob_swept_liquidity_previous_candle;h1_mitigation_ob_swept_liquidity_swing;h1_ob_target_caused_displacement;h1_ob_target_caused_imbalance;h1_ob_target_flip_zone;h1_ob_target_has_inducement;h1_ob_target_swept_liquidity;h1_ob_target_swept_liquidity_fractal;h1_ob_target_swept_liquidity_fvg;h1_ob_target_swept_liquidity_internal;h1_ob_target_swept_liquidity_previous_candle;h1_ob_target_swept_liquidity_swing;h1_ob_target_within_h4_ob;h4_mitigation_ob_caused_displacement;h4_mitigation_ob_caused_imbalance;h4_mitigation_ob_flip_zone;h4_mitigation_ob_has_inducement;h4_mitigation_ob_swept_liquidity;h4_mitigation_ob_swept_liquidity_fractal;h4_mitigation_ob_swept_liquidity_fvg;h4_mitigation_ob_swept_liquidity_internal;h4_mitigation_ob_swept_liquidity_previous_candle;h4_mitigation_ob_swept_liquidity_swing;h4_mitigation_ob_within_daily_ob;h4_ob_target_flip_zone;h4_ob_target_swept_liquidity_fractal;h4_ob_target_swept_liquidity_fvg;h4_ob_target_swept_liquidity_internal;h4_ob_target_swept_liquidity_previous_candle;h4_ob_target_swept_liquidity_swing
2020-07-31,Friday,ny,2020-07-31 11:00:00+00:00,2020-07-31 18:00:00+00:00,bullish,137.856,137.112,139.716,138.706,0.7439999999999998,22.0,win,1.1424731182795627,friday_close,1.8024193548387213,1.1424731182795627,friday_close,False,0,7,0 days 07:00:00,0.0,True,,,2.5,2020-07-31 10:00:00+00:00,True,137.337,137.132,1,daily_mitigation_ob_caused_displacement;daily_mitigation_ob_caused_imbalance;daily_mitigation_ob_flip_zone;daily_mitigation_ob_has_inducement;daily_mitigation_ob_swept_liquidity;daily_mitigation_ob_swept_liquidity_fractal;daily_mitigation_ob_swept_liquidity_fvg;daily_mitigation_ob_swept_liquidity_internal;daily_mitigation_ob_swept_liquidity_previous_candle;daily_mitigation_ob_swept_liquidity_swing;daily_ob_target_caused_displacement;daily_ob_target_caused_imbalance;daily_ob_target_flip_zone;daily_ob_target_has_inducement;daily_ob_target_swept_liquidity;daily_ob_target_swept_liquidity_fractal;daily_ob_target_swept_liquidity_fvg;daily_ob_target_swept_liquidity_internal;daily_ob_target_swept_liquidity_previous_candle;daily_ob_target_swept_liquidity_swing;h1_mitigation_ob_flip_zone;h1_mitigation_ob_swept_liquidity_fractal;h1_mitigation_ob_swept_liquidity_fvg;h1_mitigation_ob_swept_liquidity_internal;h1_mitigation_ob_swept_liquidity_previous_candle;h1_mitigation_ob_swept_liquidity_swing;h1_ob_target_flip_zone;h1_ob_target_swept_liquidity_fractal;h1_ob_target_swept_liquidity_fvg;h1_ob_target_swept_liquidity_internal;h1_ob_target_swept_liquidity_previous_candle;h1_ob_target_swept_liquidity_swing;h4_mitigation_ob_caused_displacement;h4_mitigation_ob_caused_imbalance;h4_mitigation_ob_flip_zone;h4_mitigation_ob_has_inducement;h4_mitigation_ob_swept_liquidity;h4_mitigation_ob_swept_liquidity_fractal;h4_mitigation_ob_swept_liquidity_fvg;h4_mitigation_ob_swept_liquidity_internal;h4_mitigation_ob_swept_liquidity_previous_candle;h4_mitigation_ob_swept_liquidity_swing;h4_mitigation_ob_within_daily_ob;h4_ob_target_caused_displacement;h4_ob_target_caused_imbalance;h4_ob_target_flip_zone;h4_ob_target_has_inducement;h4_ob_target_swept_liquidity;h4_ob_target_swept_liquidity_fractal;h4_ob_target_swept_liquidity_fvg;h4_ob_target_swept_liquidity_internal;h4_ob_target_swept_liquidity_previous_candle;h4_ob_target_swept_liquidity_swing;h4_ob_target_within_daily_ob
2020-08-05,Wednesday,london,2020-08-05 08:00:00+00:00,2020-08-05 09:00:00+00:00,bearish,138.456,138.774,137.66099999999994,138.774,0.31800000000001205,-1.4705882352941175,loss,-1.0,sl,0.44654088050311486,-1.0,sl,False,0,1,0 days 01:00:00,5.60000000000116,True,,,2.5,2020-08-05 08:00:00+00:00,False,138.754,138.566,1,daily_mitigation_ob_caused_displacement;daily_mitigation_ob_caused_imbalance;daily_mitigation_ob_flip_zone;daily_mitigation_ob_has_inducement;daily_mitigation_ob_swept_liquidity;daily_mitigation_ob_swept_liquidity_fractal;daily_mitigation_ob_swept_liquidity_fvg;daily_mitigation_ob_swept_liquidity_internal;daily_mitigation_ob_swept_liquidity_previous_candle;daily_mitigation_ob_swept_liquidity_swing;daily_ob_target_flip_zone;daily_ob_target_swept_liquidity_fractal;daily_ob_target_swept_liquidity_fvg;daily_ob_target_swept_liquidity_internal;daily_ob_target_swept_liquidity_previous_candle;daily_ob_target_swept_liquidity_swing;h1_mitigation_ob_flip_zone;h1_mitigation_ob_swept_liquidity;h1_mitigation_ob_swept_liquidity_fractal;h1_mitigation_ob_swept_liquidity_fvg;h1_mitigation_ob_swept_liquidity_internal;h1_mitigation_ob_swept_liquidity_swing;h1_ob_target_flip_zone;h1_ob_target_swept_liquidity_fractal;h1_ob_target_swept_liquidity_fvg;h1_ob_target_swept_liquidity_internal;h1_ob_target_swept_liquidity_previous_candle;h1_ob_target_swept_liquidity_swing;h4_mitigation_ob_caused_displacement;h4_mitigation_ob_caused_imbalance;h4_mitigation_ob_flip_zone;h4_mitigation_ob_has_inducement;h4_mitigation_ob_swept_liquidity;h4_mitigation_ob_swept_liquidity_fractal;h4_mitigation_ob_swept_liquidity_fvg;h4_mitigation_ob_swept_liquidity_internal;h4_mitigation_ob_swept_liquidity_previous_candle;h4_mitigation_ob_swept_liquidity_swing;h4_mitigation_ob_within_daily_ob;h4_ob_target_flip_zone;h4_ob_target_swept_liquidity_fractal;h4_ob_target_swept_liquidity_fvg;h4_ob_target_swept_liquidity_internal;h4_ob_target_swept_liquidity_previous_candle;h4_ob_target_swept_liquidity_swing
2020-08-07,Friday,london,2020-08-07 06:00:00+00:00,2020-08-07 18:00:00+00:00,bearish,138.428,138.726,137.683,138.261,0.2980000000000018,10.0,win,0.5604026845637603,friday_close,1.9664429530200696,0.5604026845637603,friday_close,False,0,12,0 days 12:00:00,0.0,True,,,2.5,2020-08-07 06:00:00+00:00,False,138.706,138.564,1,daily_mitigation_ob_caused_displacement;daily_mitigation_ob_caused_imbalance;daily_mitigation_ob_flip_zone;daily_mitigation_ob_has_inducement;daily_mitigation_ob_swept_liquidity;daily_mitigation_ob_swept_liquidity_fractal;daily_mitigation_ob_swept_liquidity_fvg;daily_mitigation_ob_swept_liquidity_internal;daily_mitigation_ob_swept_liquidity_previous_candle;daily_mitigation_ob_swept_liquidity_swing;daily_ob_target_caused_displacement;daily_ob_target_caused_imbalance;daily_ob_target_flip_zone;daily_ob_target_has_inducement;daily_ob_target_swept_liquidity;daily_ob_target_swept_liquidity_fractal;daily_ob_target_swept_liquidity_fvg;daily_ob_target_swept_liquidity_internal;daily_ob_target_swept_liquidity_previous_candle;daily_ob_target_swept_liquidity_swing;h1_mitigation_ob_flip_zone;h1_mitigation_ob_swept_liquidity_fractal;h1_mitigation_ob_swept_liquidity_fvg;h1_mitigation_ob_swept_liquidity_internal;h1_mitigation_ob_swept_liquidity_previous_candle;h1_mitigation_ob_swept_liquidity_swing;h1_ob_target_flip_zone;h1_ob_target_swept_liquidity_fractal;h1_ob_target_swept_liquidity_fvg;h1_ob_target_swept_liquidity_internal;h1_ob_target_swept_liquidity_previous_candle;h1_ob_target_swept_liquidity_swing;h4_mitigation_ob_caused_displacement;h4_mitigation_ob_caused_imbalance;h4_mitigation_ob_flip_zone;h4_mitigation_ob_has_inducement;h4_mitigation_ob_swept_liquidity;h4_mitigation_ob_swept_liquidity_fractal;h4_mitigation_ob_swept_liquidity_fvg;h4_mitigation_ob_swept_liquidity_internal;h4_mitigation_ob_swept_liquidity_previous_candle;h4_mitigation_ob_swept_liquidity_swing;h4_mitigation_ob_within_daily_ob;h4_ob_target_flip_zone;h4_ob_target_swept_liquidity_fractal;h4_ob_target_swept_liquidity_fvg;h4_ob_target_swept_liquidity_internal;h4_ob_target_swept_liquidity_previous_candle;h4_ob_target_swept_liquidity_swing
2020-08-07,Friday,london,2020-08-07 08:00:00+00:00,2020-08-07 13:00:00+00:00,bullish,138.377,138.08499999999998,139.10700000000008,138.08499999999998,0.29200000000003,10.0,loss,-1.0,sl,0.1678082191779902,-1.0,sl,False,0,5,0 days 05:00:00,24.299999999996658,True,,,2.5,2020-08-07 08:00:00+00:00,False,138.279,138.105,1,daily_mitigation_ob_caused_displacement;daily_mitigation_ob_caused_imbalance;daily_mitigation_ob_flip_zone;daily_mitigation_ob_has_inducement;daily_mitigation_ob_swept_liquidity;daily_mitigation_ob_swept_liquidity_fractal;daily_mitigation_ob_swept_liquidity_fvg;daily_mitigation_ob_swept_liquidity_internal;daily_mitigation_ob_swept_liquidity_previous_candle;daily_mitigation_ob_swept_liquidity_swing;daily_ob_target_caused_displacement;daily_ob_target_caused_imbalance;daily_ob_target_flip_zone;daily_ob_target_has_inducement;daily_ob_target_swept_liquidity;daily_ob_target_swept_liquidity_fractal;daily_ob_target_swept_liquidity_fvg;daily_ob_target_swept_liquidity_internal;daily_ob_target_swept_liquidity_previous_candle;daily_ob_target_swept_liquidity_swing;h1_mitigation_ob_flip_zone;h1_mitigation_ob_swept_liquidity_fractal;h1_mitigation_ob_swept_liquidity_fvg;h1_mitigation_ob_swept_liquidity_internal;h1_mitigation_ob_swept_liquidity_previous_candle;h1_mitigation_ob_swept_liquidity_swing;h1_ob_target_caused_displacement;h1_ob_target_caused_imbalance;h1_ob_target_flip_zone;h1_ob_target_has_inducement;h1_ob_target_swept_liquidity;h1_ob_target_swept_liquidity_fractal;h1_ob_target_swept_liquidity_fvg;h1_ob_target_swept_liquidity_internal;h1_ob_target_swept_liquidity_previous_candle;h1_ob_target_swept_liquidity_swing;h1_ob_target_within_h4_ob;h4_mitigation_ob_caused_displacement;h4_mitigation_ob_caused_imbalance;h4_mitigation_ob_flip_zone;h4_mitigation_ob_has_inducement;h4_mitigation_ob_swept_liquidity;h4_mitigation_ob_swept_liquidity_fractal;h4_mitigation_ob_swept_liquidity_fvg;h4_mitigation_ob_swept_liquidity_internal;h4_mitigation_ob_swept_liquidity_previous_candle;h4_mitigation_ob_swept_liquidity_swing;h4_mitigation_ob_within_daily_ob;h4_ob_target_flip_zone;h4_ob_target_swept_liquidity;h4_ob_target_swept_liquidity_fractal;h4_ob_target_swept_liquidity_fvg;h4_ob_target_swept_liquidity_internal;h4_ob_target_swept_liquidity_swing
2020-08-07,Friday,ny,2020-08-07 13:00:00+00:00,2020-08-07 18:00:00+00:00,bearish,137.984,138.555,136.55650000000003,138.261,0.570999999999998,5.714285714285714,loss,-0.48511383537651104,friday_close,0.18388791593698522,-0.48511383537651104,friday_close,False,0,5,0 days 05:00:00,0.0,True,,,2.5,2020-08-07 13:00:00+00:00,False,138.535,138.349,1,daily_mitigation_ob_caused_displacement;daily_mitigation_ob_caused_imbalance;daily_mitigation_ob_flip_zone;daily_mitigation_ob_has_inducement;daily_mitigation_ob_swept_liquidity;daily_mitigation_ob_swept_liquidity_fractal;daily_mitigation_ob_swept_liquidity_fvg;daily_mitigation_ob_swept_liquidity_internal;daily_mitigation_ob_swept_liquidity_previous_candle;daily_mitigation_ob_swept_liquidity_swing;daily_ob_target_flip_zone;daily_ob_target_swept_liquidity_fractal;daily_ob_target_swept_liquidity_fvg;daily_ob_target_swept_liquidity_internal;daily_ob_target_swept_liquidity_previous_candle;daily_ob_target_swept_liquidity_swing;h1_mitigation_ob_flip_zone;h1_mitigation_ob_swept_liquidity;h1_mitigation_ob_swept_liquidity_fractal;h1_mitigation_ob_swept_liquidity_internal;h1_mitigation_ob_swept_liquidity_swing;h1_ob_target_flip_zone;h1_ob_target_swept_liquidity_fractal;h1_ob_target_swept_liquidity_fvg;h1_ob_target_swept_liquidity_internal;h1_ob_target_swept_liquidity_previous_candle;h1_ob_target_swept_liquidity_swing;h4_mitigation_ob_caused_displacement;h4_mitigation_ob_caused_imbalance;h4_mitigation_ob_flip_zone;h4_mitigation_ob_has_inducement;h4_mitigation_ob_swept_liquidity;h4_mitigation_ob_swept_liquidity_fractal;h4_mitigation_ob_swept_liquidity_fvg;h4_mitigation_ob_swept_liquidity_internal;h4_mitigation_ob_swept_liquidity_previous_candle;h4_mitigation_ob_swept_liquidity_swing;h4_mitigation_ob_within_daily_ob;h4_ob_target_flip_zone;h4_ob_target_swept_liquidity_fractal;h4_ob_target_swept_liquidity_fvg;h4_ob_target_swept_liquidity_internal;h4_ob_target_swept_liquidity_previous_candle;h4_ob_target_swept_liquidity_swing
2020-08-11,Tuesday,ny,2020-08-11 12:00:00+00:00,2020-08-11 19:00:00+00:00,bullish,139.014,138.61599999999999,140.00900000000007,139.014,0.39800000000002456,16.0,breakeven,0.0,be_stop,1.2060301507536688,0.0,be_stop,True,1,7,0 days 07:00:00,9.100000000000819,True,,,2.5,2020-08-11 12:00:00+00:00,False,138.865,138.636,1,daily_mitigation_ob_caused_displacement;daily_mitigation_ob_caused_imbalance;daily_mitigation_ob_flip_zone;daily_mitigation_ob_has_inducement;daily_mitigation_ob_swept_liquidity;daily_mitigation_ob_swept_liquidity_fractal;daily_mitigation_ob_swept_liquidity_fvg;daily_mitigation_ob_swept_liquidity_internal;daily_mitigation_ob_swept_liquidity_previous_candle;daily_mitigation_ob_swept_liquidity_swing;daily_ob_target_caused_displacement;daily_ob_target_caused_imbalance;daily_ob_target_flip_zone;daily_ob_target_has_inducement;daily_ob_target_swept_liquidity;daily_ob_target_swept_liquidity_fractal;daily_ob_target_swept_liquidity_fvg;daily_ob_target_swept_liquidity_internal;daily_ob_target_swept_liquidity_previous_candle;daily_ob_target_swept_liquidity_swing;h1_mitigation_ob_flip_zone;h1_mitigation_ob_swept_liquidity;h1_mitigation_ob_swept_liquidity_fractal;h1_mitigation_ob_swept_liquidity_internal;h1_mitigation_ob_swept_liquidity_previous_candle;h1_mitigation_ob_swept_liquidity_swing;h1_ob_target_flip_zone;h1_ob_target_swept_liquidity;h1_ob_target_swept_liquidity_fractal;h1_ob_target_swept_liquidity_fvg;h1_ob_target_swept_liquidity_internal;h1_ob_target_swept_liquidity_swing;h4_mitigation_ob_caused_displacement;h4_mitigation_ob_caused_imbalance;h4_mitigation_ob_flip_zone;h4_mitigation_ob_has_inducement;h4_mitigation_ob_swept_liquidity;h4_mitigation_ob_swept_liquidity_fractal;h4_mitigation_ob_swept_liquidity_fvg;h4_mitigation_ob_swept_liquidity_internal;h4_mitigation_ob_swept_liquidity_previous_candle;h4_mitigation_ob_swept_liquidity_swing;h4_mitigation_ob_within_daily_ob;h4_ob_target_caused_displacement;h4_ob_target_caused_imbalance;h4_ob_target_flip_zone;h4_ob_target_has_inducement;h4_ob_target_swept_liquidity;h4_ob_target_swept_liquidity_fractal;h4_ob_target_swept_liquidity_fvg;h4_ob_target_swept_liquidity_internal;h4_ob_target_swept_liquidity_previous_candle;h4_ob_target_swept_liquidity_swing;h4_ob_target_within_daily_ob
2020-08-13,Thursday,ny,2020-08-13 11:00:00+00:00,2020-08-14 18:00:00+00:00,bearish,140.061,140.41400000000002,139.17849999999999,139.547,0.35300000000000864,-5.88235294117647,win,1.4560906515580663,friday_close,2.048158640226616,1.4560906515580663,friday_close,True,1,31,1 days 07:00:00,0.0,True,,,2.5,2020-08-13 11:00:00+00:00,False,140.394,139.963,1,daily_mitigation_ob_caused_displacement;daily_mitigation_ob_caused_imbalance;daily_mitigation_ob_flip_zone;daily_mitigation_ob_has_inducement;daily_mitigation_ob_swept_liquidity;daily_mitigation_ob_swept_liquidity_fractal;daily_mitigation_ob_swept_liquidity_fvg;daily_mitigation_ob_swept_liquidity_internal;daily_mitigation_ob_swept_liquidity_previous_candle;daily_mitigation_ob_swept_liquidity_swing;daily_ob_target_flip_zone;daily_ob_target_swept_liquidity_fractal;daily_ob_target_swept_liquidity_fvg;daily_ob_target_swept_liquidity_internal;daily_ob_target_swept_liquidity_previous_candle;daily_ob_target_swept_liquidity_swing;h1_mitigation_ob_flip_zone;h1_mitigation_ob_swept_liquidity;h1_mitigation_ob_swept_liquidity_fractal;h1_mitigation_ob_swept_liquidity_fvg;h1_mitigation_ob_swept_liquidity_internal;h1_mitigation_ob_swept_liquidity_swing;h1_ob_target_flip_zone;h1_ob_target_swept_liquidity_fractal;h1_ob_target_swept_liquidity_fvg;h1_ob_target_swept_liquidity_internal;h1_ob_target_swept_liquidity_previous_candle;h1_ob_target_swept_liquidity_swing;h4_mitigation_ob_caused_displacement;h4_mitigation_ob_caused_imbalance;h4_mitigation_ob_flip_zone;h4_mitigation_ob_has_inducement;h4_mitigation_ob_swept_liquidity;h4_mitigation_ob_swept_liquidity_fractal;h4_mitigation_ob_swept_liquidity_fvg;h4_mitigation_ob_swept_liquidity_internal;h4_mitigation_ob_swept_liquidity_previous_candle;h4_mitigation_ob_swept_liquidity_swing;h4_mitigation_ob_within_daily_ob;h4_ob_target_flip_zone;h4_ob_target_swept_liquidity_fractal;h4_ob_target_swept_liquidity_fvg;h4_ob_target_swept_liquidity_internal;h4_ob_target_swept_liquidity_previous_candle;h4_ob_target_swept_liquidity_swing
2020-08-17,Monday,ny,2020-08-17 11:00:00+00:00,2020-08-18 08:00:00+00:00,bearish,139.065,139.666,137.5625,139.065,0.6009999999999991,33.82352941176471,breakeven,0.0,be_stop,0.7853577371048405,0.0,be_stop,True,1,21,0 days 21:00:00,1.4000000000010004,True,,,2.5,2020-08-17 10:00:00+00:00,True,139.646,139.51,1,daily_mitigation_ob_caused_displacement;daily_mitigation_ob_caused_imbalance;daily_mitigation_ob_flip_zone;daily_mitigation_ob_has_inducement;daily_mitigation_ob_swept_liquidity;daily_mitigation_ob_swept_liquidity_fractal;daily_mitigation_ob_swept_liquidity_fvg;daily_mitigation_ob_swept_liquidity_internal;daily_mitigation_ob_swept_liquidity_previous_candle;daily_mitigation_ob_swept_liquidity_swing;daily_ob_target_flip_zone;daily_ob_target_swept_liquidity_fractal;daily_ob_target_swept_liquidity_fvg;daily_ob_target_swept_liquidity_internal;daily_ob_target_swept_liquidity_previous_candle;daily_ob_target_swept_liquidity_swing;h1_mitigation_ob_flip_zone;h1_mitigation_ob_swept_liquidity_fractal;h1_mitigation_ob_swept_liquidity_fvg;h1_mitigation_ob_swept_liquidity_internal;h1_mitigation_ob_swept_liquidity_previous_candle;h1_mitigation_ob_swept_liquidity_swing;h1_ob_target_flip_zone;h1_ob_target_swept_liquidity;h1_ob_target_swept_liquidity_fvg;h1_ob_target_swept_liquidity_internal;h1_ob_target_swept_liquidity_previous_candle;h1_ob_target_swept_liquidity_swing;h4_mitigation_ob_caused_displacement;h4_mitigation_ob_caused_imbalance;h4_mitigation_ob_flip_zone;h4_mitigation_ob_has_inducement;h4_mitigation_ob_swept_liquidity;h4_mitigation_ob_swept_liquidity_fractal;h4_mitigation_ob_swept_liquidity_fvg;h4_mitigation_ob_swept_liquidity_internal;h4_mitigation_ob_swept_liquidity_previous_candle;h4_mitigation_ob_swept_liquidity_swing;h4_mitigation_ob_within_daily_ob;h4_ob_target_flip_zone;h4_ob_target_swept_liquidity_fractal;h4_ob_target_swept_liquidity_fvg;h4_ob_target_swept_liquidity_internal;h4_ob_target_swept_liquidity_previous_candle;h4_ob_target_swept_liquidity_swing
2020-08-18,Tuesday,london,2020-08-18 07:00:00+00:00,2020-08-18 08:00:00+00:00,bearish,138.832,138.99200000000002,138.43199999999993,138.99200000000002,0.160000000000025,27.142857142857142,loss,-1.0,sl,0.0,-1.0,sl,False,0,1,0 days 01:00:00,8.699999999998909,True,,,2.5,2020-08-18 07:00:00+00:00,False,138.972,138.894,1,daily_mitigation_ob_caused_displacement;daily_mitigation_ob_caused_imbalance;daily_mitigation_ob_flip_zone;daily_mitigation_ob_has_inducement;daily_mitigation_ob_swept_liquidity;daily_mitigation_ob_swept_liquidity_fractal;daily_mitigation_ob_swept_liquidity_fvg;daily_mitigation_ob_swept_liquidity_internal;daily_mitigation_ob_swept_liquidity_previous_candle;daily_mitigation_ob_swept_liquidity_swing;daily_ob_target_flip_zone;daily_ob_target_swept_liquidity_fractal;daily_ob_target_swept_liquidity_fvg;daily_ob_target_swept_liquidity_internal;daily_ob_target_swept_liquidity_previous_candle;daily_ob_target_swept_liquidity_swing;h1_mitigation_ob_flip_zone;h1_mitigation_ob_swept_liquidity;h1_mitigation_ob_swept_liquidity_fractal;h1_mitigation_ob_swept_liquidity_internal;h1_mitigation_ob_swept_liquidity_swing;h1_ob_target_flip_zone;h1_ob_target_swept_liquidity;h1_ob_target_swept_liquidity_fvg;h1_ob_target_swept_liquidity_internal;h1_ob_target_swept_liquidity_previous_candle;h1_ob_target_swept_liquidity_swing;h4_mitigation_ob_caused_displacement;h4_mitigation_ob_caused_imbalance;h4_mitigation_ob_flip_zone;h4_mitigation_ob_has_inducement;h4_mitigation_ob_swept_liquidity;h4_mitigation_ob_swept_liquidity_fractal;h4_mitigation_ob_swept_liquidity_fvg;h4_mitigation_ob_swept_liquidity_internal;h4_mitigation_ob_swept_liquidity_previous_candle;h4_mitigation_ob_swept_liquidity_swing;h4_mitigation_ob_within_daily_ob;h4_ob_target_flip_zone;h4_ob_target_swept_liquidity_fractal;h4_ob_target_swept_liquidity_fvg;h4_ob_target_swept_liquidity_internal;h4_ob_target_swept_liquidity_previous_candle;h4_ob_target_swept_liquidity_swing
2020-08-24,Monday,ny,2020-08-24 11:00:00+00:00,2020-08-25 04:00:00+00:00,bearish,138.929,139.395,137.76399999999998,138.929,0.4660000000000082,3.8461538461538463,breakeven,0.0,be_stop,1.3798283261802347,0.0,be_stop,True,1,17,0 days 17:00:00,4.800000000000182,True,,,2.5,2020-08-24 10:00:00+00:00,True,139.375,138.82,1,daily_mitigation_ob_caused_displacement;daily_mitigation_ob_caused_imbalance;daily_mitigation_ob_flip_zone;daily_mitigation_ob_has_inducement;daily_mitigation_ob_swept_liquidity;daily_mitigation_ob_swept_liquidity_fractal;daily_mitigation_ob_swept_liquidity_fvg;daily_mitigation_ob_swept_liquidity_internal;daily_mitigation_ob_swept_liquidity_previous_candle;daily_mitigation_ob_swept_liquidity_swing;daily_ob_target_flip_zone;daily_ob_target_swept_liquidity_fractal;daily_ob_target_swept_liquidity_fvg;daily_ob_target_swept_liquidity_internal;daily_ob_target_swept_liquidity_previous_candle;daily_ob_target_swept_liquidity_swing;h1_mitigation_ob_flip_zone;h1_mitigation_ob_swept_liquidity;h1_mitigation_ob_swept_liquidity_fractal;h1_mitigation_ob_swept_liquidity_internal;h1_mitigation_ob_swept_liquidity_previous_candle;h1_mitigation_ob_swept_liquidity_swing;h1_ob_target_flip_zone;h1_ob_target_swept_liquidity_fractal;h1_ob_target_swept_liquidity_fvg;h1_ob_target_swept_liquidity_internal;h1_ob_target_swept_liquidity_previous_candle;h1_ob_target_swept_liquidity_swing;h4_mitigation_ob_flip_zone;h4_mitigation_ob_swept_liquidity_fractal;h4_mitigation_ob_swept_liquidity_fvg;h4_mitigation_ob_swept_liquidity_internal;h4_mitigation_ob_swept_liquidity_previous_candle;h4_mitigation_ob_swept_liquidity_swing;h4_ob_target_flip_zone;h4_ob_target_swept_liquidity_fractal;h4_ob_target_swept_liquidity_fvg;h4_ob_target_swept_liquidity_internal;h4_ob_target_swept_liquidity_previous_candle;h4_ob_target_swept_liquidity_swing
2020-08-24,Monday,ny,2020-08-24 12:00:00+00:00,2020-08-25 02:00:00+00:00,bearish,138.798,139.395,137.3055,138.798,0.5970000000000084,3.8461538461538463,breakeven,0.0,be_stop,0.8576214405360021,0.0,be_stop,True,1,14,0 days 14:00:00,2.000000000001023,True,,,2.5,2020-08-24 12:00:00+00:00,False,139.375,138.82,2,daily_mitigation_ob_caused_displacement;daily_mitigation_ob_caused_imbalance;daily_mitigation_ob_flip_zone;daily_mitigation_ob_has_inducement;daily_mitigation_ob_swept_liquidity;daily_mitigation_ob_swept_liquidity_fractal;daily_mitigation_ob_swept_liquidity_fvg;daily_mitigation_ob_swept_liquidity_internal;daily_mitigation_ob_swept_liquidity_previous_candle;daily_mitigation_ob_swept_liquidity_swing;daily_ob_target_flip_zone;daily_ob_target_swept_liquidity_fractal;daily_ob_target_swept_liquidity_fvg;daily_ob_target_swept_liquidity_internal;daily_ob_target_swept_liquidity_previous_candle;daily_ob_target_swept_liquidity_swing;h1_mitigation_ob_flip_zone;h1_mitigation_ob_swept_liquidity;h1_mitigation_ob_swept_liquidity_fractal;h1_mitigation_ob_swept_liquidity_internal;h1_mitigation_ob_swept_liquidity_previous_candle;h1_mitigation_ob_swept_liquidity_swing;h1_ob_target_flip_zone;h1_ob_target_swept_liquidity_fractal;h1_ob_target_swept_liquidity_fvg;h1_ob_target_swept_liquidity_internal;h1_ob_target_swept_liquidity_previous_candle;h1_ob_target_swept_liquidity_swing;h4_mitigation_ob_flip_zone;h4_mitigation_ob_swept_liquidity_fractal;h4_mitigation_ob_swept_liquidity_fvg;h4_mitigation_ob_swept_liquidity_internal;h4_mitigation_ob_swept_liquidity_previous_candle;h4_mitigation_ob_swept_liquidity_swing;h4_ob_target_flip_zone;h4_ob_target_swept_liquidity_fractal;h4_ob_target_swept_liquidity_fvg;h4_ob_target_swept_liquidity_internal;h4_ob_target_swept_liquidity_previous_candle;h4_ob_target_swept_liquidity_swing
2020-08-28,Friday,ny,2020-08-28 11:00:00+00:00,2020-08-28 18:00:00+00:00,bullish,140.235,139.97,140.89750000000004,140.559,0.2650000000000148,15.0,win,1.2226415094338332,friday_close,1.3584905660376043,1.2226415094338332,friday_close,False,0,7,0 days 07:00:00,0.0,True,,,2.5,2020-08-28 10:00:00+00:00,True,140.151,139.99,1,daily_mitigation_ob_caused_displacement;daily_mitigation_ob_caused_imbalance;daily_mitigation_ob_flip_zone;daily_mitigation_ob_has_inducement;daily_mitigation_ob_swept_liquidity;daily_mitigation_ob_swept_liquidity_fractal;daily_mitigation_ob_swept_liquidity_fvg;daily_mitigation_ob_swept_liquidity_internal;daily_mitigation_ob_swept_liquidity_previous_candle;daily_mitigation_ob_swept_liquidity_swing;daily_ob_target_caused_displacement;daily_ob_target_caused_imbalance;daily_ob_target_flip_zone;daily_ob_target_has_inducement;daily_ob_target_swept_liquidity;daily_ob_target_swept_liquidity_fractal;daily_ob_target_swept_liquidity_fvg;daily_ob_target_swept_liquidity_internal;daily_ob_target_swept_liquidity_previous_candle;daily_ob_target_swept_liquidity_swing;h1_mitigation_ob_flip_zone;h1_mitigation_ob_swept_liquidity;h1_mitigation_ob_swept_liquidity_fractal;h1_mitigation_ob_swept_liquidity_fvg;h1_mitigation_ob_swept_liquidity_previous_candle;h1_mitigation_ob_swept_liquidity_swing;h1_ob_target_flip_zone;h1_ob_target_swept_liquidity;h1_ob_target_swept_liquidity_fractal;h1_ob_target_swept_liquidity_fvg;h1_ob_target_swept_liquidity_internal;h1_ob_target_swept_liquidity_swing;h4_mitigation_ob_flip_zone;h4_mitigation_ob_swept_liquidity_fractal;h4_mitigation_ob_swept_liquidity_fvg;h4_mitigation_ob_swept_liquidity_internal;h4_mitigation_ob_swept_liquidity_previous_candle;h4_mitigation_ob_swept_liquidity_swing;h4_ob_target_caused_displacement;h4_ob_target_caused_imbalance;h4_ob_target_flip_zone;h4_ob_target_has_inducement;h4_ob_target_swept_liquidity;h4_ob_target_swept_liquidity_fractal;h4_ob_target_swept_liquidity_fvg;h4_ob_target_swept_liquidity_internal;h4_ob_target_swept_liquidity_previous_candle;h4_ob_target_swept_liquidity_swing;h4_ob_target_within_daily_ob
2020-09-02,Wednesday,ny,2020-09-02 11:00:00+00:00,2020-09-02 13:00:00+00:00,bearish,141.777,141.941,141.36699999999996,141.36699999999996,0.1640000000000157,16.0,win,2.5,tp,4.646341463414193,0.0,be_stop,True,1,2,0 days 02:00:00,1.4000000000010004,True,,,2.5,2020-09-02 10:00:00+00:00,True,141.921,141.811,1,daily_mitigation_ob_caused_displacement;daily_mitigation_ob_caused_imbalance;daily_mitigation_ob_flip_zone;daily_mitigation_ob_has_inducement;daily_mitigation_ob_swept_liquidity;daily_mitigation_ob_swept_liquidity_fractal;daily_mitigation_ob_swept_liquidity_fvg;daily_mitigation_ob_swept_liquidity_internal;daily_mitigation_ob_swept_liquidity_previous_candle;daily_mitigation_ob_swept_liquidity_swing;daily_ob_target_caused_displacement;daily_ob_target_caused_imbalance;daily_ob_target_flip_zone;daily_ob_target_has_inducement;daily_ob_target_swept_liquidity;daily_ob_target_swept_liquidity_fractal;daily_ob_target_swept_liquidity_fvg;daily_ob_target_swept_liquidity_internal;daily_ob_target_swept_liquidity_previous_candle;daily_ob_target_swept_liquidity_swing;h1_mitigation_ob_flip_zone;h1_mitigation_ob_swept_liquidity_fractal;h1_mitigation_ob_swept_liquidity_fvg;h1_mitigation_ob_swept_liquidity_internal;h1_mitigation_ob_swept_liquidity_previous_candle;h1_mitigation_ob_swept_liquidity_swing;h1_ob_target_flip_zone;h1_ob_target_swept_liquidity_fractal;h1_ob_target_swept_liquidity_fvg;h1_ob_target_swept_liquidity_internal;h1_ob_target_swept_liquidity_previous_candle;h1_ob_target_swept_liquidity_swing;h4_mitigation_ob_caused_displacement;h4_mitigation_ob_caused_imbalance;h4_mitigation_ob_flip_zone;h4_mitigation_ob_has_inducement;h4_mitigation_ob_swept_liquidity;h4_mitigation_ob_swept_liquidity_fractal;h4_mitigation_ob_swept_liquidity_fvg;h4_mitigation_ob_swept_liquidity_internal;h4_mitigation_ob_swept_liquidity_previous_candle;h4_mitigation_ob_swept_liquidity_swing;h4_mitigation_ob_within_daily_ob;h4_ob_target_caused_displacement;h4_ob_target_caused_imbalance;h4_ob_target_flip_zone;h4_ob_target_has_inducement;h4_ob_target_swept_liquidity;h4_ob_target_swept_liquidity_fractal;h4_ob_target_swept_liquidity_fvg;h4_ob_target_swept_liquidity_internal;h4_ob_target_swept_liquidity_previous_candle;h4_ob_target_swept_liquidity_swing;h4_ob_target_within_daily_ob
2020-09-03,Thursday,ny,2020-09-03 13:00:00+00:00,2020-09-03 15:00:00+00:00,bearish,141.357,141.53300000000002,140.91699999999997,140.91699999999997,0.17600000000001614,-2.0,win,2.5,tp,5.022727272726733,0.0,be_stop,True,1,2,0 days 02:00:00,3.700000000000614,True,,,2.5,2020-09-03 13:00:00+00:00,False,141.513,141.267,1,daily_mitigation_ob_caused_displacement;daily_mitigation_ob_caused_imbalance;daily_mitigation_ob_flip_zone;daily_mitigation_ob_has_inducement;daily_mitigation_ob_swept_liquidity;daily_mitigation_ob_swept_liquidity_fractal;daily_mitigation_ob_swept_liquidity_fvg;daily_mitigation_ob_swept_liquidity_internal;daily_mitigation_ob_swept_liquidity_previous_candle;daily_mitigation_ob_swept_liquidity_swing;daily_ob_target_caused_displacement;daily_ob_target_caused_imbalance;daily_ob_target_flip_zone;daily_ob_target_has_inducement;daily_ob_target_swept_liquidity;daily_ob_target_swept_liquidity_fractal;daily_ob_target_swept_liquidity_fvg;daily_ob_target_swept_liquidity_internal;daily_ob_target_swept_liquidity_previous_candle;daily_ob_target_swept_liquidity_swing;h1_mitigation_ob_flip_zone;h1_mitigation_ob_swept_liquidity_fractal;h1_mitigation_ob_swept_liquidity_fvg;h1_mitigation_ob_swept_liquidity_internal;h1_mitigation_ob_swept_liquidity_previous_candle;h1_mitigation_ob_swept_liquidity_swing;h1_ob_target_flip_zone;h1_ob_target_swept_liquidity_fractal;h1_ob_target_swept_liquidity_fvg;h1_ob_target_swept_liquidity_internal;h1_ob_target_swept_liquidity_previous_candle;h1_ob_target_swept_liquidity_swing;h4_mitigation_ob_caused_displacement;h4_mitigation_ob_caused_imbalance;h4_mitigation_ob_flip_zone;h4_mitigation_ob_has_inducement;h4_mitigation_ob_swept_liquidity;h4_mitigation_ob_swept_liquidity_fractal;h4_mitigation_ob_swept_liquidity_fvg;h4_mitigation_ob_swept_liquidity_internal;h4_mitigation_ob_swept_liquidity_previous_candle;h4_mitigation_ob_swept_liquidity_swing;h4_mitigation_ob_within_daily_ob;h4_ob_target_caused_displacement;h4_ob_target_caused_imbalance;h4_ob_target_flip_zone;h4_ob_target_has_inducement;h4_ob_target_swept_liquidity;h4_ob_target_swept_liquidity_fractal;h4_ob_target_swept_liquidity_fvg;h4_ob_target_swept_liquidity_internal;h4_ob_target_swept_liquidity_previous_candle;h4_ob_target_swept_liquidity_swing;h4_ob_target_within_daily_ob
2020-09-04,Friday,london,2020-09-04 08:00:00+00:00,2020-09-04 09:00:00+00:00,bearish,141.364,141.40800000000002,141.25399999999996,141.40800000000002,0.04400000000001114,21.428571428571427,loss,-1.0,sl,0.0,-1.0,sl,False,0,1,0 days 01:00:00,2.399999999997249,True,,,2.5,2020-09-04 08:00:00+00:00,False,141.388,141.13,2,daily_mitigation_ob_caused_displacement;daily_mitigation_ob_caused_imbalance;daily_mitigation_ob_flip_zone;daily_mitigation_ob_has_inducement;daily_mitigation_ob_swept_liquidity;daily_mitigation_ob_swept_liquidity_fractal;daily_mitigation_ob_swept_liquidity_fvg;daily_mitigation_ob_swept_liquidity_internal;daily_mitigation_ob_swept_liquidity_previous_candle;daily_mitigation_ob_swept_liquidity_swing;daily_ob_target_caused_displacement;daily_ob_target_caused_imbalance;daily_ob_target_flip_zone;daily_ob_target_has_inducement;daily_ob_target_swept_liquidity;daily_ob_target_swept_liquidity_fractal;daily_ob_target_swept_liquidity_fvg;daily_ob_target_swept_liquidity_internal;daily_ob_target_swept_liquidity_previous_candle;daily_ob_target_swept_liquidity_swing;h1_mitigation_ob_flip_zone;h1_mitigation_ob_swept_liquidity;h1_mitigation_ob_swept_liquidity_fractal;h1_mitigation_ob_swept_liquidity_internal;h1_mitigation_ob_swept_liquidity_swing;h1_ob_target_caused_displacement;h1_ob_target_caused_imbalance;h1_ob_target_flip_zone;h1_ob_target_has_inducement;h1_ob_target_swept_liquidity;h1_ob_target_swept_liquidity_fractal;h1_ob_target_swept_liquidity_fvg;h1_ob_target_swept_liquidity_internal;h1_ob_target_swept_liquidity_previous_candle;h1_ob_target_swept_liquidity_swing;h1_ob_target_within_h4_ob;h4_mitigation_ob_caused_displacement;h4_mitigation_ob_caused_imbalance;h4_mitigation_ob_flip_zone;h4_mitigation_ob_has_inducement;h4_mitigation_ob_swept_liquidity;h4_mitigation_ob_swept_liquidity_fractal;h4_mitigation_ob_swept_liquidity_fvg;h4_mitigation_ob_swept_liquidity_internal;h4_mitigation_ob_swept_liquidity_previous_candle;h4_mitigation_ob_swept_liquidity_swing;h4_mitigation_ob_within_daily_ob;h4_ob_target_caused_displacement;h4_ob_target_caused_imbalance;h4_ob_target_flip_zone;h4_ob_target_has_inducement;h4_ob_target_swept_liquidity;h4_ob_target_swept_liquidity_fractal;h4_ob_target_swept_liquidity_fvg;h4_ob_target_swept_liquidity_internal;h4_ob_target_swept_liquidity_previous_candle;h4_ob_target_swept_liquidity_swing;h4_ob_target_within_daily_ob
2020-09-07,Monday,london,2020-09-07 06:00:00+00:00,2020-09-08 09:00:00+00:00,bearish,140.253,140.78300000000002,138.9279999999999,138.9279999999999,0.5300000000000296,35.13513513513514,win,2.5,tp,8.84150943396173,8.496226415093838,friday_close,True,4,27,1 days 03:00:00,0.0,True,,,2.5,2020-09-07 06:00:00+00:00,False,140.763,140.54,1,daily_mitigation_ob_caused_displacement;daily_mitigation_ob_caused_imbalance;daily_mitigation_ob_flip_zone;daily_mitigation_ob_has_inducement;daily_mitigation_ob_swept_liquidity;daily_mitigation_ob_swept_liquidity_fractal;daily_mitigation_ob_swept_liquidity_fvg;daily_mitigation_ob_swept_liquidity_internal;daily_mitigation_ob_swept_liquidity_previous_candle;daily_mitigation_ob_swept_liquidity_swing;daily_ob_target_flip_zone;daily_ob_target_swept_liquidity;daily_ob_target_swept_liquidity_fractal;daily_ob_target_swept_liquidity_internal;daily_ob_target_swept_liquidity_swing;h1_mitigation_ob_flip_zone;h1_mitigation_ob_swept_liquidity_fractal;h1_mitigation_ob_swept_liquidity_fvg;h1_mitigation_ob_swept_liquidity_internal;h1_mitigation_ob_swept_liquidity_previous_candle;h1_mitigation_ob_swept_liquidity_swing;h1_ob_target_flip_zone;h1_ob_target_swept_liquidity;h1_ob_target_swept_liquidity_fvg;h1_ob_target_swept_liquidity_swing;h4_mitigation_ob_caused_displacement;h4_mitigation_ob_caused_imbalance;h4_mitigation_ob_flip_zone;h4_mitigation_ob_has_inducement;h4_mitigation_ob_swept_liquidity;h4_mitigation_ob_swept_liquidity_fractal;h4_mitigation_ob_swept_liquidity_fvg;h4_mitigation_ob_swept_liquidity_internal;h4_mitigation_ob_swept_liquidity_previous_candle;h4_mitigation_ob_swept_liquidity_swing;h4_mitigation_ob_within_daily_ob;h4_ob_target_flip_zone;h4_ob_target_swept_liquidity;h4_ob_target_swept_liquidity_fractal;h4_ob_target_swept_liquidity_fvg;h4_ob_target_swept_liquidity_previous_candle;h4_ob_target_swept_liquidity_swing
2020-09-07,Monday,ny,2020-09-07 11:00:00+00:00,2020-09-07 12:00:00+00:00,bullish,139.858,139.802,139.99800000000005,139.802,0.056000000000011596,25.0,loss,-1.0,sl,0.0,-1.0,sl,False,0,1,0 days 01:00:00,14.300000000000068,True,,,2.5,2020-09-07 10:00:00+00:00,True,139.974,139.822,1,daily_mitigation_ob_flip_zone;daily_mitigation_ob_swept_liquidity;daily_mitigation_ob_swept_liquidity_fractal;daily_mitigation_ob_swept_liquidity_internal;daily_mitigation_ob_swept_liquidity_swing;daily_ob_target_caused_displacement;daily_ob_target_caused_imbalance;daily_ob_target_flip_zone;daily_ob_target_has_inducement;daily_ob_target_swept_liquidity;daily_ob_target_swept_liquidity_fractal;daily_ob_target_swept_liquidity_fvg;daily_ob_target_swept_liquidity_internal;daily_ob_target_swept_liquidity_previous_candle;daily_ob_target_swept_liquidity_swing;h1_mitigation_ob_flip_zone;h1_mitigation_ob_swept_liquidity;h1_mitigation_ob_swept_liquidity_fvg;h1_mitigation_ob_swept_liquidity_swing;h1_ob_target_caused_displacement;h1_ob_target_caused_imbalance;h1_ob_target_flip_zone;h1_ob_target_has_inducement;h1_ob_target_swept_liquidity;h1_ob_target_swept_liquidity_fractal;h1_ob_target_swept_liquidity_fvg;h1_ob_target_swept_liquidity_internal;h1_ob_target_swept_liquidity_previous_candle;h1_ob_target_swept_liquidity_swing;h1_ob_target_within_h4_ob;h4_mitigation_ob_flip_zone;h4_mitigation_ob_swept_liquidity;h4_mitigation_ob_swept_liquidity_fractal;h4_mitigation_ob_swept_liquidity_fvg;h4_mitigation_ob_swept_liquidity_previous_candle;h4_mitigation_ob_swept_liquidity_swing;h4_ob_target_caused_displacement;h4_ob_target_caused_imbalance;h4_ob_target_flip_zone;h4_ob_target_has_inducement;h4_ob_target_swept_liquidity;h4_ob_target_swept_liquidity_fractal;h4_ob_target_swept_liquidity_fvg;h4_ob_target_swept_liquidity_internal;h4_ob_target_swept_liquidity_previous_candle;h4_ob_target_swept_liquidity_swing;h4_ob_target_within_daily_ob
2020-09-08,Tuesday,london,2020-09-08 06:00:00+00:00,2020-09-08 09:00:00+00:00,bearish,139.619,139.803,139.159,139.159,0.1839999999999975,7.352941176470589,win,2.5,tp,10.0,21.027173913043764,friday_close,True,3,3,0 days 03:00:00,0.0,True,,,2.5,2020-09-08 06:00:00+00:00,False,139.783,139.68,1,daily_mitigation_ob_caused_displacement;daily_mitigation_ob_caused_imbalance;daily_mitigation_ob_flip_zone;daily_mitigation_ob_has_inducement;daily_mitigation_ob_swept_liquidity;daily_mitigation_ob_swept_liquidity_fractal;daily_mitigation_ob_swept_liquidity_fvg;daily_mitigation_ob_swept_liquidity_internal;daily_mitigation_ob_swept_liquidity_previous_candle;daily_mitigation_ob_swept_liquidity_swing;daily_ob_target_flip_zone;daily_ob_target_swept_liquidity;daily_ob_target_swept_liquidity_fractal;daily_ob_target_swept_liquidity_fvg;daily_ob_target_swept_liquidity_internal;daily_ob_target_swept_liquidity_swing;h1_mitigation_ob_flip_zone;h1_mitigation_ob_swept_liquidity_fractal;h1_mitigation_ob_swept_liquidity_fvg;h1_mitigation_ob_swept_liquidity_internal;h1_mitigation_ob_swept_liquidity_previous_candle;h1_mitigation_ob_swept_liquidity_swing;h1_ob_target_flip_zone;h1_ob_target_swept_liquidity;h1_ob_target_swept_liquidity_fractal;h1_ob_target_swept_liquidity_internal;h1_ob_target_swept_liquidity_previous_candle;h1_ob_target_swept_liquidity_swing;h4_mitigation_ob_caused_displacement;h4_mitigation_ob_caused_imbalance;h4_mitigation_ob_flip_zone;h4_mitigation_ob_has_inducement;h4_mitigation_ob_swept_liquidity;h4_mitigation_ob_swept_liquidity_fractal;h4_mitigation_ob_swept_liquidity_fvg;h4_mitigation_ob_swept_liquidity_internal;h4_mitigation_ob_swept_liquidity_previous_candle;h4_mitigation_ob_swept_liquidity_swing;h4_mitigation_ob_within_daily_ob;h4_ob_target_flip_zone;h4_ob_target_swept_liquidity_fractal;h4_ob_target_swept_liquidity_fvg;h4_ob_target_swept_liquidity_internal;h4_ob_target_swept_liquidity_previous_candle;h4_ob_target_swept_liquidity_swing
2020-09-10,Thursday,ny,2020-09-10 13:00:00+00:00,2020-09-10 14:00:00+00:00,bullish,137.369,136.714,139.00650000000002,136.714,0.6550000000000011,-19.11764705882353,loss,-1.0,sl,0.06412213740458247,-1.0,sl,False,0,1,0 days 01:00:00,15.999999999999659,True,,,2.5,2020-09-10 13:00:00+00:00,False,137.327,136.734,1,daily_mitigation_ob_caused_displacement;daily_mitigation_ob_caused_imbalance;daily_mitigation_ob_flip_zone;daily_mitigation_ob_has_inducement;daily_mitigation_ob_swept_liquidity;daily_mitigation_ob_swept_liquidity_fractal;daily_mitigation_ob_swept_liquidity_fvg;daily_mitigation_ob_swept_liquidity_internal;daily_mitigation_ob_swept_liquidity_previous_candle;daily_mitigation_ob_swept_liquidity_swing;daily_ob_target_flip_zone;daily_ob_target_swept_liquidity_fractal;daily_ob_target_swept_liquidity_fvg;daily_ob_target_swept_liquidity_internal;daily_ob_target_swept_liquidity_previous_candle;daily_ob_target_swept_liquidity_swing;h1_mitigation_ob_flip_zone;h1_mitigation_ob_swept_liquidity_fractal;h1_mitigation_ob_swept_liquidity_fvg;h1_mitigation_ob_swept_liquidity_internal;h1_mitigation_ob_swept_liquidity_previous_candle;h1_mitigation_ob_swept_liquidity_swing;h1_ob_target_flip_zone;h1_ob_target_swept_liquidity;h1_ob_target_swept_liquidity_fractal;h1_ob_target_swept_liquidity_fvg;h1_ob_target_swept_liquidity_internal;h1_ob_target_swept_liquidity_swing;h4_mitigation_ob_caused_displacement;h4_mitigation_ob_caused_imbalance;h4_mitigation_ob_flip_zone;h4_mitigation_ob_has_inducement;h4_mitigation_ob_swept_liquidity;h4_mitigation_ob_swept_liquidity_fractal;h4_mitigation_ob_swept_liquidity_fvg;h4_mitigation_ob_swept_liquidity_internal;h4_mitigation_ob_swept_liquidity_previous_candle;h4_mitigation_ob_swept_liquidity_swing;h4_mitigation_ob_within_daily_ob;h4_ob_target_flip_zone;h4_ob_target_swept_liquidity_fractal;h4_ob_target_swept_liquidity_fvg;h4_ob_target_swept_liquidity_internal;h4_ob_target_swept_liquidity_previous_candle;h4_ob_target_swept_liquidity_swing
2020-09-14,Monday,london,2020-09-14 06:00:00+00:00,2020-09-14 18:00:00+00:00,bullish,136.014,135.783,136.59150000000005,135.969,0.23100000000002296,-9.615384615384617,loss,-0.19480519480524433,cut_19h,2.467532467532193,-0.19480519480524433,cut_19h,False,1,12,0 days 12:00:00,0.0,True,,,2.5,2020-09-14 05:00:00+00:00,True,135.959,135.803,1,daily_mitigation_ob_caused_displacement;daily_mitigation_ob_caused_imbalance;daily_mitigation_ob_flip_zone;daily_mitigation_ob_has_inducement;daily_mitigation_ob_swept_liquidity;daily_mitigation_ob_swept_liquidity_fractal;daily_mitigation_ob_swept_liquidity_fvg;daily_mitigation_ob_swept_liquidity_internal;daily_mitigation_ob_swept_liquidity_previous_candle;daily_mitigation_ob_swept_liquidity_swing;daily_ob_target_caused_displacement;daily_ob_target_caused_imbalance;daily_ob_target_flip_zone;daily_ob_target_has_inducement;daily_ob_target_swept_liquidity;daily_ob_target_swept_liquidity_fractal;daily_ob_target_swept_liquidity_fvg;daily_ob_target_swept_liquidity_internal;daily_ob_target_swept_liquidity_previous_candle;daily_ob_target_swept_liquidity_swing;h1_mitigation_ob_flip_zone;h1_mitigation_ob_swept_liquidity_fractal;h1_mitigation_ob_swept_liquidity_fvg;h1_mitigation_ob_swept_liquidity_internal;h1_mitigation_ob_swept_liquidity_previous_candle;h1_mitigation_ob_swept_liquidity_swing;h1_ob_target_caused_displacement;h1_ob_target_caused_imbalance;h1_ob_target_flip_zone;h1_ob_target_has_inducement;h1_ob_target_swept_liquidity;h1_ob_target_swept_liquidity_fractal;h1_ob_target_swept_liquidity_fvg;h1_ob_target_swept_liquidity_internal;h1_ob_target_swept_liquidity_previous_candle;h1_ob_target_swept_liquidity_swing;h1_ob_target_within_h4_ob;h4_mitigation_ob_caused_displacement;h4_mitigation_ob_caused_imbalance;h4_mitigation_ob_flip_zone;h4_mitigation_ob_has_inducement;h4_mitigation_ob_swept_liquidity;h4_mitigation_ob_swept_liquidity_fractal;h4_mitigation_ob_swept_liquidity_fvg;h4_mitigation_ob_swept_liquidity_internal;h4_mitigation_ob_swept_liquidity_previous_candle;h4_mitigation_ob_swept_liquidity_swing;h4_mitigation_ob_within_daily_ob;h4_ob_target_flip_zone;h4_ob_target_swept_liquidity;h4_ob_target_swept_liquidity_fractal;h4_ob_target_swept_liquidity_internal;h4_ob_target_swept_liquidity_swing
2020-09-23,Wednesday,ny,2020-09-23 11:00:00+00:00,2020-09-23 12:00:00+00:00,bearish,133.769,133.947,133.324,133.947,0.17799999999999727,31.25,loss,-1.0,sl,0.48876404494392606,-1.0,sl,False,0,1,0 days 01:00:00,15.299999999999159,True,,,2.5,2020-09-23 10:00:00+00:00,True,133.927,133.688,1,daily_mitigation_ob_flip_zone;daily_mitigation_ob_swept_liquidity_fractal;daily_mitigation_ob_swept_liquidity_fvg;daily_mitigation_ob_swept_liquidity_internal;daily_mitigation_ob_swept_liquidity_previous_candle;daily_mitigation_ob_swept_liquidity_swing;daily_ob_target_caused_displacement;daily_ob_target_caused_imbalance;daily_ob_target_flip_zone;daily_ob_target_has_inducement;daily_ob_target_swept_liquidity;daily_ob_target_swept_liquidity_fractal;daily_ob_target_swept_liquidity_fvg;daily_ob_target_swept_liquidity_internal;daily_ob_target_swept_liquidity_previous_candle;daily_ob_target_swept_liquidity_swing;h1_mitigation_ob_flip_zone;h1_mitigation_ob_swept_liquidity;h1_mitigation_ob_swept_liquidity_fractal;h1_mitigation_ob_swept_liquidity_fvg;h1_mitigation_ob_swept_liquidity_internal;h1_mitigation_ob_swept_liquidity_swing;h1_ob_target_caused_displacement;h1_ob_target_caused_imbalance;h1_ob_target_flip_zone;h1_ob_target_has_inducement;h1_ob_target_swept_liquidity;h1_ob_target_swept_liquidity_fractal;h1_ob_target_swept_liquidity_fvg;h1_ob_target_swept_liquidity_internal;h1_ob_target_swept_liquidity_previous_candle;h1_ob_target_swept_liquidity_swing;h1_ob_target_within_h4_ob;h4_mitigation_ob_caused_displacement;h4_mitigation_ob_caused_imbalance;h4_mitigation_ob_flip_zone;h4_mitigation_ob_has_inducement;h4_mitigation_ob_swept_liquidity;h4_mitigation_ob_swept_liquidity_fractal;h4_mitigation_ob_swept_liquidity_fvg;h4_mitigation_ob_swept_liquidity_internal;h4_mitigation_ob_swept_liquidity_previous_candle;h4_mitigation_ob_swept_liquidity_swing;h4_mitigation_ob_within_daily_ob;h4_ob_target_caused_displacement;h4_ob_target_caused_imbalance;h4_ob_target_flip_zone;h4_ob_target_has_inducement;h4_ob_target_swept_liquidity;h4_ob_target_swept_liquidity_fractal;h4_ob_target_swept_liquidity_fvg;h4_ob_target_swept_liquidity_internal;h4_ob_target_swept_liquidity_previous_candle;h4_ob_target_swept_liquidity_swing;h4_ob_target_within_daily_ob
2020-09-24,Thursday,london,2020-09-24 07:00:00+00:00,2020-09-24 08:00:00+00:00,bearish,134.054,134.098,133.94399999999996,134.098,0.04400000000001114,45.0,loss,-1.0,sl,0.0,-1.0,sl,False,0,1,0 days 01:00:00,20.09999999999934,True,,,2.5,2020-09-24 07:00:00+00:00,False,134.078,133.893,1,daily_mitigation_ob_caused_displacement;daily_mitigation_ob_caused_imbalance;daily_mitigation_ob_flip_zone;daily_mitigation_ob_has_inducement;daily_mitigation_ob_swept_liquidity;daily_mitigation_ob_swept_liquidity_fractal;daily_mitigation_ob_swept_liquidity_fvg;daily_mitigation_ob_swept_liquidity_internal;daily_mitigation_ob_swept_liquidity_previous_candle;daily_mitigation_ob_swept_liquidity_swing;daily_ob_target_caused_displacement;daily_ob_target_caused_imbalance;daily_ob_target_flip_zone;daily_ob_target_has_inducement;daily_ob_target_swept_liquidity;daily_ob_target_swept_liquidity_fractal;daily_ob_target_swept_liquidity_fvg;daily_ob_target_swept_liquidity_internal;daily_ob_target_swept_liquidity_previous_candle;daily_ob_target_swept_liquidity_swing;h1_mitigation_ob_flip_zone;h1_mitigation_ob_swept_liquidity_fractal;h1_mitigation_ob_swept_liquidity_fvg;h1_mitigation_ob_swept_liquidity_internal;h1_mitigation_ob_swept_liquidity_previous_candle;h1_mitigation_ob_swept_liquidity_swing;h1_ob_target_flip_zone;h1_ob_target_swept_liquidity;h1_ob_target_swept_liquidity_fractal;h1_ob_target_swept_liquidity_fvg;h1_ob_target_swept_liquidity_internal;h1_ob_target_swept_liquidity_swing;h4_mitigation_ob_caused_displacement;h4_mitigation_ob_caused_imbalance;h4_mitigation_ob_flip_zone;h4_mitigation_ob_has_inducement;h4_mitigation_ob_swept_liquidity;h4_mitigation_ob_swept_liquidity_fractal;h4_mitigation_ob_swept_liquidity_fvg;h4_mitigation_ob_swept_liquidity_internal;h4_mitigation_ob_swept_liquidity_previous_candle;h4_mitigation_ob_swept_liquidity_swing;h4_mitigation_ob_within_daily_ob;h4_ob_target_flip_zone;h4_ob_target_swept_liquidity_fractal;h4_ob_target_swept_liquidity_fvg;h4_ob_target_swept_liquidity_internal;h4_ob_target_swept_liquidity_previous_candle;h4_ob_target_swept_liquidity_swing
2020-09-30,Wednesday,ny,2020-09-30 13:00:00+00:00,2020-09-30 14:00:00+00:00,bearish,135.894,136.03300000000002,135.54649999999998,136.03300000000002,0.13900000000001,22.0,loss,-1.0,sl,0.0,-1.0,sl,False,0,1,0 days 01:00:00,50.799999999998136,True,,,2.5,2020-09-30 13:00:00+00:00,False,136.013,135.859,1,daily_mitigation_ob_caused_displacement;daily_mitigation_ob_caused_imbalance;daily_mitigation_ob_flip_zone;daily_mitigation_ob_has_inducement;daily_mitigation_ob_swept_liquidity;daily_mitigation_ob_swept_liquidity_fractal;daily_mitigation_ob_swept_liquidity_fvg;daily_mitigation_ob_swept_liquidity_internal;daily_mitigation_ob_swept_liquidity_previous_candle;daily_mitigation_ob_swept_liquidity_swing;daily_ob_target_caused_displacement;daily_ob_target_caused_imbalance;daily_ob_target_flip_zone;daily_ob_target_has_inducement;daily_ob_target_swept_liquidity;daily_ob_target_swept_liquidity_fractal;daily_ob_target_swept_liquidity_fvg;daily_ob_target_swept_liquidity_internal;daily_ob_target_swept_liquidity_previous_candle;daily_ob_target_swept_liquidity_swing;h1_mitigation_ob_flip_zone;h1_mitigation_ob_swept_liquidity_fractal;h1_mitigation_ob_swept_liquidity_fvg;h1_mitigation_ob_swept_liquidity_internal;h1_mitigation_ob_swept_liquidity_previous_candle;h1_mitigation_ob_swept_liquidity_swing;h1_ob_target_flip_zone;h1_ob_target_swept_liquidity_fractal;h1_ob_target_swept_liquidity_fvg;h1_ob_target_swept_liquidity_internal;h1_ob_target_swept_liquidity_previous_candle;h1_ob_target_swept_liquidity_swing;h4_mitigation_ob_caused_displacement;h4_mitigation_ob_caused_imbalance;h4_mitigation_ob_flip_zone;h4_mitigation_ob_has_inducement;h4_mitigation_ob_swept_liquidity;h4_mitigation_ob_swept_liquidity_fractal;h4_mitigation_ob_swept_liquidity_fvg;h4_mitigation_ob_swept_liquidity_internal;h4_mitigation_ob_swept_liquidity_previous_candle;h4_mitigation_ob_swept_liquidity_swing;h4_mitigation_ob_within_daily_ob;h4_ob_target_caused_displacement;h4_ob_target_caused_imbalance;h4_ob_target_flip_zone;h4_ob_target_has_inducement;h4_ob_target_swept_liquidity;h4_ob_target_swept_liquidity_fractal;h4_ob_target_swept_liquidity_fvg;h4_ob_target_swept_liquidity_internal;h4_ob_target_swept_liquidity_previous_candle;h4_ob_target_swept_liquidity_swing;h4_ob_target_within_daily_ob
2020-10-05,Monday,london,2020-10-05 07:00:00+00:00,2020-10-06 10:00:00+00:00,bullish,136.561,136.111,137.68600000000004,136.561,0.45000000000001705,-2.0,breakeven,0.0,be_stop,1.959999999999937,0.0,be_stop,True,1,27,1 days 03:00:00,13.900000000001,True,,,2.5,2020-10-05 07:00:00+00:00,False,136.378,136.131,2,daily_mitigation_ob_caused_displacement;daily_mitigation_ob_caused_imbalance;daily_mitigation_ob_flip_zone;daily_mitigation_ob_has_inducement;daily_mitigation_ob_swept_liquidity;daily_mitigation_ob_swept_liquidity_fractal;daily_mitigation_ob_swept_liquidity_fvg;daily_mitigation_ob_swept_liquidity_internal;daily_mitigation_ob_swept_liquidity_previous_candle;daily_mitigation_ob_swept_liquidity_swing;daily_ob_target_caused_displacement;daily_ob_target_caused_imbalance;daily_ob_target_flip_zone;daily_ob_target_has_inducement;daily_ob_target_swept_liquidity;daily_ob_target_swept_liquidity_fractal;daily_ob_target_swept_liquidity_fvg;daily_ob_target_swept_liquidity_internal;daily_ob_target_swept_liquidity_previous_candle;daily_ob_target_swept_liquidity_swing;h1_mitigation_ob_flip_zone;h1_mitigation_ob_swept_liquidity_fractal;h1_mitigation_ob_swept_liquidity_fvg;h1_mitigation_ob_swept_liquidity_internal;h1_mitigation_ob_swept_liquidity_previous_candle;h1_mitigation_ob_swept_liquidity_swing;h1_ob_target_flip_zone;h1_ob_target_swept_liquidity;h1_ob_target_swept_liquidity_fractal;h1_ob_target_swept_liquidity_internal;h1_ob_target_swept_liquidity_previous_candle;h1_ob_target_swept_liquidity_swing;h4_mitigation_ob_caused_displacement;h4_mitigation_ob_caused_imbalance;h4_mitigation_ob_flip_zone;h4_mitigation_ob_has_inducement;h4_mitigation_ob_swept_liquidity;h4_mitigation_ob_swept_liquidity_fractal;h4_mitigation_ob_swept_liquidity_fvg;h4_mitigation_ob_swept_liquidity_internal;h4_mitigation_ob_swept_liquidity_previous_candle;h4_mitigation_ob_swept_liquidity_swing;h4_mitigation_ob_within_daily_ob;h4_ob_target_caused_displacement;h4_ob_target_caused_imbalance;h4_ob_target_flip_zone;h4_ob_target_has_inducement;h4_ob_target_swept_liquidity;h4_ob_target_swept_liquidity_fractal;h4_ob_target_swept_liquidity_fvg;h4_ob_target_swept_liquidity_internal;h4_ob_target_swept_liquidity_previous_candle;h4_ob_target_swept_liquidity_swing;h4_ob_target_within_daily_ob
2020-10-07,Wednesday,london,2020-10-07 06:00:00+00:00,2020-10-07 13:00:00+00:00,bullish,136.457,136.07399999999998,137.41450000000003,136.07399999999998,0.3830000000000098,10.0,loss,-1.0,sl,1.1409921671018295,-1.0,sl,False,0,7,0 days 07:00:00,7.299999999997908,True,,,2.5,2020-10-07 06:00:00+00:00,False,136.278,136.094,1,daily_mitigation_ob_caused_displacement;daily_mitigation_ob_caused_imbalance;daily_mitigation_ob_flip_zone;daily_mitigation_ob_has_inducement;daily_mitigation_ob_swept_liquidity;daily_mitigation_ob_swept_liquidity_fractal;daily_mitigation_ob_swept_liquidity_fvg;daily_mitigation_ob_swept_liquidity_internal;daily_mitigation_ob_swept_liquidity_previous_candle;daily_mitigation_ob_swept_liquidity_swing;daily_ob_target_caused_displacement;daily_ob_target_caused_imbalance;daily_ob_target_flip_zone;daily_ob_target_has_inducement;daily_ob_target_swept_liquidity;daily_ob_target_swept_liquidity_fractal;daily_ob_target_swept_liquidity_fvg;daily_ob_target_swept_liquidity_internal;daily_ob_target_swept_liquidity_previous_candle;daily_ob_target_swept_liquidity_swing;h1_mitigation_ob_flip_zone;h1_mitigation_ob_swept_liquidity_fractal;h1_mitigation_ob_swept_liquidity_fvg;h1_mitigation_ob_swept_liquidity_internal;h1_mitigation_ob_swept_liquidity_previous_candle;h1_mitigation_ob_swept_liquidity_swing;h1_ob_target_flip_zone;h1_ob_target_swept_liquidity_fractal;h1_ob_target_swept_liquidity_fvg;h1_ob_target_swept_liquidity_internal;h1_ob_target_swept_liquidity_previous_candle;h1_ob_target_swept_liquidity_swing;h4_mitigation_ob_caused_displacement;h4_mitigation_ob_caused_imbalance;h4_mitigation_ob_flip_zone;h4_mitigation_ob_has_inducement;h4_mitigation_ob_swept_liquidity;h4_mitigation_ob_swept_liquidity_fractal;h4_mitigation_ob_swept_liquidity_fvg;h4_mitigation_ob_swept_liquidity_internal;h4_mitigation_ob_swept_liquidity_previous_candle;h4_mitigation_ob_swept_liquidity_swing;h4_mitigation_ob_within_daily_ob;h4_ob_target_caused_displacement;h4_ob_target_caused_imbalance;h4_ob_target_flip_zone;h4_ob_target_has_inducement;h4_ob_target_swept_liquidity;h4_ob_target_swept_liquidity_fractal;h4_ob_target_swept_liquidity_fvg;h4_ob_target_swept_liquidity_internal;h4_ob_target_swept_liquidity_previous_candle;h4_ob_target_swept_liquidity_swing;h4_ob_target_within_daily_ob
2020-10-08,Thursday,ny,2020-10-08 11:00:00+00:00,2020-10-08 15:00:00+00:00,bearish,136.782,137.125,135.92450000000002,137.125,0.3429999999999893,10.0,loss,-1.0,sl,0.1924198250728996,-1.0,sl,False,0,4,0 days 04:00:00,8.899999999999864,True,,,2.5,2020-10-08 11:00:00+00:00,False,137.105,136.976,1,daily_mitigation_ob_caused_displacement;daily_mitigation_ob_caused_imbalance;daily_mitigation_ob_flip_zone;daily_mitigation_ob_has_inducement;daily_mitigation_ob_swept_liquidity;daily_mitigation_ob_swept_liquidity_fractal;daily_mitigation_ob_swept_liquidity_fvg;daily_mitigation_ob_swept_liquidity_internal;daily_mitigation_ob_swept_liquidity_previous_candle;daily_mitigation_ob_swept_liquidity_swing;daily_ob_target_caused_displacement;daily_ob_target_caused_imbalance;daily_ob_target_flip_zone;daily_ob_target_has_inducement;daily_ob_target_swept_liquidity;daily_ob_target_swept_liquidity_fractal;daily_ob_target_swept_liquidity_fvg;daily_ob_target_swept_liquidity_internal;daily_ob_target_swept_liquidity_previous_candle;daily_ob_target_swept_liquidity_swing;h1_mitigation_ob_flip_zone;h1_mitigation_ob_swept_liquidity;h1_mitigation_ob_swept_liquidity_fvg;h1_mitigation_ob_swept_liquidity_internal;h1_mitigation_ob_swept_liquidity_previous_candle;h1_mitigation_ob_swept_liquidity_swing;h1_ob_target_flip_zone;h1_ob_target_swept_liquidity_fractal;h1_ob_target_swept_liquidity_fvg;h1_ob_target_swept_liquidity_internal;h1_ob_target_swept_liquidity_previous_candle;h1_ob_target_swept_liquidity_swing;h4_mitigation_ob_caused_displacement;h4_mitigation_ob_caused_imbalance;h4_mitigation_ob_flip_zone;h4_mitigation_ob_has_inducement;h4_mitigation_ob_swept_liquidity;h4_mitigation_ob_swept_liquidity_fractal;h4_mitigation_ob_swept_liquidity_fvg;h4_mitigation_ob_swept_liquidity_internal;h4_mitigation_ob_swept_liquidity_previous_candle;h4_mitigation_ob_swept_liquidity_swing;h4_mitigation_ob_within_daily_ob;h4_ob_target_caused_displacement;h4_ob_target_caused_imbalance;h4_ob_target_flip_zone;h4_ob_target_has_inducement;h4_ob_target_swept_liquidity;h4_ob_target_swept_liquidity_fractal;h4_ob_target_swept_liquidity_fvg;h4_ob_target_swept_liquidity_internal;h4_ob_target_swept_liquidity_previous_candle;h4_ob_target_swept_liquidity_swing;h4_ob_target_within_daily_ob
2020-10-12,Monday,london,2020-10-12 07:00:00+00:00,2020-10-12 18:00:00+00:00,bearish,137.538,137.828,136.81300000000005,137.667,0.28999999999999204,16.176470588235293,loss,-0.4448275862068766,cut_19h,1.1068965517241613,-0.4448275862068766,cut_19h,False,1,11,0 days 11:00:00,0.0,True,,,2.5,2020-10-12 07:00:00+00:00,False,137.808,137.652,1,daily_mitigation_ob_caused_displacement;daily_mitigation_ob_caused_imbalance;daily_mitigation_ob_flip_zone;daily_mitigation_ob_has_inducement;daily_mitigation_ob_swept_liquidity;daily_mitigation_ob_swept_liquidity_fractal;daily_mitigation_ob_swept_liquidity_fvg;daily_mitigation_ob_swept_liquidity_internal;daily_mitigation_ob_swept_liquidity_previous_candle;daily_mitigation_ob_swept_liquidity_swing;daily_ob_target_flip_zone;daily_ob_target_swept_liquidity_fractal;daily_ob_target_swept_liquidity_fvg;daily_ob_target_swept_liquidity_internal;daily_ob_target_swept_liquidity_previous_candle;daily_ob_target_swept_liquidity_swing;h1_mitigation_ob_flip_zone;h1_mitigation_ob_swept_liquidity_fractal;h1_mitigation_ob_swept_liquidity_fvg;h1_mitigation_ob_swept_liquidity_internal;h1_mitigation_ob_swept_liquidity_previous_candle;h1_mitigation_ob_swept_liquidity_swing;h1_ob_target_flip_zone;h1_ob_target_swept_liquidity;h1_ob_target_swept_liquidity_fvg;h1_ob_target_swept_liquidity_internal;h1_ob_target_swept_liquidity_previous_candle;h1_ob_target_swept_liquidity_swing;h4_mitigation_ob_caused_displacement;h4_mitigation_ob_caused_imbalance;h4_mitigation_ob_flip_zone;h4_mitigation_ob_has_inducement;h4_mitigation_ob_swept_liquidity;h4_mitigation_ob_swept_liquidity_fractal;h4_mitigation_ob_swept_liquidity_fvg;h4_mitigation_ob_swept_liquidity_internal;h4_mitigation_ob_swept_liquidity_previous_candle;h4_mitigation_ob_swept_liquidity_swing;h4_mitigation_ob_within_daily_ob;h4_ob_target_flip_zone;h4_ob_target_swept_liquidity_fractal;h4_ob_target_swept_liquidity_fvg;h4_ob_target_swept_liquidity_internal;h4_ob_target_swept_liquidity_previous_candle;h4_ob_target_swept_liquidity_swing
2020-10-12,Monday,ny,2020-10-12 11:00:00+00:00,2020-10-13 08:00:00+00:00,bullish,137.31,136.914,138.30000000000004,137.31,0.396000000000015,7.352941176470589,breakeven,0.0,be_stop,1.0050505050504572,0.0,be_stop,True,1,21,0 days 21:00:00,3.900000000001569,True,,,2.5,2020-10-12 10:00:00+00:00,True,137.261,136.934,1,daily_mitigation_ob_flip_zone;daily_mitigation_ob_swept_liquidity_fractal;daily_mitigation_ob_swept_liquidity_fvg;daily_mitigation_ob_swept_liquidity_internal;daily_mitigation_ob_swept_liquidity_previous_candle;daily_mitigation_ob_swept_liquidity_swing;daily_ob_target_caused_displacement;daily_ob_target_caused_imbalance;daily_ob_target_flip_zone;daily_ob_target_has_inducement;daily_ob_target_swept_liquidity;daily_ob_target_swept_liquidity_fractal;daily_ob_target_swept_liquidity_fvg;daily_ob_target_swept_liquidity_internal;daily_ob_target_swept_liquidity_previous_candle;daily_ob_target_swept_liquidity_swing;h1_mitigation_ob_flip_zone;h1_mitigation_ob_swept_liquidity;h1_mitigation_ob_swept_liquidity_fvg;h1_mitigation_ob_swept_liquidity_internal;h1_mitigation_ob_swept_liquidity_previous_candle;h1_mitigation_ob_swept_liquidity_swing;h1_ob_target_flip_zone;h1_ob_target_swept_liquidity;h1_ob_target_swept_liquidity_fractal;h1_ob_target_swept_liquidity_internal;h1_ob_target_swept_liquidity_previous_candle;h1_ob_target_swept_liquidity_swing;h4_mitigation_ob_flip_zone;h4_mitigation_ob_swept_liquidity_fractal;h4_mitigation_ob_swept_liquidity_fvg;h4_mitigation_ob_swept_liquidity_internal;h4_mitigation_ob_swept_liquidity_previous_candle;h4_mitigation_ob_swept_liquidity_swing;h4_ob_target_caused_displacement;h4_ob_target_caused_imbalance;h4_ob_target_flip_zone;h4_ob_target_has_inducement;h4_ob_target_swept_liquidity;h4_ob_target_swept_liquidity_fractal;h4_ob_target_swept_liquidity_fvg;h4_ob_target_swept_liquidity_internal;h4_ob_target_swept_liquidity_previous_candle;h4_ob_target_swept_liquidity_swing;h4_ob_target_within_daily_ob
2020-10-13,Tuesday,london,2020-10-13 06:00:00+00:00,2020-10-13 08:00:00+00:00,bearish,137.456,137.66,136.94599999999997,137.66,0.20400000000000773,15.0,loss,-1.0,sl,0.906862745098016,-1.0,sl,False,0,2,0 days 02:00:00,8.500000000000796,True,,,2.5,2020-10-13 05:00:00+00:00,True,137.64,137.56,1,daily_mitigation_ob_caused_displacement;daily_mitigation_ob_caused_imbalance;daily_mitigation_ob_flip_zone;daily_mitigation_ob_has_inducement;daily_mitigation_ob_swept_liquidity;daily_mitigation_ob_swept_liquidity_fractal;daily_mitigation_ob_swept_liquidity_fvg;daily_mitigation_ob_swept_liquidity_internal;daily_mitigation_ob_swept_liquidity_previous_candle;daily_mitigation_ob_swept_liquidity_swing;daily_ob_target_caused_displacement;daily_ob_target_caused_imbalance;daily_ob_target_flip_zone;daily_ob_target_has_inducement;daily_ob_target_swept_liquidity;daily_ob_target_swept_liquidity_fractal;daily_ob_target_swept_liquidity_fvg;daily_ob_target_swept_liquidity_internal;daily_ob_target_swept_liquidity_previous_candle;daily_ob_target_swept_liquidity_swing;h1_mitigation_ob_flip_zone;h1_mitigation_ob_swept_liquidity;h1_mitigation_ob_swept_liquidity_fractal;h1_mitigation_ob_swept_liquidity_fvg;h1_mitigation_ob_swept_liquidity_internal;h1_mitigation_ob_swept_liquidity_swing;h1_ob_target_flip_zone;h1_ob_target_swept_liquidity;h1_ob_target_swept_liquidity_fvg;h1_ob_target_swept_liquidity_internal;h1_ob_target_swept_liquidity_previous_candle;h1_ob_target_swept_liquidity_swing;h4_mitigation_ob_caused_displacement;h4_mitigation_ob_caused_imbalance;h4_mitigation_ob_flip_zone;h4_mitigation_ob_has_inducement;h4_mitigation_ob_swept_liquidity;h4_mitigation_ob_swept_liquidity_fractal;h4_mitigation_ob_swept_liquidity_fvg;h4_mitigation_ob_swept_liquidity_internal;h4_mitigation_ob_swept_liquidity_previous_candle;h4_mitigation_ob_swept_liquidity_swing;h4_mitigation_ob_within_daily_ob;h4_ob_target_flip_zone;h4_ob_target_swept_liquidity_fractal;h4_ob_target_swept_liquidity_fvg;h4_ob_target_swept_liquidity_internal;h4_ob_target_swept_liquidity_previous_candle;h4_ob_target_swept_liquidity_swing
2020-10-13,Tuesday,ny,2020-10-13 11:00:00+00:00,2020-10-13 12:00:00+00:00,bullish,137.482,137.41299999999998,137.65450000000004,137.41299999999998,0.06900000000001683,18.75,loss,-1.0,sl,0.0,-1.0,sl,False,0,1,0 days 01:00:00,15.199999999998681,True,,,2.5,2020-10-13 11:00:00+00:00,False,137.584,137.433,1,daily_mitigation_ob_flip_zone;daily_mitigation_ob_swept_liquidity_fractal;daily_mitigation_ob_swept_liquidity_fvg;daily_mitigation_ob_swept_liquidity_internal;daily_mitigation_ob_swept_liquidity_previous_candle;daily_mitigation_ob_swept_liquidity_swing;daily_ob_target_caused_displacement;daily_ob_target_caused_imbalance;daily_ob_target_flip_zone;daily_ob_target_has_inducement;daily_ob_target_swept_liquidity;daily_ob_target_swept_liquidity_fractal;daily_ob_target_swept_liquidity_fvg;daily_ob_target_swept_liquidity_internal;daily_ob_target_swept_liquidity_previous_candle;daily_ob_target_swept_liquidity_swing;h1_mitigation_ob_flip_zone;h1_mitigation_ob_swept_liquidity;h1_mitigation_ob_swept_liquidity_fvg;h1_mitigation_ob_swept_liquidity_internal;h1_mitigation_ob_swept_liquidity_previous_candle;h1_mitigation_ob_swept_liquidity_swing;h1_ob_target_caused_displacement;h1_ob_target_caused_imbalance;h1_ob_target_flip_zone;h1_ob_target_has_inducement;h1_ob_target_swept_liquidity;h1_ob_target_swept_liquidity_fractal;h1_ob_target_swept_liquidity_fvg;h1_ob_target_swept_liquidity_internal;h1_ob_target_swept_liquidity_previous_candle;h1_ob_target_swept_liquidity_swing;h1_ob_target_within_h4_ob;h4_mitigation_ob_caused_displacement;h4_mitigation_ob_caused_imbalance;h4_mitigation_ob_flip_zone;h4_mitigation_ob_has_inducement;h4_mitigation_ob_swept_liquidity;h4_mitigation_ob_swept_liquidity_fractal;h4_mitigation_ob_swept_liquidity_fvg;h4_mitigation_ob_swept_liquidity_internal;h4_mitigation_ob_swept_liquidity_previous_candle;h4_mitigation_ob_swept_liquidity_swing;h4_mitigation_ob_within_daily_ob;h4_ob_target_caused_displacement;h4_ob_target_caused_imbalance;h4_ob_target_flip_zone;h4_ob_target_has_inducement;h4_ob_target_swept_liquidity;h4_ob_target_swept_liquidity_fractal;h4_ob_target_swept_liquidity_fvg;h4_ob_target_swept_liquidity_internal;h4_ob_target_swept_liquidity_previous_candle;h4_ob_target_swept_liquidity_swing;h4_ob_target_within_daily_ob
2020-10-14,Wednesday,london,2020-10-14 08:00:00+00:00,2020-10-15 11:00:00+00:00,bullish,135.974,135.178,137.96399999999997,135.974,0.7959999999999923,-6.451612903225806,breakeven,0.0,be_stop,1.7022613065327028,0.0,be_stop,True,1,27,1 days 03:00:00,9.199999999998454,True,,,2.5,2020-10-14 08:00:00+00:00,False,135.827,135.198,1,daily_mitigation_ob_caused_displacement;daily_mitigation_ob_caused_imbalance;daily_mitigation_ob_flip_zone;daily_mitigation_ob_has_inducement;daily_mitigation_ob_swept_liquidity;daily_mitigation_ob_swept_liquidity_fractal;daily_mitigation_ob_swept_liquidity_fvg;daily_mitigation_ob_swept_liquidity_internal;daily_mitigation_ob_swept_liquidity_previous_candle;daily_mitigation_ob_swept_liquidity_swing;daily_ob_target_caused_displacement;daily_ob_target_caused_imbalance;daily_ob_target_flip_zone;daily_ob_target_has_inducement;daily_ob_target_swept_liquidity;daily_ob_target_swept_liquidity_fractal;daily_ob_target_swept_liquidity_fvg;daily_ob_target_swept_liquidity_internal;daily_ob_target_swept_liquidity_previous_candle;daily_ob_target_swept_liquidity_swing;h1_mitigation_ob_flip_zone;h1_mitigation_ob_swept_liquidity_fractal;h1_mitigation_ob_swept_liquidity_fvg;h1_mitigation_ob_swept_liquidity_internal;h1_mitigation_ob_swept_liquidity_previous_candle;h1_mitigation_ob_swept_liquidity_swing;h1_ob_target_flip_zone;h1_ob_target_swept_liquidity;h1_ob_target_swept_liquidity_fractal;h1_ob_target_swept_liquidity_internal;h1_ob_target_swept_liquidity_swing;h4_mitigation_ob_caused_displacement;h4_mitigation_ob_caused_imbalance;h4_mitigation_ob_flip_zone;h4_mitigation_ob_has_inducement;h4_mitigation_ob_swept_liquidity;h4_mitigation_ob_swept_liquidity_fractal;h4_mitigation_ob_swept_liquidity_fvg;h4_mitigation_ob_swept_liquidity_internal;h4_mitigation_ob_swept_liquidity_previous_candle;h4_mitigation_ob_swept_liquidity_swing;h4_mitigation_ob_within_daily_ob;h4_ob_target_flip_zone;h4_ob_target_swept_liquidity_fractal;h4_ob_target_swept_liquidity_fvg;h4_ob_target_swept_liquidity_internal;h4_ob_target_swept_liquidity_previous_candle;h4_ob_target_swept_liquidity_swing
2020-10-15,Thursday,ny,2020-10-15 11:00:00+00:00,2020-10-15 12:00:00+00:00,bullish,136.074,136.011,136.23150000000004,136.011,0.0630000000000166,-12.5,loss,-1.0,sl,0.0,-1.0,sl,False,0,1,0 days 01:00:00,19.200000000000728,True,,,2.5,2020-10-15 11:00:00+00:00,False,136.2,136.031,1,daily_mitigation_ob_caused_displacement;daily_mitigation_ob_caused_imbalance;daily_mitigation_ob_flip_zone;daily_mitigation_ob_has_inducement;daily_mitigation_ob_swept_liquidity;daily_mitigation_ob_swept_liquidity_fractal;daily_mitigation_ob_swept_liquidity_fvg;daily_mitigation_ob_swept_liquidity_internal;daily_mitigation_ob_swept_liquidity_previous_candle;daily_mitigation_ob_swept_liquidity_swing;daily_ob_target_caused_displacement;daily_ob_target_caused_imbalance;daily_ob_target_flip_zone;daily_ob_target_has_inducement;daily_ob_target_swept_liquidity;daily_ob_target_swept_liquidity_fractal;daily_ob_target_swept_liquidity_fvg;daily_ob_target_swept_liquidity_internal;daily_ob_target_swept_liquidity_previous_candle;daily_ob_target_swept_liquidity_swing;h1_mitigation_ob_flip_zone;h1_mitigation_ob_swept_liquidity_fractal;h1_mitigation_ob_swept_liquidity_fvg;h1_mitigation_ob_swept_liquidity_internal;h1_mitigation_ob_swept_liquidity_previous_candle;h1_mitigation_ob_swept_liquidity_swing;h1_ob_target_caused_displacement;h1_ob_target_caused_imbalance;h1_ob_target_flip_zone;h1_ob_target_has_inducement;h1_ob_target_swept_liquidity;h1_ob_target_swept_liquidity_fractal;h1_ob_target_swept_liquidity_fvg;h1_ob_target_swept_liquidity_internal;h1_ob_target_swept_liquidity_previous_candle;h1_ob_target_swept_liquidity_swing;h1_ob_target_within_h4_ob;h4_mitigation_ob_caused_displacement;h4_mitigation_ob_caused_imbalance;h4_mitigation_ob_flip_zone;h4_mitigation_ob_has_inducement;h4_mitigation_ob_swept_liquidity;h4_mitigation_ob_swept_liquidity_fractal;h4_mitigation_ob_swept_liquidity_fvg;h4_mitigation_ob_swept_liquidity_internal;h4_mitigation_ob_swept_liquidity_previous_candle;h4_mitigation_ob_swept_liquidity_swing;h4_mitigation_ob_within_daily_ob;h4_ob_target_caused_displacement;h4_ob_target_caused_imbalance;h4_ob_target_flip_zone;h4_ob_target_has_inducement;h4_ob_target_swept_liquidity;h4_ob_target_swept_liquidity_fractal;h4_ob_target_swept_liquidity_fvg;h4_ob_target_swept_liquidity_internal;h4_ob_target_swept_liquidity_previous_candle;h4_ob_target_swept_liquidity_swing;h4_ob_target_within_daily_ob
2020-10-16,Friday,london,2020-10-16 07:00:00+00:00,2020-10-16 10:00:00+00:00,bearish,136.185,136.305,135.885,136.305,0.12000000000000455,34.0,loss,-1.0,sl,1.65,-1.0,sl,False,0,3,0 days 03:00:00,10.80000000000041,True,,,2.5,2020-10-16 07:00:00+00:00,False,136.285,135.855,1,daily_mitigation_ob_caused_displacement;daily_mitigation_ob_caused_imbalance;daily_mitigation_ob_flip_zone;daily_mitigation_ob_has_inducement;daily_mitigation_ob_swept_liquidity;daily_mitigation_ob_swept_liquidity_fractal;daily_mitigation_ob_swept_liquidity_fvg;daily_mitigation_ob_swept_liquidity_internal;daily_mitigation_ob_swept_liquidity_previous_candle;daily_mitigation_ob_swept_liquidity_swing;daily_ob_target_caused_displacement;daily_ob_target_caused_imbalance;daily_ob_target_flip_zone;daily_ob_target_has_inducement;daily_ob_target_swept_liquidity;daily_ob_target_swept_liquidity_fractal;daily_ob_target_swept_liquidity_fvg;daily_ob_target_swept_liquidity_internal;daily_ob_target_swept_liquidity_previous_candle;daily_ob_target_swept_liquidity_swing;h1_mitigation_ob_flip_zone;h1_mitigation_ob_swept_liquidity_fractal;h1_mitigation_ob_swept_liquidity_fvg;h1_mitigation_ob_swept_liquidity_internal;h1_mitigation_ob_swept_liquidity_previous_candle;h1_mitigation_ob_swept_liquidity_swing;h1_ob_target_caused_displacement;h1_ob_target_caused_imbalance;h1_ob_target_flip_zone;h1_ob_target_has_inducement;h1_ob_target_swept_liquidity;h1_ob_target_swept_liquidity_fractal;h1_ob_target_swept_liquidity_fvg;h1_ob_target_swept_liquidity_internal;h1_ob_target_swept_liquidity_previous_candle;h1_ob_target_swept_liquidity_swing;h1_ob_target_within_h4_ob;h4_mitigation_ob_flip_zone;h4_mitigation_ob_swept_liquidity_fractal;h4_mitigation_ob_swept_liquidity_fvg;h4_mitigation_ob_swept_liquidity_internal;h4_mitigation_ob_swept_liquidity_previous_candle;h4_mitigation_ob_swept_liquidity_swing;h4_ob_target_caused_displacement;h4_ob_target_caused_imbalance;h4_ob_target_flip_zone;h4_ob_target_has_inducement;h4_ob_target_swept_liquidity;h4_ob_target_swept_liquidity_fractal;h4_ob_target_swept_liquidity_fvg;h4_ob_target_swept_liquidity_internal;h4_ob_target_swept_liquidity_previous_candle;h4_ob_target_swept_liquidity_swing;h4_ob_target_within_daily_ob
2020-10-19,Monday,london,2020-10-19 08:00:00+00:00,2020-10-19 09:00:00+00:00,bearish,136.9,137.08200000000002,136.44499999999996,137.08200000000002,0.18200000000001637,20.0,loss,-1.0,sl,0.12637362637359376,-1.0,sl,False,0,1,0 days 01:00:00,3.099999999997749,True,,,2.5,2020-10-19 08:00:00+00:00,False,137.062,136.76,1,daily_mitigation_ob_caused_displacement;daily_mitigation_ob_caused_imbalance;daily_mitigation_ob_flip_zone;daily_mitigation_ob_has_inducement;daily_mitigation_ob_swept_liquidity;daily_mitigation_ob_swept_liquidity_fractal;daily_mitigation_ob_swept_liquidity_fvg;daily_mitigation_ob_swept_liquidity_internal;daily_mitigation_ob_swept_liquidity_previous_candle;daily_mitigation_ob_swept_liquidity_swing;daily_ob_target_caused_displacement;daily_ob_target_caused_imbalance;daily_ob_target_flip_zone;daily_ob_target_has_inducement;daily_ob_target_swept_liquidity;daily_ob_target_swept_liquidity_fractal;daily_ob_target_swept_liquidity_fvg;daily_ob_target_swept_liquidity_internal;daily_ob_target_swept_liquidity_previous_candle;daily_ob_target_swept_liquidity_swing;h1_mitigation_ob_flip_zone;h1_mitigation_ob_swept_liquidity_fractal;h1_mitigation_ob_swept_liquidity_fvg;h1_mitigation_ob_swept_liquidity_internal;h1_mitigation_ob_swept_liquidity_previous_candle;h1_mitigation_ob_swept_liquidity_swing;h1_ob_target_flip_zone;h1_ob_target_swept_liquidity;h1_ob_target_swept_liquidity_fractal;h1_ob_target_swept_liquidity_fvg;h1_ob_target_swept_liquidity_internal;h1_ob_target_swept_liquidity_swing;h4_mitigation_ob_caused_displacement;h4_mitigation_ob_caused_imbalance;h4_mitigation_ob_flip_zone;h4_mitigation_ob_has_inducement;h4_mitigation_ob_swept_liquidity;h4_mitigation_ob_swept_liquidity_fractal;h4_mitigation_ob_swept_liquidity_fvg;h4_mitigation_ob_swept_liquidity_internal;h4_mitigation_ob_swept_liquidity_previous_candle;h4_mitigation_ob_swept_liquidity_swing;h4_mitigation_ob_within_daily_ob;h4_ob_target_flip_zone;h4_ob_target_swept_liquidity_fractal;h4_ob_target_swept_liquidity_fvg;h4_ob_target_swept_liquidity_internal;h4_ob_target_swept_liquidity_previous_candle;h4_ob_target_swept_liquidity_swing
2020-10-20,Tuesday,london,2020-10-20 08:00:00+00:00,2020-10-20 18:00:00+00:00,bullish,136.812,136.218,138.29700000000008,136.477,0.5940000000000225,30.0,loss,-0.563973063973056,cut_19h,0.36531986531982547,-0.563973063973056,cut_19h,False,1,10,0 days 10:00:00,0.0,True,,,2.5,2020-10-20 08:00:00+00:00,False,136.41,136.238,2,daily_mitigation_ob_caused_displacement;daily_mitigation_ob_caused_imbalance;daily_mitigation_ob_flip_zone;daily_mitigation_ob_has_inducement;daily_mitigation_ob_swept_liquidity;daily_mitigation_ob_swept_liquidity_fractal;daily_mitigation_ob_swept_liquidity_fvg;daily_mitigation_ob_swept_liquidity_internal;daily_mitigation_ob_swept_liquidity_previous_candle;daily_mitigation_ob_swept_liquidity_swing;daily_ob_target_caused_displacement;daily_ob_target_caused_imbalance;daily_ob_target_flip_zone;daily_ob_target_has_inducement;daily_ob_target_swept_liquidity;daily_ob_target_swept_liquidity_fractal;daily_ob_target_swept_liquidity_fvg;daily_ob_target_swept_liquidity_internal;daily_ob_target_swept_liquidity_previous_candle;daily_ob_target_swept_liquidity_swing;h1_mitigation_ob_flip_zone;h1_mitigation_ob_swept_liquidity;h1_mitigation_ob_swept_liquidity_fractal;h1_mitigation_ob_swept_liquidity_fvg;h1_mitigation_ob_swept_liquidity_internal;h1_mitigation_ob_swept_liquidity_swing;h1_ob_target_flip_zone;h1_ob_target_swept_liquidity_fractal;h1_ob_target_swept_liquidity_fvg;h1_ob_target_swept_liquidity_internal;h1_ob_target_swept_liquidity_previous_candle;h1_ob_target_swept_liquidity_swing;h4_mitigation_ob_caused_displacement;h4_mitigation_ob_caused_imbalance;h4_mitigation_ob_flip_zone;h4_mitigation_ob_has_inducement;h4_mitigation_ob_swept_liquidity;h4_mitigation_ob_swept_liquidity_fractal;h4_mitigation_ob_swept_liquidity_fvg;h4_mitigation_ob_swept_liquidity_internal;h4_mitigation_ob_swept_liquidity_previous_candle;h4_mitigation_ob_swept_liquidity_swing;h4_mitigation_ob_within_daily_ob;h4_ob_target_flip_zone;h4_ob_target_swept_liquidity_fractal;h4_ob_target_swept_liquidity_fvg;h4_ob_target_swept_liquidity_internal;h4_ob_target_swept_liquidity_previous_candle;h4_ob_target_swept_liquidity_swing
2020-10-20,Tuesday,ny,2020-10-20 11:00:00+00:00,2020-10-20 12:00:00+00:00,bullish,136.711,136.503,137.23100000000008,136.503,0.20800000000002683,22.58064516129032,loss,-1.0,sl,0.062499999999880436,-1.0,sl,False,0,1,0 days 01:00:00,1.6999999999995907,True,,,2.5,2020-10-20 11:00:00+00:00,False,136.719,136.523,1,daily_mitigation_ob_caused_displacement;daily_mitigation_ob_caused_imbalance;daily_mitigation_ob_flip_zone;daily_mitigation_ob_has_inducement;daily_mitigation_ob_swept_liquidity;daily_mitigation_ob_swept_liquidity_fractal;daily_mitigation_ob_swept_liquidity_fvg;daily_mitigation_ob_swept_liquidity_internal;daily_mitigation_ob_swept_liquidity_previous_candle;daily_mitigation_ob_swept_liquidity_swing;daily_ob_target_caused_displacement;daily_ob_target_caused_imbalance;daily_ob_target_flip_zone;daily_ob_target_has_inducement;daily_ob_target_swept_liquidity;daily_ob_target_swept_liquidity_fractal;daily_ob_target_swept_liquidity_fvg;daily_ob_target_swept_liquidity_internal;daily_ob_target_swept_liquidity_previous_candle;daily_ob_target_swept_liquidity_swing;h1_mitigation_ob_flip_zone;h1_mitigation_ob_swept_liquidity;h1_mitigation_ob_swept_liquidity_fractal;h1_mitigation_ob_swept_liquidity_fvg;h1_mitigation_ob_swept_liquidity_swing;h1_ob_target_flip_zone;h1_ob_target_swept_liquidity_fractal;h1_ob_target_swept_liquidity_fvg;h1_ob_target_swept_liquidity_internal;h1_ob_target_swept_liquidity_previous_candle;h1_ob_target_swept_liquidity_swing;h4_mitigation_ob_caused_displacement;h4_mitigation_ob_caused_imbalance;h4_mitigation_ob_flip_zone;h4_mitigation_ob_has_inducement;h4_mitigation_ob_swept_liquidity;h4_mitigation_ob_swept_liquidity_fractal;h4_mitigation_ob_swept_liquidity_fvg;h4_mitigation_ob_swept_liquidity_internal;h4_mitigation_ob_swept_liquidity_previous_candle;h4_mitigation_ob_swept_liquidity_swing;h4_mitigation_ob_within_daily_ob;h4_ob_target_flip_zone;h4_ob_target_swept_liquidity_fractal;h4_ob_target_swept_liquidity_fvg;h4_ob_target_swept_liquidity_internal;h4_ob_target_swept_liquidity_previous_candle;h4_ob_target_swept_liquidity_swing
2020-10-22,Thursday,ny,2020-10-22 13:00:00+00:00,2020-10-22 18:00:00+00:00,bullish,137.201,136.78199999999998,138.24850000000004,137.201,0.41900000000001114,22.0,breakeven,0.0,be_stop,0.27446300715991895,0.0,be_stop,True,1,5,0 days 05:00:00,8.699999999998909,True,,,2.5,2020-10-22 13:00:00+00:00,False,136.985,136.802,1,daily_mitigation_ob_caused_displacement;daily_mitigation_ob_caused_imbalance;daily_mitigation_ob_flip_zone;daily_mitigation_ob_has_inducement;daily_mitigation_ob_swept_liquidity;daily_mitigation_ob_swept_liquidity_fractal;daily_mitigation_ob_swept_liquidity_fvg;daily_mitigation_ob_swept_liquidity_internal;daily_mitigation_ob_swept_liquidity_previous_candle;daily_mitigation_ob_swept_liquidity_swing;daily_ob_target_caused_displacement;daily_ob_target_caused_imbalance;daily_ob_target_flip_zone;daily_ob_target_has_inducement;daily_ob_target_swept_liquidity;daily_ob_target_swept_liquidity_fractal;daily_ob_target_swept_liquidity_fvg;daily_ob_target_swept_liquidity_internal;daily_ob_target_swept_liquidity_previous_candle;daily_ob_target_swept_liquidity_swing;h1_mitigation_ob_flip_zone;h1_mitigation_ob_swept_liquidity_fractal;h1_mitigation_ob_swept_liquidity_fvg;h1_mitigation_ob_swept_liquidity_internal;h1_mitigation_ob_swept_liquidity_previous_candle;h1_mitigation_ob_swept_liquidity_swing;h1_ob_target_flip_zone;h1_ob_target_swept_liquidity;h1_ob_target_swept_liquidity_fractal;h1_ob_target_swept_liquidity_fvg;h1_ob_target_swept_liquidity_internal;h1_ob_target_swept_liquidity_swing;h4_mitigation_ob_caused_displacement;h4_mitigation_ob_caused_imbalance;h4_mitigation_ob_flip_zone;h4_mitigation_ob_has_inducement;h4_mitigation_ob_swept_liquidity;h4_mitigation_ob_swept_liquidity_fractal;h4_mitigation_ob_swept_liquidity_fvg;h4_mitigation_ob_swept_liquidity_internal;h4_mitigation_ob_swept_liquidity_previous_candle;h4_mitigation_ob_swept_liquidity_swing;h4_mitigation_ob_within_daily_ob;h4_ob_target_caused_displacement;h4_ob_target_caused_imbalance;h4_ob_target_flip_zone;h4_ob_target_has_inducement;h4_ob_target_swept_liquidity;h4_ob_target_swept_liquidity_fractal;h4_ob_target_swept_liquidity_fvg;h4_ob_target_swept_liquidity_internal;h4_ob_target_swept_liquidity_previous_candle;h4_ob_target_swept_liquidity_swing;h4_ob_target_within_daily_ob
2020-10-23,Friday,london,2020-10-23 06:00:00+00:00,2020-10-23 12:00:00+00:00,bullish,136.755,136.577,137.2,137.2,0.17799999999999727,22.857142857142858,win,2.5,tp,3.2022471910112467,-1.0,sl,False,0,6,0 days 06:00:00,3.999999999999204,True,,,2.5,2020-10-23 05:00:00+00:00,True,136.708,136.597,1,daily_mitigation_ob_caused_displacement;daily_mitigation_ob_caused_imbalance;daily_mitigation_ob_flip_zone;daily_mitigation_ob_has_inducement;daily_mitigation_ob_swept_liquidity;daily_mitigation_ob_swept_liquidity_fractal;daily_mitigation_ob_swept_liquidity_fvg;daily_mitigation_ob_swept_liquidity_internal;daily_mitigation_ob_swept_liquidity_previous_candle;daily_mitigation_ob_swept_liquidity_swing;daily_ob_target_caused_displacement;daily_ob_target_caused_imbalance;daily_ob_target_flip_zone;daily_ob_target_has_inducement;daily_ob_target_swept_liquidity;daily_ob_target_swept_liquidity_fractal;daily_ob_target_swept_liquidity_fvg;daily_ob_target_swept_liquidity_internal;daily_ob_target_swept_liquidity_previous_candle;daily_ob_target_swept_liquidity_swing;h1_mitigation_ob_flip_zone;h1_mitigation_ob_swept_liquidity;h1_mitigation_ob_swept_liquidity_fractal;h1_mitigation_ob_swept_liquidity_fvg;h1_mitigation_ob_swept_liquidity_internal;h1_mitigation_ob_swept_liquidity_swing;h1_ob_target_flip_zone;h1_ob_target_swept_liquidity_fractal;h1_ob_target_swept_liquidity_fvg;h1_ob_target_swept_liquidity_internal;h1_ob_target_swept_liquidity_previous_candle;h1_ob_target_swept_liquidity_swing;h4_mitigation_ob_flip_zone;h4_mitigation_ob_swept_liquidity_fractal;h4_mitigation_ob_swept_liquidity_fvg;h4_mitigation_ob_swept_liquidity_internal;h4_mitigation_ob_swept_liquidity_previous_candle;h4_mitigation_ob_swept_liquidity_swing;h4_ob_target_flip_zone;h4_ob_target_swept_liquidity;h4_ob_target_swept_liquidity_fractal;h4_ob_target_swept_liquidity_fvg;h4_ob_target_swept_liquidity_internal;h4_ob_target_swept_liquidity_swing
2020-10-23,Friday,london,2020-10-23 06:00:00+00:00,2020-10-23 07:00:00+00:00,bearish,136.755,136.937,136.29999999999995,136.937,0.18200000000001637,22.0,loss,-1.0,sl,0.23076923076921876,-1.0,sl,False,0,1,0 days 01:00:00,19.799999999997908,True,,,2.5,2020-10-23 06:00:00+00:00,False,136.917,136.792,1,daily_mitigation_ob_caused_displacement;daily_mitigation_ob_caused_imbalance;daily_mitigation_ob_flip_zone;daily_mitigation_ob_has_inducement;daily_mitigation_ob_swept_liquidity;daily_mitigation_ob_swept_liquidity_fractal;daily_mitigation_ob_swept_liquidity_fvg;daily_mitigation_ob_swept_liquidity_internal;daily_mitigation_ob_swept_liquidity_previous_candle;daily_mitigation_ob_swept_liquidity_swing;daily_ob_target_caused_displacement;daily_ob_target_caused_imbalance;daily_ob_target_flip_zone;daily_ob_target_has_inducement;daily_ob_target_swept_liquidity;daily_ob_target_swept_liquidity_fractal;daily_ob_target_swept_liquidity_fvg;daily_ob_target_swept_liquidity_internal;daily_ob_target_swept_liquidity_previous_candle;daily_ob_target_swept_liquidity_swing;h1_mitigation_ob_flip_zone;h1_mitigation_ob_swept_liquidity_fractal;h1_mitigation_ob_swept_liquidity_fvg;h1_mitigation_ob_swept_liquidity_internal;h1_mitigation_ob_swept_liquidity_previous_candle;h1_mitigation_ob_swept_liquidity_swing;h1_ob_target_caused_displacement;h1_ob_target_caused_imbalance;h1_ob_target_flip_zone;h1_ob_target_has_inducement;h1_ob_target_swept_liquidity;h1_ob_target_swept_liquidity_fractal;h1_ob_target_swept_liquidity_fvg;h1_ob_target_swept_liquidity_internal;h1_ob_target_swept_liquidity_previous_candle;h1_ob_target_swept_liquidity_swing;h1_ob_target_within_h4_ob;h4_mitigation_ob_caused_displacement;h4_mitigation_ob_caused_imbalance;h4_mitigation_ob_flip_zone;h4_mitigation_ob_has_inducement;h4_mitigation_ob_swept_liquidity;h4_mitigation_ob_swept_liquidity_fractal;h4_mitigation_ob_swept_liquidity_fvg;h4_mitigation_ob_swept_liquidity_internal;h4_mitigation_ob_swept_liquidity_previous_candle;h4_mitigation_ob_swept_liquidity_swing;h4_mitigation_ob_within_daily_ob;h4_ob_target_flip_zone;h4_ob_target_swept_liquidity_fractal;h4_ob_target_swept_liquidity_fvg;h4_ob_target_swept_liquidity_internal;h4_ob_target_swept_liquidity_previous_candle;h4_ob_target_swept_liquidity_swing
2020-10-23,Friday,london,2020-10-23 08:00:00+00:00,2020-10-23 12:00:00+00:00,bearish,136.93,137.279,136.05750000000003,137.279,0.34899999999998954,19.230769230769234,loss,-1.0,sl,0.5988538681948695,-1.0,sl,False,0,4,0 days 04:00:00,4.599999999999227,True,,,2.5,2020-10-23 08:00:00+00:00,False,137.259,137.133,1,daily_mitigation_ob_caused_displacement;daily_mitigation_ob_caused_imbalance;daily_mitigation_ob_flip_zone;daily_mitigation_ob_has_inducement;daily_mitigation_ob_swept_liquidity;daily_mitigation_ob_swept_liquidity_fractal;daily_mitigation_ob_swept_liquidity_fvg;daily_mitigation_ob_swept_liquidity_internal;daily_mitigation_ob_swept_liquidity_previous_candle;daily_mitigation_ob_swept_liquidity_swing;daily_ob_target_caused_displacement;daily_ob_target_caused_imbalance;daily_ob_target_flip_zone;daily_ob_target_has_inducement;daily_ob_target_swept_liquidity;daily_ob_target_swept_liquidity_fractal;daily_ob_target_swept_liquidity_fvg;daily_ob_target_swept_liquidity_internal;daily_ob_target_swept_liquidity_previous_candle;daily_ob_target_swept_liquidity_swing;h1_mitigation_ob_flip_zone;h1_mitigation_ob_swept_liquidity;h1_mitigation_ob_swept_liquidity_fvg;h1_mitigation_ob_swept_liquidity_internal;h1_mitigation_ob_swept_liquidity_swing;h1_ob_target_caused_displacement;h1_ob_target_caused_imbalance;h1_ob_target_flip_zone;h1_ob_target_has_inducement;h1_ob_target_swept_liquidity;h1_ob_target_swept_liquidity_fractal;h1_ob_target_swept_liquidity_fvg;h1_ob_target_swept_liquidity_internal;h1_ob_target_swept_liquidity_previous_candle;h1_ob_target_swept_liquidity_swing;h1_ob_target_within_h4_ob;h4_mitigation_ob_flip_zone;h4_mitigation_ob_swept_liquidity;h4_mitigation_ob_swept_liquidity_fractal;h4_mitigation_ob_swept_liquidity_fvg;h4_mitigation_ob_swept_liquidity_internal;h4_mitigation_ob_swept_liquidity_swing;h4_ob_target_caused_displacement;h4_ob_target_caused_imbalance;h4_ob_target_flip_zone;h4_ob_target_has_inducement;h4_ob_target_swept_liquidity;h4_ob_target_swept_liquidity_fractal;h4_ob_target_swept_liquidity_fvg;h4_ob_target_swept_liquidity_internal;h4_ob_target_swept_liquidity_previous_candle;h4_ob_target_swept_liquidity_swing;h4_ob_target_within_daily_ob
2020-10-27,Tuesday,london,2020-10-27 07:00:00+00:00,2020-10-27 08:00:00+00:00,bullish,136.488,136.39999999999998,136.70800000000006,136.39999999999998,0.08800000000002228,17.5,loss,-1.0,sl,0.0,-1.0,sl,False,0,1,0 days 01:00:00,20.69999999999652,True,,,2.5,2020-10-27 07:00:00+00:00,False,136.515,136.42,1,daily_mitigation_ob_caused_displacement;daily_mitigation_ob_caused_imbalance;daily_mitigation_ob_flip_zone;daily_mitigation_ob_has_inducement;daily_mitigation_ob_swept_liquidity;daily_mitigation_ob_swept_liquidity_fractal;daily_mitigation_ob_swept_liquidity_fvg;daily_mitigation_ob_swept_liquidity_internal;daily_mitigation_ob_swept_liquidity_previous_candle;daily_mitigation_ob_swept_liquidity_swing;daily_ob_target_caused_displacement;daily_ob_target_caused_imbalance;daily_ob_target_flip_zone;daily_ob_target_has_inducement;daily_ob_target_swept_liquidity;daily_ob_target_swept_liquidity_fractal;daily_ob_target_swept_liquidity_fvg;daily_ob_target_swept_liquidity_internal;daily_ob_target_swept_liquidity_previous_candle;daily_ob_target_swept_liquidity_swing;h1_mitigation_ob_flip_zone;h1_mitigation_ob_swept_liquidity_fractal;h1_mitigation_ob_swept_liquidity_fvg;h1_mitigation_ob_swept_liquidity_internal;h1_mitigation_ob_swept_liquidity_previous_candle;h1_mitigation_ob_swept_liquidity_swing;h1_ob_target_caused_displacement;h1_ob_target_caused_imbalance;h1_ob_target_flip_zone;h1_ob_target_has_inducement;h1_ob_target_swept_liquidity;h1_ob_target_swept_liquidity_fractal;h1_ob_target_swept_liquidity_fvg;h1_ob_target_swept_liquidity_internal;h1_ob_target_swept_liquidity_previous_candle;h1_ob_target_swept_liquidity_swing;h1_ob_target_within_h4_ob;h4_mitigation_ob_caused_displacement;h4_mitigation_ob_caused_imbalance;h4_mitigation_ob_flip_zone;h4_mitigation_ob_has_inducement;h4_mitigation_ob_swept_liquidity;h4_mitigation_ob_swept_liquidity_fractal;h4_mitigation_ob_swept_liquidity_fvg;h4_mitigation_ob_swept_liquidity_internal;h4_mitigation_ob_swept_liquidity_previous_candle;h4_mitigation_ob_swept_liquidity_swing;h4_mitigation_ob_within_daily_ob;h4_ob_target_caused_displacement;h4_ob_target_caused_imbalance;h4_ob_target_flip_zone;h4_ob_target_has_inducement;h4_ob_target_swept_liquidity;h4_ob_target_swept_liquidity_fractal;h4_ob_target_swept_liquidity_fvg;h4_ob_target_swept_liquidity_internal;h4_ob_target_swept_liquidity_previous_candle;h4_ob_target_swept_liquidity_swing;h4_ob_target_within_daily_ob
2020-10-27,Tuesday,ny,2020-10-27 12:00:00+00:00,2020-10-27 19:00:00+00:00,bearish,136.363,136.60500000000002,135.75799999999995,136.416,0.24200000000001864,32.5,loss,-0.21900826446278177,cut_19h,0.6694214876032796,-0.21900826446278177,cut_19h,False,1,7,0 days 07:00:00,0.0,True,,,2.5,2020-10-27 12:00:00+00:00,False,136.585,136.485,1,daily_mitigation_ob_caused_displacement;daily_mitigation_ob_caused_imbalance;daily_mitigation_ob_flip_zone;daily_mitigation_ob_has_inducement;daily_mitigation_ob_swept_liquidity;daily_mitigation_ob_swept_liquidity_fractal;daily_mitigation_ob_swept_liquidity_fvg;daily_mitigation_ob_swept_liquidity_internal;daily_mitigation_ob_swept_liquidity_previous_candle;daily_mitigation_ob_swept_liquidity_swing;daily_ob_target_caused_displacement;daily_ob_target_caused_imbalance;daily_ob_target_flip_zone;daily_ob_target_has_inducement;daily_ob_target_swept_liquidity;daily_ob_target_swept_liquidity_fractal;daily_ob_target_swept_liquidity_fvg;daily_ob_target_swept_liquidity_internal;daily_ob_target_swept_liquidity_previous_candle;daily_ob_target_swept_liquidity_swing;h1_mitigation_ob_flip_zone;h1_mitigation_ob_swept_liquidity;h1_mitigation_ob_swept_liquidity_fractal;h1_mitigation_ob_swept_liquidity_fvg;h1_mitigation_ob_swept_liquidity_internal;h1_mitigation_ob_swept_liquidity_swing;h1_ob_target_caused_displacement;h1_ob_target_caused_imbalance;h1_ob_target_flip_zone;h1_ob_target_has_inducement;h1_ob_target_swept_liquidity;h1_ob_target_swept_liquidity_fractal;h1_ob_target_swept_liquidity_fvg;h1_ob_target_swept_liquidity_internal;h1_ob_target_swept_liquidity_previous_candle;h1_ob_target_swept_liquidity_swing;h1_ob_target_within_h4_ob;h4_mitigation_ob_caused_displacement;h4_mitigation_ob_caused_imbalance;h4_mitigation_ob_flip_zone;h4_mitigation_ob_has_inducement;h4_mitigation_ob_swept_liquidity;h4_mitigation_ob_swept_liquidity_fractal;h4_mitigation_ob_swept_liquidity_fvg;h4_mitigation_ob_swept_liquidity_internal;h4_mitigation_ob_swept_liquidity_previous_candle;h4_mitigation_ob_swept_liquidity_swing;h4_mitigation_ob_within_daily_ob;h4_ob_target_caused_displacement;h4_ob_target_caused_imbalance;h4_ob_target_flip_zone;h4_ob_target_has_inducement;h4_ob_target_swept_liquidity;h4_ob_target_swept_liquidity_fractal;h4_ob_target_swept_liquidity_fvg;h4_ob_target_swept_liquidity_internal;h4_ob_target_swept_liquidity_previous_candle;h4_ob_target_swept_liquidity_swing;h4_ob_target_within_daily_ob
2020-10-30,Friday,ny,2020-10-30 12:00:00+00:00,2020-10-30 13:00:00+00:00,bearish,135.52,135.678,135.12500000000006,135.678,0.15799999999998704,16.0,loss,-1.0,sl,0.0,-1.0,sl,False,0,1,0 days 01:00:00,12.100000000000932,True,,,2.5,2020-10-30 11:00:00+00:00,True,135.658,135.473,1,daily_mitigation_ob_caused_displacement;daily_mitigation_ob_caused_imbalance;daily_mitigation_ob_flip_zone;daily_mitigation_ob_has_inducement;daily_mitigation_ob_swept_liquidity;daily_mitigation_ob_swept_liquidity_fractal;daily_mitigation_ob_swept_liquidity_fvg;daily_mitigation_ob_swept_liquidity_internal;daily_mitigation_ob_swept_liquidity_previous_candle;daily_mitigation_ob_swept_liquidity_swing;daily_ob_target_caused_displacement;daily_ob_target_caused_imbalance;daily_ob_target_flip_zone;daily_ob_target_has_inducement;daily_ob_target_swept_liquidity;daily_ob_target_swept_liquidity_fractal;daily_ob_target_swept_liquidity_fvg;daily_ob_target_swept_liquidity_internal;daily_ob_target_swept_liquidity_previous_candle;daily_ob_target_swept_liquidity_swing;h1_mitigation_ob_flip_zone;h1_mitigation_ob_swept_liquidity;h1_mitigation_ob_swept_liquidity_fractal;h1_mitigation_ob_swept_liquidity_internal;h1_mitigation_ob_swept_liquidity_previous_candle;h1_mitigation_ob_swept_liquidity_swing;h1_ob_target_flip_zone;h1_ob_target_swept_liquidity_fractal;h1_ob_target_swept_liquidity_fvg;h1_ob_target_swept_liquidity_internal;h1_ob_target_swept_liquidity_previous_candle;h1_ob_target_swept_liquidity_swing;h4_mitigation_ob_caused_displacement;h4_mitigation_ob_caused_imbalance;h4_mitigation_ob_flip_zone;h4_mitigation_ob_has_inducement;h4_mitigation_ob_swept_liquidity;h4_mitigation_ob_swept_liquidity_fractal;h4_mitigation_ob_swept_liquidity_fvg;h4_mitigation_ob_swept_liquidity_internal;h4_mitigation_ob_swept_liquidity_previous_candle;h4_mitigation_ob_swept_liquidity_swing;h4_mitigation_ob_within_daily_ob;h4_ob_target_caused_displacement;h4_ob_target_caused_imbalance;h4_ob_target_flip_zone;h4_ob_target_has_inducement;h4_ob_target_swept_liquidity;h4_ob_target_swept_liquidity_fractal;h4_ob_target_swept_liquidity_fvg;h4_ob_target_swept_liquidity_internal;h4_ob_target_swept_liquidity_previous_candle;h4_ob_target_swept_liquidity_swing;h4_ob_target_within_daily_ob
2020-10-30,Friday,ny,2020-10-30 12:00:00+00:00,2020-10-30 19:00:00+00:00,bearish,135.52,135.809,134.79750000000004,135.643,0.28899999999998727,16.0,loss,-0.42560553633216563,friday_close,1.5397923875433952,-0.42560553633216563,friday_close,False,0,7,0 days 07:00:00,0.0,True,,,2.5,2020-10-30 12:00:00+00:00,False,135.789,135.586,1,daily_mitigation_ob_caused_displacement;daily_mitigation_ob_caused_imbalance;daily_mitigation_ob_flip_zone;daily_mitigation_ob_has_inducement;daily_mitigation_ob_swept_liquidity;daily_mitigation_ob_swept_liquidity_fractal;daily_mitigation_ob_swept_liquidity_fvg;daily_mitigation_ob_swept_liquidity_internal;daily_mitigation_ob_swept_liquidity_previous_candle;daily_mitigation_ob_swept_liquidity_swing;daily_ob_target_caused_displacement;daily_ob_target_caused_imbalance;daily_ob_target_flip_zone;daily_ob_target_has_inducement;daily_ob_target_swept_liquidity;daily_ob_target_swept_liquidity_fractal;daily_ob_target_swept_liquidity_fvg;daily_ob_target_swept_liquidity_internal;daily_ob_target_swept_liquidity_previous_candle;daily_ob_target_swept_liquidity_swing;h1_mitigation_ob_flip_zone;h1_mitigation_ob_swept_liquidity_fractal;h1_mitigation_ob_swept_liquidity_fvg;h1_mitigation_ob_swept_liquidity_internal;h1_mitigation_ob_swept_liquidity_previous_candle;h1_mitigation_ob_swept_liquidity_swing;h1_ob_target_flip_zone;h1_ob_target_swept_liquidity_fractal;h1_ob_target_swept_liquidity_fvg;h1_ob_target_swept_liquidity_internal;h1_ob_target_swept_liquidity_previous_candle;h1_ob_target_swept_liquidity_swing;h4_mitigation_ob_caused_displacement;h4_mitigation_ob_caused_imbalance;h4_mitigation_ob_flip_zone;h4_mitigation_ob_has_inducement;h4_mitigation_ob_swept_liquidity;h4_mitigation_ob_swept_liquidity_fractal;h4_mitigation_ob_swept_liquidity_fvg;h4_mitigation_ob_swept_liquidity_internal;h4_mitigation_ob_swept_liquidity_previous_candle;h4_mitigation_ob_swept_liquidity_swing;h4_mitigation_ob_within_daily_ob;h4_ob_target_caused_displacement;h4_ob_target_caused_imbalance;h4_ob_target_flip_zone;h4_ob_target_has_inducement;h4_ob_target_swept_liquidity;h4_ob_target_swept_liquidity_fractal;h4_ob_target_swept_liquidity_fvg;h4_ob_target_swept_liquidity_internal;h4_ob_target_swept_liquidity_previous_candle;h4_ob_target_swept_liquidity_swing;h4_ob_target_within_daily_ob
2020-11-05,Thursday,ny,2020-11-05 12:00:00+00:00,2020-11-05 19:00:00+00:00,bearish,135.817,136.357,134.46700000000004,135.879,0.539999999999992,19.230769230769234,loss,-0.11481481481478577,cut_19h,0.5370370370370828,-0.11481481481478577,cut_19h,False,1,7,0 days 07:00:00,0.0,True,,,2.5,2020-11-05 11:00:00+00:00,True,136.337,136.081,1,daily_mitigation_ob_caused_displacement;daily_mitigation_ob_caused_imbalance;daily_mitigation_ob_flip_zone;daily_mitigation_ob_has_inducement;daily_mitigation_ob_swept_liquidity;daily_mitigation_ob_swept_liquidity_fractal;daily_mitigation_ob_swept_liquidity_fvg;daily_mitigation_ob_swept_liquidity_internal;daily_mitigation_ob_swept_liquidity_previous_candle;daily_mitigation_ob_swept_liquidity_swing;daily_ob_target_caused_displacement;daily_ob_target_caused_imbalance;daily_ob_target_flip_zone;daily_ob_target_has_inducement;daily_ob_target_swept_liquidity;daily_ob_target_swept_liquidity_fractal;daily_ob_target_swept_liquidity_fvg;daily_ob_target_swept_liquidity_internal;daily_ob_target_swept_liquidity_previous_candle;daily_ob_target_swept_liquidity_swing;h1_mitigation_ob_flip_zone;h1_mitigation_ob_swept_liquidity_fractal;h1_mitigation_ob_swept_liquidity_fvg;h1_mitigation_ob_swept_liquidity_internal;h1_mitigation_ob_swept_liquidity_previous_candle;h1_mitigation_ob_swept_liquidity_swing;h1_ob_target_flip_zone;h1_ob_target_swept_liquidity;h1_ob_target_swept_liquidity_fractal;h1_ob_target_swept_liquidity_fvg;h1_ob_target_swept_liquidity_swing;h4_mitigation_ob_caused_displacement;h4_mitigation_ob_caused_imbalance;h4_mitigation_ob_flip_zone;h4_mitigation_ob_has_inducement;h4_mitigation_ob_swept_liquidity;h4_mitigation_ob_swept_liquidity_fractal;h4_mitigation_ob_swept_liquidity_fvg;h4_mitigation_ob_swept_liquidity_internal;h4_mitigation_ob_swept_liquidity_previous_candle;h4_mitigation_ob_swept_liquidity_swing;h4_mitigation_ob_within_daily_ob;h4_ob_target_caused_displacement;h4_ob_target_caused_imbalance;h4_ob_target_flip_zone;h4_ob_target_has_inducement;h4_ob_target_swept_liquidity;h4_ob_target_swept_liquidity_fractal;h4_ob_target_swept_liquidity_fvg;h4_ob_target_swept_liquidity_internal;h4_ob_target_swept_liquidity_previous_candle;h4_ob_target_swept_liquidity_swing;h4_ob_target_within_daily_ob
2020-11-05,Thursday,ny,2020-11-05 13:00:00+00:00,2020-11-05 15:00:00+00:00,bullish,135.672,135.56799999999998,135.93200000000002,135.93200000000002,0.10400000000001342,14.285714285714285,win,2.5,tp,5.394230769230141,0.0,be_stop,True,1,2,0 days 02:00:00,1.4000000000010004,True,,,2.5,2020-11-05 13:00:00+00:00,False,135.81,135.588,1,daily_mitigation_ob_caused_displacement;daily_mitigation_ob_caused_imbalance;daily_mitigation_ob_flip_zone;daily_mitigation_ob_has_inducement;daily_mitigation_ob_swept_liquidity;daily_mitigation_ob_swept_liquidity_fractal;daily_mitigation_ob_swept_liquidity_fvg;daily_mitigation_ob_swept_liquidity_internal;daily_mitigation_ob_swept_liquidity_previous_candle;daily_mitigation_ob_swept_liquidity_swing;daily_ob_target_caused_displacement;daily_ob_target_caused_imbalance;daily_ob_target_flip_zone;daily_ob_target_has_inducement;daily_ob_target_swept_liquidity;daily_ob_target_swept_liquidity_fractal;daily_ob_target_swept_liquidity_fvg;daily_ob_target_swept_liquidity_internal;daily_ob_target_swept_liquidity_previous_candle;daily_ob_target_swept_liquidity_swing;h1_mitigation_ob_flip_zone;h1_mitigation_ob_swept_liquidity;h1_mitigation_ob_swept_liquidity_fractal;h1_mitigation_ob_swept_liquidity_fvg;h1_mitigation_ob_swept_liquidity_swing;h1_ob_target_caused_displacement;h1_ob_target_caused_imbalance;h1_ob_target_flip_zone;h1_ob_target_has_inducement;h1_ob_target_swept_liquidity;h1_ob_target_swept_liquidity_fractal;h1_ob_target_swept_liquidity_fvg;h1_ob_target_swept_liquidity_internal;h1_ob_target_swept_liquidity_previous_candle;h1_ob_target_swept_liquidity_swing;h1_ob_target_within_h4_ob;h4_mitigation_ob_caused_displacement;h4_mitigation_ob_caused_imbalance;h4_mitigation_ob_flip_zone;h4_mitigation_ob_has_inducement;h4_mitigation_ob_swept_liquidity;h4_mitigation_ob_swept_liquidity_fractal;h4_mitigation_ob_swept_liquidity_fvg;h4_mitigation_ob_swept_liquidity_internal;h4_mitigation_ob_swept_liquidity_previous_candle;h4_mitigation_ob_swept_liquidity_swing;h4_mitigation_ob_within_daily_ob;h4_ob_target_caused_displacement;h4_ob_target_caused_imbalance;h4_ob_target_flip_zone;h4_ob_target_has_inducement;h4_ob_target_swept_liquidity;h4_ob_target_swept_liquidity_fractal;h4_ob_target_swept_liquidity_fvg;h4_ob_target_swept_liquidity_internal;h4_ob_target_swept_liquidity_previous_candle;h4_ob_target_swept_liquidity_swing;h4_ob_target_within_daily_ob
2020-11-09,Monday,london,2020-11-09 07:00:00+00:00,2020-11-09 11:00:00+00:00,bearish,136.369,136.773,135.359,136.773,0.40399999999999636,32.25806451612903,loss,-1.0,sl,0.8490099009900802,-1.0,sl,False,0,4,0 days 04:00:00,49.10000000000139,True,,,2.5,2020-11-09 06:00:00+00:00,True,136.753,136.424,1,daily_mitigation_ob_caused_displacement;daily_mitigation_ob_caused_imbalance;daily_mitigation_ob_flip_zone;daily_mitigation_ob_has_inducement;daily_mitigation_ob_swept_liquidity;daily_mitigation_ob_swept_liquidity_fractal;daily_mitigation_ob_swept_liquidity_fvg;daily_mitigation_ob_swept_liquidity_internal;daily_mitigation_ob_swept_liquidity_previous_candle;daily_mitigation_ob_swept_liquidity_swing;daily_ob_target_caused_displacement;daily_ob_target_caused_imbalance;daily_ob_target_flip_zone;daily_ob_target_has_inducement;daily_ob_target_swept_liquidity;daily_ob_target_swept_liquidity_fractal;daily_ob_target_swept_liquidity_fvg;daily_ob_target_swept_liquidity_internal;daily_ob_target_swept_liquidity_previous_candle;daily_ob_target_swept_liquidity_swing;h1_mitigation_ob_flip_zone;h1_mitigation_ob_swept_liquidity;h1_mitigation_ob_swept_liquidity_fractal;h1_mitigation_ob_swept_liquidity_internal;h1_mitigation_ob_swept_liquidity_swing;h1_ob_target_flip_zone;h1_ob_target_swept_liquidity;h1_ob_target_swept_liquidity_fvg;h1_ob_target_swept_liquidity_internal;h1_ob_target_swept_liquidity_previous_candle;h1_ob_target_swept_liquidity_swing;h4_mitigation_ob_caused_displacement;h4_mitigation_ob_caused_imbalance;h4_mitigation_ob_flip_zone;h4_mitigation_ob_has_inducement;h4_mitigation_ob_swept_liquidity;h4_mitigation_ob_swept_liquidity_fractal;h4_mitigation_ob_swept_liquidity_fvg;h4_mitigation_ob_swept_liquidity_internal;h4_mitigation_ob_swept_liquidity_previous_candle;h4_mitigation_ob_swept_liquidity_swing;h4_mitigation_ob_within_daily_ob;h4_ob_target_flip_zone;h4_ob_target_swept_liquidity_fractal;h4_ob_target_swept_liquidity_fvg;h4_ob_target_swept_liquidity_internal;h4_ob_target_swept_liquidity_previous_candle;h4_ob_target_swept_liquidity_swing
2020-11-16,Monday,london,2020-11-16 08:00:00+00:00,2020-11-16 11:00:00+00:00,bearish,137.874,138.347,136.69149999999996,138.347,0.4730000000000132,16.176470588235293,loss,-1.0,sl,0.4460887949259586,-1.0,sl,False,0,3,0 days 03:00:00,51.59999999999911,True,,,2.5,2020-11-16 08:00:00+00:00,False,138.327,138.201,1,daily_mitigation_ob_caused_displacement;daily_mitigation_ob_caused_imbalance;daily_mitigation_ob_flip_zone;daily_mitigation_ob_has_inducement;daily_mitigation_ob_swept_liquidity;daily_mitigation_ob_swept_liquidity_fractal;daily_mitigation_ob_swept_liquidity_fvg;daily_mitigation_ob_swept_liquidity_internal;daily_mitigation_ob_swept_liquidity_previous_candle;daily_mitigation_ob_swept_liquidity_swing;daily_ob_target_flip_zone;daily_ob_target_swept_liquidity;daily_ob_target_swept_liquidity_fractal;daily_ob_target_swept_liquidity_fvg;daily_ob_target_swept_liquidity_internal;daily_ob_target_swept_liquidity_swing;h1_mitigation_ob_flip_zone;h1_mitigation_ob_swept_liquidity;h1_mitigation_ob_swept_liquidity_fractal;h1_mitigation_ob_swept_liquidity_fvg;h1_mitigation_ob_swept_liquidity_internal;h1_mitigation_ob_swept_liquidity_swing;h1_ob_target_flip_zone;h1_ob_target_swept_liquidity;h1_ob_target_swept_liquidity_fractal;h1_ob_target_swept_liquidity_internal;h1_ob_target_swept_liquidity_previous_candle;h1_ob_target_swept_liquidity_swing;h4_mitigation_ob_caused_displacement;h4_mitigation_ob_caused_imbalance;h4_mitigation_ob_flip_zone;h4_mitigation_ob_has_inducement;h4_mitigation_ob_swept_liquidity;h4_mitigation_ob_swept_liquidity_fractal;h4_mitigation_ob_swept_liquidity_fvg;h4_mitigation_ob_swept_liquidity_internal;h4_mitigation_ob_swept_liquidity_previous_candle;h4_mitigation_ob_swept_liquidity_swing;h4_mitigation_ob_within_daily_ob;h4_ob_target_flip_zone;h4_ob_target_swept_liquidity_fractal;h4_ob_target_swept_liquidity_fvg;h4_ob_target_swept_liquidity_internal;h4_ob_target_swept_liquidity_previous_candle;h4_ob_target_swept_liquidity_swing
2020-11-16,Monday,ny,2020-11-16 12:00:00+00:00,2020-11-16 23:00:00+00:00,bearish,138.146,139.02800000000002,135.94099999999992,138.146,0.8820000000000334,-1.4705882352941175,breakeven,0.0,be_stop,0.49092970521539264,0.0,be_stop,True,1,11,0 days 11:00:00,17.10000000000207,True,,,2.5,2020-11-16 12:00:00+00:00,False,139.008,138.815,1,daily_mitigation_ob_caused_displacement;daily_mitigation_ob_caused_imbalance;daily_mitigation_ob_flip_zone;daily_mitigation_ob_has_inducement;daily_mitigation_ob_swept_liquidity;daily_mitigation_ob_swept_liquidity_fractal;daily_mitigation_ob_swept_liquidity_fvg;daily_mitigation_ob_swept_liquidity_internal;daily_mitigation_ob_swept_liquidity_previous_candle;daily_mitigation_ob_swept_liquidity_swing;daily_ob_target_flip_zone;daily_ob_target_swept_liquidity;daily_ob_target_swept_liquidity_fractal;daily_ob_target_swept_liquidity_fvg;daily_ob_target_swept_liquidity_internal;daily_ob_target_swept_liquidity_swing;h1_mitigation_ob_flip_zone;h1_mitigation_ob_swept_liquidity;h1_mitigation_ob_swept_liquidity_fractal;h1_mitigation_ob_swept_liquidity_fvg;h1_mitigation_ob_swept_liquidity_internal;h1_mitigation_ob_swept_liquidity_swing;h1_ob_target_flip_zone;h1_ob_target_swept_liquidity;h1_ob_target_swept_liquidity_fractal;h1_ob_target_swept_liquidity_internal;h1_ob_target_swept_liquidity_previous_candle;h1_ob_target_swept_liquidity_swing;h4_mitigation_ob_caused_displacement;h4_mitigation_ob_caused_imbalance;h4_mitigation_ob_flip_zone;h4_mitigation_ob_has_inducement;h4_mitigation_ob_swept_liquidity;h4_mitigation_ob_swept_liquidity_fractal;h4_mitigation_ob_swept_liquidity_fvg;h4_mitigation_ob_swept_liquidity_internal;h4_mitigation_ob_swept_liquidity_previous_candle;h4_mitigation_ob_swept_liquidity_swing;h4_mitigation_ob_within_daily_ob;h4_ob_target_flip_zone;h4_ob_target_swept_liquidity_fractal;h4_ob_target_swept_liquidity_fvg;h4_ob_target_swept_liquidity_internal;h4_ob_target_swept_liquidity_previous_candle;h4_ob_target_swept_liquidity_swing
2020-11-17,Tuesday,ny,2020-11-17 14:00:00+00:00,2020-11-18 00:00:00+00:00,bullish,137.966,137.807,138.36350000000004,137.966,0.15900000000002024,55.00000000000001,breakeven,0.0,be_stop,1.452830188679026,0.0,be_stop,True,1,10,0 days 10:00:00,12.100000000000932,True,,,2.5,2020-11-17 14:00:00+00:00,False,138.023,137.827,1,daily_mitigation_ob_caused_displacement;daily_mitigation_ob_caused_imbalance;daily_mitigation_ob_flip_zone;daily_mitigation_ob_has_inducement;daily_mitigation_ob_swept_liquidity;daily_mitigation_ob_swept_liquidity_fractal;daily_mitigation_ob_swept_liquidity_fvg;daily_mitigation_ob_swept_liquidity_internal;daily_mitigation_ob_swept_liquidity_previous_candle;daily_mitigation_ob_swept_liquidity_swing;daily_ob_target_caused_displacement;daily_ob_target_caused_imbalance;daily_ob_target_flip_zone;daily_ob_target_has_inducement;daily_ob_target_swept_liquidity;daily_ob_target_swept_liquidity_fractal;daily_ob_target_swept_liquidity_fvg;daily_ob_target_swept_liquidity_internal;daily_ob_target_swept_liquidity_previous_candle;daily_ob_target_swept_liquidity_swing;h1_mitigation_ob_flip_zone;h1_mitigation_ob_swept_liquidity_fractal;h1_mitigation_ob_swept_liquidity_fvg;h1_mitigation_ob_swept_liquidity_internal;h1_mitigation_ob_swept_liquidity_previous_candle;h1_mitigation_ob_swept_liquidity_swing;h1_ob_target_caused_displacement;h1_ob_target_caused_imbalance;h1_ob_target_flip_zone;h1_ob_target_has_inducement;h1_ob_target_swept_liquidity;h1_ob_target_swept_liquidity_fractal;h1_ob_target_swept_liquidity_fvg;h1_ob_target_swept_liquidity_internal;h1_ob_target_swept_liquidity_previous_candle;h1_ob_target_swept_liquidity_swing;h1_ob_target_within_h4_ob;h4_mitigation_ob_caused_displacement;h4_mitigation_ob_caused_imbalance;h4_mitigation_ob_flip_zone;h4_mitigation_ob_has_inducement;h4_mitigation_ob_swept_liquidity;h4_mitigation_ob_swept_liquidity_fractal;h4_mitigation_ob_swept_liquidity_fvg;h4_mitigation_ob_swept_liquidity_internal;h4_mitigation_ob_swept_liquidity_previous_candle;h4_mitigation_ob_swept_liquidity_swing;h4_mitigation_ob_within_daily_ob;h4_ob_target_caused_displacement;h4_ob_target_caused_imbalance;h4_ob_target_flip_zone;h4_ob_target_has_inducement;h4_ob_target_swept_liquidity;h4_ob_target_swept_liquidity_fractal;h4_ob_target_swept_liquidity_fvg;h4_ob_target_swept_liquidity_internal;h4_ob_target_swept_liquidity_previous_candle;h4_ob_target_swept_liquidity_swing;h4_ob_target_within_daily_ob
2020-11-19,Thursday,london,2020-11-19 08:00:00+00:00,2020-11-19 19:00:00+00:00,bearish,137.296,138.108,135.26599999999996,137.524,0.8120000000000118,33.82352941176471,loss,-0.280788177339908,cut_19h,0.07389162561576527,-0.280788177339908,cut_19h,False,1,11,0 days 11:00:00,0.0,True,,,2.5,2020-11-19 08:00:00+00:00,False,138.088,137.698,1,daily_mitigation_ob_caused_displacement;daily_mitigation_ob_caused_imbalance;daily_mitigation_ob_flip_zone;daily_mitigation_ob_has_inducement;daily_mitigation_ob_swept_liquidity;daily_mitigation_ob_swept_liquidity_fractal;daily_mitigation_ob_swept_liquidity_fvg;daily_mitigation_ob_swept_liquidity_internal;daily_mitigation_ob_swept_liquidity_previous_candle;daily_mitigation_ob_swept_liquidity_swing;daily_ob_target_flip_zone;daily_ob_target_swept_liquidity;daily_ob_target_swept_liquidity_fractal;daily_ob_target_swept_liquidity_fvg;daily_ob_target_swept_liquidity_internal;daily_ob_target_swept_liquidity_swing;h1_mitigation_ob_flip_zone;h1_mitigation_ob_swept_liquidity;h1_mitigation_ob_swept_liquidity_fvg;h1_mitigation_ob_swept_liquidity_internal;h1_mitigation_ob_swept_liquidity_previous_candle;h1_mitigation_ob_swept_liquidity_swing;h1_ob_target_flip_zone;h1_ob_target_swept_liquidity;h1_ob_target_swept_liquidity_fractal;h1_ob_target_swept_liquidity_internal;h1_ob_target_swept_liquidity_previous_candle;h1_ob_target_swept_liquidity_swing;h4_mitigation_ob_caused_displacement;h4_mitigation_ob_caused_imbalance;h4_mitigation_ob_flip_zone;h4_mitigation_ob_has_inducement;h4_mitigation_ob_swept_liquidity;h4_mitigation_ob_swept_liquidity_fractal;h4_mitigation_ob_swept_liquidity_fvg;h4_mitigation_ob_swept_liquidity_internal;h4_mitigation_ob_swept_liquidity_previous_candle;h4_mitigation_ob_swept_liquidity_swing;h4_mitigation_ob_within_daily_ob;h4_ob_target_flip_zone;h4_ob_target_swept_liquidity_fractal;h4_ob_target_swept_liquidity_fvg;h4_ob_target_swept_liquidity_internal;h4_ob_target_swept_liquidity_previous_candle;h4_ob_target_swept_liquidity_swing
2020-11-19,Thursday,ny,2020-11-19 12:00:00+00:00,2020-11-19 20:00:00+00:00,bearish,137.631,138.06300000000002,136.55099999999996,137.631,0.43200000000001637,20.588235294117645,breakeven,0.0,be_stop,0.9143518518518409,0.0,be_stop,True,1,8,0 days 08:00:00,17.69999999999925,True,,,2.5,2020-11-19 11:00:00+00:00,True,138.043,137.962,1,daily_mitigation_ob_caused_displacement;daily_mitigation_ob_caused_imbalance;daily_mitigation_ob_flip_zone;daily_mitigation_ob_has_inducement;daily_mitigation_ob_swept_liquidity;daily_mitigation_ob_swept_liquidity_fractal;daily_mitigation_ob_swept_liquidity_fvg;daily_mitigation_ob_swept_liquidity_internal;daily_mitigation_ob_swept_liquidity_previous_candle;daily_mitigation_ob_swept_liquidity_swing;daily_ob_target_flip_zone;daily_ob_target_swept_liquidity;daily_ob_target_swept_liquidity_fractal;daily_ob_target_swept_liquidity_fvg;daily_ob_target_swept_liquidity_internal;daily_ob_target_swept_liquidity_swing;h1_mitigation_ob_flip_zone;h1_mitigation_ob_swept_liquidity;h1_mitigation_ob_swept_liquidity_fvg;h1_mitigation_ob_swept_liquidity_internal;h1_mitigation_ob_swept_liquidity_previous_candle;h1_mitigation_ob_swept_liquidity_swing;h1_ob_target_flip_zone;h1_ob_target_swept_liquidity_fractal;h1_ob_target_swept_liquidity_fvg;h1_ob_target_swept_liquidity_internal;h1_ob_target_swept_liquidity_previous_candle;h1_ob_target_swept_liquidity_swing;h4_mitigation_ob_caused_displacement;h4_mitigation_ob_caused_imbalance;h4_mitigation_ob_flip_zone;h4_mitigation_ob_has_inducement;h4_mitigation_ob_swept_liquidity;h4_mitigation_ob_swept_liquidity_fractal;h4_mitigation_ob_swept_liquidity_fvg;h4_mitigation_ob_swept_liquidity_internal;h4_mitigation_ob_swept_liquidity_previous_candle;h4_mitigation_ob_swept_liquidity_swing;h4_mitigation_ob_within_daily_ob;h4_ob_target_flip_zone;h4_ob_target_swept_liquidity_fractal;h4_ob_target_swept_liquidity_fvg;h4_ob_target_swept_liquidity_internal;h4_ob_target_swept_liquidity_previous_candle;h4_ob_target_swept_liquidity_swing
2020-11-25,Wednesday,ny,2020-11-25 12:00:00+00:00,2020-11-26 08:00:00+00:00,bullish,139.361,138.834,140.67849999999996,139.361,0.5269999999999868,20.588235294117645,breakeven,0.0,be_stop,0.9354838709678098,0.0,be_stop,True,1,20,0 days 20:00:00,13.599999999999568,True,,,2.5,2020-11-25 11:00:00+00:00,True,139.036,138.854,1,daily_mitigation_ob_caused_displacement;daily_mitigation_ob_caused_imbalance;daily_mitigation_ob_flip_zone;daily_mitigation_ob_has_inducement;daily_mitigation_ob_swept_liquidity;daily_mitigation_ob_swept_liquidity_fractal;daily_mitigation_ob_swept_liquidity_fvg;daily_mitigation_ob_swept_liquidity_internal;daily_mitigation_ob_swept_liquidity_previous_candle;daily_mitigation_ob_swept_liquidity_swing;daily_ob_target_flip_zone;daily_ob_target_swept_liquidity_fractal;daily_ob_target_swept_liquidity_fvg;daily_ob_target_swept_liquidity_internal;daily_ob_target_swept_liquidity_previous_candle;daily_ob_target_swept_liquidity_swing;h1_mitigation_ob_flip_zone;h1_mitigation_ob_swept_liquidity_fractal;h1_mitigation_ob_swept_liquidity_fvg;h1_mitigation_ob_swept_liquidity_internal;h1_mitigation_ob_swept_liquidity_previous_candle;h1_mitigation_ob_swept_liquidity_swing;h1_ob_target_flip_zone;h1_ob_target_swept_liquidity;h1_ob_target_swept_liquidity_fvg;h1_ob_target_swept_liquidity_internal;h1_ob_target_swept_liquidity_previous_candle;h1_ob_target_swept_liquidity_swing;h4_mitigation_ob_caused_displacement;h4_mitigation_ob_caused_imbalance;h4_mitigation_ob_flip_zone;h4_mitigation_ob_has_inducement;h4_mitigation_ob_swept_liquidity;h4_mitigation_ob_swept_liquidity_fractal;h4_mitigation_ob_swept_liquidity_fvg;h4_mitigation_ob_swept_liquidity_internal;h4_mitigation_ob_swept_liquidity_previous_candle;h4_mitigation_ob_swept_liquidity_swing;h4_mitigation_ob_within_daily_ob;h4_ob_target_flip_zone;h4_ob_target_swept_liquidity;h4_ob_target_swept_liquidity_fractal;h4_ob_target_swept_liquidity_fvg;h4_ob_target_swept_liquidity_internal;h4_ob_target_swept_liquidity_swing
2020-11-25,Wednesday,ny,2020-11-25 13:00:00+00:00,2020-11-25 15:00:00+00:00,bearish,139.257,139.566,138.48450000000003,139.566,0.3089999999999975,18.571428571428573,loss,-1.0,sl,0.2977346278317596,-1.0,sl,False,0,2,0 days 02:00:00,15.899999999999181,True,,,2.5,2020-11-25 13:00:00+00:00,False,139.546,139.403,1,daily_mitigation_ob_caused_displacement;daily_mitigation_ob_caused_imbalance;daily_mitigation_ob_flip_zone;daily_mitigation_ob_has_inducement;daily_mitigation_ob_swept_liquidity;daily_mitigation_ob_swept_liquidity_fractal;daily_mitigation_ob_swept_liquidity_fvg;daily_mitigation_ob_swept_liquidity_internal;daily_mitigation_ob_swept_liquidity_previous_candle;daily_mitigation_ob_swept_liquidity_swing;daily_ob_target_flip_zone;daily_ob_target_swept_liquidity;daily_ob_target_swept_liquidity_fractal;daily_ob_target_swept_liquidity_internal;daily_ob_target_swept_liquidity_previous_candle;daily_ob_target_swept_liquidity_swing;h1_mitigation_ob_flip_zone;h1_mitigation_ob_swept_liquidity;h1_mitigation_ob_swept_liquidity_fvg;h1_mitigation_ob_swept_liquidity_internal;h1_mitigation_ob_swept_liquidity_previous_candle;h1_mitigation_ob_swept_liquidity_swing;h1_ob_target_flip_zone;h1_ob_target_swept_liquidity;h1_ob_target_swept_liquidity_fractal;h1_ob_target_swept_liquidity_internal;h1_ob_target_swept_liquidity_swing;h4_mitigation_ob_caused_displacement;h4_mitigation_ob_caused_imbalance;h4_mitigation_ob_flip_zone;h4_mitigation_ob_has_inducement;h4_mitigation_ob_swept_liquidity;h4_mitigation_ob_swept_liquidity_fractal;h4_mitigation_ob_swept_liquidity_fvg;h4_mitigation_ob_swept_liquidity_internal;h4_mitigation_ob_swept_liquidity_previous_candle;h4_mitigation_ob_swept_liquidity_swing;h4_mitigation_ob_within_daily_ob;h4_ob_target_flip_zone;h4_ob_target_swept_liquidity;h4_ob_target_swept_liquidity_fvg;h4_ob_target_swept_liquidity_internal;h4_ob_target_swept_liquidity_previous_candle;h4_ob_target_swept_liquidity_swing
2020-12-01,Tuesday,london,2020-12-01 08:00:00+00:00,2020-12-01 09:00:00+00:00,bearish,139.661,139.803,139.306,139.306,0.1419999999999959,32.25806451612903,win,2.5,tp,4.964788732394597,-1.0,sl,False,0,1,0 days 01:00:00,50.60000000000002,True,,,2.5,2020-12-01 08:00:00+00:00,False,139.783,139.674,1,daily_mitigation_ob_caused_displacement;daily_mitigation_ob_caused_imbalance;daily_mitigation_ob_flip_zone;daily_mitigation_ob_has_inducement;daily_mitigation_ob_swept_liquidity;daily_mitigation_ob_swept_liquidity_fractal;daily_mitigation_ob_swept_liquidity_fvg;daily_mitigation_ob_swept_liquidity_internal;daily_mitigation_ob_swept_liquidity_previous_candle;daily_mitigation_ob_swept_liquidity_swing;daily_ob_target_caused_displacement;daily_ob_target_caused_imbalance;daily_ob_target_flip_zone;daily_ob_target_has_inducement;daily_ob_target_swept_liquidity;daily_ob_target_swept_liquidity_fractal;daily_ob_target_swept_liquidity_fvg;daily_ob_target_swept_liquidity_internal;daily_ob_target_swept_liquidity_previous_candle;daily_ob_target_swept_liquidity_swing;h1_mitigation_ob_flip_zone;h1_mitigation_ob_swept_liquidity;h1_mitigation_ob_swept_liquidity_fractal;h1_mitigation_ob_swept_liquidity_fvg;h1_mitigation_ob_swept_liquidity_internal;h1_mitigation_ob_swept_liquidity_swing;h1_ob_target_flip_zone;h1_ob_target_swept_liquidity;h1_ob_target_swept_liquidity_fractal;h1_ob_target_swept_liquidity_internal;h1_ob_target_swept_liquidity_swing;h4_mitigation_ob_caused_displacement;h4_mitigation_ob_caused_imbalance;h4_mitigation_ob_flip_zone;h4_mitigation_ob_has_inducement;h4_mitigation_ob_swept_liquidity;h4_mitigation_ob_swept_liquidity_fractal;h4_mitigation_ob_swept_liquidity_fvg;h4_mitigation_ob_swept_liquidity_internal;h4_mitigation_ob_swept_liquidity_previous_candle;h4_mitigation_ob_swept_liquidity_swing;h4_mitigation_ob_within_daily_ob;h4_ob_target_flip_zone;h4_ob_target_swept_liquidity;h4_ob_target_swept_liquidity_fractal;h4_ob_target_swept_liquidity_fvg;h4_ob_target_swept_liquidity_internal;h4_ob_target_swept_liquidity_swing
2020-12-01,Tuesday,ny,2020-12-01 12:00:00+00:00,2020-12-01 15:00:00+00:00,bearish,139.149,139.741,137.66899999999998,139.741,0.592000000000013,22.972972972972975,loss,-1.0,sl,0.16385135135136197,-1.0,sl,False,0,3,0 days 03:00:00,0.2999999999985903,True,,,2.5,2020-12-01 11:00:00+00:00,True,139.721,139.463,1,daily_mitigation_ob_caused_displacement;daily_mitigation_ob_caused_imbalance;daily_mitigation_ob_flip_zone;daily_mitigation_ob_has_inducement;daily_mitigation_ob_swept_liquidity;daily_mitigation_ob_swept_liquidity_fractal;daily_mitigation_ob_swept_liquidity_fvg;daily_mitigation_ob_swept_liquidity_internal;daily_mitigation_ob_swept_liquidity_previous_candle;daily_mitigation_ob_swept_liquidity_swing;daily_ob_target_flip_zone;daily_ob_target_swept_liquidity;daily_ob_target_swept_liquidity_fractal;daily_ob_target_swept_liquidity_internal;daily_ob_target_swept_liquidity_previous_candle;daily_ob_target_swept_liquidity_swing;h1_mitigation_ob_flip_zone;h1_mitigation_ob_swept_liquidity;h1_mitigation_ob_swept_liquidity_internal;h1_mitigation_ob_swept_liquidity_previous_candle;h1_mitigation_ob_swept_liquidity_swing;h1_ob_target_flip_zone;h1_ob_target_swept_liquidity;h1_ob_target_swept_liquidity_internal;h1_ob_target_swept_liquidity_swing;h4_mitigation_ob_caused_displacement;h4_mitigation_ob_caused_imbalance;h4_mitigation_ob_flip_zone;h4_mitigation_ob_has_inducement;h4_mitigation_ob_swept_liquidity;h4_mitigation_ob_swept_liquidity_fractal;h4_mitigation_ob_swept_liquidity_fvg;h4_mitigation_ob_swept_liquidity_internal;h4_mitigation_ob_swept_liquidity_previous_candle;h4_mitigation_ob_swept_liquidity_swing;h4_mitigation_ob_within_daily_ob;h4_ob_target_flip_zone;h4_ob_target_swept_liquidity;h4_ob_target_swept_liquidity_fvg;h4_ob_target_swept_liquidity_internal;h4_ob_target_swept_liquidity_previous_candle;h4_ob_target_swept_liquidity_swing
2020-12-02,Wednesday,london,2020-12-02 08:00:00+00:00,2020-12-02 13:00:00+00:00,bullish,139.583,139.153,140.65800000000002,139.153,0.4300000000000068,22.857142857142858,loss,-1.0,sl,0.8860465116278935,-1.0,sl,False,0,5,0 days 05:00:00,10.3999999999985,True,,,2.5,2020-12-02 08:00:00+00:00,False,139.662,139.173,1,daily_mitigation_ob_caused_displacement;daily_mitigation_ob_caused_imbalance;daily_mitigation_ob_flip_zone;daily_mitigation_ob_has_inducement;daily_mitigation_ob_swept_liquidity;daily_mitigation_ob_swept_liquidity_fractal;daily_mitigation_ob_swept_liquidity_fvg;daily_mitigation_ob_swept_liquidity_internal;daily_mitigation_ob_swept_liquidity_previous_candle;daily_mitigation_ob_swept_liquidity_swing;daily_ob_target_flip_zone;daily_ob_target_swept_liquidity_fractal;daily_ob_target_swept_liquidity_fvg;daily_ob_target_swept_liquidity_internal;daily_ob_target_swept_liquidity_previous_candle;daily_ob_target_swept_liquidity_swing;h1_mitigation_ob_flip_zone;h1_mitigation_ob_swept_liquidity;h1_mitigation_ob_swept_liquidity_fractal;h1_mitigation_ob_swept_liquidity_internal;h1_mitigation_ob_swept_liquidity_previous_candle;h1_mitigation_ob_swept_liquidity_swing;h1_ob_target_flip_zone;h1_ob_target_swept_liquidity;h1_ob_target_swept_liquidity_fvg;h1_ob_target_swept_liquidity_internal;h1_ob_target_swept_liquidity_swing;h4_mitigation_ob_caused_displacement;h4_mitigation_ob_caused_imbalance;h4_mitigation_ob_flip_zone;h4_mitigation_ob_has_inducement;h4_mitigation_ob_swept_liquidity;h4_mitigation_ob_swept_liquidity_fractal;h4_mitigation_ob_swept_liquidity_fvg;h4_mitigation_ob_swept_liquidity_internal;h4_mitigation_ob_swept_liquidity_previous_candle;h4_mitigation_ob_swept_liquidity_swing;h4_mitigation_ob_within_daily_ob;h4_ob_target_flip_zone;h4_ob_target_swept_liquidity;h4_ob_target_swept_liquidity_fractal;h4_ob_target_swept_liquidity_fvg;h4_ob_target_swept_liquidity_internal;h4_ob_target_swept_liquidity_swing
2020-12-09,Wednesday,ny,2020-12-09 14:00:00+00:00,2020-12-10 11:00:00+00:00,bearish,139.923,140.45100000000002,138.60299999999995,138.60299999999995,0.52800000000002,5.0,win,2.5,tp,5.9431818181816025,4.4886363636362026,friday_close,True,2,21,0 days 21:00:00,0.0,True,,,2.5,2020-12-09 14:00:00+00:00,False,140.431,140.24,1,daily_mitigation_ob_caused_displacement;daily_mitigation_ob_caused_imbalance;daily_mitigation_ob_flip_zone;daily_mitigation_ob_has_inducement;daily_mitigation_ob_swept_liquidity;daily_mitigation_ob_swept_liquidity_fractal;daily_mitigation_ob_swept_liquidity_fvg;daily_mitigation_ob_swept_liquidity_internal;daily_mitigation_ob_swept_liquidity_previous_candle;daily_mitigation_ob_swept_liquidity_swing;daily_ob_target_caused_displacement;daily_ob_target_caused_imbalance;daily_ob_target_flip_zone;daily_ob_target_has_inducement;daily_ob_target_swept_liquidity;daily_ob_target_swept_liquidity_fractal;daily_ob_target_swept_liquidity_fvg;daily_ob_target_swept_liquidity_internal;daily_ob_target_swept_liquidity_previous_candle;daily_ob_target_swept_liquidity_swing;h1_mitigation_ob_flip_zone;h1_mitigation_ob_swept_liquidity_fractal;h1_mitigation_ob_swept_liquidity_fvg;h1_mitigation_ob_swept_liquidity_internal;h1_mitigation_ob_swept_liquidity_previous_candle;h1_mitigation_ob_swept_liquidity_swing;h1_ob_target_flip_zone;h1_ob_target_swept_liquidity_fractal;h1_ob_target_swept_liquidity_fvg;h1_ob_target_swept_liquidity_internal;h1_ob_target_swept_liquidity_previous_candle;h1_ob_target_swept_liquidity_swing;h4_mitigation_ob_flip_zone;h4_mitigation_ob_swept_liquidity_fractal;h4_mitigation_ob_swept_liquidity_fvg;h4_mitigation_ob_swept_liquidity_internal;h4_mitigation_ob_swept_liquidity_previous_candle;h4_mitigation_ob_swept_liquidity_swing;h4_ob_target_caused_displacement;h4_ob_target_caused_imbalance;h4_ob_target_flip_zone;h4_ob_target_has_inducement;h4_ob_target_swept_liquidity;h4_ob_target_swept_liquidity_fractal;h4_ob_target_swept_liquidity_fvg;h4_ob_target_swept_liquidity_internal;h4_ob_target_swept_liquidity_previous_candle;h4_ob_target_swept_liquidity_swing;h4_ob_target_within_daily_ob
2020-12-11,Friday,london,2020-12-11 07:00:00+00:00,2020-12-11 19:00:00+00:00,bearish,138.146,138.751,136.63349999999994,137.553,0.6050000000000182,33.82352941176471,win,0.9801652892561512,friday_close,2.2495867768594198,0.9801652892561512,friday_close,False,0,12,0 days 12:00:00,0.0,True,,,2.5,2020-12-11 07:00:00+00:00,False,138.731,138.567,2,daily_mitigation_ob_caused_displacement;daily_mitigation_ob_caused_imbalance;daily_mitigation_ob_flip_zone;daily_mitigation_ob_has_inducement;daily_mitigation_ob_swept_liquidity;daily_mitigation_ob_swept_liquidity_fractal;daily_mitigation_ob_swept_liquidity_fvg;daily_mitigation_ob_swept_liquidity_internal;daily_mitigation_ob_swept_liquidity_previous_candle;daily_mitigation_ob_swept_liquidity_swing;daily_ob_target_flip_zone;daily_ob_target_swept_liquidity;daily_ob_target_swept_liquidity_fractal;daily_ob_target_swept_liquidity_fvg;daily_ob_target_swept_liquidity_internal;daily_ob_target_swept_liquidity_swing;h1_mitigation_ob_flip_zone;h1_mitigation_ob_swept_liquidity;h1_mitigation_ob_swept_liquidity_fractal;h1_mitigation_ob_swept_liquidity_fvg;h1_mitigation_ob_swept_liquidity_internal;h1_mitigation_ob_swept_liquidity_swing;h1_ob_target_flip_zone;h1_ob_target_swept_liquidity_fractal;h1_ob_target_swept_liquidity_fvg;h1_ob_target_swept_liquidity_internal;h1_ob_target_swept_liquidity_previous_candle;h1_ob_target_swept_liquidity_swing;h4_mitigation_ob_caused_displacement;h4_mitigation_ob_caused_imbalance;h4_mitigation_ob_flip_zone;h4_mitigation_ob_has_inducement;h4_mitigation_ob_swept_liquidity;h4_mitigation_ob_swept_liquidity_fractal;h4_mitigation_ob_swept_liquidity_fvg;h4_mitigation_ob_swept_liquidity_internal;h4_mitigation_ob_swept_liquidity_previous_candle;h4_mitigation_ob_swept_liquidity_swing;h4_mitigation_ob_within_daily_ob;h4_ob_target_flip_zone;h4_ob_target_swept_liquidity_fractal;h4_ob_target_swept_liquidity_fvg;h4_ob_target_swept_liquidity_internal;h4_ob_target_swept_liquidity_previous_candle;h4_ob_target_swept_liquidity_swing
2020-12-14,Monday,ny,2020-12-14 12:00:00+00:00,2020-12-15 11:00:00+00:00,bearish,139.003,139.602,137.50549999999993,139.003,0.599000000000018,18.571428571428573,breakeven,0.0,be_stop,1.2120200333889437,0.0,be_stop,True,1,23,0 days 23:00:00,10.000000000002274,True,,,2.5,2020-12-14 11:00:00+00:00,True,139.582,139.34,1,daily_mitigation_ob_caused_displacement;daily_mitigation_ob_caused_imbalance;daily_mitigation_ob_flip_zone;daily_mitigation_ob_has_inducement;daily_mitigation_ob_swept_liquidity;daily_mitigation_ob_swept_liquidity_fractal;daily_mitigation_ob_swept_liquidity_fvg;daily_mitigation_ob_swept_liquidity_internal;daily_mitigation_ob_swept_liquidity_previous_candle;daily_mitigation_ob_swept_liquidity_swing;daily_ob_target_caused_displacement;daily_ob_target_caused_imbalance;daily_ob_target_flip_zone;daily_ob_target_has_inducement;daily_ob_target_swept_liquidity;daily_ob_target_swept_liquidity_fractal;daily_ob_target_swept_liquidity_fvg;daily_ob_target_swept_liquidity_internal;daily_ob_target_swept_liquidity_previous_candle;daily_ob_target_swept_liquidity_swing;h1_mitigation_ob_flip_zone;h1_mitigation_ob_swept_liquidity_fractal;h1_mitigation_ob_swept_liquidity_fvg;h1_mitigation_ob_swept_liquidity_internal;h1_mitigation_ob_swept_liquidity_previous_candle;h1_mitigation_ob_swept_liquidity_swing;h1_ob_target_flip_zone;h1_ob_target_swept_liquidity_fractal;h1_ob_target_swept_liquidity_fvg;h1_ob_target_swept_liquidity_internal;h1_ob_target_swept_liquidity_previous_candle;h1_ob_target_swept_liquidity_swing;h4_mitigation_ob_flip_zone;h4_mitigation_ob_swept_liquidity_fractal;h4_mitigation_ob_swept_liquidity_fvg;h4_mitigation_ob_swept_liquidity_internal;h4_mitigation_ob_swept_liquidity_previous_candle;h4_mitigation_ob_swept_liquidity_swing;h4_ob_target_flip_zone;h4_ob_target_swept_liquidity_fractal;h4_ob_target_swept_liquidity_fvg;h4_ob_target_swept_liquidity_internal;h4_ob_target_swept_liquidity_previous_candle;h4_ob_target_swept_liquidity_swing
2020-12-14,Monday,ny,2020-12-14 14:00:00+00:00,2020-12-14 15:00:00+00:00,bullish,138.765,138.542,139.32249999999993,138.542,0.22299999999998477,25.0,loss,-1.0,sl,0.3497757847534004,-1.0,sl,False,0,1,0 days 01:00:00,14.300000000000068,True,,,2.5,2020-12-14 14:00:00+00:00,False,138.833,138.562,1,daily_mitigation_ob_caused_displacement;daily_mitigation_ob_caused_imbalance;daily_mitigation_ob_flip_zone;daily_mitigation_ob_has_inducement;daily_mitigation_ob_swept_liquidity;daily_mitigation_ob_swept_liquidity_fractal;daily_mitigation_ob_swept_liquidity_fvg;daily_mitigation_ob_swept_liquidity_internal;daily_mitigation_ob_swept_liquidity_previous_candle;daily_mitigation_ob_swept_liquidity_swing;daily_ob_target_caused_displacement;daily_ob_target_caused_imbalance;daily_ob_target_flip_zone;daily_ob_target_has_inducement;daily_ob_target_swept_liquidity;daily_ob_target_swept_liquidity_fractal;daily_ob_target_swept_liquidity_fvg;daily_ob_target_swept_liquidity_internal;daily_ob_target_swept_liquidity_previous_candle;daily_ob_target_swept_liquidity_swing;h1_mitigation_ob_flip_zone;h1_mitigation_ob_swept_liquidity_fractal;h1_mitigation_ob_swept_liquidity_fvg;h1_mitigation_ob_swept_liquidity_internal;h1_mitigation_ob_swept_liquidity_previous_candle;h1_mitigation_ob_swept_liquidity_swing;h1_ob_target_flip_zone;h1_ob_target_swept_liquidity;h1_ob_target_swept_liquidity_fvg;h1_ob_target_swept_liquidity_internal;h1_ob_target_swept_liquidity_swing;h4_mitigation_ob_caused_displacement;h4_mitigation_ob_caused_imbalance;h4_mitigation_ob_flip_zone;h4_mitigation_ob_has_inducement;h4_mitigation_ob_swept_liquidity;h4_mitigation_ob_swept_liquidity_fractal;h4_mitigation_ob_swept_liquidity_fvg;h4_mitigation_ob_swept_liquidity_internal;h4_mitigation_ob_swept_liquidity_previous_candle;h4_mitigation_ob_swept_liquidity_swing;h4_mitigation_ob_within_daily_ob;h4_ob_target_caused_displacement;h4_ob_target_caused_imbalance;h4_ob_target_flip_zone;h4_ob_target_has_inducement;h4_ob_target_swept_liquidity;h4_ob_target_swept_liquidity_fractal;h4_ob_target_swept_liquidity_fvg;h4_ob_target_swept_liquidity_internal;h4_ob_target_swept_liquidity_previous_candle;h4_ob_target_swept_liquidity_swing;h4_ob_target_within_daily_ob
2020-12-15,Tuesday,london,2020-12-15 09:00:00+00:00,2020-12-15 11:00:00+00:00,bearish,138.561,138.89600000000002,137.7235,138.89600000000002,0.33500000000000796,4.0,loss,-1.0,sl,0.40895522388058864,-1.0,sl,False,0,2,0 days 02:00:00,20.699999999999363,True,,,2.5,2020-12-15 09:00:00+00:00,False,138.876,138.75,1,daily_mitigation_ob_caused_displacement;daily_mitigation_ob_caused_imbalance;daily_mitigation_ob_flip_zone;daily_mitigation_ob_has_inducement;daily_mitigation_ob_swept_liquidity;daily_mitigation_ob_swept_liquidity_fractal;daily_mitigation_ob_swept_liquidity_fvg;daily_mitigation_ob_swept_liquidity_internal;daily_mitigation_ob_swept_liquidity_previous_candle;daily_mitigation_ob_swept_liquidity_swing;daily_ob_target_caused_displacement;daily_ob_target_caused_imbalance;daily_ob_target_flip_zone;daily_ob_target_has_inducement;daily_ob_target_swept_liquidity;daily_ob_target_swept_liquidity_fractal;daily_ob_target_swept_liquidity_fvg;daily_ob_target_swept_liquidity_internal;daily_ob_target_swept_liquidity_previous_candle;daily_ob_target_swept_liquidity_swing;h1_mitigation_ob_flip_zone;h1_mitigation_ob_swept_liquidity_fractal;h1_mitigation_ob_swept_liquidity_fvg;h1_mitigation_ob_swept_liquidity_internal;h1_mitigation_ob_swept_liquidity_previous_candle;h1_mitigation_ob_swept_liquidity_swing;h1_ob_target_flip_zone;h1_ob_target_swept_liquidity_fractal;h1_ob_target_swept_liquidity_fvg;h1_ob_target_swept_liquidity_internal;h1_ob_target_swept_liquidity_previous_candle;h1_ob_target_swept_liquidity_swing;h4_mitigation_ob_caused_displacement;h4_mitigation_ob_caused_imbalance;h4_mitigation_ob_flip_zone;h4_mitigation_ob_has_inducement;h4_mitigation_ob_swept_liquidity;h4_mitigation_ob_swept_liquidity_fractal;h4_mitigation_ob_swept_liquidity_fvg;h4_mitigation_ob_swept_liquidity_internal;h4_mitigation_ob_swept_liquidity_previous_candle;h4_mitigation_ob_swept_liquidity_swing;h4_mitigation_ob_within_daily_ob;h4_ob_target_caused_displacement;h4_ob_target_caused_imbalance;h4_ob_target_flip_zone;h4_ob_target_has_inducement;h4_ob_target_swept_liquidity;h4_ob_target_swept_liquidity_fractal;h4_ob_target_swept_liquidity_fvg;h4_ob_target_swept_liquidity_internal;h4_ob_target_swept_liquidity_previous_candle;h4_ob_target_swept_liquidity_swing;h4_ob_target_within_daily_ob
2020-12-15,Tuesday,ny,2020-12-15 13:00:00+00:00,2020-12-15 14:00:00+00:00,bullish,138.914,138.73,139.37399999999997,138.73,0.1839999999999975,27.77777777777778,loss,-1.0,sl,0.5869565217391607,-1.0,sl,False,0,1,0 days 01:00:00,4.800000000000182,True,,,2.5,2020-12-15 13:00:00+00:00,False,138.876,138.75,1,daily_mitigation_ob_caused_displacement;daily_mitigation_ob_caused_imbalance;daily_mitigation_ob_flip_zone;daily_mitigation_ob_has_inducement;daily_mitigation_ob_swept_liquidity;daily_mitigation_ob_swept_liquidity_fractal;daily_mitigation_ob_swept_liquidity_fvg;daily_mitigation_ob_swept_liquidity_internal;daily_mitigation_ob_swept_liquidity_previous_candle;daily_mitigation_ob_swept_liquidity_swing;daily_ob_target_caused_displacement;daily_ob_target_caused_imbalance;daily_ob_target_flip_zone;daily_ob_target_has_inducement;daily_ob_target_swept_liquidity;daily_ob_target_swept_liquidity_fractal;daily_ob_target_swept_liquidity_fvg;daily_ob_target_swept_liquidity_internal;daily_ob_target_swept_liquidity_previous_candle;daily_ob_target_swept_liquidity_swing;h1_mitigation_ob_flip_zone;h1_mitigation_ob_swept_liquidity;h1_mitigation_ob_swept_liquidity_fractal;h1_mitigation_ob_swept_liquidity_previous_candle;h1_mitigation_ob_swept_liquidity_swing;h1_ob_target_flip_zone;h1_ob_target_swept_liquidity;h1_ob_target_swept_liquidity_fvg;h1_ob_target_swept_liquidity_internal;h1_ob_target_swept_liquidity_swing;h4_mitigation_ob_caused_displacement;h4_mitigation_ob_caused_imbalance;h4_mitigation_ob_flip_zone;h4_mitigation_ob_has_inducement;h4_mitigation_ob_swept_liquidity;h4_mitigation_ob_swept_liquidity_fractal;h4_mitigation_ob_swept_liquidity_fvg;h4_mitigation_ob_swept_liquidity_internal;h4_mitigation_ob_swept_liquidity_previous_candle;h4_mitigation_ob_swept_liquidity_swing;h4_mitigation_ob_within_daily_ob;h4_ob_target_caused_displacement;h4_ob_target_caused_imbalance;h4_ob_target_flip_zone;h4_ob_target_has_inducement;h4_ob_target_swept_liquidity;h4_ob_target_swept_liquidity_fractal;h4_ob_target_swept_liquidity_fvg;h4_ob_target_swept_liquidity_internal;h4_ob_target_swept_liquidity_previous_candle;h4_ob_target_swept_liquidity_swing;h4_ob_target_within_daily_ob
2020-12-16,Wednesday,ny,2020-12-16 13:00:00+00:00,2020-12-16 19:00:00+00:00,bullish,139.982,139.503,141.17950000000002,139.741,0.4790000000000134,0.0,loss,-0.5031315240083063,cut_19h,0.15657620041750842,-0.5031315240083063,cut_19h,False,1,6,0 days 06:00:00,0.0,True,,,2.5,2020-12-16 13:00:00+00:00,False,139.674,139.523,1,daily_mitigation_ob_caused_displacement;daily_mitigation_ob_caused_imbalance;daily_mitigation_ob_flip_zone;daily_mitigation_ob_has_inducement;daily_mitigation_ob_swept_liquidity;daily_mitigation_ob_swept_liquidity_fractal;daily_mitigation_ob_swept_liquidity_fvg;daily_mitigation_ob_swept_liquidity_internal;daily_mitigation_ob_swept_liquidity_previous_candle;daily_mitigation_ob_swept_liquidity_swing;daily_ob_target_caused_displacement;daily_ob_target_caused_imbalance;daily_ob_target_flip_zone;daily_ob_target_has_inducement;daily_ob_target_swept_liquidity;daily_ob_target_swept_liquidity_fractal;daily_ob_target_swept_liquidity_fvg;daily_ob_target_swept_liquidity_internal;daily_ob_target_swept_liquidity_previous_candle;daily_ob_target_swept_liquidity_swing;h1_mitigation_ob_flip_zone;h1_mitigation_ob_swept_liquidity_fractal;h1_mitigation_ob_swept_liquidity_fvg;h1_mitigation_ob_swept_liquidity_internal;h1_mitigation_ob_swept_liquidity_previous_candle;h1_mitigation_ob_swept_liquidity_swing;h1_ob_target_flip_zone;h1_ob_target_swept_liquidity_fractal;h1_ob_target_swept_liquidity_fvg;h1_ob_target_swept_liquidity_internal;h1_ob_target_swept_liquidity_previous_candle;h1_ob_target_swept_liquidity_swing;h4_mitigation_ob_caused_displacement;h4_mitigation_ob_caused_imbalance;h4_mitigation_ob_flip_zone;h4_mitigation_ob_has_inducement;h4_mitigation_ob_swept_liquidity;h4_mitigation_ob_swept_liquidity_fractal;h4_mitigation_ob_swept_liquidity_fvg;h4_mitigation_ob_swept_liquidity_internal;h4_mitigation_ob_swept_liquidity_previous_candle;h4_mitigation_ob_swept_liquidity_swing;h4_mitigation_ob_within_daily_ob;h4_ob_target_flip_zone;h4_ob_target_swept_liquidity_fractal;h4_ob_target_swept_liquidity_fvg;h4_ob_target_swept_liquidity_internal;h4_ob_target_swept_liquidity_previous_candle;h4_ob_target_swept_liquidity_swing
2020-12-18,Friday,ny,2020-12-18 12:00:00+00:00,2020-12-18 19:00:00+00:00,bearish,139.632,140.05700000000002,138.56949999999998,139.589,0.42500000000001137,5.0,win,0.10117647058824757,friday_close,0.7058823529411843,0.10117647058824757,friday_close,False,0,7,0 days 07:00:00,0.0,True,,,2.5,2020-12-18 11:00:00+00:00,True,140.037,139.87,1,daily_mitigation_ob_caused_displacement;daily_mitigation_ob_caused_imbalance;daily_mitigation_ob_flip_zone;daily_mitigation_ob_has_inducement;daily_mitigation_ob_swept_liquidity;daily_mitigation_ob_swept_liquidity_fractal;daily_mitigation_ob_swept_liquidity_fvg;daily_mitigation_ob_swept_liquidity_internal;daily_mitigation_ob_swept_liquidity_previous_candle;daily_mitigation_ob_swept_liquidity_swing;daily_ob_target_caused_displacement;daily_ob_target_caused_imbalance;daily_ob_target_flip_zone;daily_ob_target_has_inducement;daily_ob_target_swept_liquidity;daily_ob_target_swept_liquidity_fractal;daily_ob_target_swept_liquidity_fvg;daily_ob_target_swept_liquidity_internal;daily_ob_target_swept_liquidity_previous_candle;daily_ob_target_swept_liquidity_swing;h1_mitigation_ob_flip_zone;h1_mitigation_ob_swept_liquidity;h1_mitigation_ob_swept_liquidity_fvg;h1_mitigation_ob_swept_liquidity_internal;h1_mitigation_ob_swept_liquidity_previous_candle;h1_mitigation_ob_swept_liquidity_swing;h1_ob_target_flip_zone;h1_ob_target_swept_liquidity_fractal;h1_ob_target_swept_liquidity_fvg;h1_ob_target_swept_liquidity_internal;h1_ob_target_swept_liquidity_previous_candle;h1_ob_target_swept_liquidity_swing;h4_mitigation_ob_caused_displacement;h4_mitigation_ob_caused_imbalance;h4_mitigation_ob_flip_zone;h4_mitigation_ob_has_inducement;h4_mitigation_ob_swept_liquidity;h4_mitigation_ob_swept_liquidity_fractal;h4_mitigation_ob_swept_liquidity_fvg;h4_mitigation_ob_swept_liquidity_internal;h4_mitigation_ob_swept_liquidity_previous_candle;h4_mitigation_ob_swept_liquidity_swing;h4_mitigation_ob_within_daily_ob;h4_ob_target_flip_zone;h4_ob_target_swept_liquidity;h4_ob_target_swept_liquidity_fractal;h4_ob_target_swept_liquidity_fvg;h4_ob_target_swept_liquidity_internal;h4_ob_target_swept_liquidity_swing
2020-12-21,Monday,london,2020-12-21 09:00:00+00:00,2020-12-21 10:00:00+00:00,bullish,137.135,137.01,137.4475,137.01,0.125,1.7241379310344827,loss,-1.0,sl,1.0160000000000764,-1.0,sl,False,0,1,0 days 01:00:00,4.800000000000182,True,,,2.5,2020-12-21 09:00:00+00:00,False,137.369,137.03,1,daily_mitigation_ob_flip_zone;daily_mitigation_ob_swept_liquidity;daily_mitigation_ob_swept_liquidity_fvg;daily_mitigation_ob_swept_liquidity_internal;daily_mitigation_ob_swept_liquidity_previous_candle;daily_mitigation_ob_swept_liquidity_swing;daily_ob_target_caused_displacement;daily_ob_target_caused_imbalance;daily_ob_target_flip_zone;daily_ob_target_has_inducement;daily_ob_target_swept_liquidity;daily_ob_target_swept_liquidity_fractal;daily_ob_target_swept_liquidity_fvg;daily_ob_target_swept_liquidity_internal;daily_ob_target_swept_liquidity_previous_candle;daily_ob_target_swept_liquidity_swing;h1_mitigation_ob_flip_zone;h1_mitigation_ob_swept_liquidity_fractal;h1_mitigation_ob_swept_liquidity_fvg;h1_mitigation_ob_swept_liquidity_internal;h1_mitigation_ob_swept_liquidity_previous_candle;h1_mitigation_ob_swept_liquidity_swing;h1_ob_target_flip_zone;h1_ob_target_swept_liquidity;h1_ob_target_swept_liquidity_fractal;h1_ob_target_swept_liquidity_internal;h1_ob_target_swept_liquidity_previous_candle;h1_ob_target_swept_liquidity_swing;h4_mitigation_ob_caused_displacement;h4_mitigation_ob_caused_imbalance;h4_mitigation_ob_flip_zone;h4_mitigation_ob_has_inducement;h4_mitigation_ob_swept_liquidity;h4_mitigation_ob_swept_liquidity_fractal;h4_mitigation_ob_swept_liquidity_fvg;h4_mitigation_ob_swept_liquidity_internal;h4_mitigation_ob_swept_liquidity_previous_candle;h4_mitigation_ob_swept_liquidity_swing;h4_mitigation_ob_within_daily_ob;h4_ob_target_caused_displacement;h4_ob_target_caused_imbalance;h4_ob_target_flip_zone;h4_ob_target_has_inducement;h4_ob_target_swept_liquidity;h4_ob_target_swept_liquidity_fractal;h4_ob_target_swept_liquidity_fvg;h4_ob_target_swept_liquidity_internal;h4_ob_target_swept_liquidity_previous_candle;h4_ob_target_swept_liquidity_swing;h4_ob_target_within_daily_ob
2020-12-22,Tuesday,ny,2020-12-22 12:00:00+00:00,2020-12-22 19:00:00+00:00,bullish,138.681,137.369,141.96100000000004,138.398,1.3120000000000118,-10.294117647058822,loss,-0.21570121951220497,cut_19h,0.14329268292681896,-0.21570121951220497,cut_19h,False,1,7,0 days 07:00:00,0.0,True,,,2.5,2020-12-22 11:00:00+00:00,True,138.192,137.389,1,daily_mitigation_ob_caused_displacement;daily_mitigation_ob_caused_imbalance;daily_mitigation_ob_flip_zone;daily_mitigation_ob_has_inducement;daily_mitigation_ob_swept_liquidity;daily_mitigation_ob_swept_liquidity_fractal;daily_mitigation_ob_swept_liquidity_fvg;daily_mitigation_ob_swept_liquidity_internal;daily_mitigation_ob_swept_liquidity_previous_candle;daily_mitigation_ob_swept_liquidity_swing;daily_ob_target_flip_zone;daily_ob_target_swept_liquidity_fractal;daily_ob_target_swept_liquidity_fvg;daily_ob_target_swept_liquidity_internal;daily_ob_target_swept_liquidity_previous_candle;daily_ob_target_swept_liquidity_swing;h1_mitigation_ob_flip_zone;h1_mitigation_ob_swept_liquidity_fractal;h1_mitigation_ob_swept_liquidity_fvg;h1_mitigation_ob_swept_liquidity_internal;h1_mitigation_ob_swept_liquidity_previous_candle;h1_mitigation_ob_swept_liquidity_swing;h1_ob_target_flip_zone;h1_ob_target_swept_liquidity;h1_ob_target_swept_liquidity_fvg;h1_ob_target_swept_liquidity_internal;h1_ob_target_swept_liquidity_previous_candle;h1_ob_target_swept_liquidity_swing;h4_mitigation_ob_caused_displacement;h4_mitigation_ob_caused_imbalance;h4_mitigation_ob_flip_zone;h4_mitigation_ob_has_inducement;h4_mitigation_ob_swept_liquidity;h4_mitigation_ob_swept_liquidity_fractal;h4_mitigation_ob_swept_liquidity_fvg;h4_mitigation_ob_swept_liquidity_internal;h4_mitigation_ob_swept_liquidity_previous_candle;h4_mitigation_ob_swept_liquidity_swing;h4_mitigation_ob_within_daily_ob;h4_ob_target_flip_zone;h4_ob_target_swept_liquidity;h4_ob_target_swept_liquidity_fractal;h4_ob_target_swept_liquidity_fvg;h4_ob_target_swept_liquidity_internal;h4_ob_target_swept_liquidity_swing
2020-12-24,Thursday,london,2020-12-24 08:00:00+00:00,2020-12-24 15:00:00+00:00,bullish,140.844,140.253,142.32150000000001,140.253,0.5910000000000082,7.352941176470589,loss,-1.0,sl,0.6209813874788723,-1.0,sl,False,0,7,0 days 07:00:00,8.799999999999386,True,,,2.5,2020-12-24 08:00:00+00:00,False,140.416,140.273,1,daily_mitigation_ob_caused_displacement;daily_mitigation_ob_caused_imbalance;daily_mitigation_ob_flip_zone;daily_mitigation_ob_has_inducement;daily_mitigation_ob_swept_liquidity;daily_mitigation_ob_swept_liquidity_fractal;daily_mitigation_ob_swept_liquidity_fvg;daily_mitigation_ob_swept_liquidity_internal;daily_mitigation_ob_swept_liquidity_previous_candle;daily_mitigation_ob_swept_liquidity_swing;daily_ob_target_flip_zone;daily_ob_target_swept_liquidity_fractal;daily_ob_target_swept_liquidity_fvg;daily_ob_target_swept_liquidity_internal;daily_ob_target_swept_liquidity_previous_candle;daily_ob_target_swept_liquidity_swing;h1_mitigation_ob_flip_zone;h1_mitigation_ob_swept_liquidity_fractal;h1_mitigation_ob_swept_liquidity_fvg;h1_mitigation_ob_swept_liquidity_internal;h1_mitigation_ob_swept_liquidity_previous_candle;h1_mitigation_ob_swept_liquidity_swing;h1_ob_target_flip_zone;h1_ob_target_swept_liquidity;h1_ob_target_swept_liquidity_fractal;h1_ob_target_swept_liquidity_fvg;h1_ob_target_swept_liquidity_internal;h1_ob_target_swept_liquidity_swing;h4_mitigation_ob_caused_displacement;h4_mitigation_ob_caused_imbalance;h4_mitigation_ob_flip_zone;h4_mitigation_ob_has_inducement;h4_mitigation_ob_swept_liquidity;h4_mitigation_ob_swept_liquidity_fractal;h4_mitigation_ob_swept_liquidity_fvg;h4_mitigation_ob_swept_liquidity_internal;h4_mitigation_ob_swept_liquidity_previous_candle;h4_mitigation_ob_swept_liquidity_swing;h4_mitigation_ob_within_daily_ob;h4_ob_target_flip_zone;h4_ob_target_swept_liquidity_fractal;h4_ob_target_swept_liquidity_fvg;h4_ob_target_swept_liquidity_internal;h4_ob_target_swept_liquidity_previous_candle;h4_ob_target_swept_liquidity_swing
