date,day_of_week,session,order_placed_time,order_completed_time,direction,entry_price,sl_price,tp_price,exit_price,sl_size,probability,result,realised_r,exit_reason,max_r_reached,terminal_r,terminal_reason,be_moved,checkpoints,bars_held,trade_duration,sl_excursion_pips,taken,applied_threshold,applied_max_sl_pips,applied_tp_multiple,mitigation_time,entry_deferred,ob_top,ob_bottom,ob_touch_no,excluded_gates
2021-01-04,Monday,london,2021-01-04 09:00:00+00:00,2021-01-04 15:00:00+00:00,bullish,0.7219,0.71958,0.72886,0.71958,0.0023199999999999887,2.5133912981683646,loss,-1.0,sl,0.4870689655172284,-1.0,sl,False,0,6,0 days 06:00:00,14.899999999999913,False,25.0,17.9,3.0,2021-01-04 09:00:00+00:00,False,0.72075,0.71978,1,daily_mitigation_ob_caused_displacement;daily_mitigation_ob_caused_imbalance;daily_mitigation_ob_flip_zone;daily_mitigation_ob_has_inducement;daily_mitigation_ob_swept_liquidity;daily_mitigation_ob_swept_liquidity_fractal;daily_mitigation_ob_swept_liquidity_fvg;daily_mitigation_ob_swept_liquidity_internal;daily_mitigation_ob_swept_liquidity_previous_candle;daily_mitigation_ob_swept_liquidity_swing;daily_ob_target_flip_zone;daily_ob_target_swept_liquidity_fractal;daily_ob_target_swept_liquidity_fvg;daily_ob_target_swept_liquidity_internal;daily_ob_target_swept_liquidity_previous_candle;daily_ob_target_swept_liquidity_swing;h1_mitigation_ob_flip_zone;h1_mitigation_ob_swept_liquidity_fractal;h1_mitigation_ob_swept_liquidity_fvg;h1_mitigation_ob_swept_liquidity_internal;h1_mitigation_ob_swept_liquidity_previous_candle;h1_mitigation_ob_swept_liquidity_swing;h1_ob_target_flip_zone;h1_ob_target_swept_liquidity;h1_ob_target_swept_liquidity_fractal;h1_ob_target_swept_liquidity_fvg;h1_ob_target_swept_liquidity_internal;h1_ob_target_swept_liquidity_swing;h4_mitigation_ob_caused_displacement;h4_mitigation_ob_caused_imbalance;h4_mitigation_ob_flip_zone;h4_mitigation_ob_has_inducement;h4_mitigation_ob_swept_liquidity;h4_mitigation_ob_swept_liquidity_fractal;h4_mitigation_ob_swept_liquidity_fvg;h4_mitigation_ob_swept_liquidity_internal;h4_mitigation_ob_swept_liquidity_previous_candle;h4_mitigation_ob_swept_liquidity_swing;h4_mitigation_ob_within_daily_ob;h4_ob_target_flip_zone;h4_ob_target_swept_liquidity;h4_ob_target_swept_liquidity_fvg;h4_ob_target_swept_liquidity_internal;h4_ob_target_swept_liquidity_previous_candle;h4_ob_target_swept_liquidity_swing
2021-01-12,Tuesday,london,2021-01-12 09:00:00+00:00,2021-01-12 14:00:00+00:00,bullish,0.71883,0.71577,0.7280099999999998,0.71577,0.0030599999999999516,8.519953710348254,loss,-1.0,sl,0.23856209150327448,-1.0,sl,False,0,5,0 days 05:00:00,0.49999999999994493,False,25.0,17.9,3.0,2021-01-12 09:00:00+00:00,False,0.71702,0.71597,1,daily_mitigation_ob_caused_displacement;daily_mitigation_ob_caused_imbalance;daily_mitigation_ob_flip_zone;daily_mitigation_ob_has_inducement;daily_mitigation_ob_swept_liquidity;daily_mitigation_ob_swept_liquidity_fractal;daily_mitigation_ob_swept_liquidity_fvg;daily_mitigation_ob_swept_liquidity_internal;daily_mitigation_ob_swept_liquidity_previous_candle;daily_mitigation_ob_swept_liquidity_swing;daily_ob_target_caused_displacement;daily_ob_target_caused_imbalance;daily_ob_target_flip_zone;daily_ob_target_has_inducement;daily_ob_target_swept_liquidity;daily_ob_target_swept_liquidity_fractal;daily_ob_target_swept_liquidity_fvg;daily_ob_target_swept_liquidity_internal;daily_ob_target_swept_liquidity_previous_candle;daily_ob_target_swept_liquidity_swing;h1_mitigation_ob_flip_zone;h1_mitigation_ob_swept_liquidity;h1_mitigation_ob_swept_liquidity_fractal;h1_mitigation_ob_swept_liquidity_fvg;h1_mitigation_ob_swept_liquidity_internal;h1_mitigation_ob_swept_liquidity_swing;h1_ob_target_flip_zone;h1_ob_target_swept_liquidity_fractal;h1_ob_target_swept_liquidity_fvg;h1_ob_target_swept_liquidity_internal;h1_ob_target_swept_liquidity_previous_candle;h1_ob_target_swept_liquidity_swing;h4_mitigation_ob_caused_displacement;h4_mitigation_ob_caused_imbalance;h4_mitigation_ob_flip_zone;h4_mitigation_ob_has_inducement;h4_mitigation_ob_swept_liquidity;h4_mitigation_ob_swept_liquidity_fractal;h4_mitigation_ob_swept_liquidity_fvg;h4_mitigation_ob_swept_liquidity_internal;h4_mitigation_ob_swept_liquidity_previous_candle;h4_mitigation_ob_swept_liquidity_swing;h4_mitigation_ob_within_daily_ob;h4_ob_target_flip_zone;h4_ob_target_swept_liquidity_fractal;h4_ob_target_swept_liquidity_fvg;h4_ob_target_swept_liquidity_internal;h4_ob_target_swept_liquidity_previous_candle;h4_ob_target_swept_liquidity_swing
2021-01-13,Wednesday,ny,2021-01-13 12:00:00+00:00,2021-01-13 14:00:00+00:00,bullish,0.71801,0.71694,0.7212200000000001,0.71694,0.0010700000000000154,-8.951785281642021,loss,-1.0,sl,1.233644859813055,-1.0,sl,False,0,2,0 days 02:00:00,3.9000000000000146,False,25.0,17.9,3.0,2021-01-13 11:00:00+00:00,True,0.71823,0.71714,1,daily_mitigation_ob_caused_displacement;daily_mitigation_ob_caused_imbalance;daily_mitigation_ob_flip_zone;daily_mitigation_ob_has_inducement;daily_mitigation_ob_swept_liquidity;daily_mitigation_ob_swept_liquidity_fractal;daily_mitigation_ob_swept_liquidity_fvg;daily_mitigation_ob_swept_liquidity_internal;daily_mitigation_ob_swept_liquidity_previous_candle;daily_mitigation_ob_swept_liquidity_swing;daily_ob_target_caused_displacement;daily_ob_target_caused_imbalance;daily_ob_target_flip_zone;daily_ob_target_has_inducement;daily_ob_target_swept_liquidity;daily_ob_target_swept_liquidity_fractal;daily_ob_target_swept_liquidity_fvg;daily_ob_target_swept_liquidity_internal;daily_ob_target_swept_liquidity_previous_candle;daily_ob_target_swept_liquidity_swing;h1_mitigation_ob_flip_zone;h1_mitigation_ob_swept_liquidity_fractal;h1_mitigation_ob_swept_liquidity_fvg;h1_mitigation_ob_swept_liquidity_internal;h1_mitigation_ob_swept_liquidity_previous_candle;h1_mitigation_ob_swept_liquidity_swing;h1_ob_target_flip_zone;h1_ob_target_swept_liquidity;h1_ob_target_swept_liquidity_fractal;h1_ob_target_swept_liquidity_fvg;h1_ob_target_swept_liquidity_internal;h1_ob_target_swept_liquidity_swing;h4_mitigation_ob_caused_displacement;h4_mitigation_ob_caused_imbalance;h4_mitigation_ob_flip_zone;h4_mitigation_ob_has_inducement;h4_mitigation_ob_swept_liquidity;h4_mitigation_ob_swept_liquidity_fractal;h4_mitigation_ob_swept_liquidity_fvg;h4_mitigation_ob_swept_liquidity_internal;h4_mitigation_ob_swept_liquidity_previous_candle;h4_mitigation_ob_swept_liquidity_swing;h4_mitigation_ob_within_daily_ob;h4_ob_target_flip_zone;h4_ob_target_swept_liquidity_fractal;h4_ob_target_swept_liquidity_fvg;h4_ob_target_swept_liquidity_internal;h4_ob_target_swept_liquidity_previous_candle;h4_ob_target_swept_liquidity_swing
2021-01-13,Wednesday,ny,2021-01-13 14:00:00+00:00,2021-01-13 20:00:00+00:00,bullish,0.71772,0.71619,0.7223100000000001,0.71772,0.0015300000000000313,-8.951785281642021,breakeven,0.0,be_stop,1.8431372549018796,0.0,be_stop,True,1,6,0 days 06:00:00,2.60000000000038,False,25.0,17.9,3.0,2021-01-13 14:00:00+00:00,False,0.71767,0.71639,1,daily_mitigation_ob_caused_displacement;daily_mitigation_ob_caused_imbalance;daily_mitigation_ob_flip_zone;daily_mitigation_ob_has_inducement;daily_mitigation_ob_swept_liquidity;daily_mitigation_ob_swept_liquidity_fractal;daily_mitigation_ob_swept_liquidity_fvg;daily_mitigation_ob_swept_liquidity_internal;daily_mitigation_ob_swept_liquidity_previous_candle;daily_mitigation_ob_swept_liquidity_swing;daily_ob_target_caused_displacement;daily_ob_target_caused_imbalance;daily_ob_target_flip_zone;daily_ob_target_has_inducement;daily_ob_target_swept_liquidity;daily_ob_target_swept_liquidity_fractal;daily_ob_target_swept_liquidity_fvg;daily_ob_target_swept_liquidity_internal;daily_ob_target_swept_liquidity_previous_candle;daily_ob_target_swept_liquidity_swing;h1_mitigation_ob_flip_zone;h1_mitigation_ob_swept_liquidity_fractal;h1_mitigation_ob_swept_liquidity_fvg;h1_mitigation_ob_swept_liquidity_internal;h1_mitigation_ob_swept_liquidity_previous_candle;h1_mitigation_ob_swept_liquidity_swing;h1_ob_target_flip_zone;h1_ob_target_swept_liquidity;h1_ob_target_swept_liquidity_fractal;h1_ob_target_swept_liquidity_fvg;h1_ob_target_swept_liquidity_internal;h1_ob_target_swept_liquidity_swing;h4_mitigation_ob_caused_displacement;h4_mitigation_ob_caused_imbalance;h4_mitigation_ob_flip_zone;h4_mitigation_ob_has_inducement;h4_mitigation_ob_swept_liquidity;h4_mitigation_ob_swept_liquidity_fractal;h4_mitigation_ob_swept_liquidity_fvg;h4_mitigation_ob_swept_liquidity_internal;h4_mitigation_ob_swept_liquidity_previous_candle;h4_mitigation_ob_swept_liquidity_swing;h4_mitigation_ob_within_daily_ob;h4_ob_target_flip_zone;h4_ob_target_swept_liquidity_fractal;h4_ob_target_swept_liquidity_fvg;h4_ob_target_swept_liquidity_internal;h4_ob_target_swept_liquidity_previous_candle;h4_ob_target_swept_liquidity_swing
2021-01-14,Thursday,london,2021-01-14 07:00:00+00:00,2021-01-14 13:00:00+00:00,bullish,0.71932,0.71862,0.7214199999999997,0.71862,0.0006999999999999229,5.535386470451198,loss,-1.0,sl,2.0428571428574283,-1.0,sl,False,0,6,0 days 06:00:00,4.500000000000615,False,25.0,17.9,3.0,2021-01-14 07:00:00+00:00,False,0.71982,0.71882,1,daily_mitigation_ob_caused_displacement;daily_mitigation_ob_caused_imbalance;daily_mitigation_ob_flip_zone;daily_mitigation_ob_has_inducement;daily_mitigation_ob_swept_liquidity;daily_mitigation_ob_swept_liquidity_fractal;daily_mitigation_ob_swept_liquidity_fvg;daily_mitigation_ob_swept_liquidity_internal;daily_mitigation_ob_swept_liquidity_previous_candle;daily_mitigation_ob_swept_liquidity_swing;daily_ob_target_caused_displacement;daily_ob_target_caused_imbalance;daily_ob_target_flip_zone;daily_ob_target_has_inducement;daily_ob_target_swept_liquidity;daily_ob_target_swept_liquidity_fractal;daily_ob_target_swept_liquidity_fvg;daily_ob_target_swept_liquidity_internal;daily_ob_target_swept_liquidity_previous_candle;daily_ob_target_swept_liquidity_swing;h1_mitigation_ob_flip_zone;h1_mitigation_ob_swept_liquidity_fractal;h1_mitigation_ob_swept_liquidity_fvg;h1_mitigation_ob_swept_liquidity_internal;h1_mitigation_ob_swept_liquidity_previous_candle;h1_mitigation_ob_swept_liquidity_swing;h1_ob_target_flip_zone;h1_ob_target_swept_liquidity;h1_ob_target_swept_liquidity_fractal;h1_ob_target_swept_liquidity_fvg;h1_ob_target_swept_liquidity_internal;h1_ob_target_swept_liquidity_swing;h4_mitigation_ob_caused_displacement;h4_mitigation_ob_caused_imbalance;h4_mitigation_ob_flip_zone;h4_mitigation_ob_has_inducement;h4_mitigation_ob_swept_liquidity;h4_mitigation_ob_swept_liquidity_fractal;h4_mitigation_ob_swept_liquidity_fvg;h4_mitigation_ob_swept_liquidity_internal;h4_mitigation_ob_swept_liquidity_previous_candle;h4_mitigation_ob_swept_liquidity_swing;h4_mitigation_ob_within_daily_ob;h4_ob_target_caused_displacement;h4_ob_target_caused_imbalance;h4_ob_target_flip_zone;h4_ob_target_has_inducement;h4_ob_target_swept_liquidity;h4_ob_target_swept_liquidity_fractal;h4_ob_target_swept_liquidity_fvg;h4_ob_target_swept_liquidity_internal;h4_ob_target_swept_liquidity_previous_candle;h4_ob_target_swept_liquidity_swing;h4_ob_target_within_daily_ob
2021-01-15,Friday,london,2021-01-15 07:00:00+00:00,2021-01-15 08:00:00+00:00,bullish,0.71932,0.71797,0.7233699999999998,0.71797,0.0013499999999999623,11.299853996187032,loss,-1.0,sl,0.3111111111111842,-1.0,sl,False,0,1,0 days 01:00:00,6.500000000000394,False,25.0,17.9,3.0,2021-01-15 06:00:00+00:00,True,0.7195,0.71817,1,daily_mitigation_ob_caused_displacement;daily_mitigation_ob_caused_imbalance;daily_mitigation_ob_flip_zone;daily_mitigation_ob_has_inducement;daily_mitigation_ob_swept_liquidity;daily_mitigation_ob_swept_liquidity_fractal;daily_mitigation_ob_swept_liquidity_fvg;daily_mitigation_ob_swept_liquidity_internal;daily_mitigation_ob_swept_liquidity_previous_candle;daily_mitigation_ob_swept_liquidity_swing;daily_ob_target_caused_displacement;daily_ob_target_caused_imbalance;daily_ob_target_flip_zone;daily_ob_target_has_inducement;daily_ob_target_swept_liquidity;daily_ob_target_swept_liquidity_fractal;daily_ob_target_swept_liquidity_fvg;daily_ob_target_swept_liquidity_internal;daily_ob_target_swept_liquidity_previous_candle;daily_ob_target_swept_liquidity_swing;h1_mitigation_ob_flip_zone;h1_mitigation_ob_swept_liquidity_fractal;h1_mitigation_ob_swept_liquidity_fvg;h1_mitigation_ob_swept_liquidity_internal;h1_mitigation_ob_swept_liquidity_previous_candle;h1_mitigation_ob_swept_liquidity_swing;h1_ob_target_flip_zone;h1_ob_target_swept_liquidity;h1_ob_target_swept_liquidity_fractal;h1_ob_target_swept_liquidity_internal;h1_ob_target_swept_liquidity_swing;h4_mitigation_ob_caused_displacement;h4_mitigation_ob_caused_imbalance;h4_mitigation_ob_flip_zone;h4_mitigation_ob_has_inducement;h4_mitigation_ob_swept_liquidity;h4_mitigation_ob_swept_liquidity_fractal;h4_mitigation_ob_swept_liquidity_fvg;h4_mitigation_ob_swept_liquidity_internal;h4_mitigation_ob_swept_liquidity_previous_candle;h4_mitigation_ob_swept_liquidity_swing;h4_mitigation_ob_within_daily_ob;h4_ob_target_flip_zone;h4_ob_target_swept_liquidity_fractal;h4_ob_target_swept_liquidity_fvg;h4_ob_target_swept_liquidity_internal;h4_ob_target_swept_liquidity_previous_candle;h4_ob_target_swept_liquidity_swing
2021-01-15,Friday,ny,2021-01-15 12:00:00+00:00,2021-01-15 19:00:00+00:00,bearish,0.71732,0.72044,0.7079599999999999,0.71443,0.0031200000000000117,-0.9425820086501132,win,0.9262820512820312,friday_close,1.76282051282049,0.9262820512820312,friday_close,False,0,7,0 days 07:00:00,0.0,False,25.0,17.9,3.0,2021-01-15 11:00:00+00:00,True,0.72024,0.71905,1,daily_mitigation_ob_caused_displacement;daily_mitigation_ob_caused_imbalance;daily_mitigation_ob_flip_zone;daily_mitigation_ob_has_inducement;daily_mitigation_ob_swept_liquidity;daily_mitigation_ob_swept_liquidity_fractal;daily_mitigation_ob_swept_liquidity_fvg;daily_mitigation_ob_swept_liquidity_internal;daily_mitigation_ob_swept_liquidity_previous_candle;daily_mitigation_ob_swept_liquidity_swing;daily_ob_target_flip_zone;daily_ob_target_swept_liquidity;daily_ob_target_swept_liquidity_fvg;daily_ob_target_swept_liquidity_internal;daily_ob_target_swept_liquidity_previous_candle;daily_ob_target_swept_liquidity_swing;h1_mitigation_ob_flip_zone;h1_mitigation_ob_swept_liquidity;h1_mitigation_ob_swept_liquidity_fractal;h1_mitigation_ob_swept_liquidity_fvg;h1_mitigation_ob_swept_liquidity_internal;h1_mitigation_ob_swept_liquidity_swing;h1_ob_target_flip_zone;h1_ob_target_swept_liquidity_fractal;h1_ob_target_swept_liquidity_fvg;h1_ob_target_swept_liquidity_internal;h1_ob_target_swept_liquidity_previous_candle;h1_ob_target_swept_liquidity_swing;h4_mitigation_ob_caused_displacement;h4_mitigation_ob_caused_imbalance;h4_mitigation_ob_flip_zone;h4_mitigation_ob_has_inducement;h4_mitigation_ob_swept_liquidity;h4_mitigation_ob_swept_liquidity_fractal;h4_mitigation_ob_swept_liquidity_fvg;h4_mitigation_ob_swept_liquidity_internal;h4_mitigation_ob_swept_liquidity_previous_candle;h4_mitigation_ob_swept_liquidity_swing;h4_mitigation_ob_within_daily_ob;h4_ob_target_flip_zone;h4_ob_target_swept_liquidity_fractal;h4_ob_target_swept_liquidity_fvg;h4_ob_target_swept_liquidity_internal;h4_ob_target_swept_liquidity_previous_candle;h4_ob_target_swept_liquidity_swing
2021-01-19,Tuesday,london,2021-01-19 07:00:00+00:00,2021-01-20 02:00:00+00:00,bearish,0.71318,0.71493,0.7079300000000003,0.71318,0.0017499999999999183,31.307590321425426,breakeven,0.0,be_stop,1.6971428571429525,0.0,be_stop,True,1,19,0 days 19:00:00,1.8999999999991246,True,25.0,17.9,3.0,2021-01-19 06:00:00+00:00,True,0.71473,0.71364,2,daily_mitigation_ob_caused_displacement;daily_mitigation_ob_caused_imbalance;daily_mitigation_ob_flip_zone;daily_mitigation_ob_has_inducement;daily_mitigation_ob_swept_liquidity;daily_mitigation_ob_swept_liquidity_fractal;daily_mitigation_ob_swept_liquidity_fvg;daily_mitigation_ob_swept_liquidity_internal;daily_mitigation_ob_swept_liquidity_previous_candle;daily_mitigation_ob_swept_liquidity_swing;daily_ob_target_caused_displacement;daily_ob_target_caused_imbalance;daily_ob_target_flip_zone;daily_ob_target_has_inducement;daily_ob_target_swept_liquidity;daily_ob_target_swept_liquidity_fractal;daily_ob_target_swept_liquidity_fvg;daily_ob_target_swept_liquidity_internal;daily_ob_target_swept_liquidity_previous_candle;daily_ob_target_swept_liquidity_swing;h1_mitigation_ob_flip_zone;h1_mitigation_ob_swept_liquidity_fractal;h1_mitigation_ob_swept_liquidity_fvg;h1_mitigation_ob_swept_liquidity_internal;h1_mitigation_ob_swept_liquidity_previous_candle;h1_mitigation_ob_swept_liquidity_swing;h1_ob_target_flip_zone;h1_ob_target_swept_liquidity_fractal;h1_ob_target_swept_liquidity_fvg;h1_ob_target_swept_liquidity_internal;h1_ob_target_swept_liquidity_previous_candle;h1_ob_target_swept_liquidity_swing;h4_mitigation_ob_caused_displacement;h4_mitigation_ob_caused_imbalance;h4_mitigation_ob_flip_zone;h4_mitigation_ob_has_inducement;h4_mitigation_ob_swept_liquidity;h4_mitigation_ob_swept_liquidity_fractal;h4_mitigation_ob_swept_liquidity_fvg;h4_mitigation_ob_swept_liquidity_internal;h4_mitigation_ob_swept_liquidity_previous_candle;h4_mitigation_ob_swept_liquidity_swing;h4_mitigation_ob_within_daily_ob;h4_ob_target_flip_zone;h4_ob_target_swept_liquidity;h4_ob_target_swept_liquidity_fractal;h4_ob_target_swept_liquidity_fvg;h4_ob_target_swept_liquidity_internal;h4_ob_target_swept_liquidity_swing
2021-01-21,Thursday,ny,2021-01-21 14:00:00+00:00,2021-01-21 16:00:00+00:00,bullish,0.71999,0.71912,0.7226000000000001,0.71912,0.0008700000000000374,10.806031856512298,loss,-1.0,sl,1.2873563218390365,-1.0,sl,False,0,2,0 days 02:00:00,8.00000000000023,False,25.0,17.9,3.0,2021-01-21 14:00:00+00:00,False,0.72061,0.71932,1,daily_mitigation_ob_caused_displacement;daily_mitigation_ob_caused_imbalance;daily_mitigation_ob_flip_zone;daily_mitigation_ob_has_inducement;daily_mitigation_ob_swept_liquidity;daily_mitigation_ob_swept_liquidity_fractal;daily_mitigation_ob_swept_liquidity_fvg;daily_mitigation_ob_swept_liquidity_internal;daily_mitigation_ob_swept_liquidity_previous_candle;daily_mitigation_ob_swept_liquidity_swing;daily_ob_target_caused_displacement;daily_ob_target_caused_imbalance;daily_ob_target_flip_zone;daily_ob_target_has_inducement;daily_ob_target_swept_liquidity;daily_ob_target_swept_liquidity_fractal;daily_ob_target_swept_liquidity_fvg;daily_ob_target_swept_liquidity_internal;daily_ob_target_swept_liquidity_previous_candle;daily_ob_target_swept_liquidity_swing;h1_mitigation_ob_flip_zone;h1_mitigation_ob_swept_liquidity;h1_mitigation_ob_swept_liquidity_fractal;h1_mitigation_ob_swept_liquidity_internal;h1_mitigation_ob_swept_liquidity_previous_candle;h1_mitigation_ob_swept_liquidity_swing;h1_ob_target_flip_zone;h1_ob_target_swept_liquidity;h1_ob_target_swept_liquidity_fractal;h1_ob_target_swept_liquidity_fvg;h1_ob_target_swept_liquidity_internal;h1_ob_target_swept_liquidity_swing;h4_mitigation_ob_caused_displacement;h4_mitigation_ob_caused_imbalance;h4_mitigation_ob_flip_zone;h4_mitigation_ob_has_inducement;h4_mitigation_ob_swept_liquidity;h4_mitigation_ob_swept_liquidity_fractal;h4_mitigation_ob_swept_liquidity_fvg;h4_mitigation_ob_swept_liquidity_internal;h4_mitigation_ob_swept_liquidity_previous_candle;h4_mitigation_ob_swept_liquidity_swing;h4_mitigation_ob_within_daily_ob;h4_ob_target_flip_zone;h4_ob_target_swept_liquidity_fractal;h4_ob_target_swept_liquidity_fvg;h4_ob_target_swept_liquidity_internal;h4_ob_target_swept_liquidity_previous_candle;h4_ob_target_swept_liquidity_swing
2021-01-25,Monday,london,2021-01-25 07:00:00+00:00,2021-01-26 07:00:00+00:00,bearish,0.72124,0.72271,0.7168300000000001,0.7168300000000001,0.0014699999999999713,19.2654691534325,win,3.0,tp,3.1020408163265967,0.0,be_stop,True,1,24,1 days 00:00:00,5.399999999999849,False,25.0,17.9,3.0,2021-01-25 07:00:00+00:00,False,0.72251,0.72135,1,daily_mitigation_ob_caused_displacement;daily_mitigation_ob_caused_imbalance;daily_mitigation_ob_flip_zone;daily_mitigation_ob_has_inducement;daily_mitigation_ob_swept_liquidity;daily_mitigation_ob_swept_liquidity_fractal;daily_mitigation_ob_swept_liquidity_fvg;daily_mitigation_ob_swept_liquidity_internal;daily_mitigation_ob_swept_liquidity_previous_candle;daily_mitigation_ob_swept_liquidity_swing;daily_ob_target_caused_displacement;daily_ob_target_caused_imbalance;daily_ob_target_flip_zone;daily_ob_target_has_inducement;daily_ob_target_swept_liquidity;daily_ob_target_swept_liquidity_fractal;daily_ob_target_swept_liquidity_fvg;daily_ob_target_swept_liquidity_internal;daily_ob_target_swept_liquidity_previous_candle;daily_ob_target_swept_liquidity_swing;h1_mitigation_ob_flip_zone;h1_mitigation_ob_swept_liquidity;h1_mitigation_ob_swept_liquidity_fractal;h1_mitigation_ob_swept_liquidity_fvg;h1_mitigation_ob_swept_liquidity_internal;h1_mitigation_ob_swept_liquidity_swing;h1_ob_target_flip_zone;h1_ob_target_swept_liquidity_fractal;h1_ob_target_swept_liquidity_fvg;h1_ob_target_swept_liquidity_internal;h1_ob_target_swept_liquidity_previous_candle;h1_ob_target_swept_liquidity_swing;h4_mitigation_ob_caused_displacement;h4_mitigation_ob_caused_imbalance;h4_mitigation_ob_flip_zone;h4_mitigation_ob_has_inducement;h4_mitigation_ob_swept_liquidity;h4_mitigation_ob_swept_liquidity_fractal;h4_mitigation_ob_swept_liquidity_fvg;h4_mitigation_ob_swept_liquidity_internal;h4_mitigation_ob_swept_liquidity_previous_candle;h4_mitigation_ob_swept_liquidity_swing;h4_mitigation_ob_within_daily_ob;h4_ob_target_caused_displacement;h4_ob_target_caused_imbalance;h4_ob_target_flip_zone;h4_ob_target_has_inducement;h4_ob_target_swept_liquidity;h4_ob_target_swept_liquidity_fractal;h4_ob_target_swept_liquidity_fvg;h4_ob_target_swept_liquidity_internal;h4_ob_target_swept_liquidity_previous_candle;h4_ob_target_swept_liquidity_swing;h4_ob_target_within_daily_ob
2021-01-26,Tuesday,london,2021-01-26 09:00:00+00:00,2021-01-26 10:00:00+00:00,bearish,0.71977,0.72031,0.7181500000000001,0.72031,0.0005399999999999849,16.249911350351482,loss,-1.0,sl,0.7407407407408855,-1.0,sl,False,0,1,0 days 01:00:00,0.40000000000040004,False,25.0,17.9,3.0,2021-01-26 09:00:00+00:00,False,0.72011,0.71941,1,daily_mitigation_ob_caused_displacement;daily_mitigation_ob_caused_imbalance;daily_mitigation_ob_flip_zone;daily_mitigation_ob_has_inducement;daily_mitigation_ob_swept_liquidity;daily_mitigation_ob_swept_liquidity_fractal;daily_mitigation_ob_swept_liquidity_fvg;daily_mitigation_ob_swept_liquidity_internal;daily_mitigation_ob_swept_liquidity_previous_candle;daily_mitigation_ob_swept_liquidity_swing;daily_ob_target_caused_displacement;daily_ob_target_caused_imbalance;daily_ob_target_flip_zone;daily_ob_target_has_inducement;daily_ob_target_swept_liquidity;daily_ob_target_swept_liquidity_fractal;daily_ob_target_swept_liquidity_fvg;daily_ob_target_swept_liquidity_internal;daily_ob_target_swept_liquidity_previous_candle;daily_ob_target_swept_liquidity_swing;h1_mitigation_ob_flip_zone;h1_mitigation_ob_swept_liquidity;h1_mitigation_ob_swept_liquidity_fractal;h1_mitigation_ob_swept_liquidity_fvg;h1_mitigation_ob_swept_liquidity_internal;h1_mitigation_ob_swept_liquidity_swing;h1_ob_target_caused_displacement;h1_ob_target_caused_imbalance;h1_ob_target_flip_zone;h1_ob_target_has_inducement;h1_ob_target_swept_liquidity;h1_ob_target_swept_liquidity_fractal;h1_ob_target_swept_liquidity_fvg;h1_ob_target_swept_liquidity_internal;h1_ob_target_swept_liquidity_previous_candle;h1_ob_target_swept_liquidity_swing;h1_ob_target_within_h4_ob;h4_mitigation_ob_flip_zone;h4_mitigation_ob_swept_liquidity_fractal;h4_mitigation_ob_swept_liquidity_fvg;h4_mitigation_ob_swept_liquidity_internal;h4_mitigation_ob_swept_liquidity_previous_candle;h4_mitigation_ob_swept_liquidity_swing;h4_ob_target_caused_displacement;h4_ob_target_caused_imbalance;h4_ob_target_flip_zone;h4_ob_target_has_inducement;h4_ob_target_swept_liquidity;h4_ob_target_swept_liquidity_fractal;h4_ob_target_swept_liquidity_fvg;h4_ob_target_swept_liquidity_internal;h4_ob_target_swept_liquidity_previous_candle;h4_ob_target_swept_liquidity_swing;h4_ob_target_within_daily_ob
2021-02-02,Tuesday,london,2021-02-02 08:00:00+00:00,2021-02-02 12:00:00+00:00,bullish,0.71915,0.7154400000000001,0.7302799999999996,0.7154400000000001,0.00370999999999988,17.650799893796894,loss,-1.0,sl,0.04043126684638797,-1.0,sl,False,0,4,0 days 04:00:00,0.20000000000131024,False,25.0,17.9,3.0,2021-02-02 08:00:00+00:00,False,0.71658,0.71564,1,daily_mitigation_ob_caused_displacement;daily_mitigation_ob_caused_imbalance;daily_mitigation_ob_flip_zone;daily_mitigation_ob_has_inducement;daily_mitigation_ob_swept_liquidity;daily_mitigation_ob_swept_liquidity_fractal;daily_mitigation_ob_swept_liquidity_fvg;daily_mitigation_ob_swept_liquidity_internal;daily_mitigation_ob_swept_liquidity_previous_candle;daily_mitigation_ob_swept_liquidity_swing;daily_ob_target_flip_zone;daily_ob_target_swept_liquidity_fractal;daily_ob_target_swept_liquidity_fvg;daily_ob_target_swept_liquidity_internal;daily_ob_target_swept_liquidity_previous_candle;daily_ob_target_swept_liquidity_swing;h1_mitigation_ob_flip_zone;h1_mitigation_ob_swept_liquidity;h1_mitigation_ob_swept_liquidity_fractal;h1_mitigation_ob_swept_liquidity_fvg;h1_mitigation_ob_swept_liquidity_previous_candle;h1_mitigation_ob_swept_liquidity_swing;h1_ob_target_flip_zone;h1_ob_target_swept_liquidity;h1_ob_target_swept_liquidity_fvg;h1_ob_target_swept_liquidity_internal;h1_ob_target_swept_liquidity_swing;h4_mitigation_ob_caused_displacement;h4_mitigation_ob_caused_imbalance;h4_mitigation_ob_flip_zone;h4_mitigation_ob_has_inducement;h4_mitigation_ob_swept_liquidity;h4_mitigation_ob_swept_liquidity_fractal;h4_mitigation_ob_swept_liquidity_fvg;h4_mitigation_ob_swept_liquidity_internal;h4_mitigation_ob_swept_liquidity_previous_candle;h4_mitigation_ob_swept_liquidity_swing;h4_mitigation_ob_within_daily_ob;h4_ob_target_flip_zone;h4_ob_target_swept_liquidity_fractal;h4_ob_target_swept_liquidity_fvg;h4_ob_target_swept_liquidity_internal;h4_ob_target_swept_liquidity_previous_candle;h4_ob_target_swept_liquidity_swing
2021-02-02,Tuesday,ny,2021-02-02 14:00:00+00:00,2021-02-02 19:00:00+00:00,bearish,0.71398,0.71944,0.6975999999999999,0.71495,0.00546000000000002,12.419605670881351,loss,-0.17765567765568183,cut_19h,0.04578754578754057,-0.17765567765568183,cut_19h,False,1,5,0 days 05:00:00,0.0,False,25.0,17.9,3.0,2021-02-02 14:00:00+00:00,False,0.71924,0.71661,1,daily_mitigation_ob_caused_displacement;daily_mitigation_ob_caused_imbalance;daily_mitigation_ob_flip_zone;daily_mitigation_ob_has_inducement;daily_mitigation_ob_swept_liquidity;daily_mitigation_ob_swept_liquidity_fractal;daily_mitigation_ob_swept_liquidity_fvg;daily_mitigation_ob_swept_liquidity_internal;daily_mitigation_ob_swept_liquidity_previous_candle;daily_mitigation_ob_swept_liquidity_swing;daily_ob_target_caused_displacement;daily_ob_target_caused_imbalance;daily_ob_target_flip_zone;daily_ob_target_has_inducement;daily_ob_target_swept_liquidity;daily_ob_target_swept_liquidity_fractal;daily_ob_target_swept_liquidity_fvg;daily_ob_target_swept_liquidity_internal;daily_ob_target_swept_liquidity_previous_candle;daily_ob_target_swept_liquidity_swing;h1_mitigation_ob_flip_zone;h1_mitigation_ob_swept_liquidity_fractal;h1_mitigation_ob_swept_liquidity_fvg;h1_mitigation_ob_swept_liquidity_internal;h1_mitigation_ob_swept_liquidity_previous_candle;h1_mitigation_ob_swept_liquidity_swing;h1_ob_target_flip_zone;h1_ob_target_swept_liquidity;h1_ob_target_swept_liquidity_fractal;h1_ob_target_swept_liquidity_fvg;h1_ob_target_swept_liquidity_internal;h1_ob_target_swept_liquidity_swing;h4_mitigation_ob_caused_displacement;h4_mitigation_ob_caused_imbalance;h4_mitigation_ob_flip_zone;h4_mitigation_ob_has_inducement;h4_mitigation_ob_swept_liquidity;h4_mitigation_ob_swept_liquidity_fractal;h4_mitigation_ob_swept_liquidity_fvg;h4_mitigation_ob_swept_liquidity_internal;h4_mitigation_ob_swept_liquidity_previous_candle;h4_mitigation_ob_swept_liquidity_swing;h4_mitigation_ob_within_daily_ob;h4_ob_target_flip_zone;h4_ob_target_swept_liquidity;h4_ob_target_swept_liquidity_fractal;h4_ob_target_swept_liquidity_fvg;h4_ob_target_swept_liquidity_internal;h4_ob_target_swept_liquidity_swing
2021-02-10,Wednesday,london,2021-02-10 09:00:00+00:00,2021-02-10 19:00:00+00:00,bearish,0.72074,0.72547,0.7065500000000003,0.72131,0.004729999999999901,19.69168062891205,loss,-0.12050739957716096,cut_19h,0.1754756871035972,-0.12050739957716096,cut_19h,False,1,10,0 days 10:00:00,0.0,False,25.0,17.9,3.0,2021-02-10 09:00:00+00:00,False,0.72527,0.72431,2,daily_mitigation_ob_caused_displacement;daily_mitigation_ob_caused_imbalance;daily_mitigation_ob_flip_zone;daily_mitigation_ob_has_inducement;daily_mitigation_ob_swept_liquidity;daily_mitigation_ob_swept_liquidity_fractal;daily_mitigation_ob_swept_liquidity_fvg;daily_mitigation_ob_swept_liquidity_internal;daily_mitigation_ob_swept_liquidity_previous_candle;daily_mitigation_ob_swept_liquidity_swing;daily_ob_target_caused_displacement;daily_ob_target_caused_imbalance;daily_ob_target_flip_zone;daily_ob_target_has_inducement;daily_ob_target_swept_liquidity;daily_ob_target_swept_liquidity_fractal;daily_ob_target_swept_liquidity_fvg;daily_ob_target_swept_liquidity_internal;daily_ob_target_swept_liquidity_previous_candle;daily_ob_target_swept_liquidity_swing;h1_mitigation_ob_flip_zone;h1_mitigation_ob_swept_liquidity;h1_mitigation_ob_swept_liquidity_fractal;h1_mitigation_ob_swept_liquidity_fvg;h1_mitigation_ob_swept_liquidity_internal;h1_mitigation_ob_swept_liquidity_swing;h1_ob_target_flip_zone;h1_ob_target_swept_liquidity;h1_ob_target_swept_liquidity_fvg;h1_ob_target_swept_liquidity_internal;h1_ob_target_swept_liquidity_previous_candle;h1_ob_target_swept_liquidity_swing;h4_mitigation_ob_caused_displacement;h4_mitigation_ob_caused_imbalance;h4_mitigation_ob_flip_zone;h4_mitigation_ob_has_inducement;h4_mitigation_ob_swept_liquidity;h4_mitigation_ob_swept_liquidity_fractal;h4_mitigation_ob_swept_liquidity_fvg;h4_mitigation_ob_swept_liquidity_internal;h4_mitigation_ob_swept_liquidity_previous_candle;h4_mitigation_ob_swept_liquidity_swing;h4_mitigation_ob_within_daily_ob;h4_ob_target_flip_zone;h4_ob_target_swept_liquidity;h4_ob_target_swept_liquidity_internal;h4_ob_target_swept_liquidity_previous_candle;h4_ob_target_swept_liquidity_swing
2021-02-12,Friday,london,2021-02-12 07:00:00+00:00,2021-02-12 19:00:00+00:00,bearish,0.72071,0.72302,0.7137799999999999,0.72211,0.0023100000000000342,18.90832251499484,loss,-0.6060606060606265,friday_close,1.3852813852813564,-0.6060606060606265,friday_close,False,0,12,0 days 12:00:00,0.0,False,25.0,17.9,3.0,2021-02-12 06:00:00+00:00,True,0.72282,0.72199,1,daily_mitigation_ob_caused_displacement;daily_mitigation_ob_caused_imbalance;daily_mitigation_ob_flip_zone;daily_mitigation_ob_has_inducement;daily_mitigation_ob_swept_liquidity;daily_mitigation_ob_swept_liquidity_fractal;daily_mitigation_ob_swept_liquidity_fvg;daily_mitigation_ob_swept_liquidity_internal;daily_mitigation_ob_swept_liquidity_previous_candle;daily_mitigation_ob_swept_liquidity_swing;daily_ob_target_caused_displacement;daily_ob_target_caused_imbalance;daily_ob_target_flip_zone;daily_ob_target_has_inducement;daily_ob_target_swept_liquidity;daily_ob_target_swept_liquidity_fractal;daily_ob_target_swept_liquidity_fvg;daily_ob_target_swept_liquidity_internal;daily_ob_target_swept_liquidity_previous_candle;daily_ob_target_swept_liquidity_swing;h1_mitigation_ob_flip_zone;h1_mitigation_ob_swept_liquidity_fractal;h1_mitigation_ob_swept_liquidity_fvg;h1_mitigation_ob_swept_liquidity_internal;h1_mitigation_ob_swept_liquidity_previous_candle;h1_mitigation_ob_swept_liquidity_swing;h1_ob_target_flip_zone;h1_ob_target_swept_liquidity;h1_ob_target_swept_liquidity_fractal;h1_ob_target_swept_liquidity_fvg;h1_ob_target_swept_liquidity_internal;h1_ob_target_swept_liquidity_swing;h4_mitigation_ob_caused_displacement;h4_mitigation_ob_caused_imbalance;h4_mitigation_ob_flip_zone;h4_mitigation_ob_has_inducement;h4_mitigation_ob_swept_liquidity;h4_mitigation_ob_swept_liquidity_fractal;h4_mitigation_ob_swept_liquidity_fvg;h4_mitigation_ob_swept_liquidity_internal;h4_mitigation_ob_swept_liquidity_previous_candle;h4_mitigation_ob_swept_liquidity_swing;h4_mitigation_ob_within_daily_ob;h4_ob_target_flip_zone;h4_ob_target_swept_liquidity;h4_ob_target_swept_liquidity_internal;h4_ob_target_swept_liquidity_previous_candle;h4_ob_target_swept_liquidity_swing
2021-02-15,Monday,ny,2021-02-15 13:00:00+00:00,2021-02-15 19:00:00+00:00,bearish,0.72181,0.72404,0.7151199999999998,0.72339,0.0022300000000000653,13.454530581726635,loss,-0.7085201793721881,cut_19h,0.13901345291475892,-0.7085201793721881,cut_19h,False,1,6,0 days 06:00:00,0.0,False,25.0,17.9,3.0,2021-02-15 13:00:00+00:00,False,0.72384,0.7227,1,daily_mitigation_ob_caused_displacement;daily_mitigation_ob_caused_imbalance;daily_mitigation_ob_flip_zone;daily_mitigation_ob_has_inducement;daily_mitigation_ob_swept_liquidity;daily_mitigation_ob_swept_liquidity_fractal;daily_mitigation_ob_swept_liquidity_fvg;daily_mitigation_ob_swept_liquidity_internal;daily_mitigation_ob_swept_liquidity_previous_candle;daily_mitigation_ob_swept_liquidity_swing;daily_ob_target_caused_displacement;daily_ob_target_caused_imbalance;daily_ob_target_flip_zone;daily_ob_target_has_inducement;daily_ob_target_swept_liquidity;daily_ob_target_swept_liquidity_fractal;daily_ob_target_swept_liquidity_fvg;daily_ob_target_swept_liquidity_internal;daily_ob_target_swept_liquidity_previous_candle;daily_ob_target_swept_liquidity_swing;h1_mitigation_ob_flip_zone;h1_mitigation_ob_swept_liquidity_fractal;h1_mitigation_ob_swept_liquidity_fvg;h1_mitigation_ob_swept_liquidity_internal;h1_mitigation_ob_swept_liquidity_previous_candle;h1_mitigation_ob_swept_liquidity_swing;h1_ob_target_flip_zone;h1_ob_target_swept_liquidity;h1_ob_target_swept_liquidity_fractal;h1_ob_target_swept_liquidity_fvg;h1_ob_target_swept_liquidity_internal;h1_ob_target_swept_liquidity_swing;h4_mitigation_ob_caused_displacement;h4_mitigation_ob_caused_imbalance;h4_mitigation_ob_flip_zone;h4_mitigation_ob_has_inducement;h4_mitigation_ob_swept_liquidity;h4_mitigation_ob_swept_liquidity_fractal;h4_mitigation_ob_swept_liquidity_fvg;h4_mitigation_ob_swept_liquidity_internal;h4_mitigation_ob_swept_liquidity_previous_candle;h4_mitigation_ob_swept_liquidity_swing;h4_mitigation_ob_within_daily_ob;h4_ob_target_flip_zone;h4_ob_target_swept_liquidity;h4_ob_target_swept_liquidity_internal;h4_ob_target_swept_liquidity_previous_candle;h4_ob_target_swept_liquidity_swing
2021-02-16,Tuesday,ny,2021-02-16 12:00:00+00:00,2021-02-16 13:00:00+00:00,bullish,0.72417,0.72362,0.7258199999999998,0.72362,0.0005499999999999394,19.017430373511043,loss,-1.0,sl,0.0,-1.0,sl,False,0,1,0 days 01:00:00,23.90000000000003,False,25.0,17.9,3.0,2021-02-16 11:00:00+00:00,True,0.72572,0.72382,1,daily_mitigation_ob_caused_displacement;daily_mitigation_ob_caused_imbalance;daily_mitigation_ob_flip_zone;daily_mitigation_ob_has_inducement;daily_mitigation_ob_swept_liquidity;daily_mitigation_ob_swept_liquidity_fractal;daily_mitigation_ob_swept_liquidity_fvg;daily_mitigation_ob_swept_liquidity_internal;daily_mitigation_ob_swept_liquidity_previous_candle;daily_mitigation_ob_swept_liquidity_swing;daily_ob_target_caused_displacement;daily_ob_target_caused_imbalance;daily_ob_target_flip_zone;daily_ob_target_has_inducement;daily_ob_target_swept_liquidity;daily_ob_target_swept_liquidity_fractal;daily_ob_target_swept_liquidity_fvg;daily_ob_target_swept_liquidity_internal;daily_ob_target_swept_liquidity_previous_candle;daily_ob_target_swept_liquidity_swing;h1_mitigation_ob_flip_zone;h1_mitigation_ob_swept_liquidity;h1_mitigation_ob_swept_liquidity_fractal;h1_mitigation_ob_swept_liquidity_internal;h1_mitigation_ob_swept_liquidity_previous_candle;h1_mitigation_ob_swept_liquidity_swing;h1_ob_target_caused_displacement;h1_ob_target_caused_imbalance;h1_ob_target_flip_zone;h1_ob_target_has_inducement;h1_ob_target_swept_liquidity;h1_ob_target_swept_liquidity_fractal;h1_ob_target_swept_liquidity_fvg;h1_ob_target_swept_liquidity_internal;h1_ob_target_swept_liquidity_previous_candle;h1_ob_target_swept_liquidity_swing;h1_ob_target_within_h4_ob;h4_mitigation_ob_caused_displacement;h4_mitigation_ob_caused_imbalance;h4_mitigation_ob_flip_zone;h4_mitigation_ob_has_inducement;h4_mitigation_ob_swept_liquidity;h4_mitigation_ob_swept_liquidity_fractal;h4_mitigation_ob_swept_liquidity_fvg;h4_mitigation_ob_swept_liquidity_internal;h4_mitigation_ob_swept_liquidity_previous_candle;h4_mitigation_ob_swept_liquidity_swing;h4_mitigation_ob_within_daily_ob;h4_ob_target_caused_displacement;h4_ob_target_caused_imbalance;h4_ob_target_flip_zone;h4_ob_target_has_inducement;h4_ob_target_swept_liquidity;h4_ob_target_swept_liquidity_fractal;h4_ob_target_swept_liquidity_fvg;h4_ob_target_swept_liquidity_internal;h4_ob_target_swept_liquidity_previous_candle;h4_ob_target_swept_liquidity_swing;h4_ob_target_within_daily_ob
2021-02-17,Wednesday,london,2021-02-17 07:00:00+00:00,2021-02-17 19:00:00+00:00,bearish,0.71811,0.7216199999999999,0.7075800000000003,0.71811,0.003509999999999902,24.063557101235826,breakeven,-0.0,cut_19h,0.6752136752136892,-0.0,cut_19h,False,1,12,0 days 12:00:00,0.0,False,25.0,17.9,3.0,2021-02-17 06:00:00+00:00,True,0.72142,0.72022,2,daily_mitigation_ob_caused_displacement;daily_mitigation_ob_caused_imbalance;daily_mitigation_ob_flip_zone;daily_mitigation_ob_has_inducement;daily_mitigation_ob_swept_liquidity;daily_mitigation_ob_swept_liquidity_fractal;daily_mitigation_ob_swept_liquidity_fvg;daily_mitigation_ob_swept_liquidity_internal;daily_mitigation_ob_swept_liquidity_previous_candle;daily_mitigation_ob_swept_liquidity_swing;daily_ob_target_caused_displacement;daily_ob_target_caused_imbalance;daily_ob_target_flip_zone;daily_ob_target_has_inducement;daily_ob_target_swept_liquidity;daily_ob_target_swept_liquidity_fractal;daily_ob_target_swept_liquidity_fvg;daily_ob_target_swept_liquidity_internal;daily_ob_target_swept_liquidity_previous_candle;daily_ob_target_swept_liquidity_swing;h1_mitigation_ob_flip_zone;h1_mitigation_ob_swept_liquidity;h1_mitigation_ob_swept_liquidity_fractal;h1_mitigation_ob_swept_liquidity_fvg;h1_mitigation_ob_swept_liquidity_internal;h1_mitigation_ob_swept_liquidity_swing;h1_ob_target_flip_zone;h1_ob_target_swept_liquidity;h1_ob_target_swept_liquidity_fractal;h1_ob_target_swept_liquidity_fvg;h1_ob_target_swept_liquidity_internal;h1_ob_target_swept_liquidity_swing;h4_mitigation_ob_caused_displacement;h4_mitigation_ob_caused_imbalance;h4_mitigation_ob_flip_zone;h4_mitigation_ob_has_inducement;h4_mitigation_ob_swept_liquidity;h4_mitigation_ob_swept_liquidity_fractal;h4_mitigation_ob_swept_liquidity_fvg;h4_mitigation_ob_swept_liquidity_internal;h4_mitigation_ob_swept_liquidity_previous_candle;h4_mitigation_ob_swept_liquidity_swing;h4_mitigation_ob_within_daily_ob;h4_ob_target_flip_zone;h4_ob_target_swept_liquidity;h4_ob_target_swept_liquidity_internal;h4_ob_target_swept_liquidity_previous_candle;h4_ob_target_swept_liquidity_swing
2021-02-22,Monday,ny,2021-02-22 14:00:00+00:00,2021-02-22 20:00:00+00:00,bullish,0.73285,0.73033,0.7404099999999999,0.73285,0.0025199999999999667,4.383674078016972,breakeven,0.0,be_stop,0.5674603174603418,0.0,be_stop,True,1,6,0 days 06:00:00,11.100000000000554,False,25.0,17.9,3.0,2021-02-22 14:00:00+00:00,False,0.7313,0.73053,1,daily_mitigation_ob_caused_displacement;daily_mitigation_ob_caused_imbalance;daily_mitigation_ob_flip_zone;daily_mitigation_ob_has_inducement;daily_mitigation_ob_swept_liquidity;daily_mitigation_ob_swept_liquidity_fractal;daily_mitigation_ob_swept_liquidity_fvg;daily_mitigation_ob_swept_liquidity_internal;daily_mitigation_ob_swept_liquidity_previous_candle;daily_mitigation_ob_swept_liquidity_swing;daily_ob_target_flip_zone;daily_ob_target_swept_liquidity_fractal;daily_ob_target_swept_liquidity_fvg;daily_ob_target_swept_liquidity_internal;daily_ob_target_swept_liquidity_previous_candle;daily_ob_target_swept_liquidity_swing;h1_mitigation_ob_flip_zone;h1_mitigation_ob_swept_liquidity_fractal;h1_mitigation_ob_swept_liquidity_fvg;h1_mitigation_ob_swept_liquidity_internal;h1_mitigation_ob_swept_liquidity_previous_candle;h1_mitigation_ob_swept_liquidity_swing;h1_ob_target_flip_zone;h1_ob_target_swept_liquidity_fractal;h1_ob_target_swept_liquidity_fvg;h1_ob_target_swept_liquidity_internal;h1_ob_target_swept_liquidity_previous_candle;h1_ob_target_swept_liquidity_swing;h4_mitigation_ob_caused_displacement;h4_mitigation_ob_caused_imbalance;h4_mitigation_ob_flip_zone;h4_mitigation_ob_has_inducement;h4_mitigation_ob_swept_liquidity;h4_mitigation_ob_swept_liquidity_fractal;h4_mitigation_ob_swept_liquidity_fvg;h4_mitigation_ob_swept_liquidity_internal;h4_mitigation_ob_swept_liquidity_previous_candle;h4_mitigation_ob_swept_liquidity_swing;h4_mitigation_ob_within_daily_ob;h4_ob_target_flip_zone;h4_ob_target_swept_liquidity;h4_ob_target_swept_liquidity_fractal;h4_ob_target_swept_liquidity_fvg;h4_ob_target_swept_liquidity_internal;h4_ob_target_swept_liquidity_swing
2021-02-24,Wednesday,ny,2021-02-24 14:00:00+00:00,2021-02-24 20:00:00+00:00,bullish,0.7376,0.73577,0.74309,0.74309,0.0018299999999999983,27.22505068499151,win,3.0,tp,4.819672131147512,0.0,be_stop,True,1,6,0 days 06:00:00,7.300000000000084,False,25.0,17.9,3.0,2021-02-24 14:00:00+00:00,False,0.73676,0.73597,1,daily_mitigation_ob_caused_displacement;daily_mitigation_ob_caused_imbalance;daily_mitigation_ob_flip_zone;daily_mitigation_ob_has_inducement;daily_mitigation_ob_swept_liquidity;daily_mitigation_ob_swept_liquidity_fractal;daily_mitigation_ob_swept_liquidity_fvg;daily_mitigation_ob_swept_liquidity_internal;daily_mitigation_ob_swept_liquidity_previous_candle;daily_mitigation_ob_swept_liquidity_swing;daily_ob_target_caused_displacement;daily_ob_target_caused_imbalance;daily_ob_target_flip_zone;daily_ob_target_has_inducement;daily_ob_target_swept_liquidity;daily_ob_target_swept_liquidity_fractal;daily_ob_target_swept_liquidity_fvg;daily_ob_target_swept_liquidity_internal;daily_ob_target_swept_liquidity_previous_candle;daily_ob_target_swept_liquidity_swing;h1_mitigation_ob_flip_zone;h1_mitigation_ob_swept_liquidity;h1_mitigation_ob_swept_liquidity_fractal;h1_mitigation_ob_swept_liquidity_internal;h1_mitigation_ob_swept_liquidity_previous_candle;h1_mitigation_ob_swept_liquidity_swing;h1_ob_target_flip_zone;h1_ob_target_swept_liquidity;h1_ob_target_swept_liquidity_fvg;h1_ob_target_swept_liquidity_internal;h1_ob_target_swept_liquidity_swing;h4_mitigation_ob_caused_displacement;h4_mitigation_ob_caused_imbalance;h4_mitigation_ob_flip_zone;h4_mitigation_ob_has_inducement;h4_mitigation_ob_swept_liquidity;h4_mitigation_ob_swept_liquidity_fractal;h4_mitigation_ob_swept_liquidity_fvg;h4_mitigation_ob_swept_liquidity_internal;h4_mitigation_ob_swept_liquidity_previous_candle;h4_mitigation_ob_swept_liquidity_swing;h4_mitigation_ob_within_daily_ob;h4_ob_target_flip_zone;h4_ob_target_swept_liquidity;h4_ob_target_swept_liquidity_fvg;h4_ob_target_swept_liquidity_internal;h4_ob_target_swept_liquidity_previous_candle;h4_ob_target_swept_liquidity_swing
2021-03-02,Tuesday,ny,2021-03-02 12:00:00+00:00,2021-03-02 16:00:00+00:00,bearish,0.72647,0.72819,0.7213099999999998,0.72819,0.0017200000000000548,9.954837113121803,loss,-1.0,sl,1.2674418604650526,-1.0,sl,False,0,4,0 days 04:00:00,8.799999999999919,False,25.0,17.9,3.0,2021-03-02 12:00:00+00:00,False,0.72799,0.72649,1,daily_mitigation_ob_caused_displacement;daily_mitigation_ob_caused_imbalance;daily_mitigation_ob_flip_zone;daily_mitigation_ob_has_inducement;daily_mitigation_ob_swept_liquidity;daily_mitigation_ob_swept_liquidity_fractal;daily_mitigation_ob_swept_liquidity_fvg;daily_mitigation_ob_swept_liquidity_internal;daily_mitigation_ob_swept_liquidity_previous_candle;daily_mitigation_ob_swept_liquidity_swing;daily_ob_target_flip_zone;daily_ob_target_swept_liquidity;daily_ob_target_swept_liquidity_fvg;daily_ob_target_swept_liquidity_internal;daily_ob_target_swept_liquidity_swing;h1_mitigation_ob_flip_zone;h1_mitigation_ob_swept_liquidity;h1_mitigation_ob_swept_liquidity_fractal;h1_mitigation_ob_swept_liquidity_fvg;h1_mitigation_ob_swept_liquidity_internal;h1_mitigation_ob_swept_liquidity_swing;h1_ob_target_flip_zone;h1_ob_target_swept_liquidity;h1_ob_target_swept_liquidity_fvg;h1_ob_target_swept_liquidity_internal;h1_ob_target_swept_liquidity_swing;h4_mitigation_ob_caused_displacement;h4_mitigation_ob_caused_imbalance;h4_mitigation_ob_flip_zone;h4_mitigation_ob_has_inducement;h4_mitigation_ob_swept_liquidity;h4_mitigation_ob_swept_liquidity_fractal;h4_mitigation_ob_swept_liquidity_fvg;h4_mitigation_ob_swept_liquidity_internal;h4_mitigation_ob_swept_liquidity_previous_candle;h4_mitigation_ob_swept_liquidity_swing;h4_mitigation_ob_within_daily_ob;h4_ob_target_flip_zone;h4_ob_target_swept_liquidity_fractal;h4_ob_target_swept_liquidity_fvg;h4_ob_target_swept_liquidity_internal;h4_ob_target_swept_liquidity_previous_candle;h4_ob_target_swept_liquidity_swing
2021-03-11,Thursday,london,2021-03-11 08:00:00+00:00,2021-03-11 15:00:00+00:00,bullish,0.72354,0.71968,0.7351199999999999,0.71968,0.0038599999999999746,10.314232983265054,loss,-1.0,sl,0.12953367875649202,-1.0,sl,False,0,7,0 days 07:00:00,11.799999999999589,False,25.0,17.9,3.0,2021-03-11 08:00:00+00:00,False,0.72153,0.71988,1,daily_mitigation_ob_caused_displacement;daily_mitigation_ob_caused_imbalance;daily_mitigation_ob_flip_zone;daily_mitigation_ob_has_inducement;daily_mitigation_ob_swept_liquidity;daily_mitigation_ob_swept_liquidity_fractal;daily_mitigation_ob_swept_liquidity_fvg;daily_mitigation_ob_swept_liquidity_internal;daily_mitigation_ob_swept_liquidity_previous_candle;daily_mitigation_ob_swept_liquidity_swing;daily_ob_target_flip_zone;daily_ob_target_swept_liquidity;daily_ob_target_swept_liquidity_fractal;daily_ob_target_swept_liquidity_fvg;daily_ob_target_swept_liquidity_internal;daily_ob_target_swept_liquidity_swing;h1_mitigation_ob_flip_zone;h1_mitigation_ob_swept_liquidity;h1_mitigation_ob_swept_liquidity_fractal;h1_mitigation_ob_swept_liquidity_internal;h1_mitigation_ob_swept_liquidity_previous_candle;h1_mitigation_ob_swept_liquidity_swing;h1_ob_target_flip_zone;h1_ob_target_swept_liquidity_fractal;h1_ob_target_swept_liquidity_fvg;h1_ob_target_swept_liquidity_internal;h1_ob_target_swept_liquidity_previous_candle;h1_ob_target_swept_liquidity_swing;h4_mitigation_ob_caused_displacement;h4_mitigation_ob_caused_imbalance;h4_mitigation_ob_flip_zone;h4_mitigation_ob_has_inducement;h4_mitigation_ob_swept_liquidity;h4_mitigation_ob_swept_liquidity_fractal;h4_mitigation_ob_swept_liquidity_fvg;h4_mitigation_ob_swept_liquidity_internal;h4_mitigation_ob_swept_liquidity_previous_candle;h4_mitigation_ob_swept_liquidity_swing;h4_mitigation_ob_within_daily_ob;h4_ob_target_flip_zone;h4_ob_target_swept_liquidity_fractal;h4_ob_target_swept_liquidity_fvg;h4_ob_target_swept_liquidity_internal;h4_ob_target_swept_liquidity_previous_candle;h4_ob_target_swept_liquidity_swing
2021-03-15,Monday,london,2021-03-15 07:00:00+00:00,2021-03-15 15:00:00+00:00,bullish,0.71881,0.71734,0.7232199999999999,0.71734,0.0014699999999999713,-2.9370934260493167,loss,-1.0,sl,1.5578231292517408,-1.0,sl,False,0,8,0 days 08:00:00,6.300000000000194,False,25.0,17.9,3.0,2021-03-15 06:00:00+00:00,True,0.71878,0.71754,1,daily_mitigation_ob_caused_displacement;daily_mitigation_ob_caused_imbalance;daily_mitigation_ob_flip_zone;daily_mitigation_ob_has_inducement;daily_mitigation_ob_swept_liquidity;daily_mitigation_ob_swept_liquidity_fractal;daily_mitigation_ob_swept_liquidity_fvg;daily_mitigation_ob_swept_liquidity_internal;daily_mitigation_ob_swept_liquidity_previous_candle;daily_mitigation_ob_swept_liquidity_swing;daily_ob_target_caused_displacement;daily_ob_target_caused_imbalance;daily_ob_target_flip_zone;daily_ob_target_has_inducement;daily_ob_target_swept_liquidity;daily_ob_target_swept_liquidity_fractal;daily_ob_target_swept_liquidity_fvg;daily_ob_target_swept_liquidity_internal;daily_ob_target_swept_liquidity_previous_candle;daily_ob_target_swept_liquidity_swing;h1_mitigation_ob_flip_zone;h1_mitigation_ob_swept_liquidity_fractal;h1_mitigation_ob_swept_liquidity_fvg;h1_mitigation_ob_swept_liquidity_internal;h1_mitigation_ob_swept_liquidity_previous_candle;h1_mitigation_ob_swept_liquidity_swing;h1_ob_target_flip_zone;h1_ob_target_swept_liquidity;h1_ob_target_swept_liquidity_fractal;h1_ob_target_swept_liquidity_fvg;h1_ob_target_swept_liquidity_internal;h1_ob_target_swept_liquidity_swing;h4_mitigation_ob_caused_displacement;h4_mitigation_ob_caused_imbalance;h4_mitigation_ob_flip_zone;h4_mitigation_ob_has_inducement;h4_mitigation_ob_swept_liquidity;h4_mitigation_ob_swept_liquidity_fractal;h4_mitigation_ob_swept_liquidity_fvg;h4_mitigation_ob_swept_liquidity_internal;h4_mitigation_ob_swept_liquidity_previous_candle;h4_mitigation_ob_swept_liquidity_swing;h4_mitigation_ob_within_daily_ob;h4_ob_target_flip_zone;h4_ob_target_swept_liquidity_fractal;h4_ob_target_swept_liquidity_fvg;h4_ob_target_swept_liquidity_internal;h4_ob_target_swept_liquidity_previous_candle;h4_ob_target_swept_liquidity_swing
2021-03-15,Monday,ny,2021-03-15 12:00:00+00:00,2021-03-15 14:00:00+00:00,bullish,0.71891,0.71789,0.7219700000000001,0.71789,0.0010200000000000209,1.7234951231385374,loss,-1.0,sl,0.5490196078431309,-1.0,sl,False,0,2,0 days 02:00:00,0.6000000000006,False,25.0,17.9,3.0,2021-03-15 11:00:00+00:00,True,0.71957,0.71809,1,daily_mitigation_ob_caused_displacement;daily_mitigation_ob_caused_imbalance;daily_mitigation_ob_flip_zone;daily_mitigation_ob_has_inducement;daily_mitigation_ob_swept_liquidity;daily_mitigation_ob_swept_liquidity_fractal;daily_mitigation_ob_swept_liquidity_fvg;daily_mitigation_ob_swept_liquidity_internal;daily_mitigation_ob_swept_liquidity_previous_candle;daily_mitigation_ob_swept_liquidity_swing;daily_ob_target_caused_displacement;daily_ob_target_caused_imbalance;daily_ob_target_flip_zone;daily_ob_target_has_inducement;daily_ob_target_swept_liquidity;daily_ob_target_swept_liquidity_fractal;daily_ob_target_swept_liquidity_fvg;daily_ob_target_swept_liquidity_internal;daily_ob_target_swept_liquidity_previous_candle;daily_ob_target_swept_liquidity_swing;h1_mitigation_ob_flip_zone;h1_mitigation_ob_swept_liquidity;h1_mitigation_ob_swept_liquidity_fractal;h1_mitigation_ob_swept_liquidity_internal;h1_mitigation_ob_swept_liquidity_swing;h1_ob_target_flip_zone;h1_ob_target_swept_liquidity;h1_ob_target_swept_liquidity_fractal;h1_ob_target_swept_liquidity_fvg;h1_ob_target_swept_liquidity_internal;h1_ob_target_swept_liquidity_swing;h4_mitigation_ob_caused_displacement;h4_mitigation_ob_caused_imbalance;h4_mitigation_ob_flip_zone;h4_mitigation_ob_has_inducement;h4_mitigation_ob_swept_liquidity;h4_mitigation_ob_swept_liquidity_fractal;h4_mitigation_ob_swept_liquidity_fvg;h4_mitigation_ob_swept_liquidity_internal;h4_mitigation_ob_swept_liquidity_previous_candle;h4_mitigation_ob_swept_liquidity_swing;h4_mitigation_ob_within_daily_ob;h4_ob_target_caused_displacement;h4_ob_target_caused_imbalance;h4_ob_target_flip_zone;h4_ob_target_has_inducement;h4_ob_target_swept_liquidity;h4_ob_target_swept_liquidity_fractal;h4_ob_target_swept_liquidity_fvg;h4_ob_target_swept_liquidity_internal;h4_ob_target_swept_liquidity_previous_candle;h4_ob_target_swept_liquidity_swing;h4_ob_target_within_daily_ob
2021-03-18,Thursday,london,2021-03-18 09:00:00+00:00,2021-03-19 00:00:00+00:00,bearish,0.7228,0.7251299999999999,0.7158100000000002,0.7158100000000002,0.0023299999999999432,6.28482382881553,win,3.0,tp,3.686695278970041,2.476394849785491,friday_close,True,1,15,0 days 15:00:00,0.0,False,25.0,17.9,3.0,2021-03-18 09:00:00+00:00,False,0.72493,0.72412,1,daily_mitigation_ob_caused_displacement;daily_mitigation_ob_caused_imbalance;daily_mitigation_ob_flip_zone;daily_mitigation_ob_has_inducement;daily_mitigation_ob_swept_liquidity;daily_mitigation_ob_swept_liquidity_fractal;daily_mitigation_ob_swept_liquidity_fvg;daily_mitigation_ob_swept_liquidity_internal;daily_mitigation_ob_swept_liquidity_previous_candle;daily_mitigation_ob_swept_liquidity_swing;daily_ob_target_flip_zone;daily_ob_target_swept_liquidity_fractal;daily_ob_target_swept_liquidity_fvg;daily_ob_target_swept_liquidity_internal;daily_ob_target_swept_liquidity_previous_candle;daily_ob_target_swept_liquidity_swing;h1_mitigation_ob_flip_zone;h1_mitigation_ob_swept_liquidity;h1_mitigation_ob_swept_liquidity_fvg;h1_mitigation_ob_swept_liquidity_internal;h1_mitigation_ob_swept_liquidity_swing;h1_ob_target_flip_zone;h1_ob_target_swept_liquidity;h1_ob_target_swept_liquidity_fractal;h1_ob_target_swept_liquidity_fvg;h1_ob_target_swept_liquidity_previous_candle;h1_ob_target_swept_liquidity_swing;h4_mitigation_ob_caused_displacement;h4_mitigation_ob_caused_imbalance;h4_mitigation_ob_flip_zone;h4_mitigation_ob_has_inducement;h4_mitigation_ob_swept_liquidity;h4_mitigation_ob_swept_liquidity_fractal;h4_mitigation_ob_swept_liquidity_fvg;h4_mitigation_ob_swept_liquidity_internal;h4_mitigation_ob_swept_liquidity_previous_candle;h4_mitigation_ob_swept_liquidity_swing;h4_mitigation_ob_within_daily_ob;h4_ob_target_flip_zone;h4_ob_target_swept_liquidity;h4_ob_target_swept_liquidity_internal;h4_ob_target_swept_liquidity_swing
2021-03-19,Friday,london,2021-03-19 08:00:00+00:00,2021-03-19 19:00:00+00:00,bearish,0.71827,0.7199099999999999,0.71335,0.71703,0.0016399999999999748,-23.61481237795166,win,0.7560975609756329,friday_close,2.47560975609757,0.7560975609756329,friday_close,False,0,11,0 days 11:00:00,0.0,False,25.0,17.9,3.0,2021-03-19 08:00:00+00:00,False,0.71971,0.71825,1,daily_mitigation_ob_caused_displacement;daily_mitigation_ob_caused_imbalance;daily_mitigation_ob_flip_zone;daily_mitigation_ob_has_inducement;daily_mitigation_ob_swept_liquidity;daily_mitigation_ob_swept_liquidity_fractal;daily_mitigation_ob_swept_liquidity_fvg;daily_mitigation_ob_swept_liquidity_internal;daily_mitigation_ob_swept_liquidity_previous_candle;daily_mitigation_ob_swept_liquidity_swing;daily_ob_target_caused_displacement;daily_ob_target_caused_imbalance;daily_ob_target_flip_zone;daily_ob_target_has_inducement;daily_ob_target_swept_liquidity;daily_ob_target_swept_liquidity_fractal;daily_ob_target_swept_liquidity_fvg;daily_ob_target_swept_liquidity_internal;daily_ob_target_swept_liquidity_previous_candle;daily_ob_target_swept_liquidity_swing;h1_mitigation_ob_flip_zone;h1_mitigation_ob_swept_liquidity;h1_mitigation_ob_swept_liquidity_fractal;h1_mitigation_ob_swept_liquidity_internal;h1_mitigation_ob_swept_liquidity_previous_candle;h1_mitigation_ob_swept_liquidity_swing;h1_ob_target_flip_zone;h1_ob_target_swept_liquidity;h1_ob_target_swept_liquidity_fvg;h1_ob_target_swept_liquidity_internal;h1_ob_target_swept_liquidity_previous_candle;h1_ob_target_swept_liquidity_swing;h4_mitigation_ob_caused_displacement;h4_mitigation_ob_caused_imbalance;h4_mitigation_ob_flip_zone;h4_mitigation_ob_has_inducement;h4_mitigation_ob_swept_liquidity;h4_mitigation_ob_swept_liquidity_fractal;h4_mitigation_ob_swept_liquidity_fvg;h4_mitigation_ob_swept_liquidity_internal;h4_mitigation_ob_swept_liquidity_previous_candle;h4_mitigation_ob_swept_liquidity_swing;h4_mitigation_ob_within_daily_ob;h4_ob_target_caused_displacement;h4_ob_target_caused_imbalance;h4_ob_target_flip_zone;h4_ob_target_has_inducement;h4_ob_target_swept_liquidity;h4_ob_target_swept_liquidity_fractal;h4_ob_target_swept_liquidity_fvg;h4_ob_target_swept_liquidity_internal;h4_ob_target_swept_liquidity_previous_candle;h4_ob_target_swept_liquidity_swing;h4_ob_target_within_daily_ob
2021-03-24,Wednesday,london,2021-03-24 09:00:00+00:00,2021-03-26 10:00:00+00:00,bearish,0.69925,0.7009799999999999,0.6940600000000003,0.69925,0.0017299999999998983,28.213556490849378,breakeven,0.0,be_stop,2.878612716763166,0.0,be_stop,True,2,49,2 days 01:00:00,0.49999999999994493,True,25.0,17.9,3.0,2021-03-24 09:00:00+00:00,False,0.70078,0.69855,1,daily_mitigation_ob_caused_displacement;daily_mitigation_ob_caused_imbalance;daily_mitigation_ob_flip_zone;daily_mitigation_ob_has_inducement;daily_mitigation_ob_swept_liquidity;daily_mitigation_ob_swept_liquidity_fractal;daily_mitigation_ob_swept_liquidity_fvg;daily_mitigation_ob_swept_liquidity_internal;daily_mitigation_ob_swept_liquidity_previous_candle;daily_mitigation_ob_swept_liquidity_swing;daily_ob_target_caused_displacement;daily_ob_target_caused_imbalance;daily_ob_target_flip_zone;daily_ob_target_has_inducement;daily_ob_target_swept_liquidity;daily_ob_target_swept_liquidity_fractal;daily_ob_target_swept_liquidity_fvg;daily_ob_target_swept_liquidity_internal;daily_ob_target_swept_liquidity_previous_candle;daily_ob_target_swept_liquidity_swing;h1_mitigation_ob_flip_zone;h1_mitigation_ob_swept_liquidity_fractal;h1_mitigation_ob_swept_liquidity_fvg;h1_mitigation_ob_swept_liquidity_internal;h1_mitigation_ob_swept_liquidity_previous_candle;h1_mitigation_ob_swept_liquidity_swing;h1_ob_target_flip_zone;h1_ob_target_swept_liquidity_fractal;h1_ob_target_swept_liquidity_fvg;h1_ob_target_swept_liquidity_internal;h1_ob_target_swept_liquidity_previous_candle;h1_ob_target_swept_liquidity_swing;h4_mitigation_ob_caused_displacement;h4_mitigation_ob_caused_imbalance;h4_mitigation_ob_flip_zone;h4_mitigation_ob_has_inducement;h4_mitigation_ob_swept_liquidity;h4_mitigation_ob_swept_liquidity_fractal;h4_mitigation_ob_swept_liquidity_fvg;h4_mitigation_ob_swept_liquidity_internal;h4_mitigation_ob_swept_liquidity_previous_candle;h4_mitigation_ob_swept_liquidity_swing;h4_mitigation_ob_within_daily_ob;h4_ob_target_swept_liquidity_fractal;h4_ob_target_swept_liquidity_fvg;h4_ob_target_swept_liquidity_internal;h4_ob_target_swept_liquidity_previous_candle;h4_ob_target_swept_liquidity_swing
2021-03-26,Friday,london,2021-03-26 07:00:00+00:00,2021-03-26 19:00:00+00:00,bullish,0.69773,0.69649,0.7014499999999997,0.69891,0.0012399999999999078,-7.916847990925137,win,0.9516129032259335,friday_close,1.951612903226023,0.9516129032259335,friday_close,False,0,12,0 days 12:00:00,0.0,False,25.0,17.9,3.0,2021-03-26 07:00:00+00:00,False,0.69744,0.69669,1,daily_mitigation_ob_caused_displacement;daily_mitigation_ob_caused_imbalance;daily_mitigation_ob_flip_zone;daily_mitigation_ob_has_inducement;daily_mitigation_ob_swept_liquidity;daily_mitigation_ob_swept_liquidity_fractal;daily_mitigation_ob_swept_liquidity_fvg;daily_mitigation_ob_swept_liquidity_internal;daily_mitigation_ob_swept_liquidity_previous_candle;daily_mitigation_ob_swept_liquidity_swing;daily_ob_target_caused_displacement;daily_ob_target_caused_imbalance;daily_ob_target_flip_zone;daily_ob_target_has_inducement;daily_ob_target_swept_liquidity;daily_ob_target_swept_liquidity_fractal;daily_ob_target_swept_liquidity_fvg;daily_ob_target_swept_liquidity_internal;daily_ob_target_swept_liquidity_previous_candle;daily_ob_target_swept_liquidity_swing;h1_mitigation_ob_flip_zone;h1_mitigation_ob_swept_liquidity;h1_mitigation_ob_swept_liquidity_fractal;h1_mitigation_ob_swept_liquidity_fvg;h1_mitigation_ob_swept_liquidity_internal;h1_mitigation_ob_swept_liquidity_swing;h1_ob_target_flip_zone;h1_ob_target_swept_liquidity_fractal;h1_ob_target_swept_liquidity_fvg;h1_ob_target_swept_liquidity_internal;h1_ob_target_swept_liquidity_previous_candle;h1_ob_target_swept_liquidity_swing;h4_mitigation_ob_caused_displacement;h4_mitigation_ob_caused_imbalance;h4_mitigation_ob_flip_zone;h4_mitigation_ob_has_inducement;h4_mitigation_ob_swept_liquidity;h4_mitigation_ob_swept_liquidity_fractal;h4_mitigation_ob_swept_liquidity_fvg;h4_mitigation_ob_swept_liquidity_internal;h4_mitigation_ob_swept_liquidity_previous_candle;h4_mitigation_ob_swept_liquidity_swing;h4_mitigation_ob_within_daily_ob;h4_ob_target_caused_displacement;h4_ob_target_caused_imbalance;h4_ob_target_flip_zone;h4_ob_target_has_inducement;h4_ob_target_swept_liquidity;h4_ob_target_swept_liquidity_fractal;h4_ob_target_swept_liquidity_fvg;h4_ob_target_swept_liquidity_internal;h4_ob_target_swept_liquidity_previous_candle;h4_ob_target_swept_liquidity_swing;h4_ob_target_within_daily_ob
2021-03-30,Tuesday,london,2021-03-30 07:00:00+00:00,2021-03-30 09:00:00+00:00,bullish,0.70023,0.6998,0.7015200000000001,0.6998,0.00043000000000004146,9.27847148086574,loss,-1.0,sl,2.0930232558137796,-1.0,sl,False,0,2,0 days 02:00:00,0.20000000000020002,False,25.0,17.9,3.0,2021-03-30 07:00:00+00:00,False,0.70103,0.7,1,daily_mitigation_ob_caused_displacement;daily_mitigation_ob_caused_imbalance;daily_mitigation_ob_flip_zone;daily_mitigation_ob_has_inducement;daily_mitigation_ob_swept_liquidity;daily_mitigation_ob_swept_liquidity_fractal;daily_mitigation_ob_swept_liquidity_fvg;daily_mitigation_ob_swept_liquidity_internal;daily_mitigation_ob_swept_liquidity_previous_candle;daily_mitigation_ob_swept_liquidity_swing;daily_ob_target_caused_displacement;daily_ob_target_caused_imbalance;daily_ob_target_flip_zone;daily_ob_target_has_inducement;daily_ob_target_swept_liquidity;daily_ob_target_swept_liquidity_fractal;daily_ob_target_swept_liquidity_fvg;daily_ob_target_swept_liquidity_internal;daily_ob_target_swept_liquidity_previous_candle;daily_ob_target_swept_liquidity_swing;h1_mitigation_ob_flip_zone;h1_mitigation_ob_swept_liquidity;h1_mitigation_ob_swept_liquidity_fractal;h1_mitigation_ob_swept_liquidity_internal;h1_mitigation_ob_swept_liquidity_swing;h1_ob_target_caused_displacement;h1_ob_target_caused_imbalance;h1_ob_target_flip_zone;h1_ob_target_has_inducement;h1_ob_target_swept_liquidity;h1_ob_target_swept_liquidity_fractal;h1_ob_target_swept_liquidity_fvg;h1_ob_target_swept_liquidity_internal;h1_ob_target_swept_liquidity_previous_candle;h1_ob_target_swept_liquidity_swing;h1_ob_target_within_h4_ob;h4_mitigation_ob_flip_zone;h4_mitigation_ob_swept_liquidity_fractal;h4_mitigation_ob_swept_liquidity_fvg;h4_mitigation_ob_swept_liquidity_internal;h4_mitigation_ob_swept_liquidity_previous_candle;h4_mitigation_ob_swept_liquidity_swing;h4_ob_target_caused_displacement;h4_ob_target_caused_imbalance;h4_ob_target_flip_zone;h4_ob_target_has_inducement;h4_ob_target_swept_liquidity;h4_ob_target_swept_liquidity_fractal;h4_ob_target_swept_liquidity_fvg;h4_ob_target_swept_liquidity_internal;h4_ob_target_swept_liquidity_previous_candle;h4_ob_target_swept_liquidity_swing;h4_ob_target_within_daily_ob
2021-03-31,Wednesday,ny,2021-03-31 11:00:00+00:00,2021-03-31 14:00:00+00:00,bearish,0.69965,0.70123,0.6949099999999999,0.70123,0.0015800000000000258,27.778025144210776,loss,-1.0,sl,0.32911392405060536,-1.0,sl,False,0,3,0 days 03:00:00,12.900000000000134,True,25.0,17.9,3.0,2021-03-31 10:00:00+00:00,True,0.70103,0.7,1,daily_mitigation_ob_caused_displacement;daily_mitigation_ob_caused_imbalance;daily_mitigation_ob_flip_zone;daily_mitigation_ob_has_inducement;daily_mitigation_ob_swept_liquidity;daily_mitigation_ob_swept_liquidity_fractal;daily_mitigation_ob_swept_liquidity_fvg;daily_mitigation_ob_swept_liquidity_internal;daily_mitigation_ob_swept_liquidity_previous_candle;daily_mitigation_ob_swept_liquidity_swing;daily_ob_target_caused_displacement;daily_ob_target_caused_imbalance;daily_ob_target_flip_zone;daily_ob_target_has_inducement;daily_ob_target_swept_liquidity;daily_ob_target_swept_liquidity_fractal;daily_ob_target_swept_liquidity_fvg;daily_ob_target_swept_liquidity_internal;daily_ob_target_swept_liquidity_previous_candle;daily_ob_target_swept_liquidity_swing;h1_mitigation_ob_flip_zone;h1_mitigation_ob_swept_liquidity_fractal;h1_mitigation_ob_swept_liquidity_fvg;h1_mitigation_ob_swept_liquidity_internal;h1_mitigation_ob_swept_liquidity_previous_candle;h1_mitigation_ob_swept_liquidity_swing;h1_ob_target_flip_zone;h1_ob_target_swept_liquidity;h1_ob_target_swept_liquidity_fvg;h1_ob_target_swept_liquidity_internal;h1_ob_target_swept_liquidity_swing;h4_mitigation_ob_caused_displacement;h4_mitigation_ob_caused_imbalance;h4_mitigation_ob_flip_zone;h4_mitigation_ob_has_inducement;h4_mitigation_ob_swept_liquidity;h4_mitigation_ob_swept_liquidity_fractal;h4_mitigation_ob_swept_liquidity_fvg;h4_mitigation_ob_swept_liquidity_internal;h4_mitigation_ob_swept_liquidity_previous_candle;h4_mitigation_ob_swept_liquidity_swing;h4_mitigation_ob_within_daily_ob;h4_ob_target_swept_liquidity_fractal;h4_ob_target_swept_liquidity_fvg;h4_ob_target_swept_liquidity_internal;h4_ob_target_swept_liquidity_previous_candle;h4_ob_target_swept_liquidity_swing
2021-03-31,Wednesday,ny,2021-03-31 12:00:00+00:00,2021-03-31 14:00:00+00:00,bearish,0.69973,0.70123,0.6952299999999998,0.70123,0.0015000000000000568,24.87612152332889,loss,-1.0,sl,0.27333333333326326,-1.0,sl,False,0,2,0 days 02:00:00,12.900000000000134,False,25.0,17.9,3.0,2021-03-31 12:00:00+00:00,False,0.70103,0.7,2,daily_mitigation_ob_caused_displacement;daily_mitigation_ob_caused_imbalance;daily_mitigation_ob_flip_zone;daily_mitigation_ob_has_inducement;daily_mitigation_ob_swept_liquidity;daily_mitigation_ob_swept_liquidity_fractal;daily_mitigation_ob_swept_liquidity_fvg;daily_mitigation_ob_swept_liquidity_internal;daily_mitigation_ob_swept_liquidity_previous_candle;daily_mitigation_ob_swept_liquidity_swing;daily_ob_target_caused_displacement;daily_ob_target_caused_imbalance;daily_ob_target_flip_zone;daily_ob_target_has_inducement;daily_ob_target_swept_liquidity;daily_ob_target_swept_liquidity_fractal;daily_ob_target_swept_liquidity_fvg;daily_ob_target_swept_liquidity_internal;daily_ob_target_swept_liquidity_previous_candle;daily_ob_target_swept_liquidity_swing;h1_mitigation_ob_flip_zone;h1_mitigation_ob_swept_liquidity_fractal;h1_mitigation_ob_swept_liquidity_fvg;h1_mitigation_ob_swept_liquidity_internal;h1_mitigation_ob_swept_liquidity_previous_candle;h1_mitigation_ob_swept_liquidity_swing;h1_ob_target_flip_zone;h1_ob_target_swept_liquidity;h1_ob_target_swept_liquidity_fvg;h1_ob_target_swept_liquidity_internal;h1_ob_target_swept_liquidity_swing;h4_mitigation_ob_caused_displacement;h4_mitigation_ob_caused_imbalance;h4_mitigation_ob_flip_zone;h4_mitigation_ob_has_inducement;h4_mitigation_ob_swept_liquidity;h4_mitigation_ob_swept_liquidity_fractal;h4_mitigation_ob_swept_liquidity_fvg;h4_mitigation_ob_swept_liquidity_internal;h4_mitigation_ob_swept_liquidity_previous_candle;h4_mitigation_ob_swept_liquidity_swing;h4_mitigation_ob_within_daily_ob;h4_ob_target_swept_liquidity_fractal;h4_ob_target_swept_liquidity_fvg;h4_ob_target_swept_liquidity_internal;h4_ob_target_swept_liquidity_previous_candle;h4_ob_target_swept_liquidity_swing
2021-04-02,Friday,london,2021-04-02 08:00:00+00:00,2021-04-02 18:00:00+00:00,bullish,0.70261,0.70115,0.7069899999999997,0.70131,0.0014599999999999058,3.1826059790700323,loss,-0.890410958904145,friday_close,1.4315068493151857,-0.890410958904145,friday_close,False,0,10,0 days 10:00:00,0.0,False,25.0,17.9,3.0,2021-04-02 08:00:00+00:00,False,0.70244,0.70135,1,daily_mitigation_ob_caused_displacement;daily_mitigation_ob_caused_imbalance;daily_mitigation_ob_flip_zone;daily_mitigation_ob_has_inducement;daily_mitigation_ob_swept_liquidity;daily_mitigation_ob_swept_liquidity_fractal;daily_mitigation_ob_swept_liquidity_fvg;daily_mitigation_ob_swept_liquidity_internal;daily_mitigation_ob_swept_liquidity_previous_candle;daily_mitigation_ob_swept_liquidity_swing;daily_ob_target_caused_displacement;daily_ob_target_caused_imbalance;daily_ob_target_flip_zone;daily_ob_target_has_inducement;daily_ob_target_swept_liquidity;daily_ob_target_swept_liquidity_fractal;daily_ob_target_swept_liquidity_fvg;daily_ob_target_swept_liquidity_internal;daily_ob_target_swept_liquidity_previous_candle;daily_ob_target_swept_liquidity_swing;h1_mitigation_ob_flip_zone;h1_mitigation_ob_swept_liquidity_fractal;h1_mitigation_ob_swept_liquidity_fvg;h1_mitigation_ob_swept_liquidity_internal;h1_mitigation_ob_swept_liquidity_previous_candle;h1_mitigation_ob_swept_liquidity_swing;h1_ob_target_caused_displacement;h1_ob_target_caused_imbalance;h1_ob_target_flip_zone;h1_ob_target_has_inducement;h1_ob_target_swept_liquidity;h1_ob_target_swept_liquidity_fractal;h1_ob_target_swept_liquidity_fvg;h1_ob_target_swept_liquidity_internal;h1_ob_target_swept_liquidity_previous_candle;h1_ob_target_swept_liquidity_swing;h1_ob_target_within_h4_ob;h4_mitigation_ob_caused_displacement;h4_mitigation_ob_caused_imbalance;h4_mitigation_ob_flip_zone;h4_mitigation_ob_has_inducement;h4_mitigation_ob_swept_liquidity;h4_mitigation_ob_swept_liquidity_fractal;h4_mitigation_ob_swept_liquidity_fvg;h4_mitigation_ob_swept_liquidity_internal;h4_mitigation_ob_swept_liquidity_previous_candle;h4_mitigation_ob_swept_liquidity_swing;h4_mitigation_ob_within_daily_ob;h4_ob_target_caused_displacement;h4_ob_target_caused_imbalance;h4_ob_target_flip_zone;h4_ob_target_has_inducement;h4_ob_target_swept_liquidity;h4_ob_target_swept_liquidity_fractal;h4_ob_target_swept_liquidity_fvg;h4_ob_target_swept_liquidity_internal;h4_ob_target_swept_liquidity_previous_candle;h4_ob_target_swept_liquidity_swing;h4_ob_target_within_daily_ob
2021-04-08,Thursday,london,2021-04-08 06:00:00+00:00,2021-04-08 07:00:00+00:00,bearish,0.70335,0.7040299999999999,0.7013100000000003,0.7040299999999999,0.0006799999999999029,9.894769252211654,loss,-1.0,sl,0.0,-1.0,sl,False,0,1,0 days 01:00:00,2.9000000000001247,False,25.0,17.9,3.0,2021-04-08 05:00:00+00:00,True,0.70383,0.70237,1,daily_mitigation_ob_caused_displacement;daily_mitigation_ob_caused_imbalance;daily_mitigation_ob_flip_zone;daily_mitigation_ob_has_inducement;daily_mitigation_ob_swept_liquidity;daily_mitigation_ob_swept_liquidity_fractal;daily_mitigation_ob_swept_liquidity_fvg;daily_mitigation_ob_swept_liquidity_internal;daily_mitigation_ob_swept_liquidity_previous_candle;daily_mitigation_ob_swept_liquidity_swing;daily_ob_target_caused_displacement;daily_ob_target_caused_imbalance;daily_ob_target_flip_zone;daily_ob_target_has_inducement;daily_ob_target_swept_liquidity;daily_ob_target_swept_liquidity_fractal;daily_ob_target_swept_liquidity_fvg;daily_ob_target_swept_liquidity_internal;daily_ob_target_swept_liquidity_previous_candle;daily_ob_target_swept_liquidity_swing;h1_mitigation_ob_flip_zone;h1_mitigation_ob_swept_liquidity_fractal;h1_mitigation_ob_swept_liquidity_fvg;h1_mitigation_ob_swept_liquidity_internal;h1_mitigation_ob_swept_liquidity_previous_candle;h1_mitigation_ob_swept_liquidity_swing;h1_ob_target_caused_displacement;h1_ob_target_caused_imbalance;h1_ob_target_flip_zone;h1_ob_target_has_inducement;h1_ob_target_swept_liquidity;h1_ob_target_swept_liquidity_fractal;h1_ob_target_swept_liquidity_fvg;h1_ob_target_swept_liquidity_internal;h1_ob_target_swept_liquidity_previous_candle;h1_ob_target_swept_liquidity_swing;h1_ob_target_within_h4_ob;h4_mitigation_ob_caused_displacement;h4_mitigation_ob_caused_imbalance;h4_mitigation_ob_flip_zone;h4_mitigation_ob_has_inducement;h4_mitigation_ob_swept_liquidity;h4_mitigation_ob_swept_liquidity_fractal;h4_mitigation_ob_swept_liquidity_fvg;h4_mitigation_ob_swept_liquidity_internal;h4_mitigation_ob_swept_liquidity_previous_candle;h4_mitigation_ob_swept_liquidity_swing;h4_mitigation_ob_within_daily_ob;h4_ob_target_caused_displacement;h4_ob_target_caused_imbalance;h4_ob_target_flip_zone;h4_ob_target_has_inducement;h4_ob_target_swept_liquidity;h4_ob_target_swept_liquidity_fractal;h4_ob_target_swept_liquidity_fvg;h4_ob_target_swept_liquidity_internal;h4_ob_target_swept_liquidity_previous_candle;h4_ob_target_swept_liquidity_swing;h4_ob_target_within_daily_ob
2021-04-08,Thursday,london,2021-04-08 07:00:00+00:00,2021-04-08 12:00:00+00:00,bearish,0.70316,0.7048599999999999,0.6980600000000002,0.7048599999999999,0.0016999999999999238,23.617546656105134,loss,-1.0,sl,0.6588235294118,-1.0,sl,False,0,5,0 days 05:00:00,6.000000000000449,False,25.0,17.9,3.0,2021-04-08 07:00:00+00:00,False,0.70466,0.7036,1,daily_mitigation_ob_caused_displacement;daily_mitigation_ob_caused_imbalance;daily_mitigation_ob_flip_zone;daily_mitigation_ob_has_inducement;daily_mitigation_ob_swept_liquidity;daily_mitigation_ob_swept_liquidity_fractal;daily_mitigation_ob_swept_liquidity_fvg;daily_mitigation_ob_swept_liquidity_internal;daily_mitigation_ob_swept_liquidity_previous_candle;daily_mitigation_ob_swept_liquidity_swing;daily_ob_target_flip_zone;daily_ob_target_swept_liquidity;daily_ob_target_swept_liquidity_fractal;daily_ob_target_swept_liquidity_fvg;daily_ob_target_swept_liquidity_internal;daily_ob_target_swept_liquidity_swing;h1_mitigation_ob_flip_zone;h1_mitigation_ob_swept_liquidity;h1_mitigation_ob_swept_liquidity_fvg;h1_mitigation_ob_swept_liquidity_internal;h1_mitigation_ob_swept_liquidity_previous_candle;h1_mitigation_ob_swept_liquidity_swing;h1_ob_target_flip_zone;h1_ob_target_swept_liquidity;h1_ob_target_swept_liquidity_fvg;h1_ob_target_swept_liquidity_internal;h1_ob_target_swept_liquidity_swing;h4_mitigation_ob_caused_displacement;h4_mitigation_ob_caused_imbalance;h4_mitigation_ob_flip_zone;h4_mitigation_ob_has_inducement;h4_mitigation_ob_swept_liquidity;h4_mitigation_ob_swept_liquidity_fractal;h4_mitigation_ob_swept_liquidity_fvg;h4_mitigation_ob_swept_liquidity_internal;h4_mitigation_ob_swept_liquidity_previous_candle;h4_mitigation_ob_swept_liquidity_swing;h4_mitigation_ob_within_daily_ob;h4_ob_target_caused_displacement;h4_ob_target_caused_imbalance;h4_ob_target_flip_zone;h4_ob_target_has_inducement;h4_ob_target_swept_liquidity;h4_ob_target_swept_liquidity_fractal;h4_ob_target_swept_liquidity_fvg;h4_ob_target_swept_liquidity_internal;h4_ob_target_swept_liquidity_previous_candle;h4_ob_target_swept_liquidity_swing;h4_ob_target_within_daily_ob
2021-04-08,Thursday,ny,2021-04-08 13:00:00+00:00,2021-04-08 18:00:00+00:00,bearish,0.70526,0.70605,0.7028900000000001,0.70526,0.0007899999999999574,33.246550881433656,breakeven,0.0,be_stop,1.5063291139241628,0.0,be_stop,True,1,5,0 days 05:00:00,2.4999999999997247,True,25.0,17.9,3.0,2021-04-08 13:00:00+00:00,False,0.70585,0.70525,1,daily_mitigation_ob_caused_displacement;daily_mitigation_ob_caused_imbalance;daily_mitigation_ob_flip_zone;daily_mitigation_ob_has_inducement;daily_mitigation_ob_swept_liquidity;daily_mitigation_ob_swept_liquidity_fractal;daily_mitigation_ob_swept_liquidity_fvg;daily_mitigation_ob_swept_liquidity_internal;daily_mitigation_ob_swept_liquidity_previous_candle;daily_mitigation_ob_swept_liquidity_swing;daily_ob_target_caused_displacement;daily_ob_target_caused_imbalance;daily_ob_target_flip_zone;daily_ob_target_has_inducement;daily_ob_target_swept_liquidity;daily_ob_target_swept_liquidity_fractal;daily_ob_target_swept_liquidity_fvg;daily_ob_target_swept_liquidity_internal;daily_ob_target_swept_liquidity_previous_candle;daily_ob_target_swept_liquidity_swing;h1_mitigation_ob_flip_zone;h1_mitigation_ob_swept_liquidity;h1_mitigation_ob_swept_liquidity_fractal;h1_mitigation_ob_swept_liquidity_fvg;h1_mitigation_ob_swept_liquidity_internal;h1_mitigation_ob_swept_liquidity_swing;h1_ob_target_flip_zone;h1_ob_target_swept_liquidity_fractal;h1_ob_target_swept_liquidity_fvg;h1_ob_target_swept_liquidity_internal;h1_ob_target_swept_liquidity_previous_candle;h1_ob_target_swept_liquidity_swing;h4_mitigation_ob_flip_zone;h4_mitigation_ob_swept_liquidity;h4_mitigation_ob_swept_liquidity_fractal;h4_mitigation_ob_swept_liquidity_fvg;h4_mitigation_ob_swept_liquidity_internal;h4_mitigation_ob_swept_liquidity_swing;h4_ob_target_caused_displacement;h4_ob_target_caused_imbalance;h4_ob_target_flip_zone;h4_ob_target_has_inducement;h4_ob_target_swept_liquidity;h4_ob_target_swept_liquidity_fractal;h4_ob_target_swept_liquidity_fvg;h4_ob_target_swept_liquidity_internal;h4_ob_target_swept_liquidity_previous_candle;h4_ob_target_swept_liquidity_swing;h4_ob_target_within_daily_ob
2021-04-09,Friday,ny,2021-04-09 12:00:00+00:00,2021-04-09 18:00:00+00:00,bearish,0.70347,0.70673,0.6936900000000003,0.70424,0.0032599999999999296,12.0080846878628,loss,-0.2361963190183908,friday_close,0.28220858895707107,-0.2361963190183908,friday_close,False,0,6,0 days 06:00:00,0.0,False,25.0,17.9,3.0,2021-04-09 12:00:00+00:00,False,0.70653,0.70562,1,daily_mitigation_ob_caused_displacement;daily_mitigation_ob_caused_imbalance;daily_mitigation_ob_flip_zone;daily_mitigation_ob_has_inducement;daily_mitigation_ob_swept_liquidity;daily_mitigation_ob_swept_liquidity_fractal;daily_mitigation_ob_swept_liquidity_fvg;daily_mitigation_ob_swept_liquidity_internal;daily_mitigation_ob_swept_liquidity_previous_candle;daily_mitigation_ob_swept_liquidity_swing;daily_ob_target_flip_zone;daily_ob_target_swept_liquidity;daily_ob_target_swept_liquidity_fractal;daily_ob_target_swept_liquidity_fvg;daily_ob_target_swept_liquidity_internal;daily_ob_target_swept_liquidity_swing;h1_mitigation_ob_flip_zone;h1_mitigation_ob_swept_liquidity_fractal;h1_mitigation_ob_swept_liquidity_fvg;h1_mitigation_ob_swept_liquidity_internal;h1_mitigation_ob_swept_liquidity_previous_candle;h1_mitigation_ob_swept_liquidity_swing;h1_ob_target_flip_zone;h1_ob_target_swept_liquidity;h1_ob_target_swept_liquidity_fvg;h1_ob_target_swept_liquidity_internal;h1_ob_target_swept_liquidity_swing;h4_mitigation_ob_caused_displacement;h4_mitigation_ob_caused_imbalance;h4_mitigation_ob_flip_zone;h4_mitigation_ob_has_inducement;h4_mitigation_ob_swept_liquidity;h4_mitigation_ob_swept_liquidity_fractal;h4_mitigation_ob_swept_liquidity_fvg;h4_mitigation_ob_swept_liquidity_internal;h4_mitigation_ob_swept_liquidity_previous_candle;h4_mitigation_ob_swept_liquidity_swing;h4_mitigation_ob_within_daily_ob;h4_ob_target_swept_liquidity_fractal;h4_ob_target_swept_liquidity_fvg;h4_ob_target_swept_liquidity_internal;h4_ob_target_swept_liquidity_previous_candle;h4_ob_target_swept_liquidity_swing
2021-04-13,Tuesday,london,2021-04-13 06:00:00+00:00,2021-04-13 07:00:00+00:00,bearish,0.70145,0.7021499999999999,0.6993500000000002,0.7021499999999999,0.0006999999999999229,14.55948495324807,loss,-1.0,sl,0.4142857142857777,-1.0,sl,False,0,1,0 days 01:00:00,3.20000000000098,False,25.0,17.9,3.0,2021-04-13 06:00:00+00:00,False,0.70195,0.70118,1,daily_mitigation_ob_caused_displacement;daily_mitigation_ob_caused_imbalance;daily_mitigation_ob_flip_zone;daily_mitigation_ob_has_inducement;daily_mitigation_ob_swept_liquidity;daily_mitigation_ob_swept_liquidity_fractal;daily_mitigation_ob_swept_liquidity_fvg;daily_mitigation_ob_swept_liquidity_internal;daily_mitigation_ob_swept_liquidity_previous_candle;daily_mitigation_ob_swept_liquidity_swing;daily_ob_target_flip_zone;daily_ob_target_swept_liquidity;daily_ob_target_swept_liquidity_fractal;daily_ob_target_swept_liquidity_fvg;daily_ob_target_swept_liquidity_internal;daily_ob_target_swept_liquidity_swing;h1_mitigation_ob_flip_zone;h1_mitigation_ob_swept_liquidity;h1_mitigation_ob_swept_liquidity_fractal;h1_mitigation_ob_swept_liquidity_internal;h1_mitigation_ob_swept_liquidity_previous_candle;h1_mitigation_ob_swept_liquidity_swing;h1_ob_target_flip_zone;h1_ob_target_swept_liquidity;h1_ob_target_swept_liquidity_fvg;h1_ob_target_swept_liquidity_internal;h1_ob_target_swept_liquidity_swing;h4_mitigation_ob_flip_zone;h4_mitigation_ob_swept_liquidity_fractal;h4_mitigation_ob_swept_liquidity_fvg;h4_mitigation_ob_swept_liquidity_internal;h4_mitigation_ob_swept_liquidity_previous_candle;h4_mitigation_ob_swept_liquidity_swing;h4_ob_target_caused_displacement;h4_ob_target_caused_imbalance;h4_ob_target_flip_zone;h4_ob_target_has_inducement;h4_ob_target_swept_liquidity;h4_ob_target_swept_liquidity_fractal;h4_ob_target_swept_liquidity_fvg;h4_ob_target_swept_liquidity_internal;h4_ob_target_swept_liquidity_previous_candle;h4_ob_target_swept_liquidity_swing;h4_ob_target_within_daily_ob
2021-04-15,Thursday,ny,2021-04-15 12:00:00+00:00,2021-04-16 01:00:00+00:00,bullish,0.71577,0.7138300000000001,0.7215899999999998,0.71577,0.0019399999999999418,34.30814657670289,breakeven,0.0,be_stop,1.0618556701030992,0.0,be_stop,True,1,13,0 days 13:00:00,3.5000000000007248,False,25.0,17.9,3.0,2021-04-15 12:00:00+00:00,False,0.71497,0.71403,1,daily_mitigation_ob_caused_displacement;daily_mitigation_ob_caused_imbalance;daily_mitigation_ob_flip_zone;daily_mitigation_ob_has_inducement;daily_mitigation_ob_swept_liquidity;daily_mitigation_ob_swept_liquidity_fractal;daily_mitigation_ob_swept_liquidity_fvg;daily_mitigation_ob_swept_liquidity_internal;daily_mitigation_ob_swept_liquidity_previous_candle;daily_mitigation_ob_swept_liquidity_swing;daily_ob_target_flip_zone;daily_ob_target_swept_liquidity_fractal;daily_ob_target_swept_liquidity_fvg;daily_ob_target_swept_liquidity_internal;daily_ob_target_swept_liquidity_previous_candle;daily_ob_target_swept_liquidity_swing;h1_mitigation_ob_flip_zone;h1_mitigation_ob_swept_liquidity_fractal;h1_mitigation_ob_swept_liquidity_fvg;h1_mitigation_ob_swept_liquidity_internal;h1_mitigation_ob_swept_liquidity_previous_candle;h1_mitigation_ob_swept_liquidity_swing;h1_ob_target_flip_zone;h1_ob_target_swept_liquidity;h1_ob_target_swept_liquidity_fvg;h1_ob_target_swept_liquidity_internal;h1_ob_target_swept_liquidity_previous_candle;h1_ob_target_swept_liquidity_swing;h4_mitigation_ob_caused_displacement;h4_mitigation_ob_caused_imbalance;h4_mitigation_ob_flip_zone;h4_mitigation_ob_has_inducement;h4_mitigation_ob_swept_liquidity;h4_mitigation_ob_swept_liquidity_fractal;h4_mitigation_ob_swept_liquidity_fvg;h4_mitigation_ob_swept_liquidity_internal;h4_mitigation_ob_swept_liquidity_previous_candle;h4_mitigation_ob_swept_liquidity_swing;h4_mitigation_ob_within_daily_ob;h4_ob_target_caused_displacement;h4_ob_target_caused_imbalance;h4_ob_target_flip_zone;h4_ob_target_has_inducement;h4_ob_target_swept_liquidity;h4_ob_target_swept_liquidity_fractal;h4_ob_target_swept_liquidity_fvg;h4_ob_target_swept_liquidity_internal;h4_ob_target_swept_liquidity_previous_candle;h4_ob_target_swept_liquidity_swing;h4_ob_target_within_daily_ob
2021-04-16,Friday,ny,2021-04-16 12:00:00+00:00,2021-04-16 18:00:00+00:00,bearish,0.71563,0.71803,0.7084300000000001,0.71397,0.0023999999999999577,-0.9533950180038442,win,0.6916666666666766,friday_close,1.0333333333333672,0.6916666666666766,friday_close,False,0,6,0 days 06:00:00,0.0,False,25.0,17.9,3.0,2021-04-16 12:00:00+00:00,False,0.71783,0.71724,1,daily_mitigation_ob_flip_zone;daily_mitigation_ob_swept_liquidity_fractal;daily_mitigation_ob_swept_liquidity_fvg;daily_mitigation_ob_swept_liquidity_internal;daily_mitigation_ob_swept_liquidity_previous_candle;daily_mitigation_ob_swept_liquidity_swing;daily_ob_target_flip_zone;daily_ob_target_swept_liquidity;daily_ob_target_swept_liquidity_fractal;daily_ob_target_swept_liquidity_fvg;daily_ob_target_swept_liquidity_internal;daily_ob_target_swept_liquidity_swing;h1_mitigation_ob_flip_zone;h1_mitigation_ob_swept_liquidity;h1_mitigation_ob_swept_liquidity_fvg;h1_mitigation_ob_swept_liquidity_internal;h1_mitigation_ob_swept_liquidity_swing;h1_ob_target_flip_zone;h1_ob_target_swept_liquidity;h1_ob_target_swept_liquidity_fractal;h1_ob_target_swept_liquidity_internal;h1_ob_target_swept_liquidity_previous_candle;h1_ob_target_swept_liquidity_swing;h4_mitigation_ob_caused_displacement;h4_mitigation_ob_caused_imbalance;h4_mitigation_ob_flip_zone;h4_mitigation_ob_has_inducement;h4_mitigation_ob_swept_liquidity;h4_mitigation_ob_swept_liquidity_fractal;h4_mitigation_ob_swept_liquidity_fvg;h4_mitigation_ob_swept_liquidity_internal;h4_mitigation_ob_swept_liquidity_previous_candle;h4_mitigation_ob_swept_liquidity_swing;h4_mitigation_ob_within_daily_ob;h4_ob_target_flip_zone;h4_ob_target_swept_liquidity_fractal;h4_ob_target_swept_liquidity_fvg;h4_ob_target_swept_liquidity_internal;h4_ob_target_swept_liquidity_previous_candle;h4_ob_target_swept_liquidity_swing
2021-04-20,Tuesday,london,2021-04-20 08:00:00+00:00,2021-04-21 15:00:00+00:00,bearish,0.72147,0.72371,0.7147499999999999,0.72147,0.0022400000000000198,13.798874091879497,breakeven,0.0,be_stop,2.3526785714285494,0.0,be_stop,True,1,31,1 days 07:00:00,3.3000000000005247,False,25.0,17.9,3.0,2021-04-20 08:00:00+00:00,False,0.72351,0.72242,1,daily_mitigation_ob_flip_zone;daily_mitigation_ob_swept_liquidity;daily_mitigation_ob_swept_liquidity_fractal;daily_mitigation_ob_swept_liquidity_internal;daily_mitigation_ob_swept_liquidity_previous_candle;daily_mitigation_ob_swept_liquidity_swing;daily_ob_target_flip_zone;daily_ob_target_swept_liquidity;daily_ob_target_swept_liquidity_fractal;daily_ob_target_swept_liquidity_internal;daily_ob_target_swept_liquidity_previous_candle;daily_ob_target_swept_liquidity_swing;h1_mitigation_ob_flip_zone;h1_mitigation_ob_swept_liquidity;h1_mitigation_ob_swept_liquidity_fvg;h1_mitigation_ob_swept_liquidity_internal;h1_mitigation_ob_swept_liquidity_previous_candle;h1_mitigation_ob_swept_liquidity_swing;h1_ob_target_flip_zone;h1_ob_target_swept_liquidity;h1_ob_target_swept_liquidity_fvg;h1_ob_target_swept_liquidity_internal;h1_ob_target_swept_liquidity_previous_candle;h1_ob_target_swept_liquidity_swing;h4_mitigation_ob_caused_displacement;h4_mitigation_ob_caused_imbalance;h4_mitigation_ob_flip_zone;h4_mitigation_ob_has_inducement;h4_mitigation_ob_swept_liquidity;h4_mitigation_ob_swept_liquidity_fractal;h4_mitigation_ob_swept_liquidity_fvg;h4_mitigation_ob_swept_liquidity_internal;h4_mitigation_ob_swept_liquidity_previous_candle;h4_mitigation_ob_swept_liquidity_swing;h4_mitigation_ob_within_daily_ob;h4_ob_target_flip_zone;h4_ob_target_swept_liquidity;h4_ob_target_swept_liquidity_fractal;h4_ob_target_swept_liquidity_internal;h4_ob_target_swept_liquidity_swing
2021-04-22,Thursday,london,2021-04-22 07:00:00+00:00,2021-04-22 08:00:00+00:00,bullish,0.71884,0.71721,0.7237300000000001,0.71721,0.0016300000000000203,17.622601699505744,loss,-1.0,sl,0.12269938650305244,-1.0,sl,False,0,1,0 days 01:00:00,0.40000000000040004,False,25.0,17.9,3.0,2021-04-22 07:00:00+00:00,False,0.71845,0.71741,1,daily_mitigation_ob_swept_liquidity;daily_mitigation_ob_swept_liquidity_fractal;daily_mitigation_ob_swept_liquidity_internal;daily_mitigation_ob_swept_liquidity_previous_candle;daily_mitigation_ob_swept_liquidity_swing;daily_ob_target_caused_displacement;daily_ob_target_caused_imbalance;daily_ob_target_flip_zone;daily_ob_target_has_inducement;daily_ob_target_swept_liquidity;daily_ob_target_swept_liquidity_fractal;daily_ob_target_swept_liquidity_fvg;daily_ob_target_swept_liquidity_internal;daily_ob_target_swept_liquidity_previous_candle;daily_ob_target_swept_liquidity_swing;h1_mitigation_ob_flip_zone;h1_mitigation_ob_swept_liquidity;h1_mitigation_ob_swept_liquidity_fractal;h1_mitigation_ob_swept_liquidity_fvg;h1_mitigation_ob_swept_liquidity_internal;h1_mitigation_ob_swept_liquidity_swing;h1_ob_target_flip_zone;h1_ob_target_swept_liquidity_fractal;h1_ob_target_swept_liquidity_fvg;h1_ob_target_swept_liquidity_internal;h1_ob_target_swept_liquidity_previous_candle;h1_ob_target_swept_liquidity_swing;h4_mitigation_ob_caused_displacement;h4_mitigation_ob_caused_imbalance;h4_mitigation_ob_flip_zone;h4_mitigation_ob_has_inducement;h4_mitigation_ob_swept_liquidity;h4_mitigation_ob_swept_liquidity_fractal;h4_mitigation_ob_swept_liquidity_fvg;h4_mitigation_ob_swept_liquidity_internal;h4_mitigation_ob_swept_liquidity_previous_candle;h4_mitigation_ob_swept_liquidity_swing;h4_mitigation_ob_within_daily_ob;h4_ob_target_caused_displacement;h4_ob_target_caused_imbalance;h4_ob_target_flip_zone;h4_ob_target_has_inducement;h4_ob_target_swept_liquidity;h4_ob_target_swept_liquidity_fractal;h4_ob_target_swept_liquidity_fvg;h4_ob_target_swept_liquidity_internal;h4_ob_target_swept_liquidity_previous_candle;h4_ob_target_swept_liquidity_swing;h4_ob_target_within_daily_ob
2021-04-28,Wednesday,ny,2021-04-28 12:00:00+00:00,2021-04-29 14:00:00+00:00,bullish,0.72231,0.7198100000000001,0.7298099999999998,0.72231,0.0024999999999999467,12.238718863216388,breakeven,0.0,be_stop,2.524000000000069,0.0,be_stop,True,1,26,1 days 02:00:00,0.9999999999998899,False,25.0,17.9,3.0,2021-04-28 12:00:00+00:00,False,0.72096,0.72001,1,daily_mitigation_ob_caused_displacement;daily_mitigation_ob_caused_imbalance;daily_mitigation_ob_flip_zone;daily_mitigation_ob_has_inducement;daily_mitigation_ob_swept_liquidity;daily_mitigation_ob_swept_liquidity_fractal;daily_mitigation_ob_swept_liquidity_fvg;daily_mitigation_ob_swept_liquidity_internal;daily_mitigation_ob_swept_liquidity_previous_candle;daily_mitigation_ob_swept_liquidity_swing;daily_ob_target_caused_displacement;daily_ob_target_caused_imbalance;daily_ob_target_flip_zone;daily_ob_target_has_inducement;daily_ob_target_swept_liquidity;daily_ob_target_swept_liquidity_fractal;daily_ob_target_swept_liquidity_fvg;daily_ob_target_swept_liquidity_internal;daily_ob_target_swept_liquidity_previous_candle;daily_ob_target_swept_liquidity_swing;h1_mitigation_ob_flip_zone;h1_mitigation_ob_swept_liquidity;h1_mitigation_ob_swept_liquidity_fractal;h1_mitigation_ob_swept_liquidity_internal;h1_mitigation_ob_swept_liquidity_previous_candle;h1_mitigation_ob_swept_liquidity_swing;h1_ob_target_flip_zone;h1_ob_target_swept_liquidity;h1_ob_target_swept_liquidity_fvg;h1_ob_target_swept_liquidity_internal;h1_ob_target_swept_liquidity_swing;h4_mitigation_ob_caused_displacement;h4_mitigation_ob_caused_imbalance;h4_mitigation_ob_flip_zone;h4_mitigation_ob_has_inducement;h4_mitigation_ob_swept_liquidity;h4_mitigation_ob_swept_liquidity_fractal;h4_mitigation_ob_swept_liquidity_fvg;h4_mitigation_ob_swept_liquidity_internal;h4_mitigation_ob_swept_liquidity_previous_candle;h4_mitigation_ob_swept_liquidity_swing;h4_mitigation_ob_within_daily_ob;h4_ob_target_flip_zone;h4_ob_target_swept_liquidity_fractal;h4_ob_target_swept_liquidity_fvg;h4_ob_target_swept_liquidity_internal;h4_ob_target_swept_liquidity_previous_candle;h4_ob_target_swept_liquidity_swing
2021-04-30,Friday,ny,2021-04-30 12:00:00+00:00,2021-04-30 14:00:00+00:00,bullish,0.7217,0.72058,0.72506,0.72058,0.0011200000000000099,20.847722358032915,loss,-1.0,sl,0.5267857142856913,-1.0,sl,False,0,2,0 days 02:00:00,33.49999999999964,False,25.0,17.9,3.0,2021-04-30 12:00:00+00:00,False,0.7219,0.72078,1,daily_mitigation_ob_caused_displacement;daily_mitigation_ob_caused_imbalance;daily_mitigation_ob_flip_zone;daily_mitigation_ob_has_inducement;daily_mitigation_ob_swept_liquidity;daily_mitigation_ob_swept_liquidity_fractal;daily_mitigation_ob_swept_liquidity_fvg;daily_mitigation_ob_swept_liquidity_internal;daily_mitigation_ob_swept_liquidity_previous_candle;daily_mitigation_ob_swept_liquidity_swing;daily_ob_target_caused_displacement;daily_ob_target_caused_imbalance;daily_ob_target_flip_zone;daily_ob_target_has_inducement;daily_ob_target_swept_liquidity;daily_ob_target_swept_liquidity_fractal;daily_ob_target_swept_liquidity_fvg;daily_ob_target_swept_liquidity_internal;daily_ob_target_swept_liquidity_previous_candle;daily_ob_target_swept_liquidity_swing;h1_mitigation_ob_flip_zone;h1_mitigation_ob_swept_liquidity;h1_mitigation_ob_swept_liquidity_fractal;h1_mitigation_ob_swept_liquidity_previous_candle;h1_mitigation_ob_swept_liquidity_swing;h1_ob_target_flip_zone;h1_ob_target_swept_liquidity;h1_ob_target_swept_liquidity_fvg;h1_ob_target_swept_liquidity_internal;h1_ob_target_swept_liquidity_swing;h4_mitigation_ob_flip_zone;h4_mitigation_ob_swept_liquidity_fractal;h4_mitigation_ob_swept_liquidity_fvg;h4_mitigation_ob_swept_liquidity_internal;h4_mitigation_ob_swept_liquidity_previous_candle;h4_mitigation_ob_swept_liquidity_swing;h4_ob_target_flip_zone;h4_ob_target_swept_liquidity;h4_ob_target_swept_liquidity_fractal;h4_ob_target_swept_liquidity_fvg;h4_ob_target_swept_liquidity_internal;h4_ob_target_swept_liquidity_swing
2021-05-03,Monday,london,2021-05-03 07:00:00+00:00,2021-05-03 10:00:00+00:00,bearish,0.71659,0.7178599999999999,0.71278,0.7178599999999999,0.0012699999999999934,20.72095664679811,loss,-1.0,sl,0.8031496062991458,-1.0,sl,False,0,3,0 days 03:00:00,1.100000000000545,False,25.0,17.9,3.0,2021-05-03 07:00:00+00:00,False,0.71766,0.71689,1,daily_mitigation_ob_caused_displacement;daily_mitigation_ob_caused_imbalance;daily_mitigation_ob_flip_zone;daily_mitigation_ob_has_inducement;daily_mitigation_ob_swept_liquidity;daily_mitigation_ob_swept_liquidity_fractal;daily_mitigation_ob_swept_liquidity_fvg;daily_mitigation_ob_swept_liquidity_internal;daily_mitigation_ob_swept_liquidity_previous_candle;daily_mitigation_ob_swept_liquidity_swing;daily_ob_target_caused_displacement;daily_ob_target_caused_imbalance;daily_ob_target_flip_zone;daily_ob_target_has_inducement;daily_ob_target_swept_liquidity;daily_ob_target_swept_liquidity_fractal;daily_ob_target_swept_liquidity_fvg;daily_ob_target_swept_liquidity_internal;daily_ob_target_swept_liquidity_previous_candle;daily_ob_target_swept_liquidity_swing;h1_mitigation_ob_flip_zone;h1_mitigation_ob_swept_liquidity;h1_mitigation_ob_swept_liquidity_fractal;h1_mitigation_ob_swept_liquidity_internal;h1_mitigation_ob_swept_liquidity_swing;h1_ob_target_flip_zone;h1_ob_target_swept_liquidity_fractal;h1_ob_target_swept_liquidity_fvg;h1_ob_target_swept_liquidity_internal;h1_ob_target_swept_liquidity_previous_candle;h1_ob_target_swept_liquidity_swing;h4_mitigation_ob_caused_displacement;h4_mitigation_ob_caused_imbalance;h4_mitigation_ob_flip_zone;h4_mitigation_ob_has_inducement;h4_mitigation_ob_swept_liquidity;h4_mitigation_ob_swept_liquidity_fractal;h4_mitigation_ob_swept_liquidity_fvg;h4_mitigation_ob_swept_liquidity_internal;h4_mitigation_ob_swept_liquidity_previous_candle;h4_mitigation_ob_swept_liquidity_swing;h4_mitigation_ob_within_daily_ob;h4_ob_target_flip_zone;h4_ob_target_swept_liquidity;h4_ob_target_swept_liquidity_fractal;h4_ob_target_swept_liquidity_fvg;h4_ob_target_swept_liquidity_internal;h4_ob_target_swept_liquidity_swing
2021-05-04,Tuesday,ny,2021-05-04 11:00:00+00:00,2021-05-04 12:00:00+00:00,bullish,0.71275,0.71235,0.7139499999999999,0.71235,0.00039999999999995595,10.280449922374256,loss,-1.0,sl,0.0,-1.0,sl,False,0,1,0 days 01:00:00,8.500000000000174,False,25.0,17.9,3.0,2021-05-04 10:00:00+00:00,True,0.71344,0.71255,1,daily_mitigation_ob_caused_displacement;daily_mitigation_ob_caused_imbalance;daily_mitigation_ob_flip_zone;daily_mitigation_ob_has_inducement;daily_mitigation_ob_swept_liquidity;daily_mitigation_ob_swept_liquidity_fractal;daily_mitigation_ob_swept_liquidity_fvg;daily_mitigation_ob_swept_liquidity_internal;daily_mitigation_ob_swept_liquidity_previous_candle;daily_mitigation_ob_swept_liquidity_swing;daily_ob_target_caused_displacement;daily_ob_target_caused_imbalance;daily_ob_target_flip_zone;daily_ob_target_has_inducement;daily_ob_target_swept_liquidity;daily_ob_target_swept_liquidity_fractal;daily_ob_target_swept_liquidity_fvg;daily_ob_target_swept_liquidity_internal;daily_ob_target_swept_liquidity_previous_candle;daily_ob_target_swept_liquidity_swing;h1_mitigation_ob_flip_zone;h1_mitigation_ob_swept_liquidity_fractal;h1_mitigation_ob_swept_liquidity_fvg;h1_mitigation_ob_swept_liquidity_internal;h1_mitigation_ob_swept_liquidity_previous_candle;h1_mitigation_ob_swept_liquidity_swing;h1_ob_target_caused_displacement;h1_ob_target_caused_imbalance;h1_ob_target_flip_zone;h1_ob_target_has_inducement;h1_ob_target_swept_liquidity;h1_ob_target_swept_liquidity_fractal;h1_ob_target_swept_liquidity_fvg;h1_ob_target_swept_liquidity_internal;h1_ob_target_swept_liquidity_previous_candle;h1_ob_target_swept_liquidity_swing;h1_ob_target_within_h4_ob;h4_mitigation_ob_flip_zone;h4_mitigation_ob_swept_liquidity;h4_mitigation_ob_swept_liquidity_fractal;h4_mitigation_ob_swept_liquidity_fvg;h4_mitigation_ob_swept_liquidity_internal;h4_mitigation_ob_swept_liquidity_swing;h4_ob_target_caused_displacement;h4_ob_target_caused_imbalance;h4_ob_target_flip_zone;h4_ob_target_has_inducement;h4_ob_target_swept_liquidity;h4_ob_target_swept_liquidity_fractal;h4_ob_target_swept_liquidity_fvg;h4_ob_target_swept_liquidity_internal;h4_ob_target_swept_liquidity_previous_candle;h4_ob_target_swept_liquidity_swing;h4_ob_target_within_daily_ob
2021-05-05,Wednesday,london,2021-05-05 08:00:00+00:00,2021-05-07 12:00:00+00:00,bullish,0.71703,0.71378,0.7267799999999999,0.7267799999999999,0.003249999999999975,8.897849865726013,win,3.0,tp,3.9661538461538974,3.3107692307692878,friday_close,True,2,52,2 days 04:00:00,0.0,False,25.0,17.9,3.0,2021-05-05 08:00:00+00:00,False,0.71494,0.71398,1,daily_mitigation_ob_caused_displacement;daily_mitigation_ob_caused_imbalance;daily_mitigation_ob_flip_zone;daily_mitigation_ob_has_inducement;daily_mitigation_ob_swept_liquidity;daily_mitigation_ob_swept_liquidity_fractal;daily_mitigation_ob_swept_liquidity_fvg;daily_mitigation_ob_swept_liquidity_internal;daily_mitigation_ob_swept_liquidity_previous_candle;daily_mitigation_ob_swept_liquidity_swing;daily_ob_target_caused_displacement;daily_ob_target_caused_imbalance;daily_ob_target_flip_zone;daily_ob_target_has_inducement;daily_ob_target_swept_liquidity;daily_ob_target_swept_liquidity_fractal;daily_ob_target_swept_liquidity_fvg;daily_ob_target_swept_liquidity_internal;daily_ob_target_swept_liquidity_previous_candle;daily_ob_target_swept_liquidity_swing;h1_mitigation_ob_flip_zone;h1_mitigation_ob_swept_liquidity;h1_mitigation_ob_swept_liquidity_fractal;h1_mitigation_ob_swept_liquidity_fvg;h1_mitigation_ob_swept_liquidity_internal;h1_mitigation_ob_swept_liquidity_swing;h1_ob_target_flip_zone;h1_ob_target_swept_liquidity;h1_ob_target_swept_liquidity_fractal;h1_ob_target_swept_liquidity_internal;h1_ob_target_swept_liquidity_swing;h4_mitigation_ob_caused_displacement;h4_mitigation_ob_caused_imbalance;h4_mitigation_ob_flip_zone;h4_mitigation_ob_has_inducement;h4_mitigation_ob_swept_liquidity;h4_mitigation_ob_swept_liquidity_fractal;h4_mitigation_ob_swept_liquidity_fvg;h4_mitigation_ob_swept_liquidity_internal;h4_mitigation_ob_swept_liquidity_previous_candle;h4_mitigation_ob_swept_liquidity_swing;h4_mitigation_ob_within_daily_ob;h4_ob_target_flip_zone;h4_ob_target_swept_liquidity;h4_ob_target_swept_liquidity_internal;h4_ob_target_swept_liquidity_swing
2021-05-05,Wednesday,ny,2021-05-05 12:00:00+00:00,2021-05-05 14:00:00+00:00,bearish,0.7197,0.7207899999999999,0.7164300000000002,0.7207899999999999,0.0010899999999999244,20.868797706620665,loss,-1.0,sl,0.5688073394495384,-1.0,sl,False,0,2,0 days 02:00:00,9.500000000001174,False,25.0,17.9,3.0,2021-05-05 12:00:00+00:00,False,0.72059,0.71959,1,daily_mitigation_ob_caused_displacement;daily_mitigation_ob_caused_imbalance;daily_mitigation_ob_flip_zone;daily_mitigation_ob_has_inducement;daily_mitigation_ob_swept_liquidity;daily_mitigation_ob_swept_liquidity_fractal;daily_mitigation_ob_swept_liquidity_fvg;daily_mitigation_ob_swept_liquidity_internal;daily_mitigation_ob_swept_liquidity_previous_candle;daily_mitigation_ob_swept_liquidity_swing;daily_ob_target_caused_displacement;daily_ob_target_caused_imbalance;daily_ob_target_flip_zone;daily_ob_target_has_inducement;daily_ob_target_swept_liquidity;daily_ob_target_swept_liquidity_fractal;daily_ob_target_swept_liquidity_fvg;daily_ob_target_swept_liquidity_internal;daily_ob_target_swept_liquidity_previous_candle;daily_ob_target_swept_liquidity_swing;h1_mitigation_ob_flip_zone;h1_mitigation_ob_swept_liquidity_fractal;h1_mitigation_ob_swept_liquidity_fvg;h1_mitigation_ob_swept_liquidity_internal;h1_mitigation_ob_swept_liquidity_previous_candle;h1_mitigation_ob_swept_liquidity_swing;h1_ob_target_flip_zone;h1_ob_target_swept_liquidity_fractal;h1_ob_target_swept_liquidity_fvg;h1_ob_target_swept_liquidity_internal;h1_ob_target_swept_liquidity_previous_candle;h1_ob_target_swept_liquidity_swing;h4_mitigation_ob_flip_zone;h4_mitigation_ob_swept_liquidity;h4_mitigation_ob_swept_liquidity_internal;h4_mitigation_ob_swept_liquidity_swing;h4_ob_target_caused_displacement;h4_ob_target_caused_imbalance;h4_ob_target_flip_zone;h4_ob_target_has_inducement;h4_ob_target_swept_liquidity;h4_ob_target_swept_liquidity_fractal;h4_ob_target_swept_liquidity_fvg;h4_ob_target_swept_liquidity_internal;h4_ob_target_swept_liquidity_previous_candle;h4_ob_target_swept_liquidity_swing;h4_ob_target_within_daily_ob
2021-05-07,Friday,london,2021-05-07 08:00:00+00:00,2021-05-07 12:00:00+00:00,bearish,0.72275,0.72454,0.7173800000000001,0.72454,0.0017899999999999583,8.79913314418758,loss,-1.0,sl,1.2737430167597776,-1.0,sl,False,0,4,0 days 04:00:00,30.300000000000882,False,25.0,17.9,3.0,2021-05-07 08:00:00+00:00,False,0.72434,0.7227,1,daily_mitigation_ob_caused_displacement;daily_mitigation_ob_caused_imbalance;daily_mitigation_ob_flip_zone;daily_mitigation_ob_has_inducement;daily_mitigation_ob_swept_liquidity;daily_mitigation_ob_swept_liquidity_fractal;daily_mitigation_ob_swept_liquidity_fvg;daily_mitigation_ob_swept_liquidity_internal;daily_mitigation_ob_swept_liquidity_previous_candle;daily_mitigation_ob_swept_liquidity_swing;daily_ob_target_caused_displacement;daily_ob_target_caused_imbalance;daily_ob_target_flip_zone;daily_ob_target_has_inducement;daily_ob_target_swept_liquidity;daily_ob_target_swept_liquidity_fractal;daily_ob_target_swept_liquidity_fvg;daily_ob_target_swept_liquidity_internal;daily_ob_target_swept_liquidity_previous_candle;daily_ob_target_swept_liquidity_swing;h1_mitigation_ob_flip_zone;h1_mitigation_ob_swept_liquidity_fractal;h1_mitigation_ob_swept_liquidity_fvg;h1_mitigation_ob_swept_liquidity_internal;h1_mitigation_ob_swept_liquidity_previous_candle;h1_mitigation_ob_swept_liquidity_swing;h1_ob_target_flip_zone;h1_ob_target_swept_liquidity;h1_ob_target_swept_liquidity_fractal;h1_ob_target_swept_liquidity_fvg;h1_ob_target_swept_liquidity_internal;h1_ob_target_swept_liquidity_swing;h4_mitigation_ob_caused_displacement;h4_mitigation_ob_caused_imbalance;h4_mitigation_ob_flip_zone;h4_mitigation_ob_has_inducement;h4_mitigation_ob_swept_liquidity;h4_mitigation_ob_swept_liquidity_fractal;h4_mitigation_ob_swept_liquidity_fvg;h4_mitigation_ob_swept_liquidity_internal;h4_mitigation_ob_swept_liquidity_previous_candle;h4_mitigation_ob_swept_liquidity_swing;h4_mitigation_ob_within_daily_ob;h4_ob_target_caused_displacement;h4_ob_target_caused_imbalance;h4_ob_target_flip_zone;h4_ob_target_has_inducement;h4_ob_target_swept_liquidity;h4_ob_target_swept_liquidity_fractal;h4_ob_target_swept_liquidity_fvg;h4_ob_target_swept_liquidity_internal;h4_ob_target_swept_liquidity_previous_candle;h4_ob_target_swept_liquidity_swing;h4_ob_target_within_daily_ob
2021-05-11,Tuesday,ny,2021-05-11 11:00:00+00:00,2021-05-12 12:00:00+00:00,bearish,0.72804,0.7304499999999999,0.7208100000000003,0.7208100000000003,0.002409999999999912,15.86085875150624,win,3.0,tp,6.058091286307298,1.568464730290516,friday_close,True,3,25,1 days 01:00:00,0.0,False,25.0,17.9,3.0,2021-05-11 10:00:00+00:00,True,0.73025,0.72835,1,daily_mitigation_ob_caused_displacement;daily_mitigation_ob_caused_imbalance;daily_mitigation_ob_flip_zone;daily_mitigation_ob_has_inducement;daily_mitigation_ob_swept_liquidity;daily_mitigation_ob_swept_liquidity_fractal;daily_mitigation_ob_swept_liquidity_fvg;daily_mitigation_ob_swept_liquidity_internal;daily_mitigation_ob_swept_liquidity_previous_candle;daily_mitigation_ob_swept_liquidity_swing;daily_ob_target_flip_zone;daily_ob_target_swept_liquidity;daily_ob_target_swept_liquidity_fvg;daily_ob_target_swept_liquidity_internal;daily_ob_target_swept_liquidity_previous_candle;daily_ob_target_swept_liquidity_swing;h1_mitigation_ob_flip_zone;h1_mitigation_ob_swept_liquidity;h1_mitigation_ob_swept_liquidity_fractal;h1_mitigation_ob_swept_liquidity_fvg;h1_mitigation_ob_swept_liquidity_internal;h1_mitigation_ob_swept_liquidity_swing;h1_ob_target_flip_zone;h1_ob_target_swept_liquidity;h1_ob_target_swept_liquidity_fvg;h1_ob_target_swept_liquidity_internal;h1_ob_target_swept_liquidity_swing;h4_mitigation_ob_flip_zone;h4_mitigation_ob_swept_liquidity;h4_mitigation_ob_swept_liquidity_fvg;h4_mitigation_ob_swept_liquidity_internal;h4_mitigation_ob_swept_liquidity_previous_candle;h4_mitigation_ob_swept_liquidity_swing;h4_ob_target_flip_zone;h4_ob_target_swept_liquidity;h4_ob_target_swept_liquidity_fractal;h4_ob_target_swept_liquidity_fvg;h4_ob_target_swept_liquidity_internal;h4_ob_target_swept_liquidity_previous_candle
2021-05-11,Tuesday,ny,2021-05-11 11:00:00+00:00,2021-05-11 13:00:00+00:00,bullish,0.72804,0.726,0.7341600000000001,0.726,0.0020400000000000418,9.554129813794605,loss,-1.0,sl,0.22058823529408883,-1.0,sl,False,0,2,0 days 02:00:00,4.799999999999249,False,25.0,17.9,3.0,2021-05-11 11:00:00+00:00,False,0.72734,0.7262,1,daily_mitigation_ob_caused_displacement;daily_mitigation_ob_caused_imbalance;daily_mitigation_ob_flip_zone;daily_mitigation_ob_has_inducement;daily_mitigation_ob_swept_liquidity;daily_mitigation_ob_swept_liquidity_fractal;daily_mitigation_ob_swept_liquidity_fvg;daily_mitigation_ob_swept_liquidity_internal;daily_mitigation_ob_swept_liquidity_previous_candle;daily_mitigation_ob_swept_liquidity_swing;daily_ob_target_flip_zone;daily_ob_target_swept_liquidity;daily_ob_target_swept_liquidity_fractal;daily_ob_target_swept_liquidity_fvg;daily_ob_target_swept_liquidity_internal;daily_ob_target_swept_liquidity_swing;h1_mitigation_ob_flip_zone;h1_mitigation_ob_swept_liquidity_fractal;h1_mitigation_ob_swept_liquidity_fvg;h1_mitigation_ob_swept_liquidity_internal;h1_mitigation_ob_swept_liquidity_previous_candle;h1_mitigation_ob_swept_liquidity_swing;h1_ob_target_flip_zone;h1_ob_target_swept_liquidity;h1_ob_target_swept_liquidity_fractal;h1_ob_target_swept_liquidity_fvg;h1_ob_target_swept_liquidity_internal;h1_ob_target_swept_liquidity_swing;h4_mitigation_ob_caused_displacement;h4_mitigation_ob_caused_imbalance;h4_mitigation_ob_flip_zone;h4_mitigation_ob_has_inducement;h4_mitigation_ob_swept_liquidity;h4_mitigation_ob_swept_liquidity_fractal;h4_mitigation_ob_swept_liquidity_fvg;h4_mitigation_ob_swept_liquidity_internal;h4_mitigation_ob_swept_liquidity_previous_candle;h4_mitigation_ob_swept_liquidity_swing;h4_mitigation_ob_within_daily_ob;h4_ob_target_flip_zone;h4_ob_target_swept_liquidity_fractal;h4_ob_target_swept_liquidity_fvg;h4_ob_target_swept_liquidity_internal;h4_ob_target_swept_liquidity_previous_candle;h4_ob_target_swept_liquidity_swing
2021-05-17,Monday,ny,2021-05-17 13:00:00+00:00,2021-05-17 21:00:00+00:00,bullish,0.72012,0.71731,0.7285499999999999,0.72012,0.002809999999999979,22.132649681669825,breakeven,0.0,be_stop,0.7117437722419988,0.0,be_stop,True,1,8,0 days 08:00:00,5.899999999999794,False,25.0,17.9,3.0,2021-05-17 13:00:00+00:00,False,0.71827,0.71751,1,daily_mitigation_ob_caused_displacement;daily_mitigation_ob_caused_imbalance;daily_mitigation_ob_flip_zone;daily_mitigation_ob_has_inducement;daily_mitigation_ob_swept_liquidity;daily_mitigation_ob_swept_liquidity_fractal;daily_mitigation_ob_swept_liquidity_fvg;daily_mitigation_ob_swept_liquidity_internal;daily_mitigation_ob_swept_liquidity_previous_candle;daily_mitigation_ob_swept_liquidity_swing;daily_ob_target_caused_displacement;daily_ob_target_caused_imbalance;daily_ob_target_flip_zone;daily_ob_target_has_inducement;daily_ob_target_swept_liquidity;daily_ob_target_swept_liquidity_fractal;daily_ob_target_swept_liquidity_fvg;daily_ob_target_swept_liquidity_internal;daily_ob_target_swept_liquidity_previous_candle;daily_ob_target_swept_liquidity_swing;h1_mitigation_ob_flip_zone;h1_mitigation_ob_swept_liquidity;h1_mitigation_ob_swept_liquidity_fvg;h1_mitigation_ob_swept_liquidity_internal;h1_mitigation_ob_swept_liquidity_previous_candle;h1_mitigation_ob_swept_liquidity_swing;h1_ob_target_flip_zone;h1_ob_target_swept_liquidity;h1_ob_target_swept_liquidity_fractal;h1_ob_target_swept_liquidity_fvg;h1_ob_target_swept_liquidity_internal;h1_ob_target_swept_liquidity_swing;h4_mitigation_ob_flip_zone;h4_mitigation_ob_swept_liquidity_fractal;h4_mitigation_ob_swept_liquidity_fvg;h4_mitigation_ob_swept_liquidity_internal;h4_mitigation_ob_swept_liquidity_previous_candle;h4_mitigation_ob_swept_liquidity_swing;h4_ob_target_flip_zone;h4_ob_target_swept_liquidity_fractal;h4_ob_target_swept_liquidity_fvg;h4_ob_target_swept_liquidity_internal;h4_ob_target_swept_liquidity_previous_candle;h4_ob_target_swept_liquidity_swing
2021-05-25,Tuesday,ny,2021-05-25 13:00:00+00:00,2021-05-25 15:00:00+00:00,bullish,0.72352,0.72222,0.7274200000000003,0.72222,0.0013000000000000789,-3.9608933062025375,loss,-1.0,sl,0.7923076923076253,-1.0,sl,False,0,2,0 days 02:00:00,10.499999999999954,False,25.0,17.9,3.0,2021-05-25 13:00:00+00:00,False,0.72357,0.72242,1,daily_mitigation_ob_caused_displacement;daily_mitigation_ob_caused_imbalance;daily_mitigation_ob_flip_zone;daily_mitigation_ob_has_inducement;daily_mitigation_ob_swept_liquidity;daily_mitigation_ob_swept_liquidity_fractal;daily_mitigation_ob_swept_liquidity_fvg;daily_mitigation_ob_swept_liquidity_internal;daily_mitigation_ob_swept_liquidity_previous_candle;daily_mitigation_ob_swept_liquidity_swing;daily_ob_target_caused_displacement;daily_ob_target_caused_imbalance;daily_ob_target_flip_zone;daily_ob_target_has_inducement;daily_ob_target_swept_liquidity;daily_ob_target_swept_liquidity_fractal;daily_ob_target_swept_liquidity_fvg;daily_ob_target_swept_liquidity_internal;daily_ob_target_swept_liquidity_previous_candle;daily_ob_target_swept_liquidity_swing;h1_mitigation_ob_flip_zone;h1_mitigation_ob_swept_liquidity_fractal;h1_mitigation_ob_swept_liquidity_fvg;h1_mitigation_ob_swept_liquidity_internal;h1_mitigation_ob_swept_liquidity_previous_candle;h1_mitigation_ob_swept_liquidity_swing;h1_ob_target_flip_zone;h1_ob_target_swept_liquidity;h1_ob_target_swept_liquidity_fractal;h1_ob_target_swept_liquidity_fvg;h1_ob_target_swept_liquidity_internal;h1_ob_target_swept_liquidity_previous_candle;h4_mitigation_ob_caused_displacement;h4_mitigation_ob_caused_imbalance;h4_mitigation_ob_flip_zone;h4_mitigation_ob_has_inducement;h4_mitigation_ob_swept_liquidity;h4_mitigation_ob_swept_liquidity_fractal;h4_mitigation_ob_swept_liquidity_fvg;h4_mitigation_ob_swept_liquidity_internal;h4_mitigation_ob_swept_liquidity_previous_candle;h4_mitigation_ob_swept_liquidity_swing;h4_mitigation_ob_within_daily_ob;h4_ob_target_flip_zone;h4_ob_target_swept_liquidity_fractal;h4_ob_target_swept_liquidity_fvg;h4_ob_target_swept_liquidity_internal;h4_ob_target_swept_liquidity_previous_candle;h4_ob_target_swept_liquidity_swing
2021-05-27,Thursday,london,2021-05-27 08:00:00+00:00,2021-05-27 18:00:00+00:00,bearish,0.7288,0.73153,0.72061,0.72971,0.00273000000000001,-14.234203792606435,loss,-0.33333333333331977,cut_19h,0.32600732600734583,-0.33333333333331977,cut_19h,False,1,10,0 days 10:00:00,0.0,False,25.0,17.9,3.0,2021-05-27 08:00:00+00:00,False,0.73133,0.7303,1,daily_mitigation_ob_caused_displacement;daily_mitigation_ob_caused_imbalance;daily_mitigation_ob_flip_zone;daily_mitigation_ob_has_inducement;daily_mitigation_ob_swept_liquidity;daily_mitigation_ob_swept_liquidity_fractal;daily_mitigation_ob_swept_liquidity_fvg;daily_mitigation_ob_swept_liquidity_internal;daily_mitigation_ob_swept_liquidity_previous_candle;daily_mitigation_ob_swept_liquidity_swing;daily_ob_target_flip_zone;daily_ob_target_swept_liquidity_fractal;daily_ob_target_swept_liquidity_fvg;daily_ob_target_swept_liquidity_internal;daily_ob_target_swept_liquidity_previous_candle;daily_ob_target_swept_liquidity_swing;h1_mitigation_ob_flip_zone;h1_mitigation_ob_swept_liquidity_fractal;h1_mitigation_ob_swept_liquidity_fvg;h1_mitigation_ob_swept_liquidity_internal;h1_mitigation_ob_swept_liquidity_previous_candle;h1_mitigation_ob_swept_liquidity_swing;h1_ob_target_flip_zone;h1_ob_target_swept_liquidity_fractal;h1_ob_target_swept_liquidity_fvg;h1_ob_target_swept_liquidity_internal;h1_ob_target_swept_liquidity_previous_candle;h1_ob_target_swept_liquidity_swing;h4_mitigation_ob_caused_displacement;h4_mitigation_ob_caused_imbalance;h4_mitigation_ob_flip_zone;h4_mitigation_ob_has_inducement;h4_mitigation_ob_swept_liquidity;h4_mitigation_ob_swept_liquidity_fractal;h4_mitigation_ob_swept_liquidity_fvg;h4_mitigation_ob_swept_liquidity_internal;h4_mitigation_ob_swept_liquidity_previous_candle;h4_mitigation_ob_swept_liquidity_swing;h4_mitigation_ob_within_daily_ob;h4_ob_target_flip_zone;h4_ob_target_swept_liquidity_fractal;h4_ob_target_swept_liquidity_fvg;h4_ob_target_swept_liquidity_internal;h4_ob_target_swept_liquidity_previous_candle;h4_ob_target_swept_liquidity_swing
2021-05-31,Monday,ny,2021-05-31 11:00:00+00:00,2021-05-31 20:00:00+00:00,bullish,0.72605,0.7247,0.7300999999999999,0.72605,0.0013499999999999623,4.7669200825682445,breakeven,0.0,be_stop,1.6814814814815242,0.0,be_stop,True,1,9,0 days 09:00:00,0.2999999999997449,False,25.0,17.9,3.0,2021-05-31 10:00:00+00:00,True,0.72596,0.7249,1,daily_mitigation_ob_caused_displacement;daily_mitigation_ob_caused_imbalance;daily_mitigation_ob_flip_zone;daily_mitigation_ob_has_inducement;daily_mitigation_ob_swept_liquidity;daily_mitigation_ob_swept_liquidity_fractal;daily_mitigation_ob_swept_liquidity_fvg;daily_mitigation_ob_swept_liquidity_internal;daily_mitigation_ob_swept_liquidity_previous_candle;daily_mitigation_ob_swept_liquidity_swing;daily_ob_target_caused_displacement;daily_ob_target_caused_imbalance;daily_ob_target_flip_zone;daily_ob_target_has_inducement;daily_ob_target_swept_liquidity;daily_ob_target_swept_liquidity_fractal;daily_ob_target_swept_liquidity_fvg;daily_ob_target_swept_liquidity_internal;daily_ob_target_swept_liquidity_previous_candle;daily_ob_target_swept_liquidity_swing;h1_mitigation_ob_flip_zone;h1_mitigation_ob_swept_liquidity_fractal;h1_mitigation_ob_swept_liquidity_fvg;h1_mitigation_ob_swept_liquidity_internal;h1_mitigation_ob_swept_liquidity_previous_candle;h1_mitigation_ob_swept_liquidity_swing;h1_ob_target_flip_zone;h1_ob_target_swept_liquidity;h1_ob_target_swept_liquidity_fractal;h1_ob_target_swept_liquidity_fvg;h1_ob_target_swept_liquidity_internal;h1_ob_target_swept_liquidity_swing;h4_mitigation_ob_caused_displacement;h4_mitigation_ob_caused_imbalance;h4_mitigation_ob_flip_zone;h4_mitigation_ob_has_inducement;h4_mitigation_ob_swept_liquidity;h4_mitigation_ob_swept_liquidity_fractal;h4_mitigation_ob_swept_liquidity_fvg;h4_mitigation_ob_swept_liquidity_internal;h4_mitigation_ob_swept_liquidity_previous_candle;h4_mitigation_ob_swept_liquidity_swing;h4_mitigation_ob_within_daily_ob;h4_ob_target_flip_zone;h4_ob_target_swept_liquidity;h4_ob_target_swept_liquidity_fractal;h4_ob_target_swept_liquidity_fvg;h4_ob_target_swept_liquidity_internal;h4_ob_target_swept_liquidity_swing
2021-06-03,Thursday,ny,2021-06-03 13:00:00+00:00,2021-06-03 14:00:00+00:00,bullish,0.71651,0.71557,0.7193299999999998,0.71557,0.0009399999999999409,-23.571125878167752,loss,-1.0,sl,0.6063829787235173,-1.0,sl,False,0,1,0 days 01:00:00,3.1000000000003247,False,25.0,17.9,3.0,2021-06-03 13:00:00+00:00,False,0.71843,0.71577,1,daily_mitigation_ob_flip_zone;daily_mitigation_ob_swept_liquidity_fractal;daily_mitigation_ob_swept_liquidity_fvg;daily_mitigation_ob_swept_liquidity_internal;daily_mitigation_ob_swept_liquidity_previous_candle;daily_mitigation_ob_swept_liquidity_swing;daily_ob_target_caused_displacement;daily_ob_target_caused_imbalance;daily_ob_target_flip_zone;daily_ob_target_has_inducement;daily_ob_target_swept_liquidity;daily_ob_target_swept_liquidity_fractal;daily_ob_target_swept_liquidity_fvg;daily_ob_target_swept_liquidity_internal;daily_ob_target_swept_liquidity_previous_candle;daily_ob_target_swept_liquidity_swing;h1_mitigation_ob_flip_zone;h1_mitigation_ob_swept_liquidity_fractal;h1_mitigation_ob_swept_liquidity_fvg;h1_mitigation_ob_swept_liquidity_internal;h1_mitigation_ob_swept_liquidity_previous_candle;h1_mitigation_ob_swept_liquidity_swing;h1_ob_target_caused_displacement;h1_ob_target_caused_imbalance;h1_ob_target_flip_zone;h1_ob_target_has_inducement;h1_ob_target_swept_liquidity;h1_ob_target_swept_liquidity_fractal;h1_ob_target_swept_liquidity_fvg;h1_ob_target_swept_liquidity_internal;h1_ob_target_swept_liquidity_previous_candle;h1_ob_target_swept_liquidity_swing;h1_ob_target_within_h4_ob;h4_mitigation_ob_flip_zone;h4_mitigation_ob_swept_liquidity_fractal;h4_mitigation_ob_swept_liquidity_fvg;h4_mitigation_ob_swept_liquidity_internal;h4_mitigation_ob_swept_liquidity_previous_candle;h4_mitigation_ob_swept_liquidity_swing;h4_ob_target_caused_displacement;h4_ob_target_caused_imbalance;h4_ob_target_flip_zone;h4_ob_target_has_inducement;h4_ob_target_swept_liquidity;h4_ob_target_swept_liquidity_fractal;h4_ob_target_swept_liquidity_fvg;h4_ob_target_swept_liquidity_internal;h4_ob_target_swept_liquidity_previous_candle;h4_ob_target_swept_liquidity_swing;h4_ob_target_within_daily_ob
2021-06-08,Tuesday,london,2021-06-08 06:00:00+00:00,2021-06-09 14:00:00+00:00,bearish,0.72166,0.72275,0.7183899999999999,0.7183899999999999,0.0010900000000000354,19.64804042718134,win,3.0,tp,9.275229357797821,8.834862385320738,friday_close,True,3,32,1 days 08:00:00,0.0,False,25.0,17.9,3.0,2021-06-08 05:00:00+00:00,True,0.72255,0.72198,1,daily_mitigation_ob_caused_displacement;daily_mitigation_ob_caused_imbalance;daily_mitigation_ob_flip_zone;daily_mitigation_ob_has_inducement;daily_mitigation_ob_swept_liquidity;daily_mitigation_ob_swept_liquidity_fractal;daily_mitigation_ob_swept_liquidity_fvg;daily_mitigation_ob_swept_liquidity_internal;daily_mitigation_ob_swept_liquidity_previous_candle;daily_mitigation_ob_swept_liquidity_swing;daily_ob_target_caused_displacement;daily_ob_target_caused_imbalance;daily_ob_target_flip_zone;daily_ob_target_has_inducement;daily_ob_target_swept_liquidity;daily_ob_target_swept_liquidity_fractal;daily_ob_target_swept_liquidity_fvg;daily_ob_target_swept_liquidity_internal;daily_ob_target_swept_liquidity_previous_candle;daily_ob_target_swept_liquidity_swing;h1_mitigation_ob_flip_zone;h1_mitigation_ob_swept_liquidity_fractal;h1_mitigation_ob_swept_liquidity_fvg;h1_mitigation_ob_swept_liquidity_internal;h1_mitigation_ob_swept_liquidity_previous_candle;h1_mitigation_ob_swept_liquidity_swing;h1_ob_target_flip_zone;h1_ob_target_swept_liquidity;h1_ob_target_swept_liquidity_fractal;h1_ob_target_swept_liquidity_fvg;h1_ob_target_swept_liquidity_internal;h1_ob_target_swept_liquidity_swing;h4_mitigation_ob_caused_displacement;h4_mitigation_ob_caused_imbalance;h4_mitigation_ob_flip_zone;h4_mitigation_ob_has_inducement;h4_mitigation_ob_swept_liquidity;h4_mitigation_ob_swept_liquidity_fractal;h4_mitigation_ob_swept_liquidity_fvg;h4_mitigation_ob_swept_liquidity_internal;h4_mitigation_ob_swept_liquidity_previous_candle;h4_mitigation_ob_swept_liquidity_swing;h4_mitigation_ob_within_daily_ob;h4_ob_target_flip_zone;h4_ob_target_swept_liquidity;h4_ob_target_swept_liquidity_fractal;h4_ob_target_swept_liquidity_internal;h4_ob_target_swept_liquidity_previous_candle;h4_ob_target_swept_liquidity_swing
2021-06-08,Tuesday,london,2021-06-08 08:00:00+00:00,2021-06-08 13:00:00+00:00,bullish,0.7212,0.71936,0.7267199999999998,0.71936,0.0018399999999999528,26.820355500992832,loss,-1.0,sl,0.6086956521739341,-1.0,sl,False,0,5,0 days 05:00:00,6.599999999999939,False,25.0,17.9,3.0,2021-06-08 08:00:00+00:00,False,0.72044,0.71956,1,daily_mitigation_ob_caused_displacement;daily_mitigation_ob_caused_imbalance;daily_mitigation_ob_flip_zone;daily_mitigation_ob_has_inducement;daily_mitigation_ob_swept_liquidity;daily_mitigation_ob_swept_liquidity_fractal;daily_mitigation_ob_swept_liquidity_fvg;daily_mitigation_ob_swept_liquidity_internal;daily_mitigation_ob_swept_liquidity_previous_candle;daily_mitigation_ob_swept_liquidity_swing;daily_ob_target_flip_zone;daily_ob_target_swept_liquidity;daily_ob_target_swept_liquidity_fractal;daily_ob_target_swept_liquidity_fvg;daily_ob_target_swept_liquidity_internal;daily_ob_target_swept_liquidity_swing;h1_mitigation_ob_flip_zone;h1_mitigation_ob_swept_liquidity;h1_mitigation_ob_swept_liquidity_fractal;h1_mitigation_ob_swept_liquidity_fvg;h1_mitigation_ob_swept_liquidity_internal;h1_mitigation_ob_swept_liquidity_swing;h1_ob_target_flip_zone;h1_ob_target_swept_liquidity;h1_ob_target_swept_liquidity_fvg;h1_ob_target_swept_liquidity_internal;h1_ob_target_swept_liquidity_previous_candle;h1_ob_target_swept_liquidity_swing;h4_mitigation_ob_caused_displacement;h4_mitigation_ob_caused_imbalance;h4_mitigation_ob_flip_zone;h4_mitigation_ob_has_inducement;h4_mitigation_ob_swept_liquidity;h4_mitigation_ob_swept_liquidity_fractal;h4_mitigation_ob_swept_liquidity_fvg;h4_mitigation_ob_swept_liquidity_internal;h4_mitigation_ob_swept_liquidity_previous_candle;h4_mitigation_ob_swept_liquidity_swing;h4_mitigation_ob_within_daily_ob;h4_ob_target_flip_zone;h4_ob_target_swept_liquidity;h4_ob_target_swept_liquidity_fractal;h4_ob_target_swept_liquidity_fvg;h4_ob_target_swept_liquidity_internal;h4_ob_target_swept_liquidity_swing
2021-06-08,Tuesday,ny,2021-06-08 11:00:00+00:00,2021-06-08 13:00:00+00:00,bullish,0.7213,0.71936,0.7271200000000002,0.71936,0.0019400000000000528,26.820355500992832,loss,-1.0,sl,0.5257731958762278,-1.0,sl,False,0,2,0 days 02:00:00,6.599999999999939,False,25.0,17.9,3.0,2021-06-08 10:00:00+00:00,True,0.72044,0.71956,2,daily_mitigation_ob_caused_displacement;daily_mitigation_ob_caused_imbalance;daily_mitigation_ob_flip_zone;daily_mitigation_ob_has_inducement;daily_mitigation_ob_swept_liquidity;daily_mitigation_ob_swept_liquidity_fractal;daily_mitigation_ob_swept_liquidity_fvg;daily_mitigation_ob_swept_liquidity_internal;daily_mitigation_ob_swept_liquidity_previous_candle;daily_mitigation_ob_swept_liquidity_swing;daily_ob_target_flip_zone;daily_ob_target_swept_liquidity;daily_ob_target_swept_liquidity_fractal;daily_ob_target_swept_liquidity_fvg;daily_ob_target_swept_liquidity_internal;daily_ob_target_swept_liquidity_swing;h1_mitigation_ob_flip_zone;h1_mitigation_ob_swept_liquidity;h1_mitigation_ob_swept_liquidity_fractal;h1_mitigation_ob_swept_liquidity_fvg;h1_mitigation_ob_swept_liquidity_internal;h1_mitigation_ob_swept_liquidity_swing;h1_ob_target_flip_zone;h1_ob_target_swept_liquidity;h1_ob_target_swept_liquidity_fvg;h1_ob_target_swept_liquidity_internal;h1_ob_target_swept_liquidity_previous_candle;h1_ob_target_swept_liquidity_swing;h4_mitigation_ob_caused_displacement;h4_mitigation_ob_caused_imbalance;h4_mitigation_ob_flip_zone;h4_mitigation_ob_has_inducement;h4_mitigation_ob_swept_liquidity;h4_mitigation_ob_swept_liquidity_fractal;h4_mitigation_ob_swept_liquidity_fvg;h4_mitigation_ob_swept_liquidity_internal;h4_mitigation_ob_swept_liquidity_previous_candle;h4_mitigation_ob_swept_liquidity_swing;h4_mitigation_ob_within_daily_ob;h4_ob_target_flip_zone;h4_ob_target_swept_liquidity;h4_ob_target_swept_liquidity_fractal;h4_ob_target_swept_liquidity_fvg;h4_ob_target_swept_liquidity_internal;h4_ob_target_swept_liquidity_swing
2021-06-09,Wednesday,london,2021-06-09 08:00:00+00:00,2021-06-09 16:00:00+00:00,bearish,0.72034,0.72155,0.7167099999999998,0.7167099999999998,0.0012100000000000444,-5.856851242049093,win,3.0,tp,3.1983471074378405,0.0,be_stop,True,1,8,0 days 08:00:00,3.1999999999998696,False,25.0,17.9,3.0,2021-06-09 08:00:00+00:00,False,0.72135,0.72044,2,daily_mitigation_ob_caused_displacement;daily_mitigation_ob_caused_imbalance;daily_mitigation_ob_flip_zone;daily_mitigation_ob_has_inducement;daily_mitigation_ob_swept_liquidity;daily_mitigation_ob_swept_liquidity_fractal;daily_mitigation_ob_swept_liquidity_fvg;daily_mitigation_ob_swept_liquidity_internal;daily_mitigation_ob_swept_liquidity_previous_candle;daily_mitigation_ob_swept_liquidity_swing;daily_ob_target_caused_displacement;daily_ob_target_caused_imbalance;daily_ob_target_flip_zone;daily_ob_target_has_inducement;daily_ob_target_swept_liquidity;daily_ob_target_swept_liquidity_fractal;daily_ob_target_swept_liquidity_fvg;daily_ob_target_swept_liquidity_internal;daily_ob_target_swept_liquidity_previous_candle;daily_ob_target_swept_liquidity_swing;h1_mitigation_ob_flip_zone;h1_mitigation_ob_swept_liquidity_fractal;h1_mitigation_ob_swept_liquidity_fvg;h1_mitigation_ob_swept_liquidity_internal;h1_mitigation_ob_swept_liquidity_previous_candle;h1_mitigation_ob_swept_liquidity_swing;h1_ob_target_flip_zone;h1_ob_target_swept_liquidity_fractal;h1_ob_target_swept_liquidity_fvg;h1_ob_target_swept_liquidity_internal;h1_ob_target_swept_liquidity_previous_candle;h1_ob_target_swept_liquidity_swing;h4_mitigation_ob_caused_displacement;h4_mitigation_ob_caused_imbalance;h4_mitigation_ob_flip_zone;h4_mitigation_ob_has_inducement;h4_mitigation_ob_swept_liquidity;h4_mitigation_ob_swept_liquidity_fractal;h4_mitigation_ob_swept_liquidity_fvg;h4_mitigation_ob_swept_liquidity_internal;h4_mitigation_ob_swept_liquidity_previous_candle;h4_mitigation_ob_swept_liquidity_swing;h4_mitigation_ob_within_daily_ob;h4_ob_target_caused_displacement;h4_ob_target_caused_imbalance;h4_ob_target_flip_zone;h4_ob_target_has_inducement;h4_ob_target_swept_liquidity;h4_ob_target_swept_liquidity_fractal;h4_ob_target_swept_liquidity_fvg;h4_ob_target_swept_liquidity_internal;h4_ob_target_swept_liquidity_previous_candle;h4_ob_target_swept_liquidity_swing;h4_ob_target_within_daily_ob
2021-06-10,Thursday,london,2021-06-10 07:00:00+00:00,2021-06-10 12:00:00+00:00,bearish,0.71751,0.71977,0.7107299999999999,0.71977,0.0022600000000000398,23.51088466356289,loss,-1.0,sl,0.11061946902653455,-1.0,sl,False,0,5,0 days 05:00:00,4.699999999999704,False,25.0,17.9,3.0,2021-06-10 07:00:00+00:00,False,0.71957,0.71885,1,daily_mitigation_ob_caused_displacement;daily_mitigation_ob_caused_imbalance;daily_mitigation_ob_flip_zone;daily_mitigation_ob_has_inducement;daily_mitigation_ob_swept_liquidity;daily_mitigation_ob_swept_liquidity_fractal;daily_mitigation_ob_swept_liquidity_fvg;daily_mitigation_ob_swept_liquidity_internal;daily_mitigation_ob_swept_liquidity_previous_candle;daily_mitigation_ob_swept_liquidity_swing;daily_ob_target_flip_zone;daily_ob_target_swept_liquidity;daily_ob_target_swept_liquidity_fractal;daily_ob_target_swept_liquidity_fvg;daily_ob_target_swept_liquidity_internal;daily_ob_target_swept_liquidity_swing;h1_mitigation_ob_flip_zone;h1_mitigation_ob_swept_liquidity_fractal;h1_mitigation_ob_swept_liquidity_fvg;h1_mitigation_ob_swept_liquidity_internal;h1_mitigation_ob_swept_liquidity_previous_candle;h1_mitigation_ob_swept_liquidity_swing;h1_ob_target_flip_zone;h1_ob_target_swept_liquidity_fractal;h1_ob_target_swept_liquidity_fvg;h1_ob_target_swept_liquidity_internal;h1_ob_target_swept_liquidity_previous_candle;h1_ob_target_swept_liquidity_swing;h4_mitigation_ob_caused_displacement;h4_mitigation_ob_caused_imbalance;h4_mitigation_ob_flip_zone;h4_mitigation_ob_has_inducement;h4_mitigation_ob_swept_liquidity;h4_mitigation_ob_swept_liquidity_fractal;h4_mitigation_ob_swept_liquidity_fvg;h4_mitigation_ob_swept_liquidity_internal;h4_mitigation_ob_swept_liquidity_previous_candle;h4_mitigation_ob_swept_liquidity_swing;h4_mitigation_ob_within_daily_ob;h4_ob_target_flip_zone;h4_ob_target_swept_liquidity_fractal;h4_ob_target_swept_liquidity_fvg;h4_ob_target_swept_liquidity_internal;h4_ob_target_swept_liquidity_previous_candle;h4_ob_target_swept_liquidity_swing
2021-06-10,Thursday,london,2021-06-10 08:00:00+00:00,2021-06-10 21:00:00+00:00,bullish,0.71839,0.7162700000000001,0.7247499999999997,0.71839,0.0021199999999998997,-5.518094334793503,breakeven,0.0,be_stop,1.3396226415095278,0.0,be_stop,True,1,13,0 days 13:00:00,1.7999999999995797,False,25.0,17.9,3.0,2021-06-10 08:00:00+00:00,False,0.71729,0.71647,1,daily_mitigation_ob_caused_displacement;daily_mitigation_ob_caused_imbalance;daily_mitigation_ob_flip_zone;daily_mitigation_ob_has_inducement;daily_mitigation_ob_swept_liquidity;daily_mitigation_ob_swept_liquidity_fractal;daily_mitigation_ob_swept_liquidity_fvg;daily_mitigation_ob_swept_liquidity_internal;daily_mitigation_ob_swept_liquidity_previous_candle;daily_mitigation_ob_swept_liquidity_swing;daily_ob_target_flip_zone;daily_ob_target_swept_liquidity;daily_ob_target_swept_liquidity_fractal;daily_ob_target_swept_liquidity_fvg;daily_ob_target_swept_liquidity_internal;daily_ob_target_swept_liquidity_swing;h1_mitigation_ob_flip_zone;h1_mitigation_ob_swept_liquidity_fractal;h1_mitigation_ob_swept_liquidity_fvg;h1_mitigation_ob_swept_liquidity_internal;h1_mitigation_ob_swept_liquidity_previous_candle;h1_mitigation_ob_swept_liquidity_swing;h1_ob_target_flip_zone;h1_ob_target_swept_liquidity_fractal;h1_ob_target_swept_liquidity_fvg;h1_ob_target_swept_liquidity_internal;h1_ob_target_swept_liquidity_previous_candle;h1_ob_target_swept_liquidity_swing;h4_mitigation_ob_caused_displacement;h4_mitigation_ob_caused_imbalance;h4_mitigation_ob_flip_zone;h4_mitigation_ob_has_inducement;h4_mitigation_ob_swept_liquidity;h4_mitigation_ob_swept_liquidity_fractal;h4_mitigation_ob_swept_liquidity_fvg;h4_mitigation_ob_swept_liquidity_internal;h4_mitigation_ob_swept_liquidity_previous_candle;h4_mitigation_ob_swept_liquidity_swing;h4_mitigation_ob_within_daily_ob;h4_ob_target_flip_zone;h4_ob_target_swept_liquidity_fractal;h4_ob_target_swept_liquidity_fvg;h4_ob_target_swept_liquidity_internal;h4_ob_target_swept_liquidity_previous_candle;h4_ob_target_swept_liquidity_swing
2021-06-10,Thursday,ny,2021-06-10 11:00:00+00:00,2021-06-10 12:00:00+00:00,bearish,0.71851,0.71977,0.7147299999999999,0.71977,0.0012600000000000389,17.180852118059832,loss,-1.0,sl,0.5158730158729431,-1.0,sl,False,0,1,0 days 01:00:00,4.699999999999704,False,25.0,17.9,3.0,2021-06-10 11:00:00+00:00,False,0.71957,0.71885,2,daily_mitigation_ob_caused_displacement;daily_mitigation_ob_caused_imbalance;daily_mitigation_ob_flip_zone;daily_mitigation_ob_has_inducement;daily_mitigation_ob_swept_liquidity;daily_mitigation_ob_swept_liquidity_fractal;daily_mitigation_ob_swept_liquidity_fvg;daily_mitigation_ob_swept_liquidity_internal;daily_mitigation_ob_swept_liquidity_previous_candle;daily_mitigation_ob_swept_liquidity_swing;daily_ob_target_caused_displacement;daily_ob_target_caused_imbalance;daily_ob_target_flip_zone;daily_ob_target_has_inducement;daily_ob_target_swept_liquidity;daily_ob_target_swept_liquidity_fractal;daily_ob_target_swept_liquidity_fvg;daily_ob_target_swept_liquidity_internal;daily_ob_target_swept_liquidity_previous_candle;daily_ob_target_swept_liquidity_swing;h1_mitigation_ob_flip_zone;h1_mitigation_ob_swept_liquidity_fractal;h1_mitigation_ob_swept_liquidity_fvg;h1_mitigation_ob_swept_liquidity_internal;h1_mitigation_ob_swept_liquidity_previous_candle;h1_mitigation_ob_swept_liquidity_swing;h1_ob_target_flip_zone;h1_ob_target_swept_liquidity_fractal;h1_ob_target_swept_liquidity_fvg;h1_ob_target_swept_liquidity_internal;h1_ob_target_swept_liquidity_previous_candle;h1_ob_target_swept_liquidity_swing;h4_mitigation_ob_caused_displacement;h4_mitigation_ob_caused_imbalance;h4_mitigation_ob_flip_zone;h4_mitigation_ob_has_inducement;h4_mitigation_ob_swept_liquidity;h4_mitigation_ob_swept_liquidity_fractal;h4_mitigation_ob_swept_liquidity_fvg;h4_mitigation_ob_swept_liquidity_internal;h4_mitigation_ob_swept_liquidity_previous_candle;h4_mitigation_ob_swept_liquidity_swing;h4_mitigation_ob_within_daily_ob;h4_ob_target_caused_displacement;h4_ob_target_caused_imbalance;h4_ob_target_flip_zone;h4_ob_target_has_inducement;h4_ob_target_swept_liquidity;h4_ob_target_swept_liquidity_fractal;h4_ob_target_swept_liquidity_fvg;h4_ob_target_swept_liquidity_internal;h4_ob_target_swept_liquidity_previous_candle;h4_ob_target_swept_liquidity_swing;h4_ob_target_within_daily_ob
2021-06-16,Wednesday,london,2021-06-16 06:00:00+00:00,2021-06-16 12:00:00+00:00,bearish,0.71456,0.71528,0.7123999999999998,0.71528,0.0007200000000000539,30.009497621528237,loss,-1.0,sl,1.5555555555554528,-1.0,sl,False,0,6,0 days 06:00:00,1.3999999999991797,True,25.0,17.9,3.0,2021-06-16 06:00:00+00:00,False,0.71508,0.71421,1,daily_mitigation_ob_caused_displacement;daily_mitigation_ob_caused_imbalance;daily_mitigation_ob_flip_zone;daily_mitigation_ob_has_inducement;daily_mitigation_ob_swept_liquidity;daily_mitigation_ob_swept_liquidity_fractal;daily_mitigation_ob_swept_liquidity_fvg;daily_mitigation_ob_swept_liquidity_internal;daily_mitigation_ob_swept_liquidity_previous_candle;daily_mitigation_ob_swept_liquidity_swing;daily_ob_target_caused_displacement;daily_ob_target_caused_imbalance;daily_ob_target_flip_zone;daily_ob_target_has_inducement;daily_ob_target_swept_liquidity;daily_ob_target_swept_liquidity_fractal;daily_ob_target_swept_liquidity_fvg;daily_ob_target_swept_liquidity_internal;daily_ob_target_swept_liquidity_previous_candle;daily_ob_target_swept_liquidity_swing;h1_mitigation_ob_flip_zone;h1_mitigation_ob_swept_liquidity;h1_mitigation_ob_swept_liquidity_fvg;h1_mitigation_ob_swept_liquidity_internal;h1_mitigation_ob_swept_liquidity_swing;h1_ob_target_flip_zone;h1_ob_target_swept_liquidity;h1_ob_target_swept_liquidity_fractal;h1_ob_target_swept_liquidity_fvg;h1_ob_target_swept_liquidity_internal;h1_ob_target_swept_liquidity_swing;h4_mitigation_ob_flip_zone;h4_mitigation_ob_swept_liquidity;h4_mitigation_ob_swept_liquidity_fvg;h4_mitigation_ob_swept_liquidity_internal;h4_mitigation_ob_swept_liquidity_swing;h4_ob_target_caused_displacement;h4_ob_target_caused_imbalance;h4_ob_target_flip_zone;h4_ob_target_has_inducement;h4_ob_target_swept_liquidity;h4_ob_target_swept_liquidity_fractal;h4_ob_target_swept_liquidity_fvg;h4_ob_target_swept_liquidity_internal;h4_ob_target_swept_liquidity_previous_candle;h4_ob_target_swept_liquidity_swing;h4_ob_target_within_daily_ob
2021-06-21,Monday,ny,2021-06-21 11:00:00+00:00,2021-06-21 14:00:00+00:00,bearish,0.69738,0.69869,0.6934499999999999,0.69869,0.0013100000000000334,43.49173876057036,loss,-1.0,sl,0.8091603053434526,-1.0,sl,False,0,3,0 days 03:00:00,4.299999999999304,True,25.0,17.9,3.0,2021-06-21 10:00:00+00:00,True,0.69849,0.69715,2,daily_mitigation_ob_caused_displacement;daily_mitigation_ob_caused_imbalance;daily_mitigation_ob_flip_zone;daily_mitigation_ob_has_inducement;daily_mitigation_ob_swept_liquidity;daily_mitigation_ob_swept_liquidity_fractal;daily_mitigation_ob_swept_liquidity_fvg;daily_mitigation_ob_swept_liquidity_internal;daily_mitigation_ob_swept_liquidity_previous_candle;daily_mitigation_ob_swept_liquidity_swing;daily_ob_target_caused_displacement;daily_ob_target_caused_imbalance;daily_ob_target_flip_zone;daily_ob_target_has_inducement;daily_ob_target_swept_liquidity;daily_ob_target_swept_liquidity_fractal;daily_ob_target_swept_liquidity_fvg;daily_ob_target_swept_liquidity_internal;daily_ob_target_swept_liquidity_previous_candle;daily_ob_target_swept_liquidity_swing;h1_mitigation_ob_flip_zone;h1_mitigation_ob_swept_liquidity_fractal;h1_mitigation_ob_swept_liquidity_fvg;h1_mitigation_ob_swept_liquidity_internal;h1_mitigation_ob_swept_liquidity_previous_candle;h1_mitigation_ob_swept_liquidity_swing;h1_ob_target_caused_displacement;h1_ob_target_caused_imbalance;h1_ob_target_flip_zone;h1_ob_target_has_inducement;h1_ob_target_swept_liquidity;h1_ob_target_swept_liquidity_fractal;h1_ob_target_swept_liquidity_fvg;h1_ob_target_swept_liquidity_internal;h1_ob_target_swept_liquidity_previous_candle;h1_ob_target_swept_liquidity_swing;h1_ob_target_within_h4_ob;h4_mitigation_ob_caused_displacement;h4_mitigation_ob_caused_imbalance;h4_mitigation_ob_flip_zone;h4_mitigation_ob_has_inducement;h4_mitigation_ob_swept_liquidity;h4_mitigation_ob_swept_liquidity_fractal;h4_mitigation_ob_swept_liquidity_fvg;h4_mitigation_ob_swept_liquidity_internal;h4_mitigation_ob_swept_liquidity_previous_candle;h4_mitigation_ob_swept_liquidity_swing;h4_mitigation_ob_within_daily_ob;h4_ob_target_caused_displacement;h4_ob_target_caused_imbalance;h4_ob_target_flip_zone;h4_ob_target_has_inducement;h4_ob_target_swept_liquidity;h4_ob_target_swept_liquidity_fractal;h4_ob_target_swept_liquidity_fvg;h4_ob_target_swept_liquidity_internal;h4_ob_target_swept_liquidity_previous_candle;h4_ob_target_swept_liquidity_swing;h4_ob_target_within_daily_ob
2021-06-21,Monday,ny,2021-06-21 11:00:00+00:00,2021-06-22 01:00:00+00:00,bullish,0.69738,0.69528,0.70368,0.69738,0.0020999999999999908,-24.926188857888302,breakeven,0.0,be_stop,1.1904761904761703,0.0,be_stop,True,1,14,0 days 14:00:00,4.8000000000003595,False,25.0,17.9,3.0,2021-06-21 11:00:00+00:00,False,0.6964,0.69548,1,daily_mitigation_ob_caused_displacement;daily_mitigation_ob_caused_imbalance;daily_mitigation_ob_flip_zone;daily_mitigation_ob_has_inducement;daily_mitigation_ob_swept_liquidity;daily_mitigation_ob_swept_liquidity_fractal;daily_mitigation_ob_swept_liquidity_fvg;daily_mitigation_ob_swept_liquidity_internal;daily_mitigation_ob_swept_liquidity_previous_candle;daily_mitigation_ob_swept_liquidity_swing;daily_ob_target_caused_displacement;daily_ob_target_caused_imbalance;daily_ob_target_flip_zone;daily_ob_target_has_inducement;daily_ob_target_swept_liquidity;daily_ob_target_swept_liquidity_fractal;daily_ob_target_swept_liquidity_fvg;daily_ob_target_swept_liquidity_internal;daily_ob_target_swept_liquidity_previous_candle;daily_ob_target_swept_liquidity_swing;h1_mitigation_ob_flip_zone;h1_mitigation_ob_swept_liquidity_fractal;h1_mitigation_ob_swept_liquidity_fvg;h1_mitigation_ob_swept_liquidity_internal;h1_mitigation_ob_swept_liquidity_previous_candle;h1_mitigation_ob_swept_liquidity_swing;h1_ob_target_flip_zone;h1_ob_target_swept_liquidity_fractal;h1_ob_target_swept_liquidity_fvg;h1_ob_target_swept_liquidity_internal;h1_ob_target_swept_liquidity_previous_candle;h1_ob_target_swept_liquidity_swing;h4_mitigation_ob_caused_displacement;h4_mitigation_ob_caused_imbalance;h4_mitigation_ob_flip_zone;h4_mitigation_ob_has_inducement;h4_mitigation_ob_swept_liquidity;h4_mitigation_ob_swept_liquidity_fractal;h4_mitigation_ob_swept_liquidity_fvg;h4_mitigation_ob_swept_liquidity_internal;h4_mitigation_ob_swept_liquidity_previous_candle;h4_mitigation_ob_swept_liquidity_swing;h4_mitigation_ob_within_daily_ob;h4_ob_target_flip_zone;h4_ob_target_swept_liquidity;h4_ob_target_swept_liquidity_fractal;h4_ob_target_swept_liquidity_internal;h4_ob_target_swept_liquidity_previous_candle;h4_ob_target_swept_liquidity_swing
2021-06-23,Wednesday,ny,2021-06-23 12:00:00+00:00,2021-06-23 13:00:00+00:00,bearish,0.70491,0.70601,0.7016100000000001,0.70601,0.0010999999999999899,3.5552629693264595,loss,-1.0,sl,0.3909090909091322,-1.0,sl,False,0,1,0 days 01:00:00,6.899999999999684,False,25.0,17.9,3.0,2021-06-23 12:00:00+00:00,False,0.70581,0.70492,1,daily_mitigation_ob_caused_displacement;daily_mitigation_ob_caused_imbalance;daily_mitigation_ob_flip_zone;daily_mitigation_ob_has_inducement;daily_mitigation_ob_swept_liquidity;daily_mitigation_ob_swept_liquidity_fractal;daily_mitigation_ob_swept_liquidity_fvg;daily_mitigation_ob_swept_liquidity_internal;daily_mitigation_ob_swept_liquidity_previous_candle;daily_mitigation_ob_swept_liquidity_swing;daily_ob_target_caused_displacement;daily_ob_target_caused_imbalance;daily_ob_target_flip_zone;daily_ob_target_has_inducement;daily_ob_target_swept_liquidity;daily_ob_target_swept_liquidity_fractal;daily_ob_target_swept_liquidity_fvg;daily_ob_target_swept_liquidity_internal;daily_ob_target_swept_liquidity_previous_candle;daily_ob_target_swept_liquidity_swing;h1_mitigation_ob_flip_zone;h1_mitigation_ob_swept_liquidity_fractal;h1_mitigation_ob_swept_liquidity_fvg;h1_mitigation_ob_swept_liquidity_internal;h1_mitigation_ob_swept_liquidity_previous_candle;h1_mitigation_ob_swept_liquidity_swing;h1_ob_target_flip_zone;h1_ob_target_swept_liquidity_fractal;h1_ob_target_swept_liquidity_fvg;h1_ob_target_swept_liquidity_internal;h1_ob_target_swept_liquidity_previous_candle;h1_ob_target_swept_liquidity_swing;h4_mitigation_ob_caused_displacement;h4_mitigation_ob_caused_imbalance;h4_mitigation_ob_flip_zone;h4_mitigation_ob_has_inducement;h4_mitigation_ob_swept_liquidity;h4_mitigation_ob_swept_liquidity_fractal;h4_mitigation_ob_swept_liquidity_fvg;h4_mitigation_ob_swept_liquidity_internal;h4_mitigation_ob_swept_liquidity_previous_candle;h4_mitigation_ob_swept_liquidity_swing;h4_mitigation_ob_within_daily_ob;h4_ob_target_flip_zone;h4_ob_target_swept_liquidity_fractal;h4_ob_target_swept_liquidity_fvg;h4_ob_target_swept_liquidity_internal;h4_ob_target_swept_liquidity_previous_candle;h4_ob_target_swept_liquidity_swing
2021-06-24,Thursday,ny,2021-06-24 13:00:00+00:00,2021-06-25 00:00:00+00:00,bearish,0.70697,0.70928,0.7000399999999999,0.70697,0.0023100000000000342,34.19603517901818,breakeven,0.0,be_stop,1.0779220779220586,0.0,be_stop,True,1,11,0 days 11:00:00,1.2999999999996348,False,25.0,17.9,3.0,2021-06-24 13:00:00+00:00,False,0.70908,0.70667,2,daily_mitigation_ob_caused_displacement;daily_mitigation_ob_caused_imbalance;daily_mitigation_ob_flip_zone;daily_mitigation_ob_has_inducement;daily_mitigation_ob_swept_liquidity;daily_mitigation_ob_swept_liquidity_fractal;daily_mitigation_ob_swept_liquidity_fvg;daily_mitigation_ob_swept_liquidity_internal;daily_mitigation_ob_swept_liquidity_previous_candle;daily_mitigation_ob_swept_liquidity_swing;daily_ob_target_caused_displacement;daily_ob_target_caused_imbalance;daily_ob_target_flip_zone;daily_ob_target_has_inducement;daily_ob_target_swept_liquidity;daily_ob_target_swept_liquidity_fractal;daily_ob_target_swept_liquidity_fvg;daily_ob_target_swept_liquidity_internal;daily_ob_target_swept_liquidity_previous_candle;daily_ob_target_swept_liquidity_swing;h1_mitigation_ob_flip_zone;h1_mitigation_ob_swept_liquidity;h1_mitigation_ob_swept_liquidity_fractal;h1_mitigation_ob_swept_liquidity_internal;h1_mitigation_ob_swept_liquidity_previous_candle;h1_mitigation_ob_swept_liquidity_swing;h1_ob_target_flip_zone;h1_ob_target_swept_liquidity;h1_ob_target_swept_liquidity_fractal;h1_ob_target_swept_liquidity_fvg;h1_ob_target_swept_liquidity_internal;h1_ob_target_swept_liquidity_swing;h4_mitigation_ob_flip_zone;h4_mitigation_ob_swept_liquidity;h4_mitigation_ob_swept_liquidity_fractal;h4_mitigation_ob_swept_liquidity_internal;h4_mitigation_ob_swept_liquidity_previous_candle;h4_mitigation_ob_swept_liquidity_swing;h4_ob_target_flip_zone;h4_ob_target_swept_liquidity_fractal;h4_ob_target_swept_liquidity_fvg;h4_ob_target_swept_liquidity_internal;h4_ob_target_swept_liquidity_previous_candle;h4_ob_target_swept_liquidity_swing
2021-06-25,Friday,ny,2021-06-25 11:00:00+00:00,2021-06-25 18:00:00+00:00,bullish,0.70703,0.70567,0.7111100000000001,0.70625,0.0013600000000000279,15.381097756049334,loss,-0.5735294117646963,friday_close,1.801470588235222,-0.5735294117646963,friday_close,False,0,7,0 days 07:00:00,0.0,False,25.0,17.9,3.0,2021-06-25 11:00:00+00:00,False,0.7065,0.70587,1,daily_mitigation_ob_caused_displacement;daily_mitigation_ob_caused_imbalance;daily_mitigation_ob_flip_zone;daily_mitigation_ob_has_inducement;daily_mitigation_ob_swept_liquidity;daily_mitigation_ob_swept_liquidity_fractal;daily_mitigation_ob_swept_liquidity_fvg;daily_mitigation_ob_swept_liquidity_internal;daily_mitigation_ob_swept_liquidity_previous_candle;daily_mitigation_ob_swept_liquidity_swing;daily_ob_target_flip_zone;daily_ob_target_swept_liquidity;daily_ob_target_swept_liquidity_fractal;daily_ob_target_swept_liquidity_internal;daily_ob_target_swept_liquidity_previous_candle;daily_ob_target_swept_liquidity_swing;h1_mitigation_ob_flip_zone;h1_mitigation_ob_swept_liquidity_fractal;h1_mitigation_ob_swept_liquidity_fvg;h1_mitigation_ob_swept_liquidity_internal;h1_mitigation_ob_swept_liquidity_previous_candle;h1_mitigation_ob_swept_liquidity_swing;h1_ob_target_flip_zone;h1_ob_target_swept_liquidity;h1_ob_target_swept_liquidity_fvg;h1_ob_target_swept_liquidity_internal;h1_ob_target_swept_liquidity_previous_candle;h1_ob_target_swept_liquidity_swing;h4_mitigation_ob_caused_displacement;h4_mitigation_ob_caused_imbalance;h4_mitigation_ob_flip_zone;h4_mitigation_ob_has_inducement;h4_mitigation_ob_swept_liquidity;h4_mitigation_ob_swept_liquidity_fractal;h4_mitigation_ob_swept_liquidity_fvg;h4_mitigation_ob_swept_liquidity_internal;h4_mitigation_ob_swept_liquidity_previous_candle;h4_mitigation_ob_swept_liquidity_swing;h4_mitigation_ob_within_daily_ob;h4_ob_target_flip_zone;h4_ob_target_swept_liquidity;h4_ob_target_swept_liquidity_fractal;h4_ob_target_swept_liquidity_fvg;h4_ob_target_swept_liquidity_internal;h4_ob_target_swept_liquidity_swing
2021-06-29,Tuesday,ny,2021-06-29 12:00:00+00:00,2021-06-29 18:00:00+00:00,bullish,0.69861,0.69706,0.7032599999999998,0.69861,0.0015499999999999403,-10.999746294960548,breakeven,0.0,be_stop,0.6967741935484661,0.0,be_stop,True,1,6,0 days 06:00:00,2.1999999999999797,False,25.0,17.9,3.0,2021-06-29 12:00:00+00:00,False,0.69836,0.69726,1,daily_mitigation_ob_caused_displacement;daily_mitigation_ob_caused_imbalance;daily_mitigation_ob_flip_zone;daily_mitigation_ob_has_inducement;daily_mitigation_ob_swept_liquidity;daily_mitigation_ob_swept_liquidity_fractal;daily_mitigation_ob_swept_liquidity_fvg;daily_mitigation_ob_swept_liquidity_internal;daily_mitigation_ob_swept_liquidity_previous_candle;daily_mitigation_ob_swept_liquidity_swing;daily_ob_target_caused_displacement;daily_ob_target_caused_imbalance;daily_ob_target_flip_zone;daily_ob_target_has_inducement;daily_ob_target_swept_liquidity;daily_ob_target_swept_liquidity_fractal;daily_ob_target_swept_liquidity_fvg;daily_ob_target_swept_liquidity_internal;daily_ob_target_swept_liquidity_previous_candle;daily_ob_target_swept_liquidity_swing;h1_mitigation_ob_flip_zone;h1_mitigation_ob_swept_liquidity_fractal;h1_mitigation_ob_swept_liquidity_fvg;h1_mitigation_ob_swept_liquidity_internal;h1_mitigation_ob_swept_liquidity_previous_candle;h1_mitigation_ob_swept_liquidity_swing;h1_ob_target_flip_zone;h1_ob_target_swept_liquidity_fractal;h1_ob_target_swept_liquidity_fvg;h1_ob_target_swept_liquidity_internal;h1_ob_target_swept_liquidity_previous_candle;h1_ob_target_swept_liquidity_swing;h4_mitigation_ob_flip_zone;h4_mitigation_ob_swept_liquidity_fractal;h4_mitigation_ob_swept_liquidity_fvg;h4_mitigation_ob_swept_liquidity_internal;h4_mitigation_ob_swept_liquidity_previous_candle;h4_mitigation_ob_swept_liquidity_swing;h4_ob_target_flip_zone;h4_ob_target_swept_liquidity;h4_ob_target_swept_liquidity_fractal;h4_ob_target_swept_liquidity_internal;h4_ob_target_swept_liquidity_swing
2021-06-29,Tuesday,ny,2021-06-29 13:00:00+00:00,2021-06-29 18:00:00+00:00,bullish,0.69848,0.69733,0.7019299999999999,0.69848,0.0011499999999999844,-12.061261918919838,breakeven,0.0,be_stop,1.0,0.0,be_stop,True,1,5,0 days 05:00:00,0.900000000000345,False,25.0,17.9,3.0,2021-06-29 13:00:00+00:00,False,0.69814,0.69753,1,daily_mitigation_ob_caused_displacement;daily_mitigation_ob_caused_imbalance;daily_mitigation_ob_flip_zone;daily_mitigation_ob_has_inducement;daily_mitigation_ob_swept_liquidity;daily_mitigation_ob_swept_liquidity_fractal;daily_mitigation_ob_swept_liquidity_fvg;daily_mitigation_ob_swept_liquidity_internal;daily_mitigation_ob_swept_liquidity_previous_candle;daily_mitigation_ob_swept_liquidity_swing;daily_ob_target_caused_displacement;daily_ob_target_caused_imbalance;daily_ob_target_flip_zone;daily_ob_target_has_inducement;daily_ob_target_swept_liquidity;daily_ob_target_swept_liquidity_fractal;daily_ob_target_swept_liquidity_fvg;daily_ob_target_swept_liquidity_internal;daily_ob_target_swept_liquidity_previous_candle;daily_ob_target_swept_liquidity_swing;h1_mitigation_ob_flip_zone;h1_mitigation_ob_swept_liquidity_fractal;h1_mitigation_ob_swept_liquidity_fvg;h1_mitigation_ob_swept_liquidity_internal;h1_mitigation_ob_swept_liquidity_previous_candle;h1_mitigation_ob_swept_liquidity_swing;h1_ob_target_flip_zone;h1_ob_target_swept_liquidity_fractal;h1_ob_target_swept_liquidity_fvg;h1_ob_target_swept_liquidity_internal;h1_ob_target_swept_liquidity_previous_candle;h1_ob_target_swept_liquidity_swing;h4_mitigation_ob_flip_zone;h4_mitigation_ob_swept_liquidity_fractal;h4_mitigation_ob_swept_liquidity_fvg;h4_mitigation_ob_swept_liquidity_internal;h4_mitigation_ob_swept_liquidity_previous_candle;h4_mitigation_ob_swept_liquidity_swing;h4_ob_target_caused_displacement;h4_ob_target_caused_imbalance;h4_ob_target_flip_zone;h4_ob_target_has_inducement;h4_ob_target_swept_liquidity;h4_ob_target_swept_liquidity_fractal;h4_ob_target_swept_liquidity_fvg;h4_ob_target_swept_liquidity_internal;h4_ob_target_swept_liquidity_previous_candle;h4_ob_target_swept_liquidity_swing;h4_ob_target_within_daily_ob
2021-07-07,Wednesday,ny,2021-07-07 13:00:00+00:00,2021-07-07 14:00:00+00:00,bullish,0.70313,0.70264,0.7046,0.70264,0.0004899999999999904,-11.881032134763188,loss,-1.0,sl,0.0,-1.0,sl,False,0,1,0 days 01:00:00,37.400000000000766,False,25.0,17.9,3.0,2021-07-07 13:00:00+00:00,False,0.70372,0.70284,1,daily_mitigation_ob_caused_displacement;daily_mitigation_ob_caused_imbalance;daily_mitigation_ob_flip_zone;daily_mitigation_ob_has_inducement;daily_mitigation_ob_swept_liquidity;daily_mitigation_ob_swept_liquidity_fractal;daily_mitigation_ob_swept_liquidity_fvg;daily_mitigation_ob_swept_liquidity_internal;daily_mitigation_ob_swept_liquidity_previous_candle;daily_mitigation_ob_swept_liquidity_swing;daily_ob_target_caused_displacement;daily_ob_target_caused_imbalance;daily_ob_target_flip_zone;daily_ob_target_has_inducement;daily_ob_target_swept_liquidity;daily_ob_target_swept_liquidity_fractal;daily_ob_target_swept_liquidity_fvg;daily_ob_target_swept_liquidity_internal;daily_ob_target_swept_liquidity_previous_candle;daily_ob_target_swept_liquidity_swing;h1_mitigation_ob_flip_zone;h1_mitigation_ob_swept_liquidity_fractal;h1_mitigation_ob_swept_liquidity_fvg;h1_mitigation_ob_swept_liquidity_internal;h1_mitigation_ob_swept_liquidity_previous_candle;h1_mitigation_ob_swept_liquidity_swing;h1_ob_target_caused_displacement;h1_ob_target_caused_imbalance;h1_ob_target_flip_zone;h1_ob_target_has_inducement;h1_ob_target_swept_liquidity;h1_ob_target_swept_liquidity_fractal;h1_ob_target_swept_liquidity_fvg;h1_ob_target_swept_liquidity_internal;h1_ob_target_swept_liquidity_previous_candle;h1_ob_target_swept_liquidity_swing;h1_ob_target_within_h4_ob;h4_mitigation_ob_caused_displacement;h4_mitigation_ob_caused_imbalance;h4_mitigation_ob_flip_zone;h4_mitigation_ob_has_inducement;h4_mitigation_ob_swept_liquidity;h4_mitigation_ob_swept_liquidity_fractal;h4_mitigation_ob_swept_liquidity_fvg;h4_mitigation_ob_swept_liquidity_internal;h4_mitigation_ob_swept_liquidity_previous_candle;h4_mitigation_ob_swept_liquidity_swing;h4_mitigation_ob_within_daily_ob;h4_ob_target_caused_displacement;h4_ob_target_caused_imbalance;h4_ob_target_flip_zone;h4_ob_target_has_inducement;h4_ob_target_swept_liquidity;h4_ob_target_swept_liquidity_fractal;h4_ob_target_swept_liquidity_fvg;h4_ob_target_swept_liquidity_internal;h4_ob_target_swept_liquidity_previous_candle;h4_ob_target_swept_liquidity_swing;h4_ob_target_within_daily_ob
2021-07-08,Thursday,london,2021-07-08 07:00:00+00:00,2021-07-08 08:00:00+00:00,bullish,0.69731,0.69601,0.7012099999999999,0.69601,0.0012999999999999678,-36.51254089995869,loss,-1.0,sl,0.0,-1.0,sl,False,0,1,0 days 01:00:00,5.5000000000005045,False,25.0,17.9,3.0,2021-07-08 07:00:00+00:00,False,0.69689,0.69621,1,daily_mitigation_ob_caused_displacement;daily_mitigation_ob_caused_imbalance;daily_mitigation_ob_flip_zone;daily_mitigation_ob_has_inducement;daily_mitigation_ob_swept_liquidity;daily_mitigation_ob_swept_liquidity_fractal;daily_mitigation_ob_swept_liquidity_fvg;daily_mitigation_ob_swept_liquidity_internal;daily_mitigation_ob_swept_liquidity_previous_candle;daily_mitigation_ob_swept_liquidity_swing;daily_ob_target_caused_displacement;daily_ob_target_caused_imbalance;daily_ob_target_flip_zone;daily_ob_target_has_inducement;daily_ob_target_swept_liquidity;daily_ob_target_swept_liquidity_fractal;daily_ob_target_swept_liquidity_fvg;daily_ob_target_swept_liquidity_internal;daily_ob_target_swept_liquidity_previous_candle;daily_ob_target_swept_liquidity_swing;h1_mitigation_ob_flip_zone;h1_mitigation_ob_swept_liquidity;h1_mitigation_ob_swept_liquidity_fvg;h1_mitigation_ob_swept_liquidity_internal;h1_mitigation_ob_swept_liquidity_previous_candle;h1_mitigation_ob_swept_liquidity_swing;h1_ob_target_flip_zone;h1_ob_target_swept_liquidity_fractal;h1_ob_target_swept_liquidity_fvg;h1_ob_target_swept_liquidity_internal;h1_ob_target_swept_liquidity_previous_candle;h1_ob_target_swept_liquidity_swing;h4_mitigation_ob_flip_zone;h4_mitigation_ob_swept_liquidity;h4_mitigation_ob_swept_liquidity_fractal;h4_mitigation_ob_swept_liquidity_fvg;h4_mitigation_ob_swept_liquidity_internal;h4_mitigation_ob_swept_liquidity_swing;h4_ob_target_caused_displacement;h4_ob_target_caused_imbalance;h4_ob_target_flip_zone;h4_ob_target_has_inducement;h4_ob_target_swept_liquidity;h4_ob_target_swept_liquidity_fractal;h4_ob_target_swept_liquidity_fvg;h4_ob_target_swept_liquidity_internal;h4_ob_target_swept_liquidity_previous_candle;h4_ob_target_swept_liquidity_swing;h4_ob_target_within_daily_ob
2021-07-08,Thursday,london,2021-07-08 08:00:00+00:00,2021-07-08 10:00:00+00:00,bullish,0.69681,0.69506,0.7020600000000001,0.69506,0.0017500000000000293,-20.653161432725607,loss,-1.0,sl,0.4571428571427991,-1.0,sl,False,0,2,0 days 02:00:00,0.49999999999994493,False,25.0,17.9,3.0,2021-07-08 08:00:00+00:00,False,0.69612,0.69526,1,daily_mitigation_ob_caused_displacement;daily_mitigation_ob_caused_imbalance;daily_mitigation_ob_flip_zone;daily_mitigation_ob_has_inducement;daily_mitigation_ob_swept_liquidity;daily_mitigation_ob_swept_liquidity_fractal;daily_mitigation_ob_swept_liquidity_fvg;daily_mitigation_ob_swept_liquidity_internal;daily_mitigation_ob_swept_liquidity_previous_candle;daily_mitigation_ob_swept_liquidity_swing;daily_ob_target_caused_displacement;daily_ob_target_caused_imbalance;daily_ob_target_flip_zone;daily_ob_target_has_inducement;daily_ob_target_swept_liquidity;daily_ob_target_swept_liquidity_fractal;daily_ob_target_swept_liquidity_fvg;daily_ob_target_swept_liquidity_internal;daily_ob_target_swept_liquidity_previous_candle;daily_ob_target_swept_liquidity_swing;h1_mitigation_ob_flip_zone;h1_mitigation_ob_swept_liquidity;h1_mitigation_ob_swept_liquidity_fvg;h1_mitigation_ob_swept_liquidity_internal;h1_mitigation_ob_swept_liquidity_previous_candle;h1_mitigation_ob_swept_liquidity_swing;h1_ob_target_flip_zone;h1_ob_target_swept_liquidity_fractal;h1_ob_target_swept_liquidity_fvg;h1_ob_target_swept_liquidity_internal;h1_ob_target_swept_liquidity_previous_candle;h1_ob_target_swept_liquidity_swing;h4_mitigation_ob_caused_displacement;h4_mitigation_ob_caused_imbalance;h4_mitigation_ob_flip_zone;h4_mitigation_ob_has_inducement;h4_mitigation_ob_swept_liquidity;h4_mitigation_ob_swept_liquidity_fractal;h4_mitigation_ob_swept_liquidity_fvg;h4_mitigation_ob_swept_liquidity_internal;h4_mitigation_ob_swept_liquidity_previous_candle;h4_mitigation_ob_swept_liquidity_swing;h4_mitigation_ob_within_daily_ob;h4_ob_target_flip_zone;h4_ob_target_swept_liquidity_fractal;h4_ob_target_swept_liquidity_fvg;h4_ob_target_swept_liquidity_internal;h4_ob_target_swept_liquidity_previous_candle;h4_ob_target_swept_liquidity_swing
2021-07-09,Friday,london,2021-07-09 06:00:00+00:00,2021-07-09 08:00:00+00:00,bearish,0.69327,0.69547,0.6866700000000001,0.69547,0.0021999999999999797,32.52796749327236,loss,-1.0,sl,0.06818181818186177,-1.0,sl,False,0,2,0 days 02:00:00,1.5999999999993797,False,25.0,17.9,3.0,2021-07-09 06:00:00+00:00,False,0.69527,0.69417,2,daily_mitigation_ob_caused_displacement;daily_mitigation_ob_caused_imbalance;daily_mitigation_ob_flip_zone;daily_mitigation_ob_has_inducement;daily_mitigation_ob_swept_liquidity;daily_mitigation_ob_swept_liquidity_fractal;daily_mitigation_ob_swept_liquidity_fvg;daily_mitigation_ob_swept_liquidity_internal;daily_mitigation_ob_swept_liquidity_previous_candle;daily_mitigation_ob_swept_liquidity_swing;daily_ob_target_caused_displacement;daily_ob_target_caused_imbalance;daily_ob_target_flip_zone;daily_ob_target_has_inducement;daily_ob_target_swept_liquidity;daily_ob_target_swept_liquidity_fractal;daily_ob_target_swept_liquidity_fvg;daily_ob_target_swept_liquidity_internal;daily_ob_target_swept_liquidity_previous_candle;daily_ob_target_swept_liquidity_swing;h1_mitigation_ob_flip_zone;h1_mitigation_ob_swept_liquidity_fractal;h1_mitigation_ob_swept_liquidity_fvg;h1_mitigation_ob_swept_liquidity_internal;h1_mitigation_ob_swept_liquidity_previous_candle;h1_mitigation_ob_swept_liquidity_swing;h1_ob_target_flip_zone;h1_ob_target_swept_liquidity;h1_ob_target_swept_liquidity_fractal;h1_ob_target_swept_liquidity_internal;h1_ob_target_swept_liquidity_previous_candle;h1_ob_target_swept_liquidity_swing;h4_mitigation_ob_caused_displacement;h4_mitigation_ob_caused_imbalance;h4_mitigation_ob_flip_zone;h4_mitigation_ob_has_inducement;h4_mitigation_ob_swept_liquidity;h4_mitigation_ob_swept_liquidity_fractal;h4_mitigation_ob_swept_liquidity_fvg;h4_mitigation_ob_swept_liquidity_internal;h4_mitigation_ob_swept_liquidity_previous_candle;h4_mitigation_ob_swept_liquidity_swing;h4_mitigation_ob_within_daily_ob;h4_ob_target_flip_zone;h4_ob_target_swept_liquidity;h4_ob_target_swept_liquidity_fractal;h4_ob_target_swept_liquidity_fvg;h4_ob_target_swept_liquidity_internal;h4_ob_target_swept_liquidity_swing
2021-07-09,Friday,ny,2021-07-09 13:00:00+00:00,2021-07-09 18:00:00+00:00,bearish,0.69774,0.6999,0.6912600000000002,0.69915,0.0021599999999999397,30.18218819819535,loss,-0.6527777777778063,friday_close,0.023148148148146246,-0.6527777777778063,friday_close,False,0,5,0 days 05:00:00,0.0,False,25.0,17.9,3.0,2021-07-09 13:00:00+00:00,False,0.6997,0.69876,1,daily_mitigation_ob_caused_displacement;daily_mitigation_ob_caused_imbalance;daily_mitigation_ob_flip_zone;daily_mitigation_ob_has_inducement;daily_mitigation_ob_swept_liquidity;daily_mitigation_ob_swept_liquidity_fractal;daily_mitigation_ob_swept_liquidity_fvg;daily_mitigation_ob_swept_liquidity_internal;daily_mitigation_ob_swept_liquidity_previous_candle;daily_mitigation_ob_swept_liquidity_swing;daily_ob_target_caused_displacement;daily_ob_target_caused_imbalance;daily_ob_target_flip_zone;daily_ob_target_has_inducement;daily_ob_target_swept_liquidity;daily_ob_target_swept_liquidity_fractal;daily_ob_target_swept_liquidity_fvg;daily_ob_target_swept_liquidity_internal;daily_ob_target_swept_liquidity_previous_candle;daily_ob_target_swept_liquidity_swing;h1_mitigation_ob_flip_zone;h1_mitigation_ob_swept_liquidity_fractal;h1_mitigation_ob_swept_liquidity_fvg;h1_mitigation_ob_swept_liquidity_internal;h1_mitigation_ob_swept_liquidity_previous_candle;h1_mitigation_ob_swept_liquidity_swing;h1_ob_target_flip_zone;h1_ob_target_swept_liquidity_fractal;h1_ob_target_swept_liquidity_fvg;h1_ob_target_swept_liquidity_internal;h1_ob_target_swept_liquidity_previous_candle;h1_ob_target_swept_liquidity_swing;h4_mitigation_ob_flip_zone;h4_mitigation_ob_swept_liquidity_fractal;h4_mitigation_ob_swept_liquidity_fvg;h4_mitigation_ob_swept_liquidity_internal;h4_mitigation_ob_swept_liquidity_previous_candle;h4_mitigation_ob_swept_liquidity_swing;h4_ob_target_caused_displacement;h4_ob_target_caused_imbalance;h4_ob_target_flip_zone;h4_ob_target_has_inducement;h4_ob_target_swept_liquidity;h4_ob_target_swept_liquidity_fractal;h4_ob_target_swept_liquidity_fvg;h4_ob_target_swept_liquidity_internal;h4_ob_target_swept_liquidity_previous_candle;h4_ob_target_swept_liquidity_swing;h4_ob_target_within_daily_ob
2021-07-14,Wednesday,ny,2021-07-14 11:00:00+00:00,2021-07-15 01:00:00+00:00,bullish,0.70161,0.69764,0.7135199999999997,0.70161,0.003969999999999918,-5.473402205376015,breakeven,0.0,be_stop,0.7002518891687813,0.0,be_stop,True,1,14,0 days 14:00:00,5.1000000000001044,False,25.0,17.9,3.0,2021-07-14 10:00:00+00:00,True,0.69843,0.69784,1,daily_mitigation_ob_caused_displacement;daily_mitigation_ob_caused_imbalance;daily_mitigation_ob_flip_zone;daily_mitigation_ob_has_inducement;daily_mitigation_ob_swept_liquidity;daily_mitigation_ob_swept_liquidity_fractal;daily_mitigation_ob_swept_liquidity_fvg;daily_mitigation_ob_swept_liquidity_internal;daily_mitigation_ob_swept_liquidity_previous_candle;daily_mitigation_ob_swept_liquidity_swing;daily_ob_target_flip_zone;daily_ob_target_swept_liquidity;daily_ob_target_swept_liquidity_fractal;daily_ob_target_swept_liquidity_fvg;daily_ob_target_swept_liquidity_previous_candle;daily_ob_target_swept_liquidity_swing;h1_mitigation_ob_flip_zone;h1_mitigation_ob_swept_liquidity;h1_mitigation_ob_swept_liquidity_fvg;h1_mitigation_ob_swept_liquidity_internal;h1_mitigation_ob_swept_liquidity_previous_candle;h1_mitigation_ob_swept_liquidity_swing;h1_ob_target_flip_zone;h1_ob_target_swept_liquidity_fractal;h1_ob_target_swept_liquidity_fvg;h1_ob_target_swept_liquidity_internal;h1_ob_target_swept_liquidity_previous_candle;h1_ob_target_swept_liquidity_swing;h4_mitigation_ob_caused_displacement;h4_mitigation_ob_caused_imbalance;h4_mitigation_ob_flip_zone;h4_mitigation_ob_has_inducement;h4_mitigation_ob_swept_liquidity;h4_mitigation_ob_swept_liquidity_fractal;h4_mitigation_ob_swept_liquidity_fvg;h4_mitigation_ob_swept_liquidity_internal;h4_mitigation_ob_swept_liquidity_previous_candle;h4_mitigation_ob_swept_liquidity_swing;h4_mitigation_ob_within_daily_ob;h4_ob_target_flip_zone;h4_ob_target_swept_liquidity;h4_ob_target_swept_liquidity_fractal;h4_ob_target_swept_liquidity_fvg;h4_ob_target_swept_liquidity_internal;h4_ob_target_swept_liquidity_swing
2021-07-19,Monday,london,2021-07-19 06:00:00+00:00,2021-07-19 11:00:00+00:00,bearish,0.69902,0.70052,0.6945199999999998,0.6945199999999998,0.0015000000000000568,46.318049019277105,win,3.0,tp,7.319999999999716,0.0,be_stop,True,4,5,0 days 05:00:00,1.9000000000002348,True,25.0,17.9,3.0,2021-07-19 05:00:00+00:00,True,0.70032,0.69915,2,daily_mitigation_ob_caused_displacement;daily_mitigation_ob_caused_imbalance;daily_mitigation_ob_flip_zone;daily_mitigation_ob_has_inducement;daily_mitigation_ob_swept_liquidity;daily_mitigation_ob_swept_liquidity_fractal;daily_mitigation_ob_swept_liquidity_fvg;daily_mitigation_ob_swept_liquidity_internal;daily_mitigation_ob_swept_liquidity_previous_candle;daily_mitigation_ob_swept_liquidity_swing;daily_ob_target_caused_displacement;daily_ob_target_caused_imbalance;daily_ob_target_flip_zone;daily_ob_target_has_inducement;daily_ob_target_swept_liquidity;daily_ob_target_swept_liquidity_fractal;daily_ob_target_swept_liquidity_fvg;daily_ob_target_swept_liquidity_internal;daily_ob_target_swept_liquidity_previous_candle;daily_ob_target_swept_liquidity_swing;h1_mitigation_ob_flip_zone;h1_mitigation_ob_swept_liquidity_fractal;h1_mitigation_ob_swept_liquidity_fvg;h1_mitigation_ob_swept_liquidity_internal;h1_mitigation_ob_swept_liquidity_previous_candle;h1_mitigation_ob_swept_liquidity_swing;h1_ob_target_flip_zone;h1_ob_target_swept_liquidity;h1_ob_target_swept_liquidity_fvg;h1_ob_target_swept_liquidity_internal;h1_ob_target_swept_liquidity_previous_candle;h1_ob_target_swept_liquidity_swing;h4_mitigation_ob_flip_zone;h4_mitigation_ob_swept_liquidity_fractal;h4_mitigation_ob_swept_liquidity_fvg;h4_mitigation_ob_swept_liquidity_internal;h4_mitigation_ob_swept_liquidity_previous_candle;h4_mitigation_ob_swept_liquidity_swing;h4_ob_target_caused_displacement;h4_ob_target_caused_imbalance;h4_ob_target_flip_zone;h4_ob_target_has_inducement;h4_ob_target_swept_liquidity;h4_ob_target_swept_liquidity_fractal;h4_ob_target_swept_liquidity_fvg;h4_ob_target_swept_liquidity_internal;h4_ob_target_swept_liquidity_previous_candle;h4_ob_target_swept_liquidity_swing;h4_ob_target_within_daily_ob
2021-07-22,Thursday,ny,2021-07-22 13:00:00+00:00,2021-07-22 21:00:00+00:00,bullish,0.69599,0.69474,0.6997399999999999,0.69599,0.0012499999999999734,0.06555093472239341,breakeven,0.0,be_stop,1.8000000000000178,0.0,be_stop,True,1,8,0 days 08:00:00,0.5999999999994898,False,25.0,17.9,3.0,2021-07-22 13:00:00+00:00,False,0.69607,0.69494,1,daily_mitigation_ob_caused_displacement;daily_mitigation_ob_caused_imbalance;daily_mitigation_ob_flip_zone;daily_mitigation_ob_has_inducement;daily_mitigation_ob_swept_liquidity;daily_mitigation_ob_swept_liquidity_fractal;daily_mitigation_ob_swept_liquidity_fvg;daily_mitigation_ob_swept_liquidity_internal;daily_mitigation_ob_swept_liquidity_previous_candle;daily_mitigation_ob_swept_liquidity_swing;daily_ob_target_flip_zone;daily_ob_target_swept_liquidity;daily_ob_target_swept_liquidity_fvg;daily_ob_target_swept_liquidity_internal;daily_ob_target_swept_liquidity_swing;h1_mitigation_ob_flip_zone;h1_mitigation_ob_swept_liquidity;h1_mitigation_ob_swept_liquidity_fractal;h1_mitigation_ob_swept_liquidity_fvg;h1_mitigation_ob_swept_liquidity_internal;h1_mitigation_ob_swept_liquidity_swing;h1_ob_target_flip_zone;h1_ob_target_swept_liquidity_fractal;h1_ob_target_swept_liquidity_fvg;h1_ob_target_swept_liquidity_internal;h1_ob_target_swept_liquidity_previous_candle;h1_ob_target_swept_liquidity_swing;h4_mitigation_ob_caused_displacement;h4_mitigation_ob_caused_imbalance;h4_mitigation_ob_flip_zone;h4_mitigation_ob_has_inducement;h4_mitigation_ob_swept_liquidity;h4_mitigation_ob_swept_liquidity_fractal;h4_mitigation_ob_swept_liquidity_fvg;h4_mitigation_ob_swept_liquidity_internal;h4_mitigation_ob_swept_liquidity_previous_candle;h4_mitigation_ob_swept_liquidity_swing;h4_mitigation_ob_within_daily_ob;h4_ob_target_caused_displacement;h4_ob_target_caused_imbalance;h4_ob_target_flip_zone;h4_ob_target_has_inducement;h4_ob_target_swept_liquidity;h4_ob_target_swept_liquidity_fractal;h4_ob_target_swept_liquidity_fvg;h4_ob_target_swept_liquidity_internal;h4_ob_target_swept_liquidity_previous_candle;h4_ob_target_swept_liquidity_swing;h4_ob_target_within_daily_ob
2021-07-23,Friday,ny,2021-07-23 12:00:00+00:00,2021-07-23 18:00:00+00:00,bullish,0.69883,0.6957800000000001,0.7079799999999996,0.6978,0.003049999999999886,3.406933440095991,loss,-0.3377049180327914,friday_close,0.09836065573773416,-0.3377049180327914,friday_close,False,0,6,0 days 06:00:00,0.0,False,25.0,17.9,3.0,2021-07-23 12:00:00+00:00,False,0.6977,0.69598,1,daily_mitigation_ob_caused_displacement;daily_mitigation_ob_caused_imbalance;daily_mitigation_ob_flip_zone;daily_mitigation_ob_has_inducement;daily_mitigation_ob_swept_liquidity;daily_mitigation_ob_swept_liquidity_fractal;daily_mitigation_ob_swept_liquidity_fvg;daily_mitigation_ob_swept_liquidity_internal;daily_mitigation_ob_swept_liquidity_previous_candle;daily_mitigation_ob_swept_liquidity_swing;daily_ob_target_flip_zone;daily_ob_target_swept_liquidity;daily_ob_target_swept_liquidity_fvg;daily_ob_target_swept_liquidity_internal;daily_ob_target_swept_liquidity_swing;h1_mitigation_ob_flip_zone;h1_mitigation_ob_swept_liquidity;h1_mitigation_ob_swept_liquidity_fractal;h1_mitigation_ob_swept_liquidity_fvg;h1_mitigation_ob_swept_liquidity_internal;h1_mitigation_ob_swept_liquidity_swing;h1_ob_target_flip_zone;h1_ob_target_swept_liquidity_fractal;h1_ob_target_swept_liquidity_fvg;h1_ob_target_swept_liquidity_internal;h1_ob_target_swept_liquidity_previous_candle;h1_ob_target_swept_liquidity_swing;h4_mitigation_ob_caused_displacement;h4_mitigation_ob_caused_imbalance;h4_mitigation_ob_flip_zone;h4_mitigation_ob_has_inducement;h4_mitigation_ob_swept_liquidity;h4_mitigation_ob_swept_liquidity_fractal;h4_mitigation_ob_swept_liquidity_fvg;h4_mitigation_ob_swept_liquidity_internal;h4_mitigation_ob_swept_liquidity_previous_candle;h4_mitigation_ob_swept_liquidity_swing;h4_mitigation_ob_within_daily_ob;h4_ob_target_flip_zone;h4_ob_target_swept_liquidity;h4_ob_target_swept_liquidity_fractal;h4_ob_target_swept_liquidity_fvg;h4_ob_target_swept_liquidity_internal;h4_ob_target_swept_liquidity_swing
2021-07-26,Monday,ny,2021-07-26 11:00:00+00:00,2021-07-26 13:00:00+00:00,bearish,0.69786,0.69867,0.6954300000000001,0.69867,0.0008099999999999774,40.27548005378693,loss,-1.0,sl,1.827160493827257,-1.0,sl,False,0,2,0 days 02:00:00,9.099999999999664,True,25.0,17.9,3.0,2021-07-26 10:00:00+00:00,True,0.69847,0.69754,1,daily_mitigation_ob_caused_displacement;daily_mitigation_ob_caused_imbalance;daily_mitigation_ob_flip_zone;daily_mitigation_ob_has_inducement;daily_mitigation_ob_swept_liquidity;daily_mitigation_ob_swept_liquidity_fractal;daily_mitigation_ob_swept_liquidity_fvg;daily_mitigation_ob_swept_liquidity_internal;daily_mitigation_ob_swept_liquidity_previous_candle;daily_mitigation_ob_swept_liquidity_swing;daily_ob_target_caused_displacement;daily_ob_target_caused_imbalance;daily_ob_target_flip_zone;daily_ob_target_has_inducement;daily_ob_target_swept_liquidity;daily_ob_target_swept_liquidity_fractal;daily_ob_target_swept_liquidity_fvg;daily_ob_target_swept_liquidity_internal;daily_ob_target_swept_liquidity_previous_candle;daily_ob_target_swept_liquidity_swing;h1_mitigation_ob_flip_zone;h1_mitigation_ob_swept_liquidity_fractal;h1_mitigation_ob_swept_liquidity_fvg;h1_mitigation_ob_swept_liquidity_internal;h1_mitigation_ob_swept_liquidity_previous_candle;h1_mitigation_ob_swept_liquidity_swing;h1_ob_target_flip_zone;h1_ob_target_swept_liquidity;h1_ob_target_swept_liquidity_fractal;h1_ob_target_swept_liquidity_internal;h1_ob_target_swept_liquidity_swing;h4_mitigation_ob_caused_displacement;h4_mitigation_ob_caused_imbalance;h4_mitigation_ob_flip_zone;h4_mitigation_ob_has_inducement;h4_mitigation_ob_swept_liquidity;h4_mitigation_ob_swept_liquidity_fractal;h4_mitigation_ob_swept_liquidity_fvg;h4_mitigation_ob_swept_liquidity_internal;h4_mitigation_ob_swept_liquidity_previous_candle;h4_mitigation_ob_swept_liquidity_swing;h4_mitigation_ob_within_daily_ob;h4_ob_target_caused_displacement;h4_ob_target_caused_imbalance;h4_ob_target_flip_zone;h4_ob_target_has_inducement;h4_ob_target_swept_liquidity;h4_ob_target_swept_liquidity_fractal;h4_ob_target_swept_liquidity_fvg;h4_ob_target_swept_liquidity_internal;h4_ob_target_swept_liquidity_previous_candle;h4_ob_target_swept_liquidity_swing;h4_ob_target_within_daily_ob
2021-08-02,Monday,ny,2021-08-02 11:00:00+00:00,2021-08-02 18:00:00+00:00,bullish,0.69761,0.69574,0.7032199999999997,0.69727,0.0018699999999999273,6.444918559474888,loss,-0.18181818181819262,cut_19h,0.893048128342313,-0.18181818181819262,cut_19h,False,1,7,0 days 07:00:00,0.0,False,25.0,17.9,3.0,2021-08-02 11:00:00+00:00,False,0.69734,0.69594,1,daily_mitigation_ob_caused_displacement;daily_mitigation_ob_caused_imbalance;daily_mitigation_ob_flip_zone;daily_mitigation_ob_has_inducement;daily_mitigation_ob_swept_liquidity;daily_mitigation_ob_swept_liquidity_fractal;daily_mitigation_ob_swept_liquidity_fvg;daily_mitigation_ob_swept_liquidity_internal;daily_mitigation_ob_swept_liquidity_previous_candle;daily_mitigation_ob_swept_liquidity_swing;daily_ob_target_flip_zone;daily_ob_target_swept_liquidity;daily_ob_target_swept_liquidity_fvg;daily_ob_target_swept_liquidity_internal;daily_ob_target_swept_liquidity_swing;h1_mitigation_ob_flip_zone;h1_mitigation_ob_swept_liquidity_fractal;h1_mitigation_ob_swept_liquidity_fvg;h1_mitigation_ob_swept_liquidity_internal;h1_mitigation_ob_swept_liquidity_previous_candle;h1_mitigation_ob_swept_liquidity_swing;h1_ob_target_flip_zone;h1_ob_target_swept_liquidity_fractal;h1_ob_target_swept_liquidity_fvg;h1_ob_target_swept_liquidity_internal;h1_ob_target_swept_liquidity_previous_candle;h1_ob_target_swept_liquidity_swing;h4_mitigation_ob_caused_displacement;h4_mitigation_ob_caused_imbalance;h4_mitigation_ob_flip_zone;h4_mitigation_ob_has_inducement;h4_mitigation_ob_swept_liquidity;h4_mitigation_ob_swept_liquidity_fractal;h4_mitigation_ob_swept_liquidity_fvg;h4_mitigation_ob_swept_liquidity_internal;h4_mitigation_ob_swept_liquidity_previous_candle;h4_mitigation_ob_swept_liquidity_swing;h4_mitigation_ob_within_daily_ob;h4_ob_target_caused_displacement;h4_ob_target_caused_imbalance;h4_ob_target_flip_zone;h4_ob_target_has_inducement;h4_ob_target_swept_liquidity;h4_ob_target_swept_liquidity_fractal;h4_ob_target_swept_liquidity_fvg;h4_ob_target_swept_liquidity_internal;h4_ob_target_swept_liquidity_previous_candle;h4_ob_target_swept_liquidity_swing;h4_ob_target_within_daily_ob
2021-08-03,Tuesday,ny,2021-08-03 11:00:00+00:00,2021-08-03 13:00:00+00:00,bullish,0.70174,0.69868,0.7109200000000002,0.69868,0.0030600000000000627,25.074957195215863,loss,-1.0,sl,0.01960784313723783,-1.0,sl,False,0,2,0 days 02:00:00,4.499999999999504,False,25.0,17.9,3.0,2021-08-03 10:00:00+00:00,True,0.69961,0.69888,1,daily_mitigation_ob_caused_displacement;daily_mitigation_ob_caused_imbalance;daily_mitigation_ob_flip_zone;daily_mitigation_ob_has_inducement;daily_mitigation_ob_swept_liquidity;daily_mitigation_ob_swept_liquidity_fractal;daily_mitigation_ob_swept_liquidity_fvg;daily_mitigation_ob_swept_liquidity_internal;daily_mitigation_ob_swept_liquidity_previous_candle;daily_mitigation_ob_swept_liquidity_swing;daily_ob_target_flip_zone;daily_ob_target_swept_liquidity;daily_ob_target_swept_liquidity_fvg;daily_ob_target_swept_liquidity_internal;daily_ob_target_swept_liquidity_swing;h1_mitigation_ob_flip_zone;h1_mitigation_ob_swept_liquidity_fractal;h1_mitigation_ob_swept_liquidity_fvg;h1_mitigation_ob_swept_liquidity_internal;h1_mitigation_ob_swept_liquidity_previous_candle;h1_mitigation_ob_swept_liquidity_swing;h1_ob_target_flip_zone;h1_ob_target_swept_liquidity_fractal;h1_ob_target_swept_liquidity_fvg;h1_ob_target_swept_liquidity_internal;h1_ob_target_swept_liquidity_previous_candle;h1_ob_target_swept_liquidity_swing;h4_mitigation_ob_caused_displacement;h4_mitigation_ob_caused_imbalance;h4_mitigation_ob_flip_zone;h4_mitigation_ob_has_inducement;h4_mitigation_ob_swept_liquidity;h4_mitigation_ob_swept_liquidity_fractal;h4_mitigation_ob_swept_liquidity_fvg;h4_mitigation_ob_swept_liquidity_internal;h4_mitigation_ob_swept_liquidity_previous_candle;h4_mitigation_ob_swept_liquidity_swing;h4_mitigation_ob_within_daily_ob;h4_ob_target_flip_zone;h4_ob_target_swept_liquidity;h4_ob_target_swept_liquidity_fractal;h4_ob_target_swept_liquidity_fvg;h4_ob_target_swept_liquidity_internal;h4_ob_target_swept_liquidity_swing
2021-08-04,Wednesday,london,2021-08-04 08:00:00+00:00,2021-08-05 07:00:00+00:00,bearish,0.70659,0.7094199999999999,0.6981000000000004,0.70659,0.002829999999999888,17.068714893438138,breakeven,0.0,be_stop,1.091872791519491,0.0,be_stop,True,1,23,0 days 23:00:00,1.2999999999996348,False,25.0,17.9,3.0,2021-08-04 08:00:00+00:00,False,0.70922,0.70825,1,daily_mitigation_ob_flip_zone;daily_mitigation_ob_swept_liquidity;daily_mitigation_ob_swept_liquidity_fvg;daily_mitigation_ob_swept_liquidity_internal;daily_mitigation_ob_swept_liquidity_swing;daily_ob_target_flip_zone;daily_ob_target_swept_liquidity;daily_ob_target_swept_liquidity_fractal;daily_ob_target_swept_liquidity_fvg;daily_ob_target_swept_liquidity_internal;daily_ob_target_swept_liquidity_swing;h1_mitigation_ob_flip_zone;h1_mitigation_ob_swept_liquidity;h1_mitigation_ob_swept_liquidity_fractal;h1_mitigation_ob_swept_liquidity_fvg;h1_mitigation_ob_swept_liquidity_internal;h1_mitigation_ob_swept_liquidity_swing;h1_ob_target_flip_zone;h1_ob_target_swept_liquidity;h1_ob_target_swept_liquidity_fractal;h1_ob_target_swept_liquidity_internal;h1_ob_target_swept_liquidity_swing;h4_mitigation_ob_caused_displacement;h4_mitigation_ob_caused_imbalance;h4_mitigation_ob_flip_zone;h4_mitigation_ob_has_inducement;h4_mitigation_ob_swept_liquidity;h4_mitigation_ob_swept_liquidity_fractal;h4_mitigation_ob_swept_liquidity_fvg;h4_mitigation_ob_swept_liquidity_internal;h4_mitigation_ob_swept_liquidity_previous_candle;h4_mitigation_ob_swept_liquidity_swing;h4_mitigation_ob_within_daily_ob;h4_ob_target_flip_zone;h4_ob_target_swept_liquidity_fractal;h4_ob_target_swept_liquidity_fvg;h4_ob_target_swept_liquidity_internal;h4_ob_target_swept_liquidity_previous_candle;h4_ob_target_swept_liquidity_swing
2021-08-09,Monday,london,2021-08-09 07:00:00+00:00,2021-08-09 14:00:00+00:00,bullish,0.70104,0.70007,0.7039500000000001,0.70007,0.0009700000000000264,-6.722077801805821,loss,-1.0,sl,1.5567010309278044,-1.0,sl,False,0,7,0 days 07:00:00,4.100000000000215,False,25.0,17.9,3.0,2021-08-09 07:00:00+00:00,False,0.70116,0.70027,1,daily_mitigation_ob_caused_displacement;daily_mitigation_ob_caused_imbalance;daily_mitigation_ob_flip_zone;daily_mitigation_ob_has_inducement;daily_mitigation_ob_swept_liquidity;daily_mitigation_ob_swept_liquidity_fractal;daily_mitigation_ob_swept_liquidity_fvg;daily_mitigation_ob_swept_liquidity_internal;daily_mitigation_ob_swept_liquidity_previous_candle;daily_mitigation_ob_swept_liquidity_swing;daily_ob_target_caused_displacement;daily_ob_target_caused_imbalance;daily_ob_target_flip_zone;daily_ob_target_has_inducement;daily_ob_target_swept_liquidity;daily_ob_target_swept_liquidity_fractal;daily_ob_target_swept_liquidity_fvg;daily_ob_target_swept_liquidity_internal;daily_ob_target_swept_liquidity_previous_candle;daily_ob_target_swept_liquidity_swing;h1_mitigation_ob_flip_zone;h1_mitigation_ob_swept_liquidity_fractal;h1_mitigation_ob_swept_liquidity_fvg;h1_mitigation_ob_swept_liquidity_internal;h1_mitigation_ob_swept_liquidity_previous_candle;h1_mitigation_ob_swept_liquidity_swing;h1_ob_target_flip_zone;h1_ob_target_swept_liquidity;h1_ob_target_swept_liquidity_fvg;h1_ob_target_swept_liquidity_internal;h1_ob_target_swept_liquidity_previous_candle;h1_ob_target_swept_liquidity_swing;h4_mitigation_ob_caused_displacement;h4_mitigation_ob_caused_imbalance;h4_mitigation_ob_flip_zone;h4_mitigation_ob_has_inducement;h4_mitigation_ob_swept_liquidity;h4_mitigation_ob_swept_liquidity_fractal;h4_mitigation_ob_swept_liquidity_fvg;h4_mitigation_ob_swept_liquidity_internal;h4_mitigation_ob_swept_liquidity_previous_candle;h4_mitigation_ob_swept_liquidity_swing;h4_mitigation_ob_within_daily_ob;h4_ob_target_flip_zone;h4_ob_target_swept_liquidity;h4_ob_target_swept_liquidity_fractal;h4_ob_target_swept_liquidity_internal;h4_ob_target_swept_liquidity_previous_candle;h4_ob_target_swept_liquidity_swing
2021-08-12,Thursday,london,2021-08-12 08:00:00+00:00,2021-08-12 12:00:00+00:00,bearish,0.70366,0.70435,0.7015899999999997,0.7015899999999997,0.0006900000000000794,4.868312444002075,win,3.0,tp,6.173913043477449,0.0,be_stop,True,1,4,0 days 04:00:00,4.6000000000001595,False,25.0,17.9,3.0,2021-08-12 08:00:00+00:00,False,0.70415,0.70322,1,daily_mitigation_ob_caused_displacement;daily_mitigation_ob_caused_imbalance;daily_mitigation_ob_flip_zone;daily_mitigation_ob_has_inducement;daily_mitigation_ob_swept_liquidity;daily_mitigation_ob_swept_liquidity_fractal;daily_mitigation_ob_swept_liquidity_fvg;daily_mitigation_ob_swept_liquidity_internal;daily_mitigation_ob_swept_liquidity_previous_candle;daily_mitigation_ob_swept_liquidity_swing;daily_ob_target_caused_displacement;daily_ob_target_caused_imbalance;daily_ob_target_flip_zone;daily_ob_target_has_inducement;daily_ob_target_swept_liquidity;daily_ob_target_swept_liquidity_fractal;daily_ob_target_swept_liquidity_fvg;daily_ob_target_swept_liquidity_internal;daily_ob_target_swept_liquidity_previous_candle;daily_ob_target_swept_liquidity_swing;h1_mitigation_ob_flip_zone;h1_mitigation_ob_swept_liquidity;h1_mitigation_ob_swept_liquidity_fractal;h1_mitigation_ob_swept_liquidity_fvg;h1_mitigation_ob_swept_liquidity_internal;h1_mitigation_ob_swept_liquidity_swing;h1_ob_target_flip_zone;h1_ob_target_swept_liquidity;h1_ob_target_swept_liquidity_fractal;h1_ob_target_swept_liquidity_fvg;h1_ob_target_swept_liquidity_internal;h1_ob_target_swept_liquidity_swing;h4_mitigation_ob_caused_displacement;h4_mitigation_ob_caused_imbalance;h4_mitigation_ob_flip_zone;h4_mitigation_ob_has_inducement;h4_mitigation_ob_swept_liquidity;h4_mitigation_ob_swept_liquidity_fractal;h4_mitigation_ob_swept_liquidity_fvg;h4_mitigation_ob_swept_liquidity_internal;h4_mitigation_ob_swept_liquidity_previous_candle;h4_mitigation_ob_swept_liquidity_swing;h4_mitigation_ob_within_daily_ob;h4_ob_target_flip_zone;h4_ob_target_swept_liquidity_fractal;h4_ob_target_swept_liquidity_fvg;h4_ob_target_swept_liquidity_internal;h4_ob_target_swept_liquidity_previous_candle;h4_ob_target_swept_liquidity_swing
2021-08-13,Friday,london,2021-08-13 06:00:00+00:00,2021-08-13 09:00:00+00:00,bullish,0.69981,0.69942,0.70098,0.70098,0.00039000000000000146,25.34466314781547,win,3.0,tp,10.0,11.282051282051135,friday_close,False,0,3,0 days 03:00:00,0.0,True,25.0,17.9,3.0,2021-08-13 05:00:00+00:00,True,0.7004,0.69962,1,daily_mitigation_ob_caused_displacement;daily_mitigation_ob_caused_imbalance;daily_mitigation_ob_flip_zone;daily_mitigation_ob_has_inducement;daily_mitigation_ob_swept_liquidity;daily_mitigation_ob_swept_liquidity_fractal;daily_mitigation_ob_swept_liquidity_fvg;daily_mitigation_ob_swept_liquidity_internal;daily_mitigation_ob_swept_liquidity_previous_candle;daily_mitigation_ob_swept_liquidity_swing;daily_ob_target_caused_displacement;daily_ob_target_caused_imbalance;daily_ob_target_flip_zone;daily_ob_target_has_inducement;daily_ob_target_swept_liquidity;daily_ob_target_swept_liquidity_fractal;daily_ob_target_swept_liquidity_fvg;daily_ob_target_swept_liquidity_internal;daily_ob_target_swept_liquidity_previous_candle;daily_ob_target_swept_liquidity_swing;h1_mitigation_ob_flip_zone;h1_mitigation_ob_swept_liquidity;h1_mitigation_ob_swept_liquidity_fvg;h1_mitigation_ob_swept_liquidity_internal;h1_mitigation_ob_swept_liquidity_previous_candle;h1_mitigation_ob_swept_liquidity_swing;h1_ob_target_flip_zone;h1_ob_target_swept_liquidity_fractal;h1_ob_target_swept_liquidity_fvg;h1_ob_target_swept_liquidity_internal;h1_ob_target_swept_liquidity_previous_candle;h1_ob_target_swept_liquidity_swing;h4_mitigation_ob_caused_displacement;h4_mitigation_ob_caused_imbalance;h4_mitigation_ob_flip_zone;h4_mitigation_ob_has_inducement;h4_mitigation_ob_swept_liquidity;h4_mitigation_ob_swept_liquidity_fractal;h4_mitigation_ob_swept_liquidity_fvg;h4_mitigation_ob_swept_liquidity_internal;h4_mitigation_ob_swept_liquidity_previous_candle;h4_mitigation_ob_swept_liquidity_swing;h4_mitigation_ob_within_daily_ob;h4_ob_target_caused_displacement;h4_ob_target_caused_imbalance;h4_ob_target_flip_zone;h4_ob_target_has_inducement;h4_ob_target_swept_liquidity;h4_ob_target_swept_liquidity_fractal;h4_ob_target_swept_liquidity_fvg;h4_ob_target_swept_liquidity_internal;h4_ob_target_swept_liquidity_previous_candle;h4_ob_target_swept_liquidity_swing;h4_ob_target_within_daily_ob
2021-08-19,Thursday,london,2021-08-19 08:00:00+00:00,2021-08-19 15:00:00+00:00,bearish,0.682,0.68591,0.6702700000000001,0.68591,0.003909999999999969,44.3640705663542,loss,-1.0,sl,0.3017902813299435,-1.0,sl,False,0,7,0 days 07:00:00,0.20000000000020002,False,25.0,17.9,3.0,2021-08-19 08:00:00+00:00,False,0.68571,0.68476,1,daily_mitigation_ob_caused_displacement;daily_mitigation_ob_caused_imbalance;daily_mitigation_ob_flip_zone;daily_mitigation_ob_has_inducement;daily_mitigation_ob_swept_liquidity;daily_mitigation_ob_swept_liquidity_fractal;daily_mitigation_ob_swept_liquidity_fvg;daily_mitigation_ob_swept_liquidity_internal;daily_mitigation_ob_swept_liquidity_previous_candle;daily_mitigation_ob_swept_liquidity_swing;daily_ob_target_flip_zone;daily_ob_target_swept_liquidity;daily_ob_target_swept_liquidity_internal;daily_ob_target_swept_liquidity_previous_candle;daily_ob_target_swept_liquidity_swing;h1_mitigation_ob_flip_zone;h1_mitigation_ob_swept_liquidity;h1_mitigation_ob_swept_liquidity_fractal;h1_mitigation_ob_swept_liquidity_fvg;h1_mitigation_ob_swept_liquidity_internal;h1_mitigation_ob_swept_liquidity_swing;h1_ob_target_flip_zone;h1_ob_target_swept_liquidity;h1_ob_target_swept_liquidity_fractal;h1_ob_target_swept_liquidity_fvg;h1_ob_target_swept_liquidity_internal;h1_ob_target_swept_liquidity_swing;h4_mitigation_ob_caused_displacement;h4_mitigation_ob_caused_imbalance;h4_mitigation_ob_flip_zone;h4_mitigation_ob_has_inducement;h4_mitigation_ob_swept_liquidity;h4_mitigation_ob_swept_liquidity_fractal;h4_mitigation_ob_swept_liquidity_fvg;h4_mitigation_ob_swept_liquidity_internal;h4_mitigation_ob_swept_liquidity_previous_candle;h4_mitigation_ob_swept_liquidity_swing;h4_mitigation_ob_within_daily_ob;h4_ob_target_flip_zone;h4_ob_target_swept_liquidity_fractal;h4_ob_target_swept_liquidity_fvg;h4_ob_target_swept_liquidity_internal;h4_ob_target_swept_liquidity_previous_candle;h4_ob_target_swept_liquidity_swing
2021-08-20,Friday,london,2021-08-20 06:00:00+00:00,2021-08-20 07:00:00+00:00,bullish,0.68204,0.68116,0.68468,0.68116,0.0008799999999999919,-25.807987142045636,loss,-1.0,sl,0.1250000000000631,-1.0,sl,False,0,1,0 days 01:00:00,7.000000000000339,False,25.0,17.9,3.0,2021-08-20 06:00:00+00:00,False,0.68242,0.68136,1,daily_mitigation_ob_caused_displacement;daily_mitigation_ob_caused_imbalance;daily_mitigation_ob_flip_zone;daily_mitigation_ob_has_inducement;daily_mitigation_ob_swept_liquidity;daily_mitigation_ob_swept_liquidity_fractal;daily_mitigation_ob_swept_liquidity_fvg;daily_mitigation_ob_swept_liquidity_internal;daily_mitigation_ob_swept_liquidity_previous_candle;daily_mitigation_ob_swept_liquidity_swing;daily_ob_target_caused_displacement;daily_ob_target_caused_imbalance;daily_ob_target_flip_zone;daily_ob_target_has_inducement;daily_ob_target_swept_liquidity;daily_ob_target_swept_liquidity_fractal;daily_ob_target_swept_liquidity_fvg;daily_ob_target_swept_liquidity_internal;daily_ob_target_swept_liquidity_previous_candle;daily_ob_target_swept_liquidity_swing;h1_mitigation_ob_flip_zone;h1_mitigation_ob_swept_liquidity_fractal;h1_mitigation_ob_swept_liquidity_fvg;h1_mitigation_ob_swept_liquidity_internal;h1_mitigation_ob_swept_liquidity_previous_candle;h1_mitigation_ob_swept_liquidity_swing;h1_ob_target_flip_zone;h1_ob_target_swept_liquidity_fractal;h1_ob_target_swept_liquidity_fvg;h1_ob_target_swept_liquidity_internal;h1_ob_target_swept_liquidity_previous_candle;h1_ob_target_swept_liquidity_swing;h4_mitigation_ob_caused_displacement;h4_mitigation_ob_caused_imbalance;h4_mitigation_ob_flip_zone;h4_mitigation_ob_has_inducement;h4_mitigation_ob_swept_liquidity;h4_mitigation_ob_swept_liquidity_fractal;h4_mitigation_ob_swept_liquidity_fvg;h4_mitigation_ob_swept_liquidity_internal;h4_mitigation_ob_swept_liquidity_previous_candle;h4_mitigation_ob_swept_liquidity_swing;h4_mitigation_ob_within_daily_ob;h4_ob_target_caused_displacement;h4_ob_target_caused_imbalance;h4_ob_target_flip_zone;h4_ob_target_has_inducement;h4_ob_target_swept_liquidity;h4_ob_target_swept_liquidity_fractal;h4_ob_target_swept_liquidity_fvg;h4_ob_target_swept_liquidity_internal;h4_ob_target_swept_liquidity_previous_candle;h4_ob_target_swept_liquidity_swing;h4_ob_target_within_daily_ob
2021-08-23,Monday,london,2021-08-23 06:00:00+00:00,2021-08-24 05:00:00+00:00,bullish,0.68476,0.6825,0.6915400000000002,0.6915400000000002,0.0022600000000000398,-15.159763347622201,win,3.0,tp,7.557522123893666,7.318584070796331,friday_close,True,4,23,0 days 23:00:00,0.0,False,25.0,17.9,3.0,2021-08-23 05:00:00+00:00,True,0.68389,0.6827,2,daily_mitigation_ob_caused_displacement;daily_mitigation_ob_caused_imbalance;daily_mitigation_ob_flip_zone;daily_mitigation_ob_has_inducement;daily_mitigation_ob_swept_liquidity;daily_mitigation_ob_swept_liquidity_fractal;daily_mitigation_ob_swept_liquidity_fvg;daily_mitigation_ob_swept_liquidity_internal;daily_mitigation_ob_swept_liquidity_previous_candle;daily_mitigation_ob_swept_liquidity_swing;daily_ob_target_flip_zone;daily_ob_target_swept_liquidity_fractal;daily_ob_target_swept_liquidity_fvg;daily_ob_target_swept_liquidity_internal;daily_ob_target_swept_liquidity_previous_candle;daily_ob_target_swept_liquidity_swing;h1_mitigation_ob_flip_zone;h1_mitigation_ob_swept_liquidity_fractal;h1_mitigation_ob_swept_liquidity_fvg;h1_mitigation_ob_swept_liquidity_internal;h1_mitigation_ob_swept_liquidity_previous_candle;h1_mitigation_ob_swept_liquidity_swing;h1_ob_target_flip_zone;h1_ob_target_swept_liquidity_fractal;h1_ob_target_swept_liquidity_fvg;h1_ob_target_swept_liquidity_internal;h1_ob_target_swept_liquidity_previous_candle;h1_ob_target_swept_liquidity_swing;h4_mitigation_ob_flip_zone;h4_mitigation_ob_swept_liquidity;h4_mitigation_ob_swept_liquidity_fractal;h4_mitigation_ob_swept_liquidity_internal;h4_mitigation_ob_swept_liquidity_swing;h4_ob_target_flip_zone;h4_ob_target_swept_liquidity_fractal;h4_ob_target_swept_liquidity_fvg;h4_ob_target_swept_liquidity_internal;h4_ob_target_swept_liquidity_previous_candle;h4_ob_target_swept_liquidity_swing
2021-08-23,Monday,london,2021-08-23 08:00:00+00:00,2021-08-24 06:00:00+00:00,bullish,0.68531,0.68242,0.6939799999999998,0.6939799999999998,0.002889999999999948,-12.843924496244826,win,3.0,tp,5.719723183391121,5.532871972318459,friday_close,True,4,22,0 days 22:00:00,0.0,False,25.0,17.9,3.0,2021-08-23 08:00:00+00:00,False,0.68332,0.68262,1,daily_mitigation_ob_caused_displacement;daily_mitigation_ob_caused_imbalance;daily_mitigation_ob_flip_zone;daily_mitigation_ob_has_inducement;daily_mitigation_ob_swept_liquidity;daily_mitigation_ob_swept_liquidity_fractal;daily_mitigation_ob_swept_liquidity_fvg;daily_mitigation_ob_swept_liquidity_internal;daily_mitigation_ob_swept_liquidity_previous_candle;daily_mitigation_ob_swept_liquidity_swing;daily_ob_target_flip_zone;daily_ob_target_swept_liquidity_fractal;daily_ob_target_swept_liquidity_fvg;daily_ob_target_swept_liquidity_internal;daily_ob_target_swept_liquidity_previous_candle;daily_ob_target_swept_liquidity_swing;h1_mitigation_ob_flip_zone;h1_mitigation_ob_swept_liquidity;h1_mitigation_ob_swept_liquidity_fractal;h1_mitigation_ob_swept_liquidity_fvg;h1_mitigation_ob_swept_liquidity_internal;h1_mitigation_ob_swept_liquidity_swing;h1_ob_target_flip_zone;h1_ob_target_swept_liquidity_fractal;h1_ob_target_swept_liquidity_fvg;h1_ob_target_swept_liquidity_internal;h1_ob_target_swept_liquidity_previous_candle;h1_ob_target_swept_liquidity_swing;h4_mitigation_ob_caused_displacement;h4_mitigation_ob_caused_imbalance;h4_mitigation_ob_flip_zone;h4_mitigation_ob_has_inducement;h4_mitigation_ob_swept_liquidity;h4_mitigation_ob_swept_liquidity_fractal;h4_mitigation_ob_swept_liquidity_fvg;h4_mitigation_ob_swept_liquidity_internal;h4_mitigation_ob_swept_liquidity_previous_candle;h4_mitigation_ob_swept_liquidity_swing;h4_mitigation_ob_within_daily_ob;h4_ob_target_flip_zone;h4_ob_target_swept_liquidity_fractal;h4_ob_target_swept_liquidity_fvg;h4_ob_target_swept_liquidity_internal;h4_ob_target_swept_liquidity_previous_candle;h4_ob_target_swept_liquidity_swing
2021-08-23,Monday,ny,2021-08-23 13:00:00+00:00,2021-08-23 15:00:00+00:00,bearish,0.68726,0.68862,0.6831799999999999,0.68862,0.0013600000000000279,34.84204387017124,loss,-1.0,sl,0.4485294117646963,-1.0,sl,False,0,2,0 days 02:00:00,7.099999999999884,True,25.0,17.9,3.0,2021-08-23 13:00:00+00:00,False,0.68842,0.6873,1,daily_mitigation_ob_caused_displacement;daily_mitigation_ob_caused_imbalance;daily_mitigation_ob_flip_zone;daily_mitigation_ob_has_inducement;daily_mitigation_ob_swept_liquidity;daily_mitigation_ob_swept_liquidity_fractal;daily_mitigation_ob_swept_liquidity_fvg;daily_mitigation_ob_swept_liquidity_internal;daily_mitigation_ob_swept_liquidity_previous_candle;daily_mitigation_ob_swept_liquidity_swing;daily_ob_target_caused_displacement;daily_ob_target_caused_imbalance;daily_ob_target_flip_zone;daily_ob_target_has_inducement;daily_ob_target_swept_liquidity;daily_ob_target_swept_liquidity_fractal;daily_ob_target_swept_liquidity_fvg;daily_ob_target_swept_liquidity_internal;daily_ob_target_swept_liquidity_previous_candle;daily_ob_target_swept_liquidity_swing;h1_mitigation_ob_flip_zone;h1_mitigation_ob_swept_liquidity_fractal;h1_mitigation_ob_swept_liquidity_fvg;h1_mitigation_ob_swept_liquidity_internal;h1_mitigation_ob_swept_liquidity_previous_candle;h1_mitigation_ob_swept_liquidity_swing;h1_ob_target_flip_zone;h1_ob_target_swept_liquidity;h1_ob_target_swept_liquidity_fvg;h1_ob_target_swept_liquidity_internal;h1_ob_target_swept_liquidity_swing;h4_mitigation_ob_caused_displacement;h4_mitigation_ob_caused_imbalance;h4_mitigation_ob_flip_zone;h4_mitigation_ob_has_inducement;h4_mitigation_ob_swept_liquidity;h4_mitigation_ob_swept_liquidity_fractal;h4_mitigation_ob_swept_liquidity_fvg;h4_mitigation_ob_swept_liquidity_internal;h4_mitigation_ob_swept_liquidity_previous_candle;h4_mitigation_ob_swept_liquidity_swing;h4_mitigation_ob_within_daily_ob;h4_ob_target_caused_displacement;h4_ob_target_caused_imbalance;h4_ob_target_flip_zone;h4_ob_target_has_inducement;h4_ob_target_swept_liquidity;h4_ob_target_swept_liquidity_fractal;h4_ob_target_swept_liquidity_fvg;h4_ob_target_swept_liquidity_internal;h4_ob_target_swept_liquidity_previous_candle;h4_ob_target_swept_liquidity_swing;h4_ob_target_within_daily_ob
2021-08-26,Thursday,london,2021-08-26 07:00:00+00:00,2021-08-26 18:00:00+00:00,bullish,0.69613,0.69423,0.7018300000000001,0.69472,0.0019000000000000128,-5.207855849948071,loss,-0.7421052631579015,cut_19h,0.7842105263157796,-0.7421052631579015,cut_19h,False,1,11,0 days 11:00:00,0.0,False,25.0,17.9,3.0,2021-08-26 07:00:00+00:00,False,0.69513,0.69443,1,daily_mitigation_ob_caused_displacement;daily_mitigation_ob_caused_imbalance;daily_mitigation_ob_flip_zone;daily_mitigation_ob_has_inducement;daily_mitigation_ob_swept_liquidity;daily_mitigation_ob_swept_liquidity_fractal;daily_mitigation_ob_swept_liquidity_fvg;daily_mitigation_ob_swept_liquidity_internal;daily_mitigation_ob_swept_liquidity_previous_candle;daily_mitigation_ob_swept_liquidity_swing;daily_ob_target_flip_zone;daily_ob_target_swept_liquidity_fractal;daily_ob_target_swept_liquidity_fvg;daily_ob_target_swept_liquidity_internal;daily_ob_target_swept_liquidity_previous_candle;daily_ob_target_swept_liquidity_swing;h1_mitigation_ob_flip_zone;h1_mitigation_ob_swept_liquidity_fractal;h1_mitigation_ob_swept_liquidity_fvg;h1_mitigation_ob_swept_liquidity_internal;h1_mitigation_ob_swept_liquidity_previous_candle;h1_mitigation_ob_swept_liquidity_swing;h1_ob_target_flip_zone;h1_ob_target_swept_liquidity_fractal;h1_ob_target_swept_liquidity_fvg;h1_ob_target_swept_liquidity_internal;h1_ob_target_swept_liquidity_previous_candle;h1_ob_target_swept_liquidity_swing;h4_mitigation_ob_flip_zone;h4_mitigation_ob_swept_liquidity_fractal;h4_mitigation_ob_swept_liquidity_fvg;h4_mitigation_ob_swept_liquidity_internal;h4_mitigation_ob_swept_liquidity_previous_candle;h4_mitigation_ob_swept_liquidity_swing;h4_ob_target_flip_zone;h4_ob_target_swept_liquidity;h4_ob_target_swept_liquidity_fractal;h4_ob_target_swept_liquidity_internal;h4_ob_target_swept_liquidity_swing
2021-08-26,Thursday,ny,2021-08-26 13:00:00+00:00,2021-08-26 17:00:00+00:00,bullish,0.69609,0.69484,0.6998399999999999,0.69484,0.0012499999999999734,-1.119175098892269,loss,-1.0,sl,0.7200000000000248,-1.0,sl,False,0,4,0 days 04:00:00,2.60000000000038,False,25.0,17.9,3.0,2021-08-26 13:00:00+00:00,False,0.69672,0.69504,1,daily_mitigation_ob_caused_displacement;daily_mitigation_ob_caused_imbalance;daily_mitigation_ob_flip_zone;daily_mitigation_ob_has_inducement;daily_mitigation_ob_swept_liquidity;daily_mitigation_ob_swept_liquidity_fractal;daily_mitigation_ob_swept_liquidity_fvg;daily_mitigation_ob_swept_liquidity_internal;daily_mitigation_ob_swept_liquidity_previous_candle;daily_mitigation_ob_swept_liquidity_swing;daily_ob_target_flip_zone;daily_ob_target_swept_liquidity_fractal;daily_ob_target_swept_liquidity_fvg;daily_ob_target_swept_liquidity_internal;daily_ob_target_swept_liquidity_previous_candle;daily_ob_target_swept_liquidity_swing;h1_mitigation_ob_flip_zone;h1_mitigation_ob_swept_liquidity;h1_mitigation_ob_swept_liquidity_fractal;h1_mitigation_ob_swept_liquidity_internal;h1_mitigation_ob_swept_liquidity_previous_candle;h1_mitigation_ob_swept_liquidity_swing;h1_ob_target_flip_zone;h1_ob_target_swept_liquidity_fractal;h1_ob_target_swept_liquidity_fvg;h1_ob_target_swept_liquidity_internal;h1_ob_target_swept_liquidity_previous_candle;h1_ob_target_swept_liquidity_swing;h4_mitigation_ob_caused_displacement;h4_mitigation_ob_caused_imbalance;h4_mitigation_ob_flip_zone;h4_mitigation_ob_has_inducement;h4_mitigation_ob_swept_liquidity;h4_mitigation_ob_swept_liquidity_fractal;h4_mitigation_ob_swept_liquidity_fvg;h4_mitigation_ob_swept_liquidity_internal;h4_mitigation_ob_swept_liquidity_previous_candle;h4_mitigation_ob_swept_liquidity_swing;h4_mitigation_ob_within_daily_ob;h4_ob_target_flip_zone;h4_ob_target_swept_liquidity;h4_ob_target_swept_liquidity_fractal;h4_ob_target_swept_liquidity_internal;h4_ob_target_swept_liquidity_swing
2021-08-27,Friday,london,2021-08-27 07:00:00+00:00,2021-08-27 14:00:00+00:00,bearish,0.69529,0.69652,0.6915999999999998,0.69652,0.0012300000000000644,23.386158013399523,loss,-1.0,sl,1.5284552845527597,-1.0,sl,False,0,7,0 days 07:00:00,40.89999999999927,False,25.0,17.9,3.0,2021-08-27 07:00:00+00:00,False,0.69632,0.69537,1,daily_mitigation_ob_caused_displacement;daily_mitigation_ob_caused_imbalance;daily_mitigation_ob_flip_zone;daily_mitigation_ob_has_inducement;daily_mitigation_ob_swept_liquidity;daily_mitigation_ob_swept_liquidity_fractal;daily_mitigation_ob_swept_liquidity_fvg;daily_mitigation_ob_swept_liquidity_internal;daily_mitigation_ob_swept_liquidity_previous_candle;daily_mitigation_ob_swept_liquidity_swing;daily_ob_target_caused_displacement;daily_ob_target_caused_imbalance;daily_ob_target_flip_zone;daily_ob_target_has_inducement;daily_ob_target_swept_liquidity;daily_ob_target_swept_liquidity_fractal;daily_ob_target_swept_liquidity_fvg;daily_ob_target_swept_liquidity_internal;daily_ob_target_swept_liquidity_previous_candle;daily_ob_target_swept_liquidity_swing;h1_mitigation_ob_flip_zone;h1_mitigation_ob_swept_liquidity_fractal;h1_mitigation_ob_swept_liquidity_fvg;h1_mitigation_ob_swept_liquidity_internal;h1_mitigation_ob_swept_liquidity_previous_candle;h1_mitigation_ob_swept_liquidity_swing;h1_ob_target_flip_zone;h1_ob_target_swept_liquidity_fractal;h1_ob_target_swept_liquidity_fvg;h1_ob_target_swept_liquidity_internal;h1_ob_target_swept_liquidity_previous_candle;h1_ob_target_swept_liquidity_swing;h4_mitigation_ob_caused_displacement;h4_mitigation_ob_caused_imbalance;h4_mitigation_ob_flip_zone;h4_mitigation_ob_has_inducement;h4_mitigation_ob_swept_liquidity;h4_mitigation_ob_swept_liquidity_fractal;h4_mitigation_ob_swept_liquidity_fvg;h4_mitigation_ob_swept_liquidity_internal;h4_mitigation_ob_swept_liquidity_previous_candle;h4_mitigation_ob_swept_liquidity_swing;h4_mitigation_ob_within_daily_ob;h4_ob_target_flip_zone;h4_ob_target_swept_liquidity;h4_ob_target_swept_liquidity_fractal;h4_ob_target_swept_liquidity_internal;h4_ob_target_swept_liquidity_swing
2021-09-01,Wednesday,ny,2021-09-01 11:00:00+00:00,2021-09-01 14:00:00+00:00,bullish,0.70437,0.7035,0.7069800000000002,0.7069800000000002,0.0008700000000000374,24.34536547369354,win,3.0,tp,10.0,14.206896551723442,friday_close,True,2,3,0 days 03:00:00,0.0,False,25.0,17.9,3.0,2021-09-01 10:00:00+00:00,True,0.70473,0.7037,1,daily_mitigation_ob_caused_displacement;daily_mitigation_ob_caused_imbalance;daily_mitigation_ob_flip_zone;daily_mitigation_ob_has_inducement;daily_mitigation_ob_swept_liquidity;daily_mitigation_ob_swept_liquidity_fractal;daily_mitigation_ob_swept_liquidity_fvg;daily_mitigation_ob_swept_liquidity_internal;daily_mitigation_ob_swept_liquidity_previous_candle;daily_mitigation_ob_swept_liquidity_swing;daily_ob_target_caused_displacement;daily_ob_target_caused_imbalance;daily_ob_target_flip_zone;daily_ob_target_has_inducement;daily_ob_target_swept_liquidity;daily_ob_target_swept_liquidity_fractal;daily_ob_target_swept_liquidity_fvg;daily_ob_target_swept_liquidity_internal;daily_ob_target_swept_liquidity_previous_candle;daily_ob_target_swept_liquidity_swing;h1_mitigation_ob_flip_zone;h1_mitigation_ob_swept_liquidity;h1_mitigation_ob_swept_liquidity_fractal;h1_mitigation_ob_swept_liquidity_fvg;h1_mitigation_ob_swept_liquidity_internal;h1_mitigation_ob_swept_liquidity_swing;h1_ob_target_caused_displacement;h1_ob_target_caused_imbalance;h1_ob_target_flip_zone;h1_ob_target_has_inducement;h1_ob_target_swept_liquidity;h1_ob_target_swept_liquidity_fractal;h1_ob_target_swept_liquidity_fvg;h1_ob_target_swept_liquidity_internal;h1_ob_target_swept_liquidity_previous_candle;h1_ob_target_swept_liquidity_swing;h1_ob_target_within_h4_ob;h4_mitigation_ob_caused_displacement;h4_mitigation_ob_caused_imbalance;h4_mitigation_ob_flip_zone;h4_mitigation_ob_has_inducement;h4_mitigation_ob_swept_liquidity;h4_mitigation_ob_swept_liquidity_fractal;h4_mitigation_ob_swept_liquidity_fvg;h4_mitigation_ob_swept_liquidity_internal;h4_mitigation_ob_swept_liquidity_previous_candle;h4_mitigation_ob_swept_liquidity_swing;h4_mitigation_ob_within_daily_ob;h4_ob_target_caused_displacement;h4_ob_target_caused_imbalance;h4_ob_target_flip_zone;h4_ob_target_has_inducement;h4_ob_target_swept_liquidity;h4_ob_target_swept_liquidity_fractal;h4_ob_target_swept_liquidity_fvg;h4_ob_target_swept_liquidity_internal;h4_ob_target_swept_liquidity_previous_candle;h4_ob_target_swept_liquidity_swing;h4_ob_target_within_daily_ob
2021-09-03,Friday,london,2021-09-03 07:00:00+00:00,2021-09-03 17:00:00+00:00,bullish,0.71251,0.71108,0.7167999999999998,0.7167999999999998,0.0014299999999999313,18.262803195765724,win,3.0,tp,3.1258741258742577,2.951048951049094,friday_close,False,0,10,0 days 10:00:00,0.0,False,25.0,17.9,3.0,2021-09-03 07:00:00+00:00,False,0.71181,0.71128,1,daily_mitigation_ob_caused_displacement;daily_mitigation_ob_caused_imbalance;daily_mitigation_ob_flip_zone;daily_mitigation_ob_has_inducement;daily_mitigation_ob_swept_liquidity;daily_mitigation_ob_swept_liquidity_fractal;daily_mitigation_ob_swept_liquidity_fvg;daily_mitigation_ob_swept_liquidity_internal;daily_mitigation_ob_swept_liquidity_previous_candle;daily_mitigation_ob_swept_liquidity_swing;daily_ob_target_flip_zone;daily_ob_target_swept_liquidity_fractal;daily_ob_target_swept_liquidity_fvg;daily_ob_target_swept_liquidity_internal;daily_ob_target_swept_liquidity_previous_candle;daily_ob_target_swept_liquidity_swing;h1_mitigation_ob_flip_zone;h1_mitigation_ob_swept_liquidity_fractal;h1_mitigation_ob_swept_liquidity_fvg;h1_mitigation_ob_swept_liquidity_internal;h1_mitigation_ob_swept_liquidity_previous_candle;h1_mitigation_ob_swept_liquidity_swing;h1_ob_target_flip_zone;h1_ob_target_swept_liquidity_fractal;h1_ob_target_swept_liquidity_fvg;h1_ob_target_swept_liquidity_internal;h1_ob_target_swept_liquidity_previous_candle;h1_ob_target_swept_liquidity_swing;h4_mitigation_ob_caused_displacement;h4_mitigation_ob_caused_imbalance;h4_mitigation_ob_flip_zone;h4_mitigation_ob_has_inducement;h4_mitigation_ob_swept_liquidity;h4_mitigation_ob_swept_liquidity_fractal;h4_mitigation_ob_swept_liquidity_fvg;h4_mitigation_ob_swept_liquidity_internal;h4_mitigation_ob_swept_liquidity_previous_candle;h4_mitigation_ob_swept_liquidity_swing;h4_mitigation_ob_within_daily_ob;h4_ob_target_flip_zone;h4_ob_target_swept_liquidity;h4_ob_target_swept_liquidity_fractal;h4_ob_target_swept_liquidity_fvg;h4_ob_target_swept_liquidity_internal;h4_ob_target_swept_liquidity_swing
2021-09-03,Friday,ny,2021-09-03 11:00:00+00:00,2021-09-03 18:00:00+00:00,bullish,0.71267,0.71108,0.71744,0.71673,0.0015899999999999803,16.75672395204919,win,2.553459119496857,friday_close,2.7106918238993574,2.553459119496857,friday_close,False,0,7,0 days 07:00:00,0.0,False,25.0,17.9,3.0,2021-09-03 11:00:00+00:00,False,0.71181,0.71128,2,daily_mitigation_ob_caused_displacement;daily_mitigation_ob_caused_imbalance;daily_mitigation_ob_flip_zone;daily_mitigation_ob_has_inducement;daily_mitigation_ob_swept_liquidity;daily_mitigation_ob_swept_liquidity_fractal;daily_mitigation_ob_swept_liquidity_fvg;daily_mitigation_ob_swept_liquidity_internal;daily_mitigation_ob_swept_liquidity_previous_candle;daily_mitigation_ob_swept_liquidity_swing;daily_ob_target_flip_zone;daily_ob_target_swept_liquidity_fractal;daily_ob_target_swept_liquidity_fvg;daily_ob_target_swept_liquidity_internal;daily_ob_target_swept_liquidity_previous_candle;daily_ob_target_swept_liquidity_swing;h1_mitigation_ob_flip_zone;h1_mitigation_ob_swept_liquidity_fractal;h1_mitigation_ob_swept_liquidity_fvg;h1_mitigation_ob_swept_liquidity_internal;h1_mitigation_ob_swept_liquidity_previous_candle;h1_mitigation_ob_swept_liquidity_swing;h1_ob_target_flip_zone;h1_ob_target_swept_liquidity_fractal;h1_ob_target_swept_liquidity_fvg;h1_ob_target_swept_liquidity_internal;h1_ob_target_swept_liquidity_previous_candle;h1_ob_target_swept_liquidity_swing;h4_mitigation_ob_flip_zone;h4_mitigation_ob_swept_liquidity;h4_mitigation_ob_swept_liquidity_fractal;h4_mitigation_ob_swept_liquidity_internal;h4_mitigation_ob_swept_liquidity_previous_candle;h4_mitigation_ob_swept_liquidity_swing;h4_ob_target_flip_zone;h4_ob_target_swept_liquidity;h4_ob_target_swept_liquidity_fractal;h4_ob_target_swept_liquidity_fvg;h4_ob_target_swept_liquidity_internal;h4_ob_target_swept_liquidity_swing
2021-09-07,Tuesday,london,2021-09-07 06:00:00+00:00,2021-09-07 08:00:00+00:00,bullish,0.71215,0.7115,0.7140999999999997,0.7115,0.0006499999999999284,2.1983584932114115,loss,-1.0,sl,2.0923076923079655,-1.0,sl,False,0,2,0 days 02:00:00,5.1000000000001044,False,25.0,17.9,3.0,2021-09-07 05:00:00+00:00,True,0.71238,0.7117,1,daily_mitigation_ob_caused_displacement;daily_mitigation_ob_caused_imbalance;daily_mitigation_ob_flip_zone;daily_mitigation_ob_has_inducement;daily_mitigation_ob_swept_liquidity;daily_mitigation_ob_swept_liquidity_fractal;daily_mitigation_ob_swept_liquidity_fvg;daily_mitigation_ob_swept_liquidity_internal;daily_mitigation_ob_swept_liquidity_previous_candle;daily_mitigation_ob_swept_liquidity_swing;daily_ob_target_caused_displacement;daily_ob_target_caused_imbalance;daily_ob_target_flip_zone;daily_ob_target_has_inducement;daily_ob_target_swept_liquidity;daily_ob_target_swept_liquidity_fractal;daily_ob_target_swept_liquidity_fvg;daily_ob_target_swept_liquidity_internal;daily_ob_target_swept_liquidity_previous_candle;daily_ob_target_swept_liquidity_swing;h1_mitigation_ob_flip_zone;h1_mitigation_ob_swept_liquidity_fractal;h1_mitigation_ob_swept_liquidity_fvg;h1_mitigation_ob_swept_liquidity_internal;h1_mitigation_ob_swept_liquidity_previous_candle;h1_mitigation_ob_swept_liquidity_swing;h1_ob_target_flip_zone;h1_ob_target_swept_liquidity_fractal;h1_ob_target_swept_liquidity_fvg;h1_ob_target_swept_liquidity_internal;h1_ob_target_swept_liquidity_previous_candle;h1_ob_target_swept_liquidity_swing;h4_mitigation_ob_flip_zone;h4_mitigation_ob_swept_liquidity;h4_mitigation_ob_swept_liquidity_fractal;h4_mitigation_ob_swept_liquidity_internal;h4_mitigation_ob_swept_liquidity_previous_candle;h4_mitigation_ob_swept_liquidity_swing;h4_ob_target_caused_displacement;h4_ob_target_caused_imbalance;h4_ob_target_flip_zone;h4_ob_target_has_inducement;h4_ob_target_swept_liquidity;h4_ob_target_swept_liquidity_fractal;h4_ob_target_swept_liquidity_fvg;h4_ob_target_swept_liquidity_internal;h4_ob_target_swept_liquidity_previous_candle;h4_ob_target_swept_liquidity_swing;h4_ob_target_within_daily_ob
2021-09-07,Tuesday,london,2021-09-07 06:00:00+00:00,2021-09-07 13:00:00+00:00,bullish,0.71215,0.7105400000000001,0.7169799999999996,0.7105400000000001,0.0016099999999998893,12.968031873172464,loss,-1.0,sl,0.8447204968944854,-1.0,sl,False,0,7,0 days 07:00:00,0.30000000000085514,False,25.0,17.9,3.0,2021-09-07 06:00:00+00:00,False,0.71122,0.71074,1,daily_mitigation_ob_caused_displacement;daily_mitigation_ob_caused_imbalance;daily_mitigation_ob_flip_zone;daily_mitigation_ob_has_inducement;daily_mitigation_ob_swept_liquidity;daily_mitigation_ob_swept_liquidity_fractal;daily_mitigation_ob_swept_liquidity_fvg;daily_mitigation_ob_swept_liquidity_internal;daily_mitigation_ob_swept_liquidity_previous_candle;daily_mitigation_ob_swept_liquidity_swing;daily_ob_target_caused_displacement;daily_ob_target_caused_imbalance;daily_ob_target_flip_zone;daily_ob_target_has_inducement;daily_ob_target_swept_liquidity;daily_ob_target_swept_liquidity_fractal;daily_ob_target_swept_liquidity_fvg;daily_ob_target_swept_liquidity_internal;daily_ob_target_swept_liquidity_previous_candle;daily_ob_target_swept_liquidity_swing;h1_mitigation_ob_flip_zone;h1_mitigation_ob_swept_liquidity;h1_mitigation_ob_swept_liquidity_fractal;h1_mitigation_ob_swept_liquidity_fvg;h1_mitigation_ob_swept_liquidity_internal;h1_mitigation_ob_swept_liquidity_swing;h1_ob_target_flip_zone;h1_ob_target_swept_liquidity_fractal;h1_ob_target_swept_liquidity_fvg;h1_ob_target_swept_liquidity_internal;h1_ob_target_swept_liquidity_previous_candle;h1_ob_target_swept_liquidity_swing;h4_mitigation_ob_flip_zone;h4_mitigation_ob_swept_liquidity;h4_mitigation_ob_swept_liquidity_fractal;h4_mitigation_ob_swept_liquidity_internal;h4_mitigation_ob_swept_liquidity_previous_candle;h4_mitigation_ob_swept_liquidity_swing;h4_ob_target_flip_zone;h4_ob_target_swept_liquidity_fractal;h4_ob_target_swept_liquidity_fvg;h4_ob_target_swept_liquidity_internal;h4_ob_target_swept_liquidity_previous_candle;h4_ob_target_swept_liquidity_swing
2021-09-08,Wednesday,ny,2021-09-08 11:00:00+00:00,2021-09-08 12:00:00+00:00,bearish,0.71034,0.71093,0.70857,0.71093,0.0005899999999999794,9.809533685502338,loss,-1.0,sl,0.0,-1.0,sl,False,0,1,0 days 01:00:00,5.1000000000001044,False,25.0,17.9,3.0,2021-09-08 11:00:00+00:00,False,0.71073,0.71012,1,daily_mitigation_ob_caused_displacement;daily_mitigation_ob_caused_imbalance;daily_mitigation_ob_flip_zone;daily_mitigation_ob_has_inducement;daily_mitigation_ob_swept_liquidity;daily_mitigation_ob_swept_liquidity_fractal;daily_mitigation_ob_swept_liquidity_fvg;daily_mitigation_ob_swept_liquidity_internal;daily_mitigation_ob_swept_liquidity_previous_candle;daily_mitigation_ob_swept_liquidity_swing;daily_ob_target_caused_displacement;daily_ob_target_caused_imbalance;daily_ob_target_flip_zone;daily_ob_target_has_inducement;daily_ob_target_swept_liquidity;daily_ob_target_swept_liquidity_fractal;daily_ob_target_swept_liquidity_fvg;daily_ob_target_swept_liquidity_internal;daily_ob_target_swept_liquidity_previous_candle;daily_ob_target_swept_liquidity_swing;h1_mitigation_ob_flip_zone;h1_mitigation_ob_swept_liquidity_fractal;h1_mitigation_ob_swept_liquidity_fvg;h1_mitigation_ob_swept_liquidity_internal;h1_mitigation_ob_swept_liquidity_previous_candle;h1_mitigation_ob_swept_liquidity_swing;h1_ob_target_caused_displacement;h1_ob_target_caused_imbalance;h1_ob_target_flip_zone;h1_ob_target_has_inducement;h1_ob_target_swept_liquidity;h1_ob_target_swept_liquidity_fractal;h1_ob_target_swept_liquidity_fvg;h1_ob_target_swept_liquidity_internal;h1_ob_target_swept_liquidity_previous_candle;h1_ob_target_swept_liquidity_swing;h1_ob_target_within_h4_ob;h4_mitigation_ob_caused_displacement;h4_mitigation_ob_caused_imbalance;h4_mitigation_ob_flip_zone;h4_mitigation_ob_has_inducement;h4_mitigation_ob_swept_liquidity;h4_mitigation_ob_swept_liquidity_fractal;h4_mitigation_ob_swept_liquidity_fvg;h4_mitigation_ob_swept_liquidity_internal;h4_mitigation_ob_swept_liquidity_previous_candle;h4_mitigation_ob_swept_liquidity_swing;h4_mitigation_ob_within_daily_ob;h4_ob_target_flip_zone;h4_ob_target_swept_liquidity;h4_ob_target_swept_liquidity_fractal;h4_ob_target_swept_liquidity_fvg;h4_ob_target_swept_liquidity_internal;h4_ob_target_swept_liquidity_swing
2021-09-14,Tuesday,ny,2021-09-14 13:00:00+00:00,2021-09-15 22:00:00+00:00,bearish,0.71182,0.71577,0.69997,0.71182,0.003950000000000009,-21.439795467222762,breakeven,0.0,be_stop,1.1468354430379806,0.0,be_stop,True,2,33,1 days 09:00:00,20.200000000000216,False,25.0,17.9,3.0,2021-09-14 13:00:00+00:00,False,0.71557,0.71456,1,daily_mitigation_ob_caused_displacement;daily_mitigation_ob_caused_imbalance;daily_mitigation_ob_flip_zone;daily_mitigation_ob_has_inducement;daily_mitigation_ob_swept_liquidity;daily_mitigation_ob_swept_liquidity_fractal;daily_mitigation_ob_swept_liquidity_fvg;daily_mitigation_ob_swept_liquidity_internal;daily_mitigation_ob_swept_liquidity_previous_candle;daily_mitigation_ob_swept_liquidity_swing;daily_ob_target_flip_zone;daily_ob_target_swept_liquidity_fractal;daily_ob_target_swept_liquidity_fvg;daily_ob_target_swept_liquidity_internal;daily_ob_target_swept_liquidity_previous_candle;daily_ob_target_swept_liquidity_swing;h1_mitigation_ob_flip_zone;h1_mitigation_ob_swept_liquidity_fractal;h1_mitigation_ob_swept_liquidity_fvg;h1_mitigation_ob_swept_liquidity_internal;h1_mitigation_ob_swept_liquidity_previous_candle;h1_mitigation_ob_swept_liquidity_swing;h1_ob_target_flip_zone;h1_ob_target_swept_liquidity;h1_ob_target_swept_liquidity_fvg;h1_ob_target_swept_liquidity_internal;h1_ob_target_swept_liquidity_swing;h4_mitigation_ob_caused_displacement;h4_mitigation_ob_caused_imbalance;h4_mitigation_ob_flip_zone;h4_mitigation_ob_has_inducement;h4_mitigation_ob_swept_liquidity;h4_mitigation_ob_swept_liquidity_fractal;h4_mitigation_ob_swept_liquidity_fvg;h4_mitigation_ob_swept_liquidity_internal;h4_mitigation_ob_swept_liquidity_previous_candle;h4_mitigation_ob_swept_liquidity_swing;h4_mitigation_ob_within_daily_ob;h4_ob_target_flip_zone;h4_ob_target_swept_liquidity;h4_ob_target_swept_liquidity_fractal;h4_ob_target_swept_liquidity_fvg;h4_ob_target_swept_liquidity_internal;h4_ob_target_swept_liquidity_swing
2021-09-15,Wednesday,london,2021-09-15 08:00:00+00:00,2021-09-15 09:00:00+00:00,bearish,0.71046,0.71083,0.70935,0.71083,0.00036999999999998145,-9.446862464544953,loss,-1.0,sl,0.7837837837838568,-1.0,sl,False,0,1,0 days 01:00:00,0.6000000000006,False,25.0,17.9,3.0,2021-09-15 08:00:00+00:00,False,0.71063,0.70988,1,daily_mitigation_ob_caused_displacement;daily_mitigation_ob_caused_imbalance;daily_mitigation_ob_flip_zone;daily_mitigation_ob_has_inducement;daily_mitigation_ob_swept_liquidity;daily_mitigation_ob_swept_liquidity_fractal;daily_mitigation_ob_swept_liquidity_fvg;daily_mitigation_ob_swept_liquidity_internal;daily_mitigation_ob_swept_liquidity_previous_candle;daily_mitigation_ob_swept_liquidity_swing;daily_ob_target_caused_displacement;daily_ob_target_caused_imbalance;daily_ob_target_flip_zone;daily_ob_target_has_inducement;daily_ob_target_swept_liquidity;daily_ob_target_swept_liquidity_fractal;daily_ob_target_swept_liquidity_fvg;daily_ob_target_swept_liquidity_internal;daily_ob_target_swept_liquidity_previous_candle;daily_ob_target_swept_liquidity_swing;h1_mitigation_ob_flip_zone;h1_mitigation_ob_swept_liquidity;h1_mitigation_ob_swept_liquidity_fvg;h1_mitigation_ob_swept_liquidity_internal;h1_mitigation_ob_swept_liquidity_previous_candle;h1_mitigation_ob_swept_liquidity_swing;h1_ob_target_caused_displacement;h1_ob_target_caused_imbalance;h1_ob_target_flip_zone;h1_ob_target_has_inducement;h1_ob_target_swept_liquidity;h1_ob_target_swept_liquidity_fractal;h1_ob_target_swept_liquidity_fvg;h1_ob_target_swept_liquidity_internal;h1_ob_target_swept_liquidity_previous_candle;h1_ob_target_swept_liquidity_swing;h1_ob_target_within_h4_ob;h4_mitigation_ob_flip_zone;h4_mitigation_ob_swept_liquidity_fractal;h4_mitigation_ob_swept_liquidity_fvg;h4_mitigation_ob_swept_liquidity_internal;h4_mitigation_ob_swept_liquidity_previous_candle;h4_mitigation_ob_swept_liquidity_swing;h4_ob_target_caused_displacement;h4_ob_target_caused_imbalance;h4_ob_target_flip_zone;h4_ob_target_has_inducement;h4_ob_target_swept_liquidity;h4_ob_target_swept_liquidity_fractal;h4_ob_target_swept_liquidity_fvg;h4_ob_target_swept_liquidity_internal;h4_ob_target_swept_liquidity_previous_candle;h4_ob_target_swept_liquidity_swing;h4_ob_target_within_daily_ob
2021-09-21,Tuesday,london,2021-09-21 06:00:00+00:00,2021-09-21 14:00:00+00:00,bullish,0.70262,0.7013400000000001,0.7064599999999999,0.7013400000000001,0.0012799999999999478,-9.20203119669055,loss,-1.0,sl,2.312500000000065,-1.0,sl,False,0,8,0 days 08:00:00,18.000000000000238,False,25.0,17.9,3.0,2021-09-21 06:00:00+00:00,False,0.70228,0.70154,1,daily_mitigation_ob_caused_displacement;daily_mitigation_ob_caused_imbalance;daily_mitigation_ob_flip_zone;daily_mitigation_ob_has_inducement;daily_mitigation_ob_swept_liquidity;daily_mitigation_ob_swept_liquidity_fractal;daily_mitigation_ob_swept_liquidity_fvg;daily_mitigation_ob_swept_liquidity_internal;daily_mitigation_ob_swept_liquidity_previous_candle;daily_mitigation_ob_swept_liquidity_swing;daily_ob_target_caused_displacement;daily_ob_target_caused_imbalance;daily_ob_target_flip_zone;daily_ob_target_has_inducement;daily_ob_target_swept_liquidity;daily_ob_target_swept_liquidity_fractal;daily_ob_target_swept_liquidity_fvg;daily_ob_target_swept_liquidity_internal;daily_ob_target_swept_liquidity_previous_candle;daily_ob_target_swept_liquidity_swing;h1_mitigation_ob_flip_zone;h1_mitigation_ob_swept_liquidity_fractal;h1_mitigation_ob_swept_liquidity_fvg;h1_mitigation_ob_swept_liquidity_internal;h1_mitigation_ob_swept_liquidity_previous_candle;h1_mitigation_ob_swept_liquidity_swing;h1_ob_target_flip_zone;h1_ob_target_swept_liquidity;h1_ob_target_swept_liquidity_fractal;h1_ob_target_swept_liquidity_internal;h1_ob_target_swept_liquidity_swing;h4_mitigation_ob_caused_displacement;h4_mitigation_ob_caused_imbalance;h4_mitigation_ob_flip_zone;h4_mitigation_ob_has_inducement;h4_mitigation_ob_swept_liquidity;h4_mitigation_ob_swept_liquidity_fractal;h4_mitigation_ob_swept_liquidity_fvg;h4_mitigation_ob_swept_liquidity_internal;h4_mitigation_ob_swept_liquidity_previous_candle;h4_mitigation_ob_swept_liquidity_swing;h4_mitigation_ob_within_daily_ob;h4_ob_target_flip_zone;h4_ob_target_swept_liquidity_fractal;h4_ob_target_swept_liquidity_fvg;h4_ob_target_swept_liquidity_internal;h4_ob_target_swept_liquidity_previous_candle;h4_ob_target_swept_liquidity_swing
2021-09-24,Friday,london,2021-09-24 08:00:00+00:00,2021-09-24 09:00:00+00:00,bullish,0.70516,0.7036100000000001,0.7098099999999998,0.7036100000000001,0.0015499999999999403,8.48882609583123,loss,-1.0,sl,0.012903225806465014,-1.0,sl,False,0,1,0 days 01:00:00,1.100000000000545,False,25.0,17.9,3.0,2021-09-24 08:00:00+00:00,False,0.7051,0.70381,1,daily_mitigation_ob_caused_displacement;daily_mitigation_ob_caused_imbalance;daily_mitigation_ob_flip_zone;daily_mitigation_ob_has_inducement;daily_mitigation_ob_swept_liquidity;daily_mitigation_ob_swept_liquidity_fractal;daily_mitigation_ob_swept_liquidity_fvg;daily_mitigation_ob_swept_liquidity_internal;daily_mitigation_ob_swept_liquidity_previous_candle;daily_mitigation_ob_swept_liquidity_swing;daily_ob_target_flip_zone;daily_ob_target_swept_liquidity;daily_ob_target_swept_liquidity_fractal;daily_ob_target_swept_liquidity_internal;daily_ob_target_swept_liquidity_swing;h1_mitigation_ob_flip_zone;h1_mitigation_ob_swept_liquidity;h1_mitigation_ob_swept_liquidity_fractal;h1_mitigation_ob_swept_liquidity_internal;h1_mitigation_ob_swept_liquidity_previous_candle;h1_mitigation_ob_swept_liquidity_swing;h1_ob_target_flip_zone;h1_ob_target_swept_liquidity_fractal;h1_ob_target_swept_liquidity_fvg;h1_ob_target_swept_liquidity_internal;h1_ob_target_swept_liquidity_previous_candle;h1_ob_target_swept_liquidity_swing;h4_mitigation_ob_caused_displacement;h4_mitigation_ob_caused_imbalance;h4_mitigation_ob_flip_zone;h4_mitigation_ob_has_inducement;h4_mitigation_ob_swept_liquidity;h4_mitigation_ob_swept_liquidity_fractal;h4_mitigation_ob_swept_liquidity_fvg;h4_mitigation_ob_swept_liquidity_internal;h4_mitigation_ob_swept_liquidity_previous_candle;h4_mitigation_ob_swept_liquidity_swing;h4_mitigation_ob_within_daily_ob;h4_ob_target_flip_zone;h4_ob_target_swept_liquidity_fractal;h4_ob_target_swept_liquidity_fvg;h4_ob_target_swept_liquidity_internal;h4_ob_target_swept_liquidity_previous_candle;h4_ob_target_swept_liquidity_swing
2021-09-28,Tuesday,ny,2021-09-28 11:00:00+00:00,2021-09-28 12:00:00+00:00,bullish,0.6966,0.69491,0.7016699999999999,0.69491,0.0016899999999999693,13.169401696488354,loss,-1.0,sl,0.0,-1.0,sl,False,0,1,0 days 01:00:00,0.20000000000020002,False,25.0,17.9,3.0,2021-09-28 10:00:00+00:00,True,0.69608,0.69511,1,daily_mitigation_ob_flip_zone;daily_mitigation_ob_swept_liquidity_fractal;daily_mitigation_ob_swept_liquidity_fvg;daily_mitigation_ob_swept_liquidity_internal;daily_mitigation_ob_swept_liquidity_previous_candle;daily_mitigation_ob_swept_liquidity_swing;daily_ob_target_caused_displacement;daily_ob_target_caused_imbalance;daily_ob_target_flip_zone;daily_ob_target_has_inducement;daily_ob_target_swept_liquidity;daily_ob_target_swept_liquidity_fractal;daily_ob_target_swept_liquidity_fvg;daily_ob_target_swept_liquidity_internal;daily_ob_target_swept_liquidity_previous_candle;daily_ob_target_swept_liquidity_swing;h1_mitigation_ob_flip_zone;h1_mitigation_ob_swept_liquidity;h1_mitigation_ob_swept_liquidity_fvg;h1_mitigation_ob_swept_liquidity_internal;h1_mitigation_ob_swept_liquidity_previous_candle;h1_mitigation_ob_swept_liquidity_swing;h1_ob_target_flip_zone;h1_ob_target_swept_liquidity;h1_ob_target_swept_liquidity_fvg;h1_ob_target_swept_liquidity_internal;h1_ob_target_swept_liquidity_previous_candle;h1_ob_target_swept_liquidity_swing;h4_mitigation_ob_flip_zone;h4_mitigation_ob_swept_liquidity_fractal;h4_mitigation_ob_swept_liquidity_fvg;h4_mitigation_ob_swept_liquidity_internal;h4_mitigation_ob_swept_liquidity_previous_candle;h4_mitigation_ob_swept_liquidity_swing;h4_ob_target_flip_zone;h4_ob_target_swept_liquidity;h4_ob_target_swept_liquidity_fractal;h4_ob_target_swept_liquidity_fvg;h4_ob_target_swept_liquidity_internal;h4_ob_target_swept_liquidity_swing
2021-09-28,Tuesday,ny,2021-09-28 13:00:00+00:00,2021-09-28 18:00:00+00:00,bullish,0.69604,0.6941700000000001,0.7016499999999998,0.69481,0.0018699999999999273,1.5124328323990426,loss,-0.6577540106951878,cut_19h,0.5454545454545778,-0.6577540106951878,cut_19h,False,1,5,0 days 05:00:00,0.0,False,25.0,17.9,3.0,2021-09-28 13:00:00+00:00,False,0.69511,0.69437,1,daily_mitigation_ob_flip_zone;daily_mitigation_ob_swept_liquidity_fractal;daily_mitigation_ob_swept_liquidity_fvg;daily_mitigation_ob_swept_liquidity_internal;daily_mitigation_ob_swept_liquidity_previous_candle;daily_mitigation_ob_swept_liquidity_swing;daily_ob_target_caused_displacement;daily_ob_target_caused_imbalance;daily_ob_target_flip_zone;daily_ob_target_has_inducement;daily_ob_target_swept_liquidity;daily_ob_target_swept_liquidity_fractal;daily_ob_target_swept_liquidity_fvg;daily_ob_target_swept_liquidity_internal;daily_ob_target_swept_liquidity_previous_candle;daily_ob_target_swept_liquidity_swing;h1_mitigation_ob_flip_zone;h1_mitigation_ob_swept_liquidity_fractal;h1_mitigation_ob_swept_liquidity_fvg;h1_mitigation_ob_swept_liquidity_internal;h1_mitigation_ob_swept_liquidity_previous_candle;h1_mitigation_ob_swept_liquidity_swing;h1_ob_target_flip_zone;h1_ob_target_swept_liquidity;h1_ob_target_swept_liquidity_fvg;h1_ob_target_swept_liquidity_internal;h1_ob_target_swept_liquidity_previous_candle;h1_ob_target_swept_liquidity_swing;h4_mitigation_ob_flip_zone;h4_mitigation_ob_swept_liquidity_fractal;h4_mitigation_ob_swept_liquidity_fvg;h4_mitigation_ob_swept_liquidity_internal;h4_mitigation_ob_swept_liquidity_previous_candle;h4_mitigation_ob_swept_liquidity_swing;h4_ob_target_flip_zone;h4_ob_target_swept_liquidity;h4_ob_target_swept_liquidity_fractal;h4_ob_target_swept_liquidity_fvg;h4_ob_target_swept_liquidity_internal;h4_ob_target_swept_liquidity_swing
2021-09-30,Thursday,london,2021-09-30 06:00:00+00:00,2021-09-30 10:00:00+00:00,bullish,0.68816,0.6865,0.69314,0.6865,0.0016599999999999948,-4.436335234879716,loss,-1.0,sl,0.4397590361445848,-1.0,sl,False,0,4,0 days 04:00:00,5.3000000000003045,False,25.0,17.9,3.0,2021-09-30 05:00:00+00:00,True,0.68776,0.6867,1,daily_mitigation_ob_caused_displacement;daily_mitigation_ob_caused_imbalance;daily_mitigation_ob_flip_zone;daily_mitigation_ob_has_inducement;daily_mitigation_ob_swept_liquidity;daily_mitigation_ob_swept_liquidity_fractal;daily_mitigation_ob_swept_liquidity_fvg;daily_mitigation_ob_swept_liquidity_internal;daily_mitigation_ob_swept_liquidity_previous_candle;daily_mitigation_ob_swept_liquidity_swing;daily_ob_target_caused_displacement;daily_ob_target_caused_imbalance;daily_ob_target_flip_zone;daily_ob_target_has_inducement;daily_ob_target_swept_liquidity;daily_ob_target_swept_liquidity_fractal;daily_ob_target_swept_liquidity_fvg;daily_ob_target_swept_liquidity_internal;daily_ob_target_swept_liquidity_previous_candle;daily_ob_target_swept_liquidity_swing;h1_mitigation_ob_flip_zone;h1_mitigation_ob_swept_liquidity;h1_mitigation_ob_swept_liquidity_fractal;h1_mitigation_ob_swept_liquidity_fvg;h1_mitigation_ob_swept_liquidity_internal;h1_mitigation_ob_swept_liquidity_swing;h1_ob_target_flip_zone;h1_ob_target_swept_liquidity_fractal;h1_ob_target_swept_liquidity_fvg;h1_ob_target_swept_liquidity_internal;h1_ob_target_swept_liquidity_previous_candle;h1_ob_target_swept_liquidity_swing;h4_mitigation_ob_caused_displacement;h4_mitigation_ob_caused_imbalance;h4_mitigation_ob_flip_zone;h4_mitigation_ob_has_inducement;h4_mitigation_ob_swept_liquidity;h4_mitigation_ob_swept_liquidity_fractal;h4_mitigation_ob_swept_liquidity_fvg;h4_mitigation_ob_swept_liquidity_internal;h4_mitigation_ob_swept_liquidity_previous_candle;h4_mitigation_ob_swept_liquidity_swing;h4_mitigation_ob_within_daily_ob;h4_ob_target_caused_displacement;h4_ob_target_caused_imbalance;h4_ob_target_flip_zone;h4_ob_target_has_inducement;h4_ob_target_swept_liquidity;h4_ob_target_swept_liquidity_fractal;h4_ob_target_swept_liquidity_fvg;h4_ob_target_swept_liquidity_internal;h4_ob_target_swept_liquidity_previous_candle;h4_ob_target_swept_liquidity_swing;h4_ob_target_within_daily_ob
2021-10-01,Friday,london,2021-10-01 07:00:00+00:00,2021-10-01 08:00:00+00:00,bearish,0.68808,0.6896599999999999,0.6833400000000003,0.6896599999999999,0.0015799999999999148,26.166688314089708,loss,-1.0,sl,0.07594936708861738,-1.0,sl,False,0,1,0 days 01:00:00,2.700000000001035,True,25.0,17.9,3.0,2021-10-01 07:00:00+00:00,False,0.68946,0.68857,1,daily_mitigation_ob_caused_displacement;daily_mitigation_ob_caused_imbalance;daily_mitigation_ob_flip_zone;daily_mitigation_ob_has_inducement;daily_mitigation_ob_swept_liquidity;daily_mitigation_ob_swept_liquidity_fractal;daily_mitigation_ob_swept_liquidity_fvg;daily_mitigation_ob_swept_liquidity_internal;daily_mitigation_ob_swept_liquidity_previous_candle;daily_mitigation_ob_swept_liquidity_swing;daily_ob_target_caused_displacement;daily_ob_target_caused_imbalance;daily_ob_target_flip_zone;daily_ob_target_has_inducement;daily_ob_target_swept_liquidity;daily_ob_target_swept_liquidity_fractal;daily_ob_target_swept_liquidity_fvg;daily_ob_target_swept_liquidity_internal;daily_ob_target_swept_liquidity_previous_candle;daily_ob_target_swept_liquidity_swing;h1_mitigation_ob_flip_zone;h1_mitigation_ob_swept_liquidity_fractal;h1_mitigation_ob_swept_liquidity_fvg;h1_mitigation_ob_swept_liquidity_internal;h1_mitigation_ob_swept_liquidity_previous_candle;h1_mitigation_ob_swept_liquidity_swing;h1_ob_target_flip_zone;h1_ob_target_swept_liquidity;h1_ob_target_swept_liquidity_fractal;h1_ob_target_swept_liquidity_fvg;h1_ob_target_swept_liquidity_internal;h1_ob_target_swept_liquidity_swing;h4_mitigation_ob_caused_displacement;h4_mitigation_ob_caused_imbalance;h4_mitigation_ob_flip_zone;h4_mitigation_ob_has_inducement;h4_mitigation_ob_swept_liquidity;h4_mitigation_ob_swept_liquidity_fractal;h4_mitigation_ob_swept_liquidity_fvg;h4_mitigation_ob_swept_liquidity_internal;h4_mitigation_ob_swept_liquidity_previous_candle;h4_mitigation_ob_swept_liquidity_swing;h4_mitigation_ob_within_daily_ob;h4_ob_target_caused_displacement;h4_ob_target_caused_imbalance;h4_ob_target_flip_zone;h4_ob_target_has_inducement;h4_ob_target_swept_liquidity;h4_ob_target_swept_liquidity_fractal;h4_ob_target_swept_liquidity_fvg;h4_ob_target_swept_liquidity_internal;h4_ob_target_swept_liquidity_previous_candle;h4_ob_target_swept_liquidity_swing;h4_ob_target_within_daily_ob
2021-10-06,Wednesday,london,2021-10-06 06:00:00+00:00,2021-10-06 18:00:00+00:00,bearish,0.69183,0.6938099999999999,0.68589,0.69183,0.0019799999999999818,16.742767817500905,breakeven,0.0,be_stop,2.146464646464654,0.0,be_stop,True,1,12,0 days 12:00:00,1.9000000000002348,False,25.0,17.9,3.0,2021-10-06 06:00:00+00:00,False,0.69361,0.69284,1,daily_mitigation_ob_caused_displacement;daily_mitigation_ob_caused_imbalance;daily_mitigation_ob_flip_zone;daily_mitigation_ob_has_inducement;daily_mitigation_ob_swept_liquidity;daily_mitigation_ob_swept_liquidity_fractal;daily_mitigation_ob_swept_liquidity_fvg;daily_mitigation_ob_swept_liquidity_internal;daily_mitigation_ob_swept_liquidity_previous_candle;daily_mitigation_ob_swept_liquidity_swing;daily_ob_target_caused_displacement;daily_ob_target_caused_imbalance;daily_ob_target_flip_zone;daily_ob_target_has_inducement;daily_ob_target_swept_liquidity;daily_ob_target_swept_liquidity_fractal;daily_ob_target_swept_liquidity_fvg;daily_ob_target_swept_liquidity_internal;daily_ob_target_swept_liquidity_previous_candle;daily_ob_target_swept_liquidity_swing;h1_mitigation_ob_flip_zone;h1_mitigation_ob_swept_liquidity_fractal;h1_mitigation_ob_swept_liquidity_fvg;h1_mitigation_ob_swept_liquidity_internal;h1_mitigation_ob_swept_liquidity_previous_candle;h1_mitigation_ob_swept_liquidity_swing;h1_ob_target_flip_zone;h1_ob_target_swept_liquidity;h1_ob_target_swept_liquidity_fvg;h1_ob_target_swept_liquidity_internal;h1_ob_target_swept_liquidity_swing;h4_mitigation_ob_caused_displacement;h4_mitigation_ob_caused_imbalance;h4_mitigation_ob_flip_zone;h4_mitigation_ob_has_inducement;h4_mitigation_ob_swept_liquidity;h4_mitigation_ob_swept_liquidity_fractal;h4_mitigation_ob_swept_liquidity_fvg;h4_mitigation_ob_swept_liquidity_internal;h4_mitigation_ob_swept_liquidity_previous_candle;h4_mitigation_ob_swept_liquidity_swing;h4_mitigation_ob_within_daily_ob;h4_ob_target_flip_zone;h4_ob_target_swept_liquidity_fractal;h4_ob_target_swept_liquidity_fvg;h4_ob_target_swept_liquidity_internal;h4_ob_target_swept_liquidity_previous_candle;h4_ob_target_swept_liquidity_swing
2021-10-06,Wednesday,london,2021-10-06 08:00:00+00:00,2021-10-06 09:00:00+00:00,bullish,0.68831,0.68799,0.6892699999999999,0.68799,0.00031999999999998696,-2.829442313846961,loss,-1.0,sl,0.0,-1.0,sl,False,0,1,0 days 01:00:00,2.7999999999994696,False,25.0,17.9,3.0,2021-10-06 08:00:00+00:00,False,0.68923,0.68819,1,daily_mitigation_ob_caused_displacement;daily_mitigation_ob_caused_imbalance;daily_mitigation_ob_flip_zone;daily_mitigation_ob_has_inducement;daily_mitigation_ob_swept_liquidity;daily_mitigation_ob_swept_liquidity_fractal;daily_mitigation_ob_swept_liquidity_fvg;daily_mitigation_ob_swept_liquidity_internal;daily_mitigation_ob_swept_liquidity_previous_candle;daily_mitigation_ob_swept_liquidity_swing;daily_ob_target_caused_displacement;daily_ob_target_caused_imbalance;daily_ob_target_flip_zone;daily_ob_target_has_inducement;daily_ob_target_swept_liquidity;daily_ob_target_swept_liquidity_fractal;daily_ob_target_swept_liquidity_fvg;daily_ob_target_swept_liquidity_internal;daily_ob_target_swept_liquidity_previous_candle;daily_ob_target_swept_liquidity_swing;h1_mitigation_ob_flip_zone;h1_mitigation_ob_swept_liquidity;h1_mitigation_ob_swept_liquidity_fvg;h1_mitigation_ob_swept_liquidity_internal;h1_mitigation_ob_swept_liquidity_swing;h1_ob_target_caused_displacement;h1_ob_target_caused_imbalance;h1_ob_target_flip_zone;h1_ob_target_has_inducement;h1_ob_target_swept_liquidity;h1_ob_target_swept_liquidity_fractal;h1_ob_target_swept_liquidity_fvg;h1_ob_target_swept_liquidity_internal;h1_ob_target_swept_liquidity_previous_candle;h1_ob_target_swept_liquidity_swing;h1_ob_target_within_h4_ob;h4_mitigation_ob_flip_zone;h4_mitigation_ob_swept_liquidity_fractal;h4_mitigation_ob_swept_liquidity_fvg;h4_mitigation_ob_swept_liquidity_internal;h4_mitigation_ob_swept_liquidity_previous_candle;h4_mitigation_ob_swept_liquidity_swing;h4_ob_target_caused_displacement;h4_ob_target_caused_imbalance;h4_ob_target_flip_zone;h4_ob_target_has_inducement;h4_ob_target_swept_liquidity;h4_ob_target_swept_liquidity_fractal;h4_ob_target_swept_liquidity_fvg;h4_ob_target_swept_liquidity_internal;h4_ob_target_swept_liquidity_previous_candle;h4_ob_target_swept_liquidity_swing;h4_ob_target_within_daily_ob
2021-10-08,Friday,ny,2021-10-08 13:00:00+00:00,2021-10-08 18:00:00+00:00,bearish,0.69364,0.69682,0.6841000000000002,0.69298,0.0031799999999999606,15.056613154933643,win,0.2075471698113214,friday_close,0.5,0.2075471698113214,friday_close,False,0,5,0 days 05:00:00,0.0,False,25.0,17.9,3.0,2021-10-08 13:00:00+00:00,False,0.69662,0.69596,1,daily_mitigation_ob_caused_displacement;daily_mitigation_ob_caused_imbalance;daily_mitigation_ob_flip_zone;daily_mitigation_ob_has_inducement;daily_mitigation_ob_swept_liquidity;daily_mitigation_ob_swept_liquidity_fractal;daily_mitigation_ob_swept_liquidity_fvg;daily_mitigation_ob_swept_liquidity_internal;daily_mitigation_ob_swept_liquidity_previous_candle;daily_mitigation_ob_swept_liquidity_swing;daily_ob_target_caused_displacement;daily_ob_target_caused_imbalance;daily_ob_target_flip_zone;daily_ob_target_has_inducement;daily_ob_target_swept_liquidity;daily_ob_target_swept_liquidity_fractal;daily_ob_target_swept_liquidity_fvg;daily_ob_target_swept_liquidity_internal;daily_ob_target_swept_liquidity_previous_candle;daily_ob_target_swept_liquidity_swing;h1_mitigation_ob_flip_zone;h1_mitigation_ob_swept_liquidity;h1_mitigation_ob_swept_liquidity_fvg;h1_mitigation_ob_swept_liquidity_internal;h1_mitigation_ob_swept_liquidity_previous_candle;h1_mitigation_ob_swept_liquidity_swing;h1_ob_target_flip_zone;h1_ob_target_swept_liquidity;h1_ob_target_swept_liquidity_fractal;h1_ob_target_swept_liquidity_internal;h1_ob_target_swept_liquidity_previous_candle;h1_ob_target_swept_liquidity_swing;h4_mitigation_ob_flip_zone;h4_mitigation_ob_swept_liquidity_fractal;h4_mitigation_ob_swept_liquidity_fvg;h4_mitigation_ob_swept_liquidity_internal;h4_mitigation_ob_swept_liquidity_previous_candle;h4_mitigation_ob_swept_liquidity_swing;h4_ob_target_caused_displacement;h4_ob_target_caused_imbalance;h4_ob_target_flip_zone;h4_ob_target_has_inducement;h4_ob_target_swept_liquidity;h4_ob_target_swept_liquidity_fractal;h4_ob_target_swept_liquidity_fvg;h4_ob_target_swept_liquidity_internal;h4_ob_target_swept_liquidity_previous_candle;h4_ob_target_swept_liquidity_swing;h4_ob_target_within_daily_ob
2021-10-14,Thursday,london,2021-10-14 06:00:00+00:00,2021-10-15 14:00:00+00:00,bullish,0.69931,0.69664,0.7073199999999998,0.7073199999999998,0.00266999999999995,20.82900878868458,win,3.0,tp,3.1310861423221685,2.9138576779026795,friday_close,True,1,32,1 days 08:00:00,0.0,False,25.0,17.9,3.0,2021-10-14 05:00:00+00:00,True,0.69778,0.69684,1,daily_mitigation_ob_caused_displacement;daily_mitigation_ob_caused_imbalance;daily_mitigation_ob_flip_zone;daily_mitigation_ob_has_inducement;daily_mitigation_ob_swept_liquidity;daily_mitigation_ob_swept_liquidity_fractal;daily_mitigation_ob_swept_liquidity_fvg;daily_mitigation_ob_swept_liquidity_internal;daily_mitigation_ob_swept_liquidity_previous_candle;daily_mitigation_ob_swept_liquidity_swing;daily_ob_target_flip_zone;daily_ob_target_swept_liquidity;daily_ob_target_swept_liquidity_fractal;daily_ob_target_swept_liquidity_internal;daily_ob_target_swept_liquidity_swing;h1_mitigation_ob_flip_zone;h1_mitigation_ob_swept_liquidity_fractal;h1_mitigation_ob_swept_liquidity_fvg;h1_mitigation_ob_swept_liquidity_internal;h1_mitigation_ob_swept_liquidity_previous_candle;h1_mitigation_ob_swept_liquidity_swing;h1_ob_target_flip_zone;h1_ob_target_swept_liquidity;h1_ob_target_swept_liquidity_fvg;h1_ob_target_swept_liquidity_internal;h1_ob_target_swept_liquidity_previous_candle;h1_ob_target_swept_liquidity_swing;h4_mitigation_ob_caused_displacement;h4_mitigation_ob_caused_imbalance;h4_mitigation_ob_flip_zone;h4_mitigation_ob_has_inducement;h4_mitigation_ob_swept_liquidity;h4_mitigation_ob_swept_liquidity_fractal;h4_mitigation_ob_swept_liquidity_fvg;h4_mitigation_ob_swept_liquidity_internal;h4_mitigation_ob_swept_liquidity_previous_candle;h4_mitigation_ob_swept_liquidity_swing;h4_mitigation_ob_within_daily_ob;h4_ob_target_flip_zone;h4_ob_target_swept_liquidity;h4_ob_target_swept_liquidity_fractal;h4_ob_target_swept_liquidity_fvg;h4_ob_target_swept_liquidity_internal;h4_ob_target_swept_liquidity_swing
2021-10-15,Friday,london,2021-10-15 06:00:00+00:00,2021-10-15 14:00:00+00:00,bearish,0.70608,0.70702,0.7032600000000002,0.70702,0.0009399999999999409,-7.633131871544831,loss,-1.0,sl,1.702127659574624,-1.0,sl,False,0,8,0 days 08:00:00,4.00000000000067,False,25.0,17.9,3.0,2021-10-15 06:00:00+00:00,False,0.70682,0.70559,1,daily_mitigation_ob_caused_displacement;daily_mitigation_ob_caused_imbalance;daily_mitigation_ob_flip_zone;daily_mitigation_ob_has_inducement;daily_mitigation_ob_swept_liquidity;daily_mitigation_ob_swept_liquidity_fractal;daily_mitigation_ob_swept_liquidity_fvg;daily_mitigation_ob_swept_liquidity_internal;daily_mitigation_ob_swept_liquidity_previous_candle;daily_mitigation_ob_swept_liquidity_swing;daily_ob_target_caused_displacement;daily_ob_target_caused_imbalance;daily_ob_target_flip_zone;daily_ob_target_has_inducement;daily_ob_target_swept_liquidity;daily_ob_target_swept_liquidity_fractal;daily_ob_target_swept_liquidity_fvg;daily_ob_target_swept_liquidity_internal;daily_ob_target_swept_liquidity_previous_candle;daily_ob_target_swept_liquidity_swing;h1_mitigation_ob_flip_zone;h1_mitigation_ob_swept_liquidity_fractal;h1_mitigation_ob_swept_liquidity_fvg;h1_mitigation_ob_swept_liquidity_internal;h1_mitigation_ob_swept_liquidity_previous_candle;h1_mitigation_ob_swept_liquidity_swing;h1_ob_target_flip_zone;h1_ob_target_swept_liquidity_fractal;h1_ob_target_swept_liquidity_fvg;h1_ob_target_swept_liquidity_internal;h1_ob_target_swept_liquidity_previous_candle;h1_ob_target_swept_liquidity_swing;h4_mitigation_ob_flip_zone;h4_mitigation_ob_swept_liquidity_fractal;h4_mitigation_ob_swept_liquidity_fvg;h4_mitigation_ob_swept_liquidity_internal;h4_mitigation_ob_swept_liquidity_previous_candle;h4_mitigation_ob_swept_liquidity_swing;h4_ob_target_caused_displacement;h4_ob_target_caused_imbalance;h4_ob_target_flip_zone;h4_ob_target_has_inducement;h4_ob_target_swept_liquidity;h4_ob_target_swept_liquidity_fractal;h4_ob_target_swept_liquidity_fvg;h4_ob_target_swept_liquidity_internal;h4_ob_target_swept_liquidity_previous_candle;h4_ob_target_swept_liquidity_swing;h4_ob_target_within_daily_ob
2021-10-15,Friday,london,2021-10-15 08:00:00+00:00,2021-10-15 15:00:00+00:00,bearish,0.70512,0.70753,0.6978899999999999,0.70753,0.0024100000000000232,-7.486965455756541,loss,-1.0,sl,0.26556016597509036,-1.0,sl,False,0,7,0 days 07:00:00,1.40000000000029,False,25.0,17.9,3.0,2021-10-15 08:00:00+00:00,False,0.70733,0.70643,1,daily_mitigation_ob_caused_displacement;daily_mitigation_ob_caused_imbalance;daily_mitigation_ob_flip_zone;daily_mitigation_ob_has_inducement;daily_mitigation_ob_swept_liquidity;daily_mitigation_ob_swept_liquidity_fractal;daily_mitigation_ob_swept_liquidity_fvg;daily_mitigation_ob_swept_liquidity_internal;daily_mitigation_ob_swept_liquidity_previous_candle;daily_mitigation_ob_swept_liquidity_swing;daily_ob_target_flip_zone;daily_ob_target_swept_liquidity;daily_ob_target_swept_liquidity_fractal;daily_ob_target_swept_liquidity_internal;daily_ob_target_swept_liquidity_previous_candle;daily_ob_target_swept_liquidity_swing;h1_mitigation_ob_flip_zone;h1_mitigation_ob_swept_liquidity_fractal;h1_mitigation_ob_swept_liquidity_fvg;h1_mitigation_ob_swept_liquidity_internal;h1_mitigation_ob_swept_liquidity_previous_candle;h1_mitigation_ob_swept_liquidity_swing;h1_ob_target_flip_zone;h1_ob_target_swept_liquidity_fractal;h1_ob_target_swept_liquidity_fvg;h1_ob_target_swept_liquidity_internal;h1_ob_target_swept_liquidity_previous_candle;h1_ob_target_swept_liquidity_swing;h4_mitigation_ob_caused_displacement;h4_mitigation_ob_caused_imbalance;h4_mitigation_ob_flip_zone;h4_mitigation_ob_has_inducement;h4_mitigation_ob_swept_liquidity;h4_mitigation_ob_swept_liquidity_fractal;h4_mitigation_ob_swept_liquidity_fvg;h4_mitigation_ob_swept_liquidity_internal;h4_mitigation_ob_swept_liquidity_previous_candle;h4_mitigation_ob_swept_liquidity_swing;h4_mitigation_ob_within_daily_ob;h4_ob_target_flip_zone;h4_ob_target_swept_liquidity_fractal;h4_ob_target_swept_liquidity_fvg;h4_ob_target_swept_liquidity_internal;h4_ob_target_swept_liquidity_previous_candle;h4_ob_target_swept_liquidity_swing
2021-10-21,Thursday,london,2021-10-21 08:00:00+00:00,2021-10-21 14:00:00+00:00,bullish,0.71773,0.71624,0.7222,0.71624,0.0014899999999999913,13.523763296116934,loss,-1.0,sl,0.3691275167785595,-1.0,sl,False,0,6,0 days 06:00:00,0.0999999999995449,False,25.0,17.9,3.0,2021-10-21 08:00:00+00:00,False,0.71735,0.71644,1,daily_mitigation_ob_caused_displacement;daily_mitigation_ob_caused_imbalance;daily_mitigation_ob_flip_zone;daily_mitigation_ob_has_inducement;daily_mitigation_ob_swept_liquidity;daily_mitigation_ob_swept_liquidity_fractal;daily_mitigation_ob_swept_liquidity_fvg;daily_mitigation_ob_swept_liquidity_internal;daily_mitigation_ob_swept_liquidity_previous_candle;daily_mitigation_ob_swept_liquidity_swing;daily_ob_target_flip_zone;daily_ob_target_swept_liquidity;daily_ob_target_swept_liquidity_fractal;daily_ob_target_swept_liquidity_fvg;daily_ob_target_swept_liquidity_internal;daily_ob_target_swept_liquidity_swing;h1_mitigation_ob_flip_zone;h1_mitigation_ob_swept_liquidity_fractal;h1_mitigation_ob_swept_liquidity_fvg;h1_mitigation_ob_swept_liquidity_internal;h1_mitigation_ob_swept_liquidity_previous_candle;h1_mitigation_ob_swept_liquidity_swing;h1_ob_target_flip_zone;h1_ob_target_swept_liquidity_fractal;h1_ob_target_swept_liquidity_fvg;h1_ob_target_swept_liquidity_internal;h1_ob_target_swept_liquidity_previous_candle;h1_ob_target_swept_liquidity_swing;h4_mitigation_ob_caused_displacement;h4_mitigation_ob_caused_imbalance;h4_mitigation_ob_flip_zone;h4_mitigation_ob_has_inducement;h4_mitigation_ob_swept_liquidity;h4_mitigation_ob_swept_liquidity_fractal;h4_mitigation_ob_swept_liquidity_fvg;h4_mitigation_ob_swept_liquidity_internal;h4_mitigation_ob_swept_liquidity_previous_candle;h4_mitigation_ob_swept_liquidity_swing;h4_mitigation_ob_within_daily_ob;h4_ob_target_caused_displacement;h4_ob_target_caused_imbalance;h4_ob_target_flip_zone;h4_ob_target_has_inducement;h4_ob_target_swept_liquidity;h4_ob_target_swept_liquidity_fractal;h4_ob_target_swept_liquidity_fvg;h4_ob_target_swept_liquidity_internal;h4_ob_target_swept_liquidity_previous_candle;h4_ob_target_swept_liquidity_swing;h4_ob_target_within_daily_ob
2021-10-21,Thursday,ny,2021-10-21 13:00:00+00:00,2021-10-21 14:00:00+00:00,bullish,0.7167,0.71624,0.71808,0.71624,0.00046000000000001595,1.251767974351056,loss,-1.0,sl,0.0,-1.0,sl,False,0,1,0 days 01:00:00,0.0999999999995449,False,25.0,17.9,3.0,2021-10-21 13:00:00+00:00,False,0.71735,0.71644,2,daily_mitigation_ob_caused_displacement;daily_mitigation_ob_caused_imbalance;daily_mitigation_ob_flip_zone;daily_mitigation_ob_has_inducement;daily_mitigation_ob_swept_liquidity;daily_mitigation_ob_swept_liquidity_fractal;daily_mitigation_ob_swept_liquidity_fvg;daily_mitigation_ob_swept_liquidity_internal;daily_mitigation_ob_swept_liquidity_previous_candle;daily_mitigation_ob_swept_liquidity_swing;daily_ob_target_caused_displacement;daily_ob_target_caused_imbalance;daily_ob_target_flip_zone;daily_ob_target_has_inducement;daily_ob_target_swept_liquidity;daily_ob_target_swept_liquidity_fractal;daily_ob_target_swept_liquidity_fvg;daily_ob_target_swept_liquidity_internal;daily_ob_target_swept_liquidity_previous_candle;daily_ob_target_swept_liquidity_swing;h1_mitigation_ob_flip_zone;h1_mitigation_ob_swept_liquidity_fractal;h1_mitigation_ob_swept_liquidity_fvg;h1_mitigation_ob_swept_liquidity_internal;h1_mitigation_ob_swept_liquidity_previous_candle;h1_mitigation_ob_swept_liquidity_swing;h1_ob_target_flip_zone;h1_ob_target_swept_liquidity_fractal;h1_ob_target_swept_liquidity_fvg;h1_ob_target_swept_liquidity_internal;h1_ob_target_swept_liquidity_previous_candle;h1_ob_target_swept_liquidity_swing;h4_mitigation_ob_caused_displacement;h4_mitigation_ob_caused_imbalance;h4_mitigation_ob_flip_zone;h4_mitigation_ob_has_inducement;h4_mitigation_ob_swept_liquidity;h4_mitigation_ob_swept_liquidity_fractal;h4_mitigation_ob_swept_liquidity_fvg;h4_mitigation_ob_swept_liquidity_internal;h4_mitigation_ob_swept_liquidity_previous_candle;h4_mitigation_ob_swept_liquidity_swing;h4_mitigation_ob_within_daily_ob;h4_ob_target_caused_displacement;h4_ob_target_caused_imbalance;h4_ob_target_flip_zone;h4_ob_target_has_inducement;h4_ob_target_swept_liquidity;h4_ob_target_swept_liquidity_fractal;h4_ob_target_swept_liquidity_fvg;h4_ob_target_swept_liquidity_internal;h4_ob_target_swept_liquidity_previous_candle;h4_ob_target_swept_liquidity_swing;h4_ob_target_within_daily_ob
2021-10-25,Monday,ny,2021-10-25 11:00:00+00:00,2021-10-25 12:00:00+00:00,bearish,0.71475,0.7155699999999999,0.7122900000000002,0.7155699999999999,0.0008199999999999319,7.300649530376166,loss,-1.0,sl,0.2804878048780141,-1.0,sl,False,0,1,0 days 01:00:00,1.9000000000002348,False,25.0,17.9,3.0,2021-10-25 11:00:00+00:00,False,0.71537,0.71473,1,daily_mitigation_ob_caused_displacement;daily_mitigation_ob_caused_imbalance;daily_mitigation_ob_flip_zone;daily_mitigation_ob_has_inducement;daily_mitigation_ob_swept_liquidity;daily_mitigation_ob_swept_liquidity_fractal;daily_mitigation_ob_swept_liquidity_fvg;daily_mitigation_ob_swept_liquidity_internal;daily_mitigation_ob_swept_liquidity_previous_candle;daily_mitigation_ob_swept_liquidity_swing;daily_ob_target_flip_zone;daily_ob_target_swept_liquidity;daily_ob_target_swept_liquidity_fvg;daily_ob_target_swept_liquidity_internal;daily_ob_target_swept_liquidity_swing;h1_mitigation_ob_flip_zone;h1_mitigation_ob_swept_liquidity;h1_mitigation_ob_swept_liquidity_fvg;h1_mitigation_ob_swept_liquidity_internal;h1_mitigation_ob_swept_liquidity_previous_candle;h1_mitigation_ob_swept_liquidity_swing;h1_ob_target_caused_displacement;h1_ob_target_caused_imbalance;h1_ob_target_flip_zone;h1_ob_target_has_inducement;h1_ob_target_swept_liquidity;h1_ob_target_swept_liquidity_fractal;h1_ob_target_swept_liquidity_fvg;h1_ob_target_swept_liquidity_internal;h1_ob_target_swept_liquidity_previous_candle;h1_ob_target_swept_liquidity_swing;h1_ob_target_within_h4_ob;h4_mitigation_ob_caused_displacement;h4_mitigation_ob_caused_imbalance;h4_mitigation_ob_flip_zone;h4_mitigation_ob_has_inducement;h4_mitigation_ob_swept_liquidity;h4_mitigation_ob_swept_liquidity_fractal;h4_mitigation_ob_swept_liquidity_fvg;h4_mitigation_ob_swept_liquidity_internal;h4_mitigation_ob_swept_liquidity_previous_candle;h4_mitigation_ob_swept_liquidity_swing;h4_mitigation_ob_within_daily_ob;h4_ob_target_caused_displacement;h4_ob_target_caused_imbalance;h4_ob_target_flip_zone;h4_ob_target_has_inducement;h4_ob_target_swept_liquidity;h4_ob_target_swept_liquidity_fractal;h4_ob_target_swept_liquidity_fvg;h4_ob_target_swept_liquidity_internal;h4_ob_target_swept_liquidity_previous_candle;h4_ob_target_swept_liquidity_swing;h4_ob_target_within_daily_ob
2021-10-26,Tuesday,london,2021-10-26 06:00:00+00:00,2021-10-26 07:00:00+00:00,bullish,0.71726,0.71553,0.72245,0.71553,0.0017300000000000093,23.415289890168218,loss,-1.0,sl,0.16184971098262743,-1.0,sl,False,0,1,0 days 01:00:00,2.9000000000001247,False,25.0,17.9,3.0,2021-10-26 05:00:00+00:00,True,0.71692,0.71573,1,daily_mitigation_ob_caused_displacement;daily_mitigation_ob_caused_imbalance;daily_mitigation_ob_flip_zone;daily_mitigation_ob_has_inducement;daily_mitigation_ob_swept_liquidity;daily_mitigation_ob_swept_liquidity_fractal;daily_mitigation_ob_swept_liquidity_fvg;daily_mitigation_ob_swept_liquidity_internal;daily_mitigation_ob_swept_liquidity_previous_candle;daily_mitigation_ob_swept_liquidity_swing;daily_ob_target_flip_zone;daily_ob_target_swept_liquidity;daily_ob_target_swept_liquidity_fractal;daily_ob_target_swept_liquidity_fvg;daily_ob_target_swept_liquidity_internal;daily_ob_target_swept_liquidity_swing;h1_mitigation_ob_flip_zone;h1_mitigation_ob_swept_liquidity_fractal;h1_mitigation_ob_swept_liquidity_fvg;h1_mitigation_ob_swept_liquidity_internal;h1_mitigation_ob_swept_liquidity_previous_candle;h1_mitigation_ob_swept_liquidity_swing;h1_ob_target_flip_zone;h1_ob_target_swept_liquidity_fractal;h1_ob_target_swept_liquidity_fvg;h1_ob_target_swept_liquidity_internal;h1_ob_target_swept_liquidity_previous_candle;h1_ob_target_swept_liquidity_swing;h4_mitigation_ob_caused_displacement;h4_mitigation_ob_caused_imbalance;h4_mitigation_ob_flip_zone;h4_mitigation_ob_has_inducement;h4_mitigation_ob_swept_liquidity;h4_mitigation_ob_swept_liquidity_fractal;h4_mitigation_ob_swept_liquidity_fvg;h4_mitigation_ob_swept_liquidity_internal;h4_mitigation_ob_swept_liquidity_previous_candle;h4_mitigation_ob_swept_liquidity_swing;h4_mitigation_ob_within_daily_ob;h4_ob_target_caused_displacement;h4_ob_target_caused_imbalance;h4_ob_target_flip_zone;h4_ob_target_has_inducement;h4_ob_target_swept_liquidity;h4_ob_target_swept_liquidity_fractal;h4_ob_target_swept_liquidity_fvg;h4_ob_target_swept_liquidity_internal;h4_ob_target_swept_liquidity_previous_candle;h4_ob_target_swept_liquidity_swing;h4_ob_target_within_daily_ob
2021-10-26,Tuesday,ny,2021-10-26 11:00:00+00:00,2021-10-26 12:00:00+00:00,bearish,0.71843,0.71906,0.71654,0.71906,0.0006300000000000194,12.393115276202996,loss,-1.0,sl,1.0,-1.0,sl,False,0,1,0 days 01:00:00,1.0999999999994348,False,25.0,17.9,3.0,2021-10-26 11:00:00+00:00,False,0.71886,0.71785,1,daily_mitigation_ob_caused_displacement;daily_mitigation_ob_caused_imbalance;daily_mitigation_ob_flip_zone;daily_mitigation_ob_has_inducement;daily_mitigation_ob_swept_liquidity;daily_mitigation_ob_swept_liquidity_fractal;daily_mitigation_ob_swept_liquidity_fvg;daily_mitigation_ob_swept_liquidity_internal;daily_mitigation_ob_swept_liquidity_previous_candle;daily_mitigation_ob_swept_liquidity_swing;daily_ob_target_caused_displacement;daily_ob_target_caused_imbalance;daily_ob_target_flip_zone;daily_ob_target_has_inducement;daily_ob_target_swept_liquidity;daily_ob_target_swept_liquidity_fractal;daily_ob_target_swept_liquidity_fvg;daily_ob_target_swept_liquidity_internal;daily_ob_target_swept_liquidity_previous_candle;daily_ob_target_swept_liquidity_swing;h1_mitigation_ob_flip_zone;h1_mitigation_ob_swept_liquidity_fractal;h1_mitigation_ob_swept_liquidity_fvg;h1_mitigation_ob_swept_liquidity_internal;h1_mitigation_ob_swept_liquidity_previous_candle;h1_mitigation_ob_swept_liquidity_swing;h1_ob_target_flip_zone;h1_ob_target_swept_liquidity_fractal;h1_ob_target_swept_liquidity_fvg;h1_ob_target_swept_liquidity_internal;h1_ob_target_swept_liquidity_previous_candle;h1_ob_target_swept_liquidity_swing;h4_mitigation_ob_caused_displacement;h4_mitigation_ob_caused_imbalance;h4_mitigation_ob_flip_zone;h4_mitigation_ob_has_inducement;h4_mitigation_ob_swept_liquidity;h4_mitigation_ob_swept_liquidity_fractal;h4_mitigation_ob_swept_liquidity_fvg;h4_mitigation_ob_swept_liquidity_internal;h4_mitigation_ob_swept_liquidity_previous_candle;h4_mitigation_ob_swept_liquidity_swing;h4_mitigation_ob_within_daily_ob;h4_ob_target_caused_displacement;h4_ob_target_caused_imbalance;h4_ob_target_flip_zone;h4_ob_target_has_inducement;h4_ob_target_swept_liquidity;h4_ob_target_swept_liquidity_fractal;h4_ob_target_swept_liquidity_fvg;h4_ob_target_swept_liquidity_internal;h4_ob_target_swept_liquidity_previous_candle;h4_ob_target_swept_liquidity_swing;h4_ob_target_within_daily_ob
2021-10-29,Friday,ny,2021-10-29 11:00:00+00:00,2021-10-29 12:00:00+00:00,bullish,0.71637,0.71564,0.7185599999999996,0.71564,0.0007299999999998974,34.4032886819481,loss,-1.0,sl,0.24657534246588259,-1.0,sl,False,0,1,0 days 01:00:00,12.000000000000899,True,25.0,17.9,3.0,2021-10-29 10:00:00+00:00,True,0.71714,0.71584,1,daily_mitigation_ob_caused_displacement;daily_mitigation_ob_caused_imbalance;daily_mitigation_ob_flip_zone;daily_mitigation_ob_has_inducement;daily_mitigation_ob_swept_liquidity;daily_mitigation_ob_swept_liquidity_fractal;daily_mitigation_ob_swept_liquidity_fvg;daily_mitigation_ob_swept_liquidity_internal;daily_mitigation_ob_swept_liquidity_previous_candle;daily_mitigation_ob_swept_liquidity_swing;daily_ob_target_caused_displacement;daily_ob_target_caused_imbalance;daily_ob_target_flip_zone;daily_ob_target_has_inducement;daily_ob_target_swept_liquidity;daily_ob_target_swept_liquidity_fractal;daily_ob_target_swept_liquidity_fvg;daily_ob_target_swept_liquidity_internal;daily_ob_target_swept_liquidity_previous_candle;daily_ob_target_swept_liquidity_swing;h1_mitigation_ob_flip_zone;h1_mitigation_ob_swept_liquidity;h1_mitigation_ob_swept_liquidity_fvg;h1_mitigation_ob_swept_liquidity_internal;h1_mitigation_ob_swept_liquidity_swing;h1_ob_target_flip_zone;h1_ob_target_swept_liquidity;h1_ob_target_swept_liquidity_fractal;h1_ob_target_swept_liquidity_fvg;h1_ob_target_swept_liquidity_internal;h1_ob_target_swept_liquidity_swing;h4_mitigation_ob_flip_zone;h4_mitigation_ob_swept_liquidity;h4_mitigation_ob_swept_liquidity_fractal;h4_mitigation_ob_swept_liquidity_internal;h4_mitigation_ob_swept_liquidity_previous_candle;h4_mitigation_ob_swept_liquidity_swing;h4_ob_target_caused_displacement;h4_ob_target_caused_imbalance;h4_ob_target_flip_zone;h4_ob_target_has_inducement;h4_ob_target_swept_liquidity;h4_ob_target_swept_liquidity_fractal;h4_ob_target_swept_liquidity_fvg;h4_ob_target_swept_liquidity_internal;h4_ob_target_swept_liquidity_previous_candle;h4_ob_target_swept_liquidity_swing;h4_ob_target_within_daily_ob
2021-10-29,Friday,ny,2021-10-29 13:00:00+00:00,2021-10-29 14:00:00+00:00,bullish,0.71449,0.7137600000000001,0.7166799999999997,0.7137600000000001,0.0007299999999998974,29.479527287873914,loss,-1.0,sl,0.45205479452068337,-1.0,sl,False,0,1,0 days 01:00:00,2.20000000000109,True,25.0,17.9,3.0,2021-10-29 13:00:00+00:00,False,0.71477,0.71396,1,daily_mitigation_ob_caused_displacement;daily_mitigation_ob_caused_imbalance;daily_mitigation_ob_flip_zone;daily_mitigation_ob_has_inducement;daily_mitigation_ob_swept_liquidity;daily_mitigation_ob_swept_liquidity_fractal;daily_mitigation_ob_swept_liquidity_fvg;daily_mitigation_ob_swept_liquidity_internal;daily_mitigation_ob_swept_liquidity_previous_candle;daily_mitigation_ob_swept_liquidity_swing;daily_ob_target_caused_displacement;daily_ob_target_caused_imbalance;daily_ob_target_flip_zone;daily_ob_target_has_inducement;daily_ob_target_swept_liquidity;daily_ob_target_swept_liquidity_fractal;daily_ob_target_swept_liquidity_fvg;daily_ob_target_swept_liquidity_internal;daily_ob_target_swept_liquidity_previous_candle;daily_ob_target_swept_liquidity_swing;h1_mitigation_ob_flip_zone;h1_mitigation_ob_swept_liquidity_fractal;h1_mitigation_ob_swept_liquidity_fvg;h1_mitigation_ob_swept_liquidity_internal;h1_mitigation_ob_swept_liquidity_previous_candle;h1_mitigation_ob_swept_liquidity_swing;h1_ob_target_flip_zone;h1_ob_target_swept_liquidity_fractal;h1_ob_target_swept_liquidity_fvg;h1_ob_target_swept_liquidity_internal;h1_ob_target_swept_liquidity_previous_candle;h1_ob_target_swept_liquidity_swing;h4_mitigation_ob_caused_displacement;h4_mitigation_ob_caused_imbalance;h4_mitigation_ob_flip_zone;h4_mitigation_ob_has_inducement;h4_mitigation_ob_swept_liquidity;h4_mitigation_ob_swept_liquidity_fractal;h4_mitigation_ob_swept_liquidity_fvg;h4_mitigation_ob_swept_liquidity_internal;h4_mitigation_ob_swept_liquidity_previous_candle;h4_mitigation_ob_swept_liquidity_swing;h4_mitigation_ob_within_daily_ob;h4_ob_target_caused_displacement;h4_ob_target_caused_imbalance;h4_ob_target_flip_zone;h4_ob_target_has_inducement;h4_ob_target_swept_liquidity;h4_ob_target_swept_liquidity_fractal;h4_ob_target_swept_liquidity_fvg;h4_ob_target_swept_liquidity_internal;h4_ob_target_swept_liquidity_previous_candle;h4_ob_target_swept_liquidity_swing;h4_ob_target_within_daily_ob
2021-11-01,Monday,london,2021-11-01 07:00:00+00:00,2021-11-01 11:00:00+00:00,bearish,0.71664,0.7190099999999999,0.7095300000000004,0.7190099999999999,0.002369999999999872,-7.809554323808755,loss,-1.0,sl,0.033755274261638955,-1.0,sl,False,0,4,0 days 04:00:00,2.00000000000089,False,25.0,17.9,3.0,2021-11-01 06:00:00+00:00,True,0.71881,0.71775,2,daily_mitigation_ob_caused_displacement;daily_mitigation_ob_caused_imbalance;daily_mitigation_ob_flip_zone;daily_mitigation_ob_has_inducement;daily_mitigation_ob_swept_liquidity;daily_mitigation_ob_swept_liquidity_fractal;daily_mitigation_ob_swept_liquidity_fvg;daily_mitigation_ob_swept_liquidity_internal;daily_mitigation_ob_swept_liquidity_previous_candle;daily_mitigation_ob_swept_liquidity_swing;daily_ob_target_flip_zone;daily_ob_target_swept_liquidity;daily_ob_target_swept_liquidity_fvg;daily_ob_target_swept_liquidity_internal;daily_ob_target_swept_liquidity_swing;h1_mitigation_ob_flip_zone;h1_mitigation_ob_swept_liquidity;h1_mitigation_ob_swept_liquidity_fractal;h1_mitigation_ob_swept_liquidity_fvg;h1_mitigation_ob_swept_liquidity_internal;h1_mitigation_ob_swept_liquidity_swing;h1_ob_target_flip_zone;h1_ob_target_swept_liquidity_fractal;h1_ob_target_swept_liquidity_fvg;h1_ob_target_swept_liquidity_internal;h1_ob_target_swept_liquidity_previous_candle;h1_ob_target_swept_liquidity_swing;h4_mitigation_ob_caused_displacement;h4_mitigation_ob_caused_imbalance;h4_mitigation_ob_flip_zone;h4_mitigation_ob_has_inducement;h4_mitigation_ob_swept_liquidity;h4_mitigation_ob_swept_liquidity_fractal;h4_mitigation_ob_swept_liquidity_fvg;h4_mitigation_ob_swept_liquidity_internal;h4_mitigation_ob_swept_liquidity_previous_candle;h4_mitigation_ob_swept_liquidity_swing;h4_mitigation_ob_within_daily_ob;h4_ob_target_flip_zone;h4_ob_target_swept_liquidity;h4_ob_target_swept_liquidity_fractal;h4_ob_target_swept_liquidity_fvg;h4_ob_target_swept_liquidity_internal;h4_ob_target_swept_liquidity_swing
2021-11-01,Monday,ny,2021-11-01 14:00:00+00:00,2021-11-01 19:00:00+00:00,bullish,0.71883,0.71685,0.7247699999999999,0.71835,0.0019799999999999818,23.687148934568057,loss,-0.24242424242420674,cut_19h,0.42929292929294205,-0.24242424242420674,cut_19h,False,1,5,0 days 05:00:00,0.0,False,25.0,17.9,3.0,2021-11-01 14:00:00+00:00,False,0.71823,0.71705,1,daily_mitigation_ob_caused_displacement;daily_mitigation_ob_caused_imbalance;daily_mitigation_ob_flip_zone;daily_mitigation_ob_has_inducement;daily_mitigation_ob_swept_liquidity;daily_mitigation_ob_swept_liquidity_fractal;daily_mitigation_ob_swept_liquidity_fvg;daily_mitigation_ob_swept_liquidity_internal;daily_mitigation_ob_swept_liquidity_previous_candle;daily_mitigation_ob_swept_liquidity_swing;daily_ob_target_flip_zone;daily_ob_target_swept_liquidity;daily_ob_target_swept_liquidity_fractal;daily_ob_target_swept_liquidity_fvg;daily_ob_target_swept_liquidity_internal;daily_ob_target_swept_liquidity_swing;h1_mitigation_ob_flip_zone;h1_mitigation_ob_swept_liquidity_fractal;h1_mitigation_ob_swept_liquidity_fvg;h1_mitigation_ob_swept_liquidity_internal;h1_mitigation_ob_swept_liquidity_previous_candle;h1_mitigation_ob_swept_liquidity_swing;h1_ob_target_flip_zone;h1_ob_target_swept_liquidity;h1_ob_target_swept_liquidity_fvg;h1_ob_target_swept_liquidity_internal;h1_ob_target_swept_liquidity_previous_candle;h1_ob_target_swept_liquidity_swing;h4_mitigation_ob_caused_displacement;h4_mitigation_ob_caused_imbalance;h4_mitigation_ob_flip_zone;h4_mitigation_ob_has_inducement;h4_mitigation_ob_swept_liquidity;h4_mitigation_ob_swept_liquidity_fractal;h4_mitigation_ob_swept_liquidity_fvg;h4_mitigation_ob_swept_liquidity_internal;h4_mitigation_ob_swept_liquidity_previous_candle;h4_mitigation_ob_swept_liquidity_swing;h4_mitigation_ob_within_daily_ob;h4_ob_target_flip_zone;h4_ob_target_swept_liquidity;h4_ob_target_swept_liquidity_fractal;h4_ob_target_swept_liquidity_fvg;h4_ob_target_swept_liquidity_internal;h4_ob_target_swept_liquidity_swing
2021-11-03,Wednesday,london,2021-11-03 08:00:00+00:00,2021-11-03 10:00:00+00:00,bearish,0.71343,0.7142999999999999,0.7108200000000002,0.7142999999999999,0.0008699999999999264,20.722479080645716,loss,-1.0,sl,0.4022988505747024,-1.0,sl,False,0,2,0 days 02:00:00,1.60000000000049,False,25.0,17.9,3.0,2021-11-03 08:00:00+00:00,False,0.7141,0.7129,2,daily_mitigation_ob_caused_displacement;daily_mitigation_ob_caused_imbalance;daily_mitigation_ob_flip_zone;daily_mitigation_ob_has_inducement;daily_mitigation_ob_swept_liquidity;daily_mitigation_ob_swept_liquidity_fractal;daily_mitigation_ob_swept_liquidity_fvg;daily_mitigation_ob_swept_liquidity_internal;daily_mitigation_ob_swept_liquidity_previous_candle;daily_mitigation_ob_swept_liquidity_swing;daily_ob_target_caused_displacement;daily_ob_target_caused_imbalance;daily_ob_target_flip_zone;daily_ob_target_has_inducement;daily_ob_target_swept_liquidity;daily_ob_target_swept_liquidity_fractal;daily_ob_target_swept_liquidity_fvg;daily_ob_target_swept_liquidity_internal;daily_ob_target_swept_liquidity_previous_candle;daily_ob_target_swept_liquidity_swing;h1_mitigation_ob_flip_zone;h1_mitigation_ob_swept_liquidity_fractal;h1_mitigation_ob_swept_liquidity_fvg;h1_mitigation_ob_swept_liquidity_internal;h1_mitigation_ob_swept_liquidity_previous_candle;h1_mitigation_ob_swept_liquidity_swing;h1_ob_target_flip_zone;h1_ob_target_swept_liquidity_fractal;h1_ob_target_swept_liquidity_fvg;h1_ob_target_swept_liquidity_internal;h1_ob_target_swept_liquidity_previous_candle;h1_ob_target_swept_liquidity_swing;h4_mitigation_ob_caused_displacement;h4_mitigation_ob_caused_imbalance;h4_mitigation_ob_flip_zone;h4_mitigation_ob_has_inducement;h4_mitigation_ob_swept_liquidity;h4_mitigation_ob_swept_liquidity_fractal;h4_mitigation_ob_swept_liquidity_fvg;h4_mitigation_ob_swept_liquidity_internal;h4_mitigation_ob_swept_liquidity_previous_candle;h4_mitigation_ob_swept_liquidity_swing;h4_mitigation_ob_within_daily_ob;h4_ob_target_caused_displacement;h4_ob_target_caused_imbalance;h4_ob_target_flip_zone;h4_ob_target_has_inducement;h4_ob_target_swept_liquidity;h4_ob_target_swept_liquidity_fractal;h4_ob_target_swept_liquidity_fvg;h4_ob_target_swept_liquidity_internal;h4_ob_target_swept_liquidity_previous_candle;h4_ob_target_swept_liquidity_swing;h4_ob_target_within_daily_ob
2021-11-05,Friday,ny,2021-11-05 12:00:00+00:00,2021-11-05 13:00:00+00:00,bearish,0.70867,0.70902,0.7076200000000001,0.70902,0.00034999999999996145,25.483922326141652,loss,-1.0,sl,0.0,-1.0,sl,False,0,1,0 days 01:00:00,12.600000000000389,True,25.0,17.9,3.0,2021-11-05 12:00:00+00:00,False,0.70882,0.70822,1,daily_mitigation_ob_caused_displacement;daily_mitigation_ob_caused_imbalance;daily_mitigation_ob_flip_zone;daily_mitigation_ob_has_inducement;daily_mitigation_ob_swept_liquidity;daily_mitigation_ob_swept_liquidity_fractal;daily_mitigation_ob_swept_liquidity_fvg;daily_mitigation_ob_swept_liquidity_internal;daily_mitigation_ob_swept_liquidity_previous_candle;daily_mitigation_ob_swept_liquidity_swing;daily_ob_target_caused_displacement;daily_ob_target_caused_imbalance;daily_ob_target_flip_zone;daily_ob_target_has_inducement;daily_ob_target_swept_liquidity;daily_ob_target_swept_liquidity_fractal;daily_ob_target_swept_liquidity_fvg;daily_ob_target_swept_liquidity_internal;daily_ob_target_swept_liquidity_previous_candle;daily_ob_target_swept_liquidity_swing;h1_mitigation_ob_flip_zone;h1_mitigation_ob_swept_liquidity_fractal;h1_mitigation_ob_swept_liquidity_fvg;h1_mitigation_ob_swept_liquidity_internal;h1_mitigation_ob_swept_liquidity_previous_candle;h1_mitigation_ob_swept_liquidity_swing;h1_ob_target_flip_zone;h1_ob_target_swept_liquidity_fractal;h1_ob_target_swept_liquidity_fvg;h1_ob_target_swept_liquidity_internal;h1_ob_target_swept_liquidity_previous_candle;h1_ob_target_swept_liquidity_swing;h4_mitigation_ob_flip_zone;h4_mitigation_ob_swept_liquidity;h4_mitigation_ob_swept_liquidity_fractal;h4_mitigation_ob_swept_liquidity_internal;h4_mitigation_ob_swept_liquidity_previous_candle;h4_mitigation_ob_swept_liquidity_swing;h4_ob_target_caused_displacement;h4_ob_target_caused_imbalance;h4_ob_target_flip_zone;h4_ob_target_has_inducement;h4_ob_target_swept_liquidity;h4_ob_target_swept_liquidity_fractal;h4_ob_target_swept_liquidity_fvg;h4_ob_target_swept_liquidity_internal;h4_ob_target_swept_liquidity_previous_candle;h4_ob_target_swept_liquidity_swing;h4_ob_target_within_daily_ob
2021-11-05,Friday,ny,2021-11-05 13:00:00+00:00,2021-11-05 15:00:00+00:00,bearish,0.70843,0.7111,0.7004200000000002,0.7111,0.00266999999999995,17.043151172244407,loss,-1.0,sl,0.1423220973782974,-1.0,sl,False,0,2,0 days 02:00:00,13.000000000000789,False,25.0,17.9,3.0,2021-11-05 13:00:00+00:00,False,0.7109,0.71021,1,daily_mitigation_ob_caused_displacement;daily_mitigation_ob_caused_imbalance;daily_mitigation_ob_flip_zone;daily_mitigation_ob_has_inducement;daily_mitigation_ob_swept_liquidity;daily_mitigation_ob_swept_liquidity_fractal;daily_mitigation_ob_swept_liquidity_fvg;daily_mitigation_ob_swept_liquidity_internal;daily_mitigation_ob_swept_liquidity_previous_candle;daily_mitigation_ob_swept_liquidity_swing;daily_ob_target_flip_zone;daily_ob_target_swept_liquidity;daily_ob_target_swept_liquidity_fractal;daily_ob_target_swept_liquidity_fvg;daily_ob_target_swept_liquidity_internal;daily_ob_target_swept_liquidity_swing;h1_mitigation_ob_flip_zone;h1_mitigation_ob_swept_liquidity_fractal;h1_mitigation_ob_swept_liquidity_fvg;h1_mitigation_ob_swept_liquidity_internal;h1_mitigation_ob_swept_liquidity_previous_candle;h1_mitigation_ob_swept_liquidity_swing;h1_ob_target_flip_zone;h1_ob_target_swept_liquidity_fractal;h1_ob_target_swept_liquidity_fvg;h1_ob_target_swept_liquidity_internal;h1_ob_target_swept_liquidity_previous_candle;h1_ob_target_swept_liquidity_swing;h4_mitigation_ob_flip_zone;h4_mitigation_ob_swept_liquidity;h4_mitigation_ob_swept_liquidity_fractal;h4_mitigation_ob_swept_liquidity_internal;h4_mitigation_ob_swept_liquidity_previous_candle;h4_mitigation_ob_swept_liquidity_swing;h4_ob_target_flip_zone;h4_ob_target_swept_liquidity_fractal;h4_ob_target_swept_liquidity_fvg;h4_ob_target_swept_liquidity_internal;h4_ob_target_swept_liquidity_previous_candle;h4_ob_target_swept_liquidity_swing
2021-11-08,Monday,ny,2021-11-08 12:00:00+00:00,2021-11-08 13:00:00+00:00,bearish,0.71625,0.71704,0.7138800000000002,0.71704,0.0007899999999999574,3.9297983454866237,loss,-1.0,sl,0.0,-1.0,sl,False,0,1,0 days 01:00:00,2.1999999999999797,False,25.0,17.9,3.0,2021-11-08 12:00:00+00:00,False,0.71684,0.71565,1,daily_mitigation_ob_caused_displacement;daily_mitigation_ob_caused_imbalance;daily_mitigation_ob_flip_zone;daily_mitigation_ob_has_inducement;daily_mitigation_ob_swept_liquidity;daily_mitigation_ob_swept_liquidity_fractal;daily_mitigation_ob_swept_liquidity_fvg;daily_mitigation_ob_swept_liquidity_internal;daily_mitigation_ob_swept_liquidity_previous_candle;daily_mitigation_ob_swept_liquidity_swing;daily_ob_target_caused_displacement;daily_ob_target_caused_imbalance;daily_ob_target_flip_zone;daily_ob_target_has_inducement;daily_ob_target_swept_liquidity;daily_ob_target_swept_liquidity_fractal;daily_ob_target_swept_liquidity_fvg;daily_ob_target_swept_liquidity_internal;daily_ob_target_swept_liquidity_previous_candle;daily_ob_target_swept_liquidity_swing;h1_mitigation_ob_flip_zone;h1_mitigation_ob_swept_liquidity_fractal;h1_mitigation_ob_swept_liquidity_fvg;h1_mitigation_ob_swept_liquidity_internal;h1_mitigation_ob_swept_liquidity_previous_candle;h1_mitigation_ob_swept_liquidity_swing;h1_ob_target_flip_zone;h1_ob_target_swept_liquidity_fractal;h1_ob_target_swept_liquidity_fvg;h1_ob_target_swept_liquidity_internal;h1_ob_target_swept_liquidity_previous_candle;h1_ob_target_swept_liquidity_swing;h4_mitigation_ob_flip_zone;h4_mitigation_ob_swept_liquidity_fractal;h4_mitigation_ob_swept_liquidity_fvg;h4_mitigation_ob_swept_liquidity_internal;h4_mitigation_ob_swept_liquidity_previous_candle;h4_mitigation_ob_swept_liquidity_swing;h4_ob_target_flip_zone;h4_ob_target_swept_liquidity;h4_ob_target_swept_liquidity_fractal;h4_ob_target_swept_liquidity_internal;h4_ob_target_swept_liquidity_previous_candle;h4_ob_target_swept_liquidity_swing
2021-11-09,Tuesday,ny,2021-11-09 14:00:00+00:00,2021-11-10 19:00:00+00:00,bearish,0.71378,0.71621,0.7064899999999998,0.7064899999999998,0.0024300000000000432,22.316540884807086,win,3.0,tp,5.818930041152131,3.8683127572015623,friday_close,True,3,29,1 days 05:00:00,0.0,False,25.0,17.9,3.0,2021-11-09 14:00:00+00:00,False,0.71601,0.71514,1,daily_mitigation_ob_caused_displacement;daily_mitigation_ob_caused_imbalance;daily_mitigation_ob_flip_zone;daily_mitigation_ob_has_inducement;daily_mitigation_ob_swept_liquidity;daily_mitigation_ob_swept_liquidity_fractal;daily_mitigation_ob_swept_liquidity_fvg;daily_mitigation_ob_swept_liquidity_internal;daily_mitigation_ob_swept_liquidity_previous_candle;daily_mitigation_ob_swept_liquidity_swing;daily_ob_target_flip_zone;daily_ob_target_swept_liquidity;daily_ob_target_swept_liquidity_fractal;daily_ob_target_swept_liquidity_fvg;daily_ob_target_swept_liquidity_internal;daily_ob_target_swept_liquidity_swing;h1_mitigation_ob_flip_zone;h1_mitigation_ob_swept_liquidity_fractal;h1_mitigation_ob_swept_liquidity_fvg;h1_mitigation_ob_swept_liquidity_internal;h1_mitigation_ob_swept_liquidity_previous_candle;h1_mitigation_ob_swept_liquidity_swing;h1_ob_target_flip_zone;h1_ob_target_swept_liquidity_fractal;h1_ob_target_swept_liquidity_fvg;h1_ob_target_swept_liquidity_internal;h1_ob_target_swept_liquidity_previous_candle;h1_ob_target_swept_liquidity_swing;h4_mitigation_ob_caused_displacement;h4_mitigation_ob_caused_imbalance;h4_mitigation_ob_flip_zone;h4_mitigation_ob_has_inducement;h4_mitigation_ob_swept_liquidity;h4_mitigation_ob_swept_liquidity_fractal;h4_mitigation_ob_swept_liquidity_fvg;h4_mitigation_ob_swept_liquidity_internal;h4_mitigation_ob_swept_liquidity_previous_candle;h4_mitigation_ob_swept_liquidity_swing;h4_mitigation_ob_within_daily_ob;h4_ob_target_flip_zone;h4_ob_target_swept_liquidity;h4_ob_target_swept_liquidity_fractal;h4_ob_target_swept_liquidity_internal;h4_ob_target_swept_liquidity_previous_candle;h4_ob_target_swept_liquidity_swing
2021-11-17,Wednesday,london,2021-11-17 07:00:00+00:00,2021-11-17 08:00:00+00:00,bearish,0.70089,0.702,0.6975600000000002,0.702,0.0011099999999999444,16.73914493458078,loss,-1.0,sl,0.36936936936940723,-1.0,sl,False,0,1,0 days 01:00:00,0.0,False,25.0,17.9,3.0,2021-11-17 07:00:00+00:00,False,0.7018,0.70099,1,daily_mitigation_ob_caused_displacement;daily_mitigation_ob_caused_imbalance;daily_mitigation_ob_flip_zone;daily_mitigation_ob_has_inducement;daily_mitigation_ob_swept_liquidity;daily_mitigation_ob_swept_liquidity_fractal;daily_mitigation_ob_swept_liquidity_fvg;daily_mitigation_ob_swept_liquidity_internal;daily_mitigation_ob_swept_liquidity_previous_candle;daily_mitigation_ob_swept_liquidity_swing;daily_ob_target_flip_zone;daily_ob_target_swept_liquidity;daily_ob_target_swept_liquidity_fractal;daily_ob_target_swept_liquidity_internal;daily_ob_target_swept_liquidity_previous_candle;daily_ob_target_swept_liquidity_swing;h1_mitigation_ob_flip_zone;h1_mitigation_ob_swept_liquidity;h1_mitigation_ob_swept_liquidity_fractal;h1_mitigation_ob_swept_liquidity_internal;h1_mitigation_ob_swept_liquidity_swing;h1_ob_target_flip_zone;h1_ob_target_swept_liquidity;h1_ob_target_swept_liquidity_fractal;h1_ob_target_swept_liquidity_fvg;h1_ob_target_swept_liquidity_internal;h1_ob_target_swept_liquidity_swing;h4_mitigation_ob_caused_displacement;h4_mitigation_ob_caused_imbalance;h4_mitigation_ob_flip_zone;h4_mitigation_ob_has_inducement;h4_mitigation_ob_swept_liquidity;h4_mitigation_ob_swept_liquidity_fractal;h4_mitigation_ob_swept_liquidity_fvg;h4_mitigation_ob_swept_liquidity_internal;h4_mitigation_ob_swept_liquidity_previous_candle;h4_mitigation_ob_swept_liquidity_swing;h4_mitigation_ob_within_daily_ob;h4_ob_target_flip_zone;h4_ob_target_swept_liquidity_fractal;h4_ob_target_swept_liquidity_fvg;h4_ob_target_swept_liquidity_internal;h4_ob_target_swept_liquidity_previous_candle;h4_ob_target_swept_liquidity_swing
2021-11-17,Wednesday,ny,2021-11-17 12:00:00+00:00,2021-11-17 19:00:00+00:00,bullish,0.70049,0.69863,0.7060699999999999,0.70007,0.0018599999999999728,-11.39970062285414,loss,-0.2258064516128936,cut_19h,0.30107526881721136,-0.2258064516128936,cut_19h,False,1,7,0 days 07:00:00,0.0,False,25.0,17.9,3.0,2021-11-17 11:00:00+00:00,True,0.69955,0.69883,1,daily_mitigation_ob_caused_displacement;daily_mitigation_ob_caused_imbalance;daily_mitigation_ob_flip_zone;daily_mitigation_ob_has_inducement;daily_mitigation_ob_swept_liquidity;daily_mitigation_ob_swept_liquidity_fractal;daily_mitigation_ob_swept_liquidity_fvg;daily_mitigation_ob_swept_liquidity_internal;daily_mitigation_ob_swept_liquidity_previous_candle;daily_mitigation_ob_swept_liquidity_swing;daily_ob_target_flip_zone;daily_ob_target_swept_liquidity;daily_ob_target_swept_liquidity_fractal;daily_ob_target_swept_liquidity_internal;daily_ob_target_swept_liquidity_swing;h1_mitigation_ob_flip_zone;h1_mitigation_ob_swept_liquidity;h1_mitigation_ob_swept_liquidity_fractal;h1_mitigation_ob_swept_liquidity_fvg;h1_mitigation_ob_swept_liquidity_internal;h1_mitigation_ob_swept_liquidity_swing;h1_ob_target_flip_zone;h1_ob_target_swept_liquidity_fractal;h1_ob_target_swept_liquidity_fvg;h1_ob_target_swept_liquidity_internal;h1_ob_target_swept_liquidity_previous_candle;h1_ob_target_swept_liquidity_swing;h4_mitigation_ob_caused_displacement;h4_mitigation_ob_caused_imbalance;h4_mitigation_ob_flip_zone;h4_mitigation_ob_has_inducement;h4_mitigation_ob_swept_liquidity;h4_mitigation_ob_swept_liquidity_fractal;h4_mitigation_ob_swept_liquidity_fvg;h4_mitigation_ob_swept_liquidity_internal;h4_mitigation_ob_swept_liquidity_previous_candle;h4_mitigation_ob_swept_liquidity_swing;h4_mitigation_ob_within_daily_ob;h4_ob_target_flip_zone;h4_ob_target_swept_liquidity_fractal;h4_ob_target_swept_liquidity_fvg;h4_ob_target_swept_liquidity_internal;h4_ob_target_swept_liquidity_previous_candle;h4_ob_target_swept_liquidity_swing
2021-11-22,Monday,london,2021-11-22 07:00:00+00:00,2021-11-23 02:00:00+00:00,bearish,0.70057,0.70267,0.69427,0.69427,0.0020999999999999908,22.85799963299871,win,3.0,tp,9.604761904761958,9.128571428571478,friday_close,True,4,19,0 days 19:00:00,0.0,False,25.0,17.9,3.0,2021-11-22 06:00:00+00:00,True,0.70247,0.70084,1,daily_mitigation_ob_caused_displacement;daily_mitigation_ob_caused_imbalance;daily_mitigation_ob_flip_zone;daily_mitigation_ob_has_inducement;daily_mitigation_ob_swept_liquidity;daily_mitigation_ob_swept_liquidity_fractal;daily_mitigation_ob_swept_liquidity_fvg;daily_mitigation_ob_swept_liquidity_internal;daily_mitigation_ob_swept_liquidity_previous_candle;daily_mitigation_ob_swept_liquidity_swing;daily_ob_target_flip_zone;daily_ob_target_swept_liquidity;daily_ob_target_swept_liquidity_fractal;daily_ob_target_swept_liquidity_internal;daily_ob_target_swept_liquidity_previous_candle;daily_ob_target_swept_liquidity_swing;h1_mitigation_ob_flip_zone;h1_mitigation_ob_swept_liquidity;h1_mitigation_ob_swept_liquidity_fractal;h1_mitigation_ob_swept_liquidity_internal;h1_mitigation_ob_swept_liquidity_previous_candle;h1_mitigation_ob_swept_liquidity_swing;h1_ob_target_flip_zone;h1_ob_target_swept_liquidity;h1_ob_target_swept_liquidity_fractal;h1_ob_target_swept_liquidity_fvg;h1_ob_target_swept_liquidity_internal;h1_ob_target_swept_liquidity_swing;h4_mitigation_ob_caused_displacement;h4_mitigation_ob_caused_imbalance;h4_mitigation_ob_flip_zone;h4_mitigation_ob_has_inducement;h4_mitigation_ob_swept_liquidity;h4_mitigation_ob_swept_liquidity_fractal;h4_mitigation_ob_swept_liquidity_fvg;h4_mitigation_ob_swept_liquidity_internal;h4_mitigation_ob_swept_liquidity_previous_candle;h4_mitigation_ob_swept_liquidity_swing;h4_mitigation_ob_within_daily_ob;h4_ob_target_flip_zone;h4_ob_target_swept_liquidity_fractal;h4_ob_target_swept_liquidity_fvg;h4_ob_target_swept_liquidity_internal;h4_ob_target_swept_liquidity_previous_candle;h4_ob_target_swept_liquidity_swing
2021-11-23,Tuesday,london,2021-11-23 08:00:00+00:00,2021-11-23 19:00:00+00:00,bearish,0.69334,0.6960999999999999,0.68506,0.69432,0.0027599999999999847,44.97177016424187,loss,-0.3550724637681512,cut_19h,0.6521739130434503,-0.3550724637681512,cut_19h,False,1,11,0 days 11:00:00,0.0,False,25.0,17.9,3.0,2021-11-23 08:00:00+00:00,False,0.6959,0.69484,1,daily_mitigation_ob_caused_displacement;daily_mitigation_ob_caused_imbalance;daily_mitigation_ob_flip_zone;daily_mitigation_ob_has_inducement;daily_mitigation_ob_swept_liquidity;daily_mitigation_ob_swept_liquidity_fractal;daily_mitigation_ob_swept_liquidity_fvg;daily_mitigation_ob_swept_liquidity_internal;daily_mitigation_ob_swept_liquidity_previous_candle;daily_mitigation_ob_swept_liquidity_swing;daily_ob_target_caused_displacement;daily_ob_target_caused_imbalance;daily_ob_target_flip_zone;daily_ob_target_has_inducement;daily_ob_target_swept_liquidity;daily_ob_target_swept_liquidity_fractal;daily_ob_target_swept_liquidity_fvg;daily_ob_target_swept_liquidity_internal;daily_ob_target_swept_liquidity_previous_candle;daily_ob_target_swept_liquidity_swing;h1_mitigation_ob_flip_zone;h1_mitigation_ob_swept_liquidity;h1_mitigation_ob_swept_liquidity_fractal;h1_mitigation_ob_swept_liquidity_fvg;h1_mitigation_ob_swept_liquidity_internal;h1_mitigation_ob_swept_liquidity_swing;h1_ob_target_flip_zone;h1_ob_target_swept_liquidity;h1_ob_target_swept_liquidity_fractal;h1_ob_target_swept_liquidity_fvg;h1_ob_target_swept_liquidity_internal;h1_ob_target_swept_liquidity_swing;h4_mitigation_ob_caused_displacement;h4_mitigation_ob_caused_imbalance;h4_mitigation_ob_flip_zone;h4_mitigation_ob_has_inducement;h4_mitigation_ob_swept_liquidity;h4_mitigation_ob_swept_liquidity_fractal;h4_mitigation_ob_swept_liquidity_fvg;h4_mitigation_ob_swept_liquidity_internal;h4_mitigation_ob_swept_liquidity_previous_candle;h4_mitigation_ob_swept_liquidity_swing;h4_mitigation_ob_within_daily_ob;h4_ob_target_caused_displacement;h4_ob_target_caused_imbalance;h4_ob_target_flip_zone;h4_ob_target_has_inducement;h4_ob_target_swept_liquidity;h4_ob_target_swept_liquidity_fractal;h4_ob_target_swept_liquidity_fvg;h4_ob_target_swept_liquidity_internal;h4_ob_target_swept_liquidity_previous_candle;h4_ob_target_swept_liquidity_swing;h4_ob_target_within_daily_ob
2021-11-23,Tuesday,ny,2021-11-23 13:00:00+00:00,2021-11-23 14:00:00+00:00,bearish,0.69308,0.69341,0.6920900000000002,0.69341,0.00032999999999994145,34.60637748618415,loss,-1.0,sl,0.0,-1.0,sl,False,0,1,0 days 01:00:00,10.200000000000209,True,25.0,17.9,3.0,2021-11-23 13:00:00+00:00,False,0.69321,0.69236,1,daily_mitigation_ob_caused_displacement;daily_mitigation_ob_caused_imbalance;daily_mitigation_ob_flip_zone;daily_mitigation_ob_has_inducement;daily_mitigation_ob_swept_liquidity;daily_mitigation_ob_swept_liquidity_fractal;daily_mitigation_ob_swept_liquidity_fvg;daily_mitigation_ob_swept_liquidity_internal;daily_mitigation_ob_swept_liquidity_previous_candle;daily_mitigation_ob_swept_liquidity_swing;daily_ob_target_caused_displacement;daily_ob_target_caused_imbalance;daily_ob_target_flip_zone;daily_ob_target_has_inducement;daily_ob_target_swept_liquidity;daily_ob_target_swept_liquidity_fractal;daily_ob_target_swept_liquidity_fvg;daily_ob_target_swept_liquidity_internal;daily_ob_target_swept_liquidity_previous_candle;daily_ob_target_swept_liquidity_swing;h1_mitigation_ob_flip_zone;h1_mitigation_ob_swept_liquidity;h1_mitigation_ob_swept_liquidity_fractal;h1_mitigation_ob_swept_liquidity_internal;h1_mitigation_ob_swept_liquidity_previous_candle;h1_mitigation_ob_swept_liquidity_swing;h1_ob_target_caused_displacement;h1_ob_target_caused_imbalance;h1_ob_target_flip_zone;h1_ob_target_has_inducement;h1_ob_target_swept_liquidity;h1_ob_target_swept_liquidity_fractal;h1_ob_target_swept_liquidity_fvg;h1_ob_target_swept_liquidity_internal;h1_ob_target_swept_liquidity_previous_candle;h1_ob_target_swept_liquidity_swing;h1_ob_target_within_h4_ob;h4_mitigation_ob_caused_displacement;h4_mitigation_ob_caused_imbalance;h4_mitigation_ob_flip_zone;h4_mitigation_ob_has_inducement;h4_mitigation_ob_swept_liquidity;h4_mitigation_ob_swept_liquidity_fractal;h4_mitigation_ob_swept_liquidity_fvg;h4_mitigation_ob_swept_liquidity_internal;h4_mitigation_ob_swept_liquidity_previous_candle;h4_mitigation_ob_swept_liquidity_swing;h4_mitigation_ob_within_daily_ob;h4_ob_target_caused_displacement;h4_ob_target_caused_imbalance;h4_ob_target_flip_zone;h4_ob_target_has_inducement;h4_ob_target_swept_liquidity;h4_ob_target_swept_liquidity_fractal;h4_ob_target_swept_liquidity_fvg;h4_ob_target_swept_liquidity_internal;h4_ob_target_swept_liquidity_previous_candle;h4_ob_target_swept_liquidity_swing;h4_ob_target_within_daily_ob
2021-11-25,Thursday,ny,2021-11-25 12:00:00+00:00,2021-11-25 23:00:00+00:00,bullish,0.68432,0.68354,0.68666,0.68432,0.0007800000000000029,-13.513607264018837,breakeven,0.0,be_stop,2.730769230769176,0.0,be_stop,True,1,11,0 days 11:00:00,0.6000000000006,False,25.0,17.9,3.0,2021-11-25 12:00:00+00:00,False,0.6848,0.68374,1,daily_mitigation_ob_caused_displacement;daily_mitigation_ob_caused_imbalance;daily_mitigation_ob_flip_zone;daily_mitigation_ob_has_inducement;daily_mitigation_ob_swept_liquidity;daily_mitigation_ob_swept_liquidity_fractal;daily_mitigation_ob_swept_liquidity_fvg;daily_mitigation_ob_swept_liquidity_internal;daily_mitigation_ob_swept_liquidity_previous_candle;daily_mitigation_ob_swept_liquidity_swing;daily_ob_target_caused_displacement;daily_ob_target_caused_imbalance;daily_ob_target_flip_zone;daily_ob_target_has_inducement;daily_ob_target_swept_liquidity;daily_ob_target_swept_liquidity_fractal;daily_ob_target_swept_liquidity_fvg;daily_ob_target_swept_liquidity_internal;daily_ob_target_swept_liquidity_previous_candle;daily_ob_target_swept_liquidity_swing;h1_mitigation_ob_flip_zone;h1_mitigation_ob_swept_liquidity;h1_mitigation_ob_swept_liquidity_fvg;h1_mitigation_ob_swept_liquidity_internal;h1_mitigation_ob_swept_liquidity_swing;h1_ob_target_flip_zone;h1_ob_target_swept_liquidity;h1_ob_target_swept_liquidity_fractal;h1_ob_target_swept_liquidity_internal;h1_ob_target_swept_liquidity_previous_candle;h1_ob_target_swept_liquidity_swing;h4_mitigation_ob_caused_displacement;h4_mitigation_ob_caused_imbalance;h4_mitigation_ob_flip_zone;h4_mitigation_ob_has_inducement;h4_mitigation_ob_swept_liquidity;h4_mitigation_ob_swept_liquidity_fractal;h4_mitigation_ob_swept_liquidity_fvg;h4_mitigation_ob_swept_liquidity_internal;h4_mitigation_ob_swept_liquidity_previous_candle;h4_mitigation_ob_swept_liquidity_swing;h4_mitigation_ob_within_daily_ob;h4_ob_target_flip_zone;h4_ob_target_swept_liquidity_fractal;h4_ob_target_swept_liquidity_fvg;h4_ob_target_swept_liquidity_internal;h4_ob_target_swept_liquidity_previous_candle;h4_ob_target_swept_liquidity_swing
2021-12-01,Wednesday,london,2021-12-01 07:00:00+00:00,2021-12-01 08:00:00+00:00,bullish,0.68473,0.68439,0.6857499999999996,0.68439,0.00033999999999989594,-18.25508115171021,loss,-1.0,sl,0.0,-1.0,sl,False,0,1,0 days 01:00:00,10.000000000000009,False,25.0,17.9,3.0,2021-12-01 06:00:00+00:00,True,0.68582,0.68459,1,daily_mitigation_ob_caused_displacement;daily_mitigation_ob_caused_imbalance;daily_mitigation_ob_flip_zone;daily_mitigation_ob_has_inducement;daily_mitigation_ob_swept_liquidity;daily_mitigation_ob_swept_liquidity_fractal;daily_mitigation_ob_swept_liquidity_fvg;daily_mitigation_ob_swept_liquidity_internal;daily_mitigation_ob_swept_liquidity_previous_candle;daily_mitigation_ob_swept_liquidity_swing;daily_ob_target_caused_displacement;daily_ob_target_caused_imbalance;daily_ob_target_flip_zone;daily_ob_target_has_inducement;daily_ob_target_swept_liquidity;daily_ob_target_swept_liquidity_fractal;daily_ob_target_swept_liquidity_fvg;daily_ob_target_swept_liquidity_internal;daily_ob_target_swept_liquidity_previous_candle;daily_ob_target_swept_liquidity_swing;h1_mitigation_ob_flip_zone;h1_mitigation_ob_swept_liquidity;h1_mitigation_ob_swept_liquidity_fractal;h1_mitigation_ob_swept_liquidity_fvg;h1_mitigation_ob_swept_liquidity_internal;h1_mitigation_ob_swept_liquidity_previous_candle;h1_ob_target_flip_zone;h1_ob_target_swept_liquidity;h1_ob_target_swept_liquidity_fractal;h1_ob_target_swept_liquidity_internal;h1_ob_target_swept_liquidity_previous_candle;h1_ob_target_swept_liquidity_swing;h4_mitigation_ob_caused_displacement;h4_mitigation_ob_caused_imbalance;h4_mitigation_ob_flip_zone;h4_mitigation_ob_has_inducement;h4_mitigation_ob_swept_liquidity;h4_mitigation_ob_swept_liquidity_fractal;h4_mitigation_ob_swept_liquidity_fvg;h4_mitigation_ob_swept_liquidity_internal;h4_mitigation_ob_swept_liquidity_previous_candle;h4_mitigation_ob_swept_liquidity_swing;h4_mitigation_ob_within_daily_ob;h4_ob_target_flip_zone;h4_ob_target_swept_liquidity_fractal;h4_ob_target_swept_liquidity_fvg;h4_ob_target_swept_liquidity_internal;h4_ob_target_swept_liquidity_previous_candle;h4_ob_target_swept_liquidity_swing
2021-12-03,Friday,ny,2021-12-03 12:00:00+00:00,2021-12-03 13:00:00+00:00,bearish,0.67891,0.6803,0.67474,0.6803,0.0013900000000000023,43.09847368240845,loss,-1.0,sl,0.4676258992806031,-1.0,sl,False,0,1,0 days 01:00:00,14.199999999999768,True,25.0,17.9,3.0,2021-12-03 12:00:00+00:00,False,0.6801,0.67915,1,daily_mitigation_ob_caused_displacement;daily_mitigation_ob_caused_imbalance;daily_mitigation_ob_flip_zone;daily_mitigation_ob_has_inducement;daily_mitigation_ob_swept_liquidity;daily_mitigation_ob_swept_liquidity_fractal;daily_mitigation_ob_swept_liquidity_fvg;daily_mitigation_ob_swept_liquidity_internal;daily_mitigation_ob_swept_liquidity_previous_candle;daily_mitigation_ob_swept_liquidity_swing;daily_ob_target_caused_displacement;daily_ob_target_caused_imbalance;daily_ob_target_flip_zone;daily_ob_target_has_inducement;daily_ob_target_swept_liquidity;daily_ob_target_swept_liquidity_fractal;daily_ob_target_swept_liquidity_fvg;daily_ob_target_swept_liquidity_internal;daily_ob_target_swept_liquidity_previous_candle;daily_ob_target_swept_liquidity_swing;h1_mitigation_ob_flip_zone;h1_mitigation_ob_swept_liquidity;h1_mitigation_ob_swept_liquidity_fractal;h1_mitigation_ob_swept_liquidity_internal;h1_mitigation_ob_swept_liquidity_previous_candle;h1_mitigation_ob_swept_liquidity_swing;h1_ob_target_caused_displacement;h1_ob_target_caused_imbalance;h1_ob_target_flip_zone;h1_ob_target_has_inducement;h1_ob_target_swept_liquidity;h1_ob_target_swept_liquidity_fractal;h1_ob_target_swept_liquidity_fvg;h1_ob_target_swept_liquidity_internal;h1_ob_target_swept_liquidity_previous_candle;h1_ob_target_swept_liquidity_swing;h1_ob_target_within_h4_ob;h4_mitigation_ob_caused_displacement;h4_mitigation_ob_caused_imbalance;h4_mitigation_ob_flip_zone;h4_mitigation_ob_has_inducement;h4_mitigation_ob_swept_liquidity;h4_mitigation_ob_swept_liquidity_fractal;h4_mitigation_ob_swept_liquidity_fvg;h4_mitigation_ob_swept_liquidity_internal;h4_mitigation_ob_swept_liquidity_previous_candle;h4_mitigation_ob_swept_liquidity_swing;h4_mitigation_ob_within_daily_ob;h4_ob_target_flip_zone;h4_ob_target_swept_liquidity_fractal;h4_ob_target_swept_liquidity_fvg;h4_ob_target_swept_liquidity_internal;h4_ob_target_swept_liquidity_previous_candle;h4_ob_target_swept_liquidity_swing
2021-12-06,Monday,london,2021-12-06 09:00:00+00:00,2021-12-06 11:00:00+00:00,bearish,0.6746,0.6759999999999999,0.6704000000000001,0.6759999999999999,0.0013999999999999568,39.31030696988248,loss,-1.0,sl,0.22857142857142632,-1.0,sl,False,0,2,0 days 02:00:00,3.1000000000003247,True,25.0,17.9,3.0,2021-12-06 09:00:00+00:00,False,0.6758,0.67519,1,daily_mitigation_ob_caused_displacement;daily_mitigation_ob_caused_imbalance;daily_mitigation_ob_flip_zone;daily_mitigation_ob_has_inducement;daily_mitigation_ob_swept_liquidity;daily_mitigation_ob_swept_liquidity_fractal;daily_mitigation_ob_swept_liquidity_fvg;daily_mitigation_ob_swept_liquidity_internal;daily_mitigation_ob_swept_liquidity_previous_candle;daily_mitigation_ob_swept_liquidity_swing;daily_ob_target_flip_zone;daily_ob_target_swept_liquidity;daily_ob_target_swept_liquidity_internal;daily_ob_target_swept_liquidity_previous_candle;daily_ob_target_swept_liquidity_swing;h1_mitigation_ob_flip_zone;h1_mitigation_ob_swept_liquidity_fractal;h1_mitigation_ob_swept_liquidity_fvg;h1_mitigation_ob_swept_liquidity_internal;h1_mitigation_ob_swept_liquidity_previous_candle;h1_mitigation_ob_swept_liquidity_swing;h1_ob_target_flip_zone;h1_ob_target_swept_liquidity;h1_ob_target_swept_liquidity_fractal;h1_ob_target_swept_liquidity_fvg;h1_ob_target_swept_liquidity_internal;h1_ob_target_swept_liquidity_swing;h4_mitigation_ob_caused_displacement;h4_mitigation_ob_caused_imbalance;h4_mitigation_ob_flip_zone;h4_mitigation_ob_has_inducement;h4_mitigation_ob_swept_liquidity;h4_mitigation_ob_swept_liquidity_fractal;h4_mitigation_ob_swept_liquidity_fvg;h4_mitigation_ob_swept_liquidity_internal;h4_mitigation_ob_swept_liquidity_previous_candle;h4_mitigation_ob_swept_liquidity_swing;h4_mitigation_ob_within_daily_ob;h4_ob_target_flip_zone;h4_ob_target_swept_liquidity_fractal;h4_ob_target_swept_liquidity_fvg;h4_ob_target_swept_liquidity_internal;h4_ob_target_swept_liquidity_previous_candle;h4_ob_target_swept_liquidity_swing
2021-12-07,Tuesday,london,2021-12-07 07:00:00+00:00,2021-12-07 15:00:00+00:00,bearish,0.67686,0.67801,0.6734100000000001,0.67801,0.0011499999999999844,41.8931851359157,loss,-1.0,sl,1.3913043478261458,-1.0,sl,False,0,8,0 days 08:00:00,2.4999999999997247,True,25.0,17.9,3.0,2021-12-07 07:00:00+00:00,False,0.67781,0.67728,1,daily_mitigation_ob_caused_displacement;daily_mitigation_ob_caused_imbalance;daily_mitigation_ob_flip_zone;daily_mitigation_ob_has_inducement;daily_mitigation_ob_swept_liquidity;daily_mitigation_ob_swept_liquidity_fractal;daily_mitigation_ob_swept_liquidity_fvg;daily_mitigation_ob_swept_liquidity_internal;daily_mitigation_ob_swept_liquidity_previous_candle;daily_mitigation_ob_swept_liquidity_swing;daily_ob_target_caused_displacement;daily_ob_target_caused_imbalance;daily_ob_target_flip_zone;daily_ob_target_has_inducement;daily_ob_target_swept_liquidity;daily_ob_target_swept_liquidity_fractal;daily_ob_target_swept_liquidity_fvg;daily_ob_target_swept_liquidity_internal;daily_ob_target_swept_liquidity_previous_candle;daily_ob_target_swept_liquidity_swing;h1_mitigation_ob_flip_zone;h1_mitigation_ob_swept_liquidity;h1_mitigation_ob_swept_liquidity_fvg;h1_mitigation_ob_swept_liquidity_internal;h1_mitigation_ob_swept_liquidity_previous_candle;h1_mitigation_ob_swept_liquidity_swing;h1_ob_target_flip_zone;h1_ob_target_swept_liquidity;h1_ob_target_swept_liquidity_fvg;h1_ob_target_swept_liquidity_previous_candle;h1_ob_target_swept_liquidity_swing;h4_mitigation_ob_caused_displacement;h4_mitigation_ob_caused_imbalance;h4_mitigation_ob_flip_zone;h4_mitigation_ob_has_inducement;h4_mitigation_ob_swept_liquidity;h4_mitigation_ob_swept_liquidity_fractal;h4_mitigation_ob_swept_liquidity_fvg;h4_mitigation_ob_swept_liquidity_internal;h4_mitigation_ob_swept_liquidity_previous_candle;h4_mitigation_ob_swept_liquidity_swing;h4_mitigation_ob_within_daily_ob;h4_ob_target_caused_displacement;h4_ob_target_caused_imbalance;h4_ob_target_flip_zone;h4_ob_target_has_inducement;h4_ob_target_swept_liquidity;h4_ob_target_swept_liquidity_fractal;h4_ob_target_swept_liquidity_fvg;h4_ob_target_swept_liquidity_internal;h4_ob_target_swept_liquidity_previous_candle;h4_ob_target_swept_liquidity_swing;h4_ob_target_within_daily_ob
2021-12-07,Tuesday,ny,2021-12-07 14:00:00+00:00,2021-12-08 10:00:00+00:00,bullish,0.67717,0.67444,0.6853600000000001,0.67717,0.00273000000000001,-3.100832460962294,breakeven,0.0,be_stop,1.0293040293040179,0.0,be_stop,True,1,20,0 days 20:00:00,1.500000000000945,False,25.0,17.9,3.0,2021-12-07 14:00:00+00:00,False,0.67527,0.67464,1,daily_mitigation_ob_caused_displacement;daily_mitigation_ob_caused_imbalance;daily_mitigation_ob_flip_zone;daily_mitigation_ob_has_inducement;daily_mitigation_ob_swept_liquidity;daily_mitigation_ob_swept_liquidity_fractal;daily_mitigation_ob_swept_liquidity_fvg;daily_mitigation_ob_swept_liquidity_internal;daily_mitigation_ob_swept_liquidity_previous_candle;daily_mitigation_ob_swept_liquidity_swing;daily_ob_target_flip_zone;daily_ob_target_swept_liquidity_fractal;daily_ob_target_swept_liquidity_fvg;daily_ob_target_swept_liquidity_internal;daily_ob_target_swept_liquidity_previous_candle;daily_ob_target_swept_liquidity_swing;h1_mitigation_ob_flip_zone;h1_mitigation_ob_swept_liquidity;h1_mitigation_ob_swept_liquidity_fvg;h1_mitigation_ob_swept_liquidity_previous_candle;h1_mitigation_ob_swept_liquidity_swing;h1_ob_target_flip_zone;h1_ob_target_swept_liquidity_fractal;h1_ob_target_swept_liquidity_fvg;h1_ob_target_swept_liquidity_internal;h1_ob_target_swept_liquidity_previous_candle;h1_ob_target_swept_liquidity_swing;h4_mitigation_ob_flip_zone;h4_mitigation_ob_swept_liquidity;h4_mitigation_ob_swept_liquidity_fractal;h4_mitigation_ob_swept_liquidity_fvg;h4_mitigation_ob_swept_liquidity_internal;h4_mitigation_ob_swept_liquidity_swing;h4_ob_target_flip_zone;h4_ob_target_swept_liquidity;h4_ob_target_swept_liquidity_fractal;h4_ob_target_swept_liquidity_fvg;h4_ob_target_swept_liquidity_internal;h4_ob_target_swept_liquidity_swing
2021-12-08,Wednesday,london,2021-12-08 07:00:00+00:00,2021-12-08 09:00:00+00:00,bullish,0.67851,0.6775300000000001,0.6814499999999996,0.6775300000000001,0.0009799999999998699,-13.16462849442361,loss,-1.0,sl,0.7755102040818315,-1.0,sl,False,0,2,0 days 02:00:00,3.20000000000098,False,25.0,17.9,3.0,2021-12-08 07:00:00+00:00,False,0.67863,0.67773,1,daily_mitigation_ob_caused_displacement;daily_mitigation_ob_caused_imbalance;daily_mitigation_ob_flip_zone;daily_mitigation_ob_has_inducement;daily_mitigation_ob_swept_liquidity;daily_mitigation_ob_swept_liquidity_fractal;daily_mitigation_ob_swept_liquidity_fvg;daily_mitigation_ob_swept_liquidity_internal;daily_mitigation_ob_swept_liquidity_previous_candle;daily_mitigation_ob_swept_liquidity_swing;daily_ob_target_flip_zone;daily_ob_target_swept_liquidity_fractal;daily_ob_target_swept_liquidity_fvg;daily_ob_target_swept_liquidity_internal;daily_ob_target_swept_liquidity_previous_candle;daily_ob_target_swept_liquidity_swing;h1_mitigation_ob_flip_zone;h1_mitigation_ob_swept_liquidity;h1_mitigation_ob_swept_liquidity_fvg;h1_mitigation_ob_swept_liquidity_internal;h1_mitigation_ob_swept_liquidity_swing;h1_ob_target_flip_zone;h1_ob_target_swept_liquidity_fractal;h1_ob_target_swept_liquidity_fvg;h1_ob_target_swept_liquidity_internal;h1_ob_target_swept_liquidity_previous_candle;h1_ob_target_swept_liquidity_swing;h4_mitigation_ob_caused_displacement;h4_mitigation_ob_caused_imbalance;h4_mitigation_ob_flip_zone;h4_mitigation_ob_has_inducement;h4_mitigation_ob_swept_liquidity;h4_mitigation_ob_swept_liquidity_fractal;h4_mitigation_ob_swept_liquidity_fvg;h4_mitigation_ob_swept_liquidity_internal;h4_mitigation_ob_swept_liquidity_previous_candle;h4_mitigation_ob_swept_liquidity_swing;h4_mitigation_ob_within_daily_ob;h4_ob_target_flip_zone;h4_ob_target_swept_liquidity;h4_ob_target_swept_liquidity_fractal;h4_ob_target_swept_liquidity_fvg;h4_ob_target_swept_liquidity_internal;h4_ob_target_swept_liquidity_swing
2021-12-08,Wednesday,ny,2021-12-08 12:00:00+00:00,2021-12-08 14:00:00+00:00,bearish,0.67781,0.67929,0.6733700000000002,0.67929,0.0014799999999999258,38.95133622319945,loss,-1.0,sl,0.30405405405411084,-1.0,sl,False,0,2,0 days 02:00:00,1.80000000000069,True,25.0,17.9,3.0,2021-12-08 12:00:00+00:00,False,0.67909,0.67823,1,daily_mitigation_ob_caused_displacement;daily_mitigation_ob_caused_imbalance;daily_mitigation_ob_flip_zone;daily_mitigation_ob_has_inducement;daily_mitigation_ob_swept_liquidity;daily_mitigation_ob_swept_liquidity_fractal;daily_mitigation_ob_swept_liquidity_fvg;daily_mitigation_ob_swept_liquidity_internal;daily_mitigation_ob_swept_liquidity_previous_candle;daily_mitigation_ob_swept_liquidity_swing;daily_ob_target_caused_displacement;daily_ob_target_caused_imbalance;daily_ob_target_flip_zone;daily_ob_target_has_inducement;daily_ob_target_swept_liquidity;daily_ob_target_swept_liquidity_fractal;daily_ob_target_swept_liquidity_fvg;daily_ob_target_swept_liquidity_internal;daily_ob_target_swept_liquidity_previous_candle;daily_ob_target_swept_liquidity_swing;h1_mitigation_ob_flip_zone;h1_mitigation_ob_swept_liquidity_fractal;h1_mitigation_ob_swept_liquidity_fvg;h1_mitigation_ob_swept_liquidity_internal;h1_mitigation_ob_swept_liquidity_previous_candle;h1_mitigation_ob_swept_liquidity_swing;h1_ob_target_flip_zone;h1_ob_target_swept_liquidity;h1_ob_target_swept_liquidity_fractal;h1_ob_target_swept_liquidity_fvg;h1_ob_target_swept_liquidity_internal;h1_ob_target_swept_liquidity_swing;h4_mitigation_ob_caused_displacement;h4_mitigation_ob_caused_imbalance;h4_mitigation_ob_flip_zone;h4_mitigation_ob_has_inducement;h4_mitigation_ob_swept_liquidity;h4_mitigation_ob_swept_liquidity_fractal;h4_mitigation_ob_swept_liquidity_fvg;h4_mitigation_ob_swept_liquidity_internal;h4_mitigation_ob_swept_liquidity_previous_candle;h4_mitigation_ob_swept_liquidity_swing;h4_mitigation_ob_within_daily_ob;h4_ob_target_caused_displacement;h4_ob_target_caused_imbalance;h4_ob_target_flip_zone;h4_ob_target_has_inducement;h4_ob_target_swept_liquidity;h4_ob_target_swept_liquidity_fractal;h4_ob_target_swept_liquidity_fvg;h4_ob_target_swept_liquidity_internal;h4_ob_target_swept_liquidity_previous_candle;h4_ob_target_swept_liquidity_swing;h4_ob_target_within_daily_ob
2021-12-10,Friday,london,2021-12-10 09:00:00+00:00,2021-12-10 13:00:00+00:00,bullish,0.67758,0.67682,0.6798599999999999,0.6798599999999999,0.0007599999999999829,-33.0984551940305,win,3.0,tp,4.052631578947568,2.381578947368592,friday_close,False,0,4,0 days 04:00:00,0.0,False,25.0,17.9,3.0,2021-12-10 09:00:00+00:00,False,0.67798,0.67702,1,daily_mitigation_ob_caused_displacement;daily_mitigation_ob_caused_imbalance;daily_mitigation_ob_flip_zone;daily_mitigation_ob_has_inducement;daily_mitigation_ob_swept_liquidity;daily_mitigation_ob_swept_liquidity_fractal;daily_mitigation_ob_swept_liquidity_fvg;daily_mitigation_ob_swept_liquidity_internal;daily_mitigation_ob_swept_liquidity_previous_candle;daily_mitigation_ob_swept_liquidity_swing;daily_ob_target_caused_displacement;daily_ob_target_caused_imbalance;daily_ob_target_flip_zone;daily_ob_target_has_inducement;daily_ob_target_swept_liquidity;daily_ob_target_swept_liquidity_fractal;daily_ob_target_swept_liquidity_fvg;daily_ob_target_swept_liquidity_internal;daily_ob_target_swept_liquidity_previous_candle;daily_ob_target_swept_liquidity_swing;h1_mitigation_ob_flip_zone;h1_mitigation_ob_swept_liquidity_fractal;h1_mitigation_ob_swept_liquidity_fvg;h1_mitigation_ob_swept_liquidity_internal;h1_mitigation_ob_swept_liquidity_previous_candle;h1_mitigation_ob_swept_liquidity_swing;h1_ob_target_flip_zone;h1_ob_target_swept_liquidity;h1_ob_target_swept_liquidity_fvg;h1_ob_target_swept_liquidity_internal;h1_ob_target_swept_liquidity_previous_candle;h1_ob_target_swept_liquidity_swing;h4_mitigation_ob_caused_displacement;h4_mitigation_ob_caused_imbalance;h4_mitigation_ob_flip_zone;h4_mitigation_ob_has_inducement;h4_mitigation_ob_swept_liquidity;h4_mitigation_ob_swept_liquidity_fractal;h4_mitigation_ob_swept_liquidity_fvg;h4_mitigation_ob_swept_liquidity_internal;h4_mitigation_ob_swept_liquidity_previous_candle;h4_mitigation_ob_swept_liquidity_swing;h4_mitigation_ob_within_daily_ob;h4_ob_target_caused_displacement;h4_ob_target_caused_imbalance;h4_ob_target_flip_zone;h4_ob_target_has_inducement;h4_ob_target_swept_liquidity;h4_ob_target_swept_liquidity_fractal;h4_ob_target_swept_liquidity_fvg;h4_ob_target_swept_liquidity_internal;h4_ob_target_swept_liquidity_previous_candle;h4_ob_target_swept_liquidity_swing;h4_ob_target_within_daily_ob
2021-12-14,Tuesday,london,2021-12-14 07:00:00+00:00,2021-12-14 08:00:00+00:00,bearish,0.67537,0.67569,0.6744100000000001,0.67569,0.00031999999999998696,53.576843746939595,loss,-1.0,sl,0.0,-1.0,sl,False,0,1,0 days 01:00:00,5.399999999999849,True,25.0,17.9,3.0,2021-12-14 07:00:00+00:00,False,0.67549,0.67499,1,daily_mitigation_ob_caused_displacement;daily_mitigation_ob_caused_imbalance;daily_mitigation_ob_flip_zone;daily_mitigation_ob_has_inducement;daily_mitigation_ob_swept_liquidity;daily_mitigation_ob_swept_liquidity_fractal;daily_mitigation_ob_swept_liquidity_fvg;daily_mitigation_ob_swept_liquidity_internal;daily_mitigation_ob_swept_liquidity_previous_candle;daily_mitigation_ob_swept_liquidity_swing;daily_ob_target_caused_displacement;daily_ob_target_caused_imbalance;daily_ob_target_flip_zone;daily_ob_target_has_inducement;daily_ob_target_swept_liquidity;daily_ob_target_swept_liquidity_fractal;daily_ob_target_swept_liquidity_fvg;daily_ob_target_swept_liquidity_internal;daily_ob_target_swept_liquidity_previous_candle;daily_ob_target_swept_liquidity_swing;h1_mitigation_ob_flip_zone;h1_mitigation_ob_swept_liquidity_fractal;h1_mitigation_ob_swept_liquidity_fvg;h1_mitigation_ob_swept_liquidity_internal;h1_mitigation_ob_swept_liquidity_previous_candle;h1_mitigation_ob_swept_liquidity_swing;h1_ob_target_caused_displacement;h1_ob_target_caused_imbalance;h1_ob_target_flip_zone;h1_ob_target_has_inducement;h1_ob_target_swept_liquidity;h1_ob_target_swept_liquidity_fractal;h1_ob_target_swept_liquidity_fvg;h1_ob_target_swept_liquidity_internal;h1_ob_target_swept_liquidity_previous_candle;h1_ob_target_swept_liquidity_swing;h1_ob_target_within_h4_ob;h4_mitigation_ob_caused_displacement;h4_mitigation_ob_caused_imbalance;h4_mitigation_ob_flip_zone;h4_mitigation_ob_has_inducement;h4_mitigation_ob_swept_liquidity;h4_mitigation_ob_swept_liquidity_fractal;h4_mitigation_ob_swept_liquidity_fvg;h4_mitigation_ob_swept_liquidity_internal;h4_mitigation_ob_swept_liquidity_previous_candle;h4_mitigation_ob_swept_liquidity_swing;h4_mitigation_ob_within_daily_ob;h4_ob_target_caused_displacement;h4_ob_target_caused_imbalance;h4_ob_target_flip_zone;h4_ob_target_has_inducement;h4_ob_target_swept_liquidity;h4_ob_target_swept_liquidity_fractal;h4_ob_target_swept_liquidity_fvg;h4_ob_target_swept_liquidity_internal;h4_ob_target_swept_liquidity_previous_candle;h4_ob_target_swept_liquidity_swing;h4_ob_target_within_daily_ob
2021-12-14,Tuesday,london,2021-12-14 08:00:00+00:00,2021-12-14 11:00:00+00:00,bearish,0.67561,0.67638,0.6733000000000002,0.67638,0.0007699999999999374,57.39270144484323,loss,-1.0,sl,0.5324675324676036,-1.0,sl,False,0,3,0 days 03:00:00,6.200000000000649,True,25.0,17.9,3.0,2021-12-14 08:00:00+00:00,False,0.67618,0.6753,1,daily_mitigation_ob_caused_displacement;daily_mitigation_ob_caused_imbalance;daily_mitigation_ob_flip_zone;daily_mitigation_ob_has_inducement;daily_mitigation_ob_swept_liquidity;daily_mitigation_ob_swept_liquidity_fractal;daily_mitigation_ob_swept_liquidity_fvg;daily_mitigation_ob_swept_liquidity_internal;daily_mitigation_ob_swept_liquidity_previous_candle;daily_mitigation_ob_swept_liquidity_swing;daily_ob_target_caused_displacement;daily_ob_target_caused_imbalance;daily_ob_target_flip_zone;daily_ob_target_has_inducement;daily_ob_target_swept_liquidity;daily_ob_target_swept_liquidity_fractal;daily_ob_target_swept_liquidity_fvg;daily_ob_target_swept_liquidity_internal;daily_ob_target_swept_liquidity_previous_candle;daily_ob_target_swept_liquidity_swing;h1_mitigation_ob_flip_zone;h1_mitigation_ob_swept_liquidity;h1_mitigation_ob_swept_liquidity_fractal;h1_mitigation_ob_swept_liquidity_internal;h1_mitigation_ob_swept_liquidity_swing;h1_ob_target_caused_displacement;h1_ob_target_caused_imbalance;h1_ob_target_flip_zone;h1_ob_target_has_inducement;h1_ob_target_swept_liquidity;h1_ob_target_swept_liquidity_fractal;h1_ob_target_swept_liquidity_fvg;h1_ob_target_swept_liquidity_internal;h1_ob_target_swept_liquidity_previous_candle;h1_ob_target_swept_liquidity_swing;h1_ob_target_within_h4_ob;h4_mitigation_ob_caused_displacement;h4_mitigation_ob_caused_imbalance;h4_mitigation_ob_flip_zone;h4_mitigation_ob_has_inducement;h4_mitigation_ob_swept_liquidity;h4_mitigation_ob_swept_liquidity_fractal;h4_mitigation_ob_swept_liquidity_fvg;h4_mitigation_ob_swept_liquidity_internal;h4_mitigation_ob_swept_liquidity_previous_candle;h4_mitigation_ob_swept_liquidity_swing;h4_mitigation_ob_within_daily_ob;h4_ob_target_caused_displacement;h4_ob_target_caused_imbalance;h4_ob_target_flip_zone;h4_ob_target_has_inducement;h4_ob_target_swept_liquidity;h4_ob_target_swept_liquidity_fractal;h4_ob_target_swept_liquidity_fvg;h4_ob_target_swept_liquidity_internal;h4_ob_target_swept_liquidity_previous_candle;h4_ob_target_swept_liquidity_swing;h4_ob_target_within_daily_ob
2021-12-14,Tuesday,ny,2021-12-14 12:00:00+00:00,2021-12-15 09:00:00+00:00,bearish,0.67592,0.67793,0.6698899999999998,0.67592,0.0020100000000000673,44.78160996444833,breakeven,0.0,be_stop,1.646766169154136,0.0,be_stop,True,1,21,0 days 21:00:00,0.700000000000145,False,25.0,17.9,3.0,2021-12-14 12:00:00+00:00,False,0.67773,0.67699,1,daily_mitigation_ob_caused_displacement;daily_mitigation_ob_caused_imbalance;daily_mitigation_ob_flip_zone;daily_mitigation_ob_has_inducement;daily_mitigation_ob_swept_liquidity;daily_mitigation_ob_swept_liquidity_fractal;daily_mitigation_ob_swept_liquidity_fvg;daily_mitigation_ob_swept_liquidity_internal;daily_mitigation_ob_swept_liquidity_previous_candle;daily_mitigation_ob_swept_liquidity_swing;daily_ob_target_flip_zone;daily_ob_target_swept_liquidity;daily_ob_target_swept_liquidity_internal;daily_ob_target_swept_liquidity_previous_candle;daily_ob_target_swept_liquidity_swing;h1_mitigation_ob_flip_zone;h1_mitigation_ob_swept_liquidity_fractal;h1_mitigation_ob_swept_liquidity_fvg;h1_mitigation_ob_swept_liquidity_internal;h1_mitigation_ob_swept_liquidity_previous_candle;h1_mitigation_ob_swept_liquidity_swing;h1_ob_target_flip_zone;h1_ob_target_swept_liquidity;h1_ob_target_swept_liquidity_fractal;h1_ob_target_swept_liquidity_fvg;h1_ob_target_swept_liquidity_internal;h1_ob_target_swept_liquidity_swing;h4_mitigation_ob_caused_displacement;h4_mitigation_ob_caused_imbalance;h4_mitigation_ob_flip_zone;h4_mitigation_ob_has_inducement;h4_mitigation_ob_swept_liquidity;h4_mitigation_ob_swept_liquidity_fractal;h4_mitigation_ob_swept_liquidity_fvg;h4_mitigation_ob_swept_liquidity_internal;h4_mitigation_ob_swept_liquidity_previous_candle;h4_mitigation_ob_swept_liquidity_swing;h4_mitigation_ob_within_daily_ob;h4_ob_target_caused_displacement;h4_ob_target_caused_imbalance;h4_ob_target_flip_zone;h4_ob_target_has_inducement;h4_ob_target_swept_liquidity;h4_ob_target_swept_liquidity_fractal;h4_ob_target_swept_liquidity_fvg;h4_ob_target_swept_liquidity_internal;h4_ob_target_swept_liquidity_previous_candle;h4_ob_target_swept_liquidity_swing;h4_ob_target_within_daily_ob
2021-12-15,Wednesday,london,2021-12-15 09:00:00+00:00,2021-12-15 19:00:00+00:00,bearish,0.67455,0.67623,0.6695099999999999,0.67455,0.0016800000000000148,38.04684212908137,breakeven,0.0,be_stop,2.660714285714247,0.0,be_stop,True,1,10,0 days 10:00:00,12.400000000000189,True,25.0,17.9,3.0,2021-12-15 09:00:00+00:00,False,0.67603,0.67551,1,daily_mitigation_ob_caused_displacement;daily_mitigation_ob_caused_imbalance;daily_mitigation_ob_flip_zone;daily_mitigation_ob_has_inducement;daily_mitigation_ob_swept_liquidity;daily_mitigation_ob_swept_liquidity_fractal;daily_mitigation_ob_swept_liquidity_fvg;daily_mitigation_ob_swept_liquidity_internal;daily_mitigation_ob_swept_liquidity_previous_candle;daily_mitigation_ob_swept_liquidity_swing;daily_ob_target_flip_zone;daily_ob_target_swept_liquidity;daily_ob_target_swept_liquidity_internal;daily_ob_target_swept_liquidity_previous_candle;daily_ob_target_swept_liquidity_swing;h1_mitigation_ob_flip_zone;h1_mitigation_ob_swept_liquidity;h1_mitigation_ob_swept_liquidity_fractal;h1_mitigation_ob_swept_liquidity_internal;h1_mitigation_ob_swept_liquidity_swing;h1_ob_target_flip_zone;h1_ob_target_swept_liquidity;h1_ob_target_swept_liquidity_fractal;h1_ob_target_swept_liquidity_fvg;h1_ob_target_swept_liquidity_internal;h1_ob_target_swept_liquidity_swing;h4_mitigation_ob_flip_zone;h4_mitigation_ob_swept_liquidity_fractal;h4_mitigation_ob_swept_liquidity_fvg;h4_mitigation_ob_swept_liquidity_internal;h4_mitigation_ob_swept_liquidity_previous_candle;h4_mitigation_ob_swept_liquidity_swing;h4_ob_target_caused_displacement;h4_ob_target_caused_imbalance;h4_ob_target_flip_zone;h4_ob_target_has_inducement;h4_ob_target_swept_liquidity;h4_ob_target_swept_liquidity_fractal;h4_ob_target_swept_liquidity_fvg;h4_ob_target_swept_liquidity_internal;h4_ob_target_swept_liquidity_previous_candle;h4_ob_target_swept_liquidity_swing;h4_ob_target_within_daily_ob
2021-12-16,Thursday,london,2021-12-16 09:00:00+00:00,2021-12-16 12:00:00+00:00,bearish,0.68172,0.68224,0.6801600000000001,0.68224,0.0005199999999999649,10.273068811372168,loss,-1.0,sl,1.3461538461540021,-1.0,sl,False,0,3,0 days 03:00:00,4.00000000000067,False,25.0,17.9,3.0,2021-12-16 09:00:00+00:00,False,0.68204,0.68122,1,daily_mitigation_ob_caused_displacement;daily_mitigation_ob_caused_imbalance;daily_mitigation_ob_flip_zone;daily_mitigation_ob_has_inducement;daily_mitigation_ob_swept_liquidity;daily_mitigation_ob_swept_liquidity_fractal;daily_mitigation_ob_swept_liquidity_fvg;daily_mitigation_ob_swept_liquidity_internal;daily_mitigation_ob_swept_liquidity_previous_candle;daily_mitigation_ob_swept_liquidity_swing;daily_ob_target_caused_displacement;daily_ob_target_caused_imbalance;daily_ob_target_flip_zone;daily_ob_target_has_inducement;daily_ob_target_swept_liquidity;daily_ob_target_swept_liquidity_fractal;daily_ob_target_swept_liquidity_fvg;daily_ob_target_swept_liquidity_internal;daily_ob_target_swept_liquidity_previous_candle;daily_ob_target_swept_liquidity_swing;h1_mitigation_ob_flip_zone;h1_mitigation_ob_swept_liquidity_fractal;h1_mitigation_ob_swept_liquidity_fvg;h1_mitigation_ob_swept_liquidity_internal;h1_mitigation_ob_swept_liquidity_previous_candle;h1_mitigation_ob_swept_liquidity_swing;h1_ob_target_caused_displacement;h1_ob_target_caused_imbalance;h1_ob_target_flip_zone;h1_ob_target_has_inducement;h1_ob_target_swept_liquidity;h1_ob_target_swept_liquidity_fractal;h1_ob_target_swept_liquidity_fvg;h1_ob_target_swept_liquidity_internal;h1_ob_target_swept_liquidity_previous_candle;h1_ob_target_swept_liquidity_swing;h1_ob_target_within_h4_ob;h4_mitigation_ob_caused_displacement;h4_mitigation_ob_caused_imbalance;h4_mitigation_ob_flip_zone;h4_mitigation_ob_has_inducement;h4_mitigation_ob_swept_liquidity;h4_mitigation_ob_swept_liquidity_fractal;h4_mitigation_ob_swept_liquidity_fvg;h4_mitigation_ob_swept_liquidity_internal;h4_mitigation_ob_swept_liquidity_previous_candle;h4_mitigation_ob_swept_liquidity_swing;h4_mitigation_ob_within_daily_ob;h4_ob_target_caused_displacement;h4_ob_target_caused_imbalance;h4_ob_target_flip_zone;h4_ob_target_has_inducement;h4_ob_target_swept_liquidity;h4_ob_target_swept_liquidity_fractal;h4_ob_target_swept_liquidity_fvg;h4_ob_target_swept_liquidity_internal;h4_ob_target_swept_liquidity_previous_candle;h4_ob_target_swept_liquidity_swing;h4_ob_target_within_daily_ob
2021-12-22,Wednesday,london,2021-12-22 08:00:00+00:00,2021-12-22 09:00:00+00:00,bearish,0.67623,0.6766099999999999,0.6750900000000002,0.6766099999999999,0.00037999999999993594,35.35226026519738,loss,-1.0,sl,0.21052631578942754,-1.0,sl,False,0,1,0 days 01:00:00,4.500000000000615,True,25.0,17.9,3.0,2021-12-22 08:00:00+00:00,False,0.67641,0.67562,1,daily_mitigation_ob_caused_displacement;daily_mitigation_ob_caused_imbalance;daily_mitigation_ob_flip_zone;daily_mitigation_ob_has_inducement;daily_mitigation_ob_swept_liquidity;daily_mitigation_ob_swept_liquidity_fractal;daily_mitigation_ob_swept_liquidity_fvg;daily_mitigation_ob_swept_liquidity_internal;daily_mitigation_ob_swept_liquidity_previous_candle;daily_mitigation_ob_swept_liquidity_swing;daily_ob_target_caused_displacement;daily_ob_target_caused_imbalance;daily_ob_target_flip_zone;daily_ob_target_has_inducement;daily_ob_target_swept_liquidity;daily_ob_target_swept_liquidity_fractal;daily_ob_target_swept_liquidity_fvg;daily_ob_target_swept_liquidity_internal;daily_ob_target_swept_liquidity_previous_candle;daily_ob_target_swept_liquidity_swing;h1_mitigation_ob_flip_zone;h1_mitigation_ob_swept_liquidity_fractal;h1_mitigation_ob_swept_liquidity_fvg;h1_mitigation_ob_swept_liquidity_internal;h1_mitigation_ob_swept_liquidity_previous_candle;h1_mitigation_ob_swept_liquidity_swing;h1_ob_target_caused_displacement;h1_ob_target_caused_imbalance;h1_ob_target_flip_zone;h1_ob_target_has_inducement;h1_ob_target_swept_liquidity;h1_ob_target_swept_liquidity_fractal;h1_ob_target_swept_liquidity_fvg;h1_ob_target_swept_liquidity_internal;h1_ob_target_swept_liquidity_previous_candle;h1_ob_target_swept_liquidity_swing;h1_ob_target_within_h4_ob;h4_mitigation_ob_caused_displacement;h4_mitigation_ob_caused_imbalance;h4_mitigation_ob_flip_zone;h4_mitigation_ob_has_inducement;h4_mitigation_ob_swept_liquidity;h4_mitigation_ob_swept_liquidity_fractal;h4_mitigation_ob_swept_liquidity_fvg;h4_mitigation_ob_swept_liquidity_internal;h4_mitigation_ob_swept_liquidity_previous_candle;h4_mitigation_ob_swept_liquidity_swing;h4_mitigation_ob_within_daily_ob;h4_ob_target_caused_displacement;h4_ob_target_caused_imbalance;h4_ob_target_flip_zone;h4_ob_target_has_inducement;h4_ob_target_swept_liquidity;h4_ob_target_swept_liquidity_fractal;h4_ob_target_swept_liquidity_fvg;h4_ob_target_swept_liquidity_internal;h4_ob_target_swept_liquidity_previous_candle;h4_ob_target_swept_liquidity_swing;h4_ob_target_within_daily_ob
2021-12-23,Thursday,ny,2021-12-23 12:00:00+00:00,2021-12-23 19:00:00+00:00,bearish,0.68095,0.68496,0.6689200000000002,0.68286,0.004009999999999958,9.822173831226145,loss,-0.47630922693266514,cut_19h,0.15710723192020598,-0.47630922693266514,cut_19h,False,1,7,0 days 07:00:00,0.0,False,25.0,17.9,3.0,2021-12-23 11:00:00+00:00,True,0.68476,0.68381,1,daily_mitigation_ob_caused_displacement;daily_mitigation_ob_caused_imbalance;daily_mitigation_ob_flip_zone;daily_mitigation_ob_has_inducement;daily_mitigation_ob_swept_liquidity;daily_mitigation_ob_swept_liquidity_fractal;daily_mitigation_ob_swept_liquidity_fvg;daily_mitigation_ob_swept_liquidity_internal;daily_mitigation_ob_swept_liquidity_previous_candle;daily_mitigation_ob_swept_liquidity_swing;daily_ob_target_flip_zone;daily_ob_target_swept_liquidity;daily_ob_target_swept_liquidity_internal;daily_ob_target_swept_liquidity_previous_candle;daily_ob_target_swept_liquidity_swing;h1_mitigation_ob_flip_zone;h1_mitigation_ob_swept_liquidity;h1_mitigation_ob_swept_liquidity_fvg;h1_mitigation_ob_swept_liquidity_internal;h1_mitigation_ob_swept_liquidity_previous_candle;h1_mitigation_ob_swept_liquidity_swing;h1_ob_target_flip_zone;h1_ob_target_swept_liquidity;h1_ob_target_swept_liquidity_fractal;h1_ob_target_swept_liquidity_internal;h1_ob_target_swept_liquidity_swing;h4_mitigation_ob_caused_displacement;h4_mitigation_ob_caused_imbalance;h4_mitigation_ob_flip_zone;h4_mitigation_ob_has_inducement;h4_mitigation_ob_swept_liquidity;h4_mitigation_ob_swept_liquidity_fractal;h4_mitigation_ob_swept_liquidity_fvg;h4_mitigation_ob_swept_liquidity_internal;h4_mitigation_ob_swept_liquidity_previous_candle;h4_mitigation_ob_swept_liquidity_swing;h4_mitigation_ob_within_daily_ob;h4_ob_target_flip_zone;h4_ob_target_swept_liquidity;h4_ob_target_swept_liquidity_fractal;h4_ob_target_swept_liquidity_internal;h4_ob_target_swept_liquidity_swing
2021-12-23,Thursday,ny,2021-12-23 14:00:00+00:00,2021-12-23 23:00:00+00:00,bullish,0.68115,0.6796300000000001,0.6857099999999999,0.68115,0.0015199999999999658,4.810800786562229,breakeven,0.0,be_stop,1.6776315789473675,0.0,be_stop,True,1,9,0 days 09:00:00,4.20000000000087,False,25.0,17.9,3.0,2021-12-23 14:00:00+00:00,False,0.68075,0.67983,1,daily_mitigation_ob_caused_displacement;daily_mitigation_ob_caused_imbalance;daily_mitigation_ob_flip_zone;daily_mitigation_ob_has_inducement;daily_mitigation_ob_swept_liquidity;daily_mitigation_ob_swept_liquidity_fractal;daily_mitigation_ob_swept_liquidity_fvg;daily_mitigation_ob_swept_liquidity_internal;daily_mitigation_ob_swept_liquidity_previous_candle;daily_mitigation_ob_swept_liquidity_swing;daily_ob_target_caused_displacement;daily_ob_target_caused_imbalance;daily_ob_target_flip_zone;daily_ob_target_has_inducement;daily_ob_target_swept_liquidity;daily_ob_target_swept_liquidity_fractal;daily_ob_target_swept_liquidity_fvg;daily_ob_target_swept_liquidity_internal;daily_ob_target_swept_liquidity_previous_candle;daily_ob_target_swept_liquidity_swing;h1_mitigation_ob_flip_zone;h1_mitigation_ob_swept_liquidity;h1_mitigation_ob_swept_liquidity_fractal;h1_mitigation_ob_swept_liquidity_internal;h1_mitigation_ob_swept_liquidity_swing;h1_ob_target_flip_zone;h1_ob_target_swept_liquidity;h1_ob_target_swept_liquidity_fractal;h1_ob_target_swept_liquidity_internal;h1_ob_target_swept_liquidity_previous_candle;h1_ob_target_swept_liquidity_swing;h4_mitigation_ob_caused_displacement;h4_mitigation_ob_caused_imbalance;h4_mitigation_ob_flip_zone;h4_mitigation_ob_has_inducement;h4_mitigation_ob_swept_liquidity;h4_mitigation_ob_swept_liquidity_fractal;h4_mitigation_ob_swept_liquidity_fvg;h4_mitigation_ob_swept_liquidity_internal;h4_mitigation_ob_swept_liquidity_previous_candle;h4_mitigation_ob_swept_liquidity_swing;h4_mitigation_ob_within_daily_ob;h4_ob_target_caused_displacement;h4_ob_target_caused_imbalance;h4_ob_target_flip_zone;h4_ob_target_has_inducement;h4_ob_target_swept_liquidity;h4_ob_target_swept_liquidity_fractal;h4_ob_target_swept_liquidity_fvg;h4_ob_target_swept_liquidity_internal;h4_ob_target_swept_liquidity_previous_candle;h4_ob_target_swept_liquidity_swing;h4_ob_target_within_daily_ob
2021-12-27,Monday,ny,2021-12-27 14:00:00+00:00,2021-12-27 15:00:00+00:00,bearish,0.68043,0.68173,0.6765300000000001,0.68173,0.0012999999999999678,34.853758865475974,loss,-1.0,sl,0.023076923076904027,-1.0,sl,False,0,1,0 days 01:00:00,0.40000000000040004,True,25.0,17.9,3.0,2021-12-27 14:00:00+00:00,False,0.68153,0.68059,1,daily_mitigation_ob_caused_displacement;daily_mitigation_ob_caused_imbalance;daily_mitigation_ob_flip_zone;daily_mitigation_ob_has_inducement;daily_mitigation_ob_swept_liquidity;daily_mitigation_ob_swept_liquidity_fractal;daily_mitigation_ob_swept_liquidity_fvg;daily_mitigation_ob_swept_liquidity_internal;daily_mitigation_ob_swept_liquidity_previous_candle;daily_mitigation_ob_swept_liquidity_swing;daily_ob_target_caused_displacement;daily_ob_target_caused_imbalance;daily_ob_target_flip_zone;daily_ob_target_has_inducement;daily_ob_target_swept_liquidity;daily_ob_target_swept_liquidity_fractal;daily_ob_target_swept_liquidity_fvg;daily_ob_target_swept_liquidity_internal;daily_ob_target_swept_liquidity_previous_candle;daily_ob_target_swept_liquidity_swing;h1_mitigation_ob_flip_zone;h1_mitigation_ob_swept_liquidity;h1_mitigation_ob_swept_liquidity_fractal;h1_mitigation_ob_swept_liquidity_internal;h1_mitigation_ob_swept_liquidity_swing;h1_ob_target_flip_zone;h1_ob_target_swept_liquidity;h1_ob_target_swept_liquidity_fvg;h1_ob_target_swept_liquidity_internal;h1_ob_target_swept_liquidity_previous_candle;h1_ob_target_swept_liquidity_swing;h4_mitigation_ob_caused_displacement;h4_mitigation_ob_caused_imbalance;h4_mitigation_ob_flip_zone;h4_mitigation_ob_has_inducement;h4_mitigation_ob_swept_liquidity;h4_mitigation_ob_swept_liquidity_fractal;h4_mitigation_ob_swept_liquidity_fvg;h4_mitigation_ob_swept_liquidity_internal;h4_mitigation_ob_swept_liquidity_previous_candle;h4_mitigation_ob_swept_liquidity_swing;h4_mitigation_ob_within_daily_ob;h4_ob_target_flip_zone;h4_ob_target_swept_liquidity;h4_ob_target_swept_liquidity_fractal;h4_ob_target_swept_liquidity_internal;h4_ob_target_swept_liquidity_swing
2021-12-29,Wednesday,london,2021-12-29 08:00:00+00:00,2021-12-29 13:00:00+00:00,bearish,0.67966,0.6806099999999999,0.6768100000000004,0.6806099999999999,0.0009499999999998954,18.238405771080814,loss,-1.0,sl,0.8736842105264093,-1.0,sl,False,0,5,0 days 05:00:00,5.60000000000116,False,25.0,17.9,3.0,2021-12-29 08:00:00+00:00,False,0.68041,0.67969,1,daily_mitigation_ob_caused_displacement;daily_mitigation_ob_caused_imbalance;daily_mitigation_ob_flip_zone;daily_mitigation_ob_has_inducement;daily_mitigation_ob_swept_liquidity;daily_mitigation_ob_swept_liquidity_fractal;daily_mitigation_ob_swept_liquidity_fvg;daily_mitigation_ob_swept_liquidity_internal;daily_mitigation_ob_swept_liquidity_previous_candle;daily_mitigation_ob_swept_liquidity_swing;daily_ob_target_caused_displacement;daily_ob_target_caused_imbalance;daily_ob_target_flip_zone;daily_ob_target_has_inducement;daily_ob_target_swept_liquidity;daily_ob_target_swept_liquidity_fractal;daily_ob_target_swept_liquidity_fvg;daily_ob_target_swept_liquidity_internal;daily_ob_target_swept_liquidity_previous_candle;daily_ob_target_swept_liquidity_swing;h1_mitigation_ob_flip_zone;h1_mitigation_ob_swept_liquidity_fractal;h1_mitigation_ob_swept_liquidity_fvg;h1_mitigation_ob_swept_liquidity_internal;h1_mitigation_ob_swept_liquidity_previous_candle;h1_mitigation_ob_swept_liquidity_swing;h1_ob_target_flip_zone;h1_ob_target_swept_liquidity;h1_ob_target_swept_liquidity_fvg;h1_ob_target_swept_liquidity_internal;h1_ob_target_swept_liquidity_previous_candle;h1_ob_target_swept_liquidity_swing;h4_mitigation_ob_caused_displacement;h4_mitigation_ob_caused_imbalance;h4_mitigation_ob_flip_zone;h4_mitigation_ob_has_inducement;h4_mitigation_ob_swept_liquidity;h4_mitigation_ob_swept_liquidity_fractal;h4_mitigation_ob_swept_liquidity_fvg;h4_mitigation_ob_swept_liquidity_internal;h4_mitigation_ob_swept_liquidity_previous_candle;h4_mitigation_ob_swept_liquidity_swing;h4_mitigation_ob_within_daily_ob;h4_ob_target_flip_zone;h4_ob_target_swept_liquidity;h4_ob_target_swept_liquidity_fractal;h4_ob_target_swept_liquidity_internal;h4_ob_target_swept_liquidity_swing
2021-12-29,Wednesday,ny,2021-12-29 13:00:00+00:00,2021-12-31 19:00:00+00:00,bullish,0.68068,0.6786300000000001,0.6868299999999996,0.68486,0.0020499999999998852,18.997206579123354,win,2.039024390244052,friday_close,2.4195121951221235,2.039024390244052,friday_close,True,2,54,2 days 06:00:00,0.0,False,25.0,17.9,3.0,2021-12-29 13:00:00+00:00,False,0.67969,0.67883,1,daily_mitigation_ob_caused_displacement;daily_mitigation_ob_caused_imbalance;daily_mitigation_ob_flip_zone;daily_mitigation_ob_has_inducement;daily_mitigation_ob_swept_liquidity;daily_mitigation_ob_swept_liquidity_fractal;daily_mitigation_ob_swept_liquidity_fvg;daily_mitigation_ob_swept_liquidity_internal;daily_mitigation_ob_swept_liquidity_previous_candle;daily_mitigation_ob_swept_liquidity_swing;daily_ob_target_caused_displacement;daily_ob_target_caused_imbalance;daily_ob_target_flip_zone;daily_ob_target_has_inducement;daily_ob_target_swept_liquidity;daily_ob_target_swept_liquidity_fractal;daily_ob_target_swept_liquidity_fvg;daily_ob_target_swept_liquidity_internal;daily_ob_target_swept_liquidity_previous_candle;daily_ob_target_swept_liquidity_swing;h1_mitigation_ob_flip_zone;h1_mitigation_ob_swept_liquidity;h1_mitigation_ob_swept_liquidity_fractal;h1_mitigation_ob_swept_liquidity_fvg;h1_mitigation_ob_swept_liquidity_internal;h1_mitigation_ob_swept_liquidity_previous_candle;h1_ob_target_flip_zone;h1_ob_target_swept_liquidity_fractal;h1_ob_target_swept_liquidity_fvg;h1_ob_target_swept_liquidity_internal;h1_ob_target_swept_liquidity_previous_candle;h1_ob_target_swept_liquidity_swing;h4_mitigation_ob_caused_displacement;h4_mitigation_ob_caused_imbalance;h4_mitigation_ob_flip_zone;h4_mitigation_ob_has_inducement;h4_mitigation_ob_swept_liquidity;h4_mitigation_ob_swept_liquidity_fractal;h4_mitigation_ob_swept_liquidity_fvg;h4_mitigation_ob_swept_liquidity_internal;h4_mitigation_ob_swept_liquidity_previous_candle;h4_mitigation_ob_swept_liquidity_swing;h4_mitigation_ob_within_daily_ob;h4_ob_target_caused_displacement;h4_ob_target_caused_imbalance;h4_ob_target_flip_zone;h4_ob_target_has_inducement;h4_ob_target_swept_liquidity;h4_ob_target_swept_liquidity_fractal;h4_ob_target_swept_liquidity_fvg;h4_ob_target_swept_liquidity_internal;h4_ob_target_swept_liquidity_previous_candle;h4_ob_target_swept_liquidity_swing;h4_ob_target_within_daily_ob
