date,day_of_week,session,order_placed_time,order_completed_time,direction,entry_price,sl_price,tp_price,exit_price,sl_size,probability,result,realised_r,exit_reason,max_r_reached,terminal_r,terminal_reason,be_moved,checkpoints,bars_held,trade_duration,sl_excursion_pips,taken,applied_threshold,applied_max_sl_pips,applied_tp_multiple,mitigation_time,entry_deferred,ob_top,ob_bottom,ob_touch_no,excluded_gates
2021-01-04,Monday,ny,2021-01-04 12:00:00+00:00,2021-01-04 16:00:00+00:00,bullish,1.26971,1.26538,1.2762049999999998,1.2762049999999998,0.004329999999999945,-11.156669384378008,win,1.5,tp,2.321016166281811,0.0,be_stop,True,1,4,0 days 04:00:00,23.799999999998267,False,25.0,56.2,1.5,2021-01-04 11:00:00+00:00,True,1.26727,1.26558,1,daily_mitigation_ob_caused_displacement;daily_mitigation_ob_caused_imbalance;daily_mitigation_ob_flip_zone;daily_mitigation_ob_has_inducement;daily_mitigation_ob_swept_liquidity;daily_mitigation_ob_swept_liquidity_fractal;daily_mitigation_ob_swept_liquidity_fvg;daily_mitigation_ob_swept_liquidity_internal;daily_mitigation_ob_swept_liquidity_previous_candle;daily_mitigation_ob_swept_liquidity_swing;daily_ob_target_flip_zone;daily_ob_target_swept_liquidity_fractal;daily_ob_target_swept_liquidity_fvg;daily_ob_target_swept_liquidity_internal;daily_ob_target_swept_liquidity_previous_candle;daily_ob_target_swept_liquidity_swing;h1_mitigation_ob_flip_zone;h1_mitigation_ob_swept_liquidity;h1_mitigation_ob_swept_liquidity_fvg;h1_mitigation_ob_swept_liquidity_internal;h1_mitigation_ob_swept_liquidity_previous_candle;h1_mitigation_ob_swept_liquidity_swing;h1_ob_target_flip_zone;h1_ob_target_swept_liquidity;h1_ob_target_swept_liquidity_fractal;h1_ob_target_swept_liquidity_fvg;h1_ob_target_swept_liquidity_internal;h1_ob_target_swept_liquidity_swing;h4_mitigation_ob_caused_displacement;h4_mitigation_ob_caused_imbalance;h4_mitigation_ob_flip_zone;h4_mitigation_ob_has_inducement;h4_mitigation_ob_swept_liquidity;h4_mitigation_ob_swept_liquidity_fractal;h4_mitigation_ob_swept_liquidity_fvg;h4_mitigation_ob_swept_liquidity_internal;h4_mitigation_ob_swept_liquidity_previous_candle;h4_mitigation_ob_swept_liquidity_swing;h4_mitigation_ob_within_daily_ob;h4_ob_target_flip_zone;h4_ob_target_swept_liquidity_fractal;h4_ob_target_swept_liquidity_fvg;h4_ob_target_swept_liquidity_internal;h4_ob_target_swept_liquidity_previous_candle;h4_ob_target_swept_liquidity_swing
2021-01-05,Tuesday,london,2021-01-05 08:00:00+00:00,2021-01-05 17:00:00+00:00,bearish,1.27483,1.27833,1.26958,1.26958,0.0035000000000000586,22.3694867227798,win,1.5,tp,3.391428571428465,0.43428571428569723,friday_close,True,3,9,0 days 09:00:00,0.0,False,25.0,56.2,1.5,2021-01-05 08:00:00+00:00,False,1.27813,1.27654,1,daily_mitigation_ob_caused_displacement;daily_mitigation_ob_caused_imbalance;daily_mitigation_ob_flip_zone;daily_mitigation_ob_has_inducement;daily_mitigation_ob_swept_liquidity;daily_mitigation_ob_swept_liquidity_fractal;daily_mitigation_ob_swept_liquidity_fvg;daily_mitigation_ob_swept_liquidity_internal;daily_mitigation_ob_swept_liquidity_previous_candle;daily_mitigation_ob_swept_liquidity_swing;daily_ob_target_flip_zone;daily_ob_target_swept_liquidity_fractal;daily_ob_target_swept_liquidity_fvg;daily_ob_target_swept_liquidity_internal;daily_ob_target_swept_liquidity_previous_candle;daily_ob_target_swept_liquidity_swing;h1_mitigation_ob_flip_zone;h1_mitigation_ob_swept_liquidity_fractal;h1_mitigation_ob_swept_liquidity_fvg;h1_mitigation_ob_swept_liquidity_internal;h1_mitigation_ob_swept_liquidity_previous_candle;h1_mitigation_ob_swept_liquidity_swing;h1_ob_target_flip_zone;h1_ob_target_swept_liquidity;h1_ob_target_swept_liquidity_fractal;h1_ob_target_swept_liquidity_fvg;h4_mitigation_ob_caused_displacement;h4_mitigation_ob_caused_imbalance;h4_mitigation_ob_flip_zone;h4_mitigation_ob_has_inducement;h4_mitigation_ob_swept_liquidity;h4_mitigation_ob_swept_liquidity_fractal;h4_mitigation_ob_swept_liquidity_fvg;h4_mitigation_ob_swept_liquidity_internal;h4_mitigation_ob_swept_liquidity_previous_candle;h4_mitigation_ob_swept_liquidity_swing;h4_mitigation_ob_within_daily_ob;h4_ob_target_flip_zone;h4_ob_target_swept_liquidity;h4_ob_target_swept_liquidity_fractal;h4_ob_target_swept_liquidity_fvg;h4_ob_target_swept_liquidity_internal;h4_ob_target_swept_liquidity_swing
2021-01-06,Wednesday,london,2021-01-06 09:00:00+00:00,2021-01-06 12:00:00+00:00,bearish,1.26524,1.26899,1.2596149999999997,1.26899,0.003750000000000142,29.069910260396615,loss,-1.0,sl,0.6079999999999337,-1.0,sl,False,0,3,0 days 03:00:00,3.5999999999991594,True,25.0,56.2,1.5,2021-01-06 09:00:00+00:00,False,1.26879,1.26706,1,daily_mitigation_ob_caused_displacement;daily_mitigation_ob_caused_imbalance;daily_mitigation_ob_flip_zone;daily_mitigation_ob_has_inducement;daily_mitigation_ob_swept_liquidity;daily_mitigation_ob_swept_liquidity_fractal;daily_mitigation_ob_swept_liquidity_fvg;daily_mitigation_ob_swept_liquidity_internal;daily_mitigation_ob_swept_liquidity_previous_candle;daily_mitigation_ob_swept_liquidity_swing;daily_ob_target_flip_zone;daily_ob_target_swept_liquidity_fractal;daily_ob_target_swept_liquidity_fvg;daily_ob_target_swept_liquidity_internal;daily_ob_target_swept_liquidity_previous_candle;daily_ob_target_swept_liquidity_swing;h1_mitigation_ob_flip_zone;h1_mitigation_ob_swept_liquidity;h1_mitigation_ob_swept_liquidity_fractal;h1_mitigation_ob_swept_liquidity_internal;h1_mitigation_ob_swept_liquidity_swing;h1_ob_target_flip_zone;h1_ob_target_swept_liquidity;h1_ob_target_swept_liquidity_fvg;h1_ob_target_swept_liquidity_internal;h1_ob_target_swept_liquidity_swing;h4_mitigation_ob_flip_zone;h4_mitigation_ob_swept_liquidity;h4_mitigation_ob_swept_liquidity_fractal;h4_mitigation_ob_swept_liquidity_internal;h4_mitigation_ob_swept_liquidity_previous_candle;h4_mitigation_ob_swept_liquidity_swing;h4_ob_target_flip_zone;h4_ob_target_swept_liquidity;h4_ob_target_swept_liquidity_fractal;h4_ob_target_swept_liquidity_internal;h4_ob_target_swept_liquidity_previous_candle;h4_ob_target_swept_liquidity_swing
2021-01-06,Wednesday,ny,2021-01-06 12:00:00+00:00,2021-01-06 13:00:00+00:00,bearish,1.26858,1.2697,1.2669000000000001,1.2697,0.0011200000000000099,38.64593540113525,loss,-1.0,sl,1.1250000000000249,-1.0,sl,False,0,1,0 days 01:00:00,11.399999999999189,True,25.0,56.2,1.5,2021-01-06 12:00:00+00:00,False,1.2695,1.26773,1,daily_mitigation_ob_caused_displacement;daily_mitigation_ob_caused_imbalance;daily_mitigation_ob_flip_zone;daily_mitigation_ob_has_inducement;daily_mitigation_ob_swept_liquidity;daily_mitigation_ob_swept_liquidity_fractal;daily_mitigation_ob_swept_liquidity_fvg;daily_mitigation_ob_swept_liquidity_internal;daily_mitigation_ob_swept_liquidity_previous_candle;daily_mitigation_ob_swept_liquidity_swing;daily_ob_target_caused_displacement;daily_ob_target_caused_imbalance;daily_ob_target_flip_zone;daily_ob_target_has_inducement;daily_ob_target_swept_liquidity;daily_ob_target_swept_liquidity_fractal;daily_ob_target_swept_liquidity_fvg;daily_ob_target_swept_liquidity_internal;daily_ob_target_swept_liquidity_previous_candle;daily_ob_target_swept_liquidity_swing;h1_mitigation_ob_flip_zone;h1_mitigation_ob_swept_liquidity;h1_mitigation_ob_swept_liquidity_fractal;h1_mitigation_ob_swept_liquidity_internal;h1_mitigation_ob_swept_liquidity_previous_candle;h1_mitigation_ob_swept_liquidity_swing;h1_ob_target_flip_zone;h1_ob_target_swept_liquidity;h1_ob_target_swept_liquidity_fvg;h1_ob_target_swept_liquidity_internal;h1_ob_target_swept_liquidity_previous_candle;h1_ob_target_swept_liquidity_swing;h4_mitigation_ob_flip_zone;h4_mitigation_ob_swept_liquidity;h4_mitigation_ob_swept_liquidity_fractal;h4_mitigation_ob_swept_liquidity_internal;h4_mitigation_ob_swept_liquidity_previous_candle;h4_mitigation_ob_swept_liquidity_swing;h4_ob_target_flip_zone;h4_ob_target_swept_liquidity;h4_ob_target_swept_liquidity_fractal;h4_ob_target_swept_liquidity_internal;h4_ob_target_swept_liquidity_previous_candle;h4_ob_target_swept_liquidity_swing
2021-01-06,Wednesday,ny,2021-01-06 13:00:00+00:00,2021-01-06 19:00:00+00:00,bullish,1.27041,1.26504,1.2784650000000002,1.26731,0.005370000000000097,-25.987747753952405,loss,-0.5772811918063402,cut_19h,0.35940409683425556,-0.5772811918063402,cut_19h,False,1,6,0 days 06:00:00,0.0,False,25.0,56.2,1.5,2021-01-06 13:00:00+00:00,False,1.26708,1.26524,1,daily_mitigation_ob_caused_displacement;daily_mitigation_ob_caused_imbalance;daily_mitigation_ob_flip_zone;daily_mitigation_ob_has_inducement;daily_mitigation_ob_swept_liquidity;daily_mitigation_ob_swept_liquidity_fractal;daily_mitigation_ob_swept_liquidity_fvg;daily_mitigation_ob_swept_liquidity_internal;daily_mitigation_ob_swept_liquidity_previous_candle;daily_mitigation_ob_swept_liquidity_swing;daily_ob_target_caused_displacement;daily_ob_target_caused_imbalance;daily_ob_target_flip_zone;daily_ob_target_has_inducement;daily_ob_target_swept_liquidity;daily_ob_target_swept_liquidity_fractal;daily_ob_target_swept_liquidity_fvg;daily_ob_target_swept_liquidity_internal;daily_ob_target_swept_liquidity_previous_candle;daily_ob_target_swept_liquidity_swing;h1_mitigation_ob_flip_zone;h1_mitigation_ob_swept_liquidity;h1_mitigation_ob_swept_liquidity_fvg;h1_mitigation_ob_swept_liquidity_internal;h1_mitigation_ob_swept_liquidity_previous_candle;h1_mitigation_ob_swept_liquidity_swing;h1_ob_target_flip_zone;h1_ob_target_swept_liquidity_fractal;h1_ob_target_swept_liquidity_fvg;h1_ob_target_swept_liquidity_internal;h1_ob_target_swept_liquidity_previous_candle;h1_ob_target_swept_liquidity_swing;h4_mitigation_ob_caused_displacement;h4_mitigation_ob_caused_imbalance;h4_mitigation_ob_flip_zone;h4_mitigation_ob_has_inducement;h4_mitigation_ob_swept_liquidity;h4_mitigation_ob_swept_liquidity_fractal;h4_mitigation_ob_swept_liquidity_fvg;h4_mitigation_ob_swept_liquidity_internal;h4_mitigation_ob_swept_liquidity_previous_candle;h4_mitigation_ob_swept_liquidity_swing;h4_mitigation_ob_within_daily_ob;h4_ob_target_flip_zone;h4_ob_target_swept_liquidity_fractal;h4_ob_target_swept_liquidity_fvg;h4_ob_target_swept_liquidity_internal;h4_ob_target_swept_liquidity_previous_candle;h4_ob_target_swept_liquidity_swing
2021-01-12,Tuesday,ny,2021-01-12 14:00:00+00:00,2021-01-12 15:00:00+00:00,bearish,1.2776,1.2785199999999999,1.2762200000000004,1.2762200000000004,0.0009199999999998099,13.37032777689329,win,1.5,tp,10.0,4.76086956521843,friday_close,True,3,1,0 days 01:00:00,0.0,False,25.0,56.2,1.5,2021-01-12 14:00:00+00:00,False,1.27832,1.2772,1,daily_mitigation_ob_caused_displacement;daily_mitigation_ob_caused_imbalance;daily_mitigation_ob_flip_zone;daily_mitigation_ob_has_inducement;daily_mitigation_ob_swept_liquidity;daily_mitigation_ob_swept_liquidity_fractal;daily_mitigation_ob_swept_liquidity_fvg;daily_mitigation_ob_swept_liquidity_internal;daily_mitigation_ob_swept_liquidity_previous_candle;daily_mitigation_ob_swept_liquidity_swing;daily_ob_target_caused_displacement;daily_ob_target_caused_imbalance;daily_ob_target_flip_zone;daily_ob_target_has_inducement;daily_ob_target_swept_liquidity;daily_ob_target_swept_liquidity_fractal;daily_ob_target_swept_liquidity_fvg;daily_ob_target_swept_liquidity_internal;daily_ob_target_swept_liquidity_previous_candle;daily_ob_target_swept_liquidity_swing;h1_mitigation_ob_flip_zone;h1_mitigation_ob_swept_liquidity;h1_mitigation_ob_swept_liquidity_fractal;h1_mitigation_ob_swept_liquidity_internal;h1_mitigation_ob_swept_liquidity_swing;h1_ob_target_flip_zone;h1_ob_target_swept_liquidity_fractal;h1_ob_target_swept_liquidity_fvg;h1_ob_target_swept_liquidity_internal;h1_ob_target_swept_liquidity_previous_candle;h1_ob_target_swept_liquidity_swing;h4_mitigation_ob_caused_displacement;h4_mitigation_ob_caused_imbalance;h4_mitigation_ob_flip_zone;h4_mitigation_ob_has_inducement;h4_mitigation_ob_swept_liquidity;h4_mitigation_ob_swept_liquidity_fractal;h4_mitigation_ob_swept_liquidity_fvg;h4_mitigation_ob_swept_liquidity_internal;h4_mitigation_ob_swept_liquidity_previous_candle;h4_mitigation_ob_swept_liquidity_swing;h4_mitigation_ob_within_daily_ob;h4_ob_target_flip_zone;h4_ob_target_swept_liquidity_fractal;h4_ob_target_swept_liquidity_fvg;h4_ob_target_swept_liquidity_internal;h4_ob_target_swept_liquidity_previous_candle;h4_ob_target_swept_liquidity_swing
2021-01-14,Thursday,london,2021-01-14 07:00:00+00:00,2021-01-14 08:00:00+00:00,bullish,1.26814,1.26707,1.2697450000000003,1.26707,0.0010700000000001264,-6.63097080602188,loss,-1.0,sl,0.3271028037381393,-1.0,sl,False,0,1,0 days 01:00:00,1.2999999999996348,False,25.0,56.2,1.5,2021-01-14 07:00:00+00:00,False,1.26822,1.26727,2,daily_mitigation_ob_caused_displacement;daily_mitigation_ob_caused_imbalance;daily_mitigation_ob_flip_zone;daily_mitigation_ob_has_inducement;daily_mitigation_ob_swept_liquidity;daily_mitigation_ob_swept_liquidity_fractal;daily_mitigation_ob_swept_liquidity_fvg;daily_mitigation_ob_swept_liquidity_internal;daily_mitigation_ob_swept_liquidity_previous_candle;daily_mitigation_ob_swept_liquidity_swing;daily_ob_target_caused_displacement;daily_ob_target_caused_imbalance;daily_ob_target_flip_zone;daily_ob_target_has_inducement;daily_ob_target_swept_liquidity;daily_ob_target_swept_liquidity_fractal;daily_ob_target_swept_liquidity_fvg;daily_ob_target_swept_liquidity_internal;daily_ob_target_swept_liquidity_previous_candle;daily_ob_target_swept_liquidity_swing;h1_mitigation_ob_flip_zone;h1_mitigation_ob_swept_liquidity;h1_mitigation_ob_swept_liquidity_fractal;h1_mitigation_ob_swept_liquidity_fvg;h1_mitigation_ob_swept_liquidity_swing;h1_ob_target_flip_zone;h1_ob_target_swept_liquidity;h1_ob_target_swept_liquidity_fractal;h1_ob_target_swept_liquidity_internal;h1_ob_target_swept_liquidity_swing;h4_mitigation_ob_flip_zone;h4_mitigation_ob_swept_liquidity;h4_mitigation_ob_swept_liquidity_fractal;h4_mitigation_ob_swept_liquidity_fvg;h4_mitigation_ob_swept_liquidity_internal;h4_mitigation_ob_swept_liquidity_swing;h4_ob_target_flip_zone;h4_ob_target_swept_liquidity;h4_ob_target_swept_liquidity_fractal;h4_ob_target_swept_liquidity_internal;h4_ob_target_swept_liquidity_previous_candle;h4_ob_target_swept_liquidity_swing
2021-01-14,Thursday,ny,2021-01-14 13:00:00+00:00,2021-01-14 14:00:00+00:00,bearish,1.27032,1.27093,1.269405,1.269405,0.0006099999999999994,18.46828287720982,win,1.5,tp,10.0,0.0,be_stop,True,1,1,0 days 01:00:00,11.300000000000754,False,25.0,56.2,1.5,2021-01-14 13:00:00+00:00,False,1.27073,1.26844,1,daily_mitigation_ob_caused_displacement;daily_mitigation_ob_caused_imbalance;daily_mitigation_ob_flip_zone;daily_mitigation_ob_has_inducement;daily_mitigation_ob_swept_liquidity;daily_mitigation_ob_swept_liquidity_fractal;daily_mitigation_ob_swept_liquidity_fvg;daily_mitigation_ob_swept_liquidity_internal;daily_mitigation_ob_swept_liquidity_previous_candle;daily_mitigation_ob_swept_liquidity_swing;daily_ob_target_caused_displacement;daily_ob_target_caused_imbalance;daily_ob_target_flip_zone;daily_ob_target_has_inducement;daily_ob_target_swept_liquidity;daily_ob_target_swept_liquidity_fractal;daily_ob_target_swept_liquidity_fvg;daily_ob_target_swept_liquidity_internal;daily_ob_target_swept_liquidity_previous_candle;daily_ob_target_swept_liquidity_swing;h1_mitigation_ob_flip_zone;h1_mitigation_ob_swept_liquidity_fractal;h1_mitigation_ob_swept_liquidity_fvg;h1_mitigation_ob_swept_liquidity_internal;h1_mitigation_ob_swept_liquidity_previous_candle;h1_mitigation_ob_swept_liquidity_swing;h1_ob_target_caused_displacement;h1_ob_target_caused_imbalance;h1_ob_target_flip_zone;h1_ob_target_has_inducement;h1_ob_target_swept_liquidity;h1_ob_target_swept_liquidity_fractal;h1_ob_target_swept_liquidity_fvg;h1_ob_target_swept_liquidity_internal;h1_ob_target_swept_liquidity_previous_candle;h1_ob_target_swept_liquidity_swing;h1_ob_target_within_h4_ob;h4_mitigation_ob_flip_zone;h4_mitigation_ob_swept_liquidity_fractal;h4_mitigation_ob_swept_liquidity_fvg;h4_mitigation_ob_swept_liquidity_internal;h4_mitigation_ob_swept_liquidity_previous_candle;h4_mitigation_ob_swept_liquidity_swing;h4_ob_target_caused_displacement;h4_ob_target_caused_imbalance;h4_ob_target_flip_zone;h4_ob_target_has_inducement;h4_ob_target_swept_liquidity;h4_ob_target_swept_liquidity_fractal;h4_ob_target_swept_liquidity_fvg;h4_ob_target_swept_liquidity_internal;h4_ob_target_swept_liquidity_previous_candle;h4_ob_target_swept_liquidity_swing;h4_ob_target_within_daily_ob
2021-01-15,Friday,london,2021-01-15 07:00:00+00:00,2021-01-15 08:00:00+00:00,bearish,1.26759,1.26831,1.2665099999999998,1.26831,0.0007200000000000539,35.52249739855659,loss,-1.0,sl,0.5833333333334104,-1.0,sl,False,0,1,0 days 01:00:00,6.500000000000394,True,25.0,56.2,1.5,2021-01-15 07:00:00+00:00,False,1.26811,1.26689,1,daily_mitigation_ob_caused_displacement;daily_mitigation_ob_caused_imbalance;daily_mitigation_ob_flip_zone;daily_mitigation_ob_has_inducement;daily_mitigation_ob_swept_liquidity;daily_mitigation_ob_swept_liquidity_fractal;daily_mitigation_ob_swept_liquidity_fvg;daily_mitigation_ob_swept_liquidity_internal;daily_mitigation_ob_swept_liquidity_previous_candle;daily_mitigation_ob_swept_liquidity_swing;daily_ob_target_caused_displacement;daily_ob_target_caused_imbalance;daily_ob_target_flip_zone;daily_ob_target_has_inducement;daily_ob_target_swept_liquidity;daily_ob_target_swept_liquidity_fractal;daily_ob_target_swept_liquidity_fvg;daily_ob_target_swept_liquidity_internal;daily_ob_target_swept_liquidity_previous_candle;daily_ob_target_swept_liquidity_swing;h1_mitigation_ob_flip_zone;h1_mitigation_ob_swept_liquidity_fractal;h1_mitigation_ob_swept_liquidity_fvg;h1_mitigation_ob_swept_liquidity_internal;h1_mitigation_ob_swept_liquidity_previous_candle;h1_mitigation_ob_swept_liquidity_swing;h1_ob_target_caused_displacement;h1_ob_target_caused_imbalance;h1_ob_target_flip_zone;h1_ob_target_has_inducement;h1_ob_target_swept_liquidity;h1_ob_target_swept_liquidity_fractal;h1_ob_target_swept_liquidity_fvg;h1_ob_target_swept_liquidity_internal;h1_ob_target_swept_liquidity_previous_candle;h1_ob_target_swept_liquidity_swing;h1_ob_target_within_h4_ob;h4_mitigation_ob_caused_displacement;h4_mitigation_ob_caused_imbalance;h4_mitigation_ob_flip_zone;h4_mitigation_ob_has_inducement;h4_mitigation_ob_swept_liquidity;h4_mitigation_ob_swept_liquidity_fractal;h4_mitigation_ob_swept_liquidity_fvg;h4_mitigation_ob_swept_liquidity_internal;h4_mitigation_ob_swept_liquidity_previous_candle;h4_mitigation_ob_swept_liquidity_swing;h4_mitigation_ob_within_daily_ob;h4_ob_target_caused_displacement;h4_ob_target_caused_imbalance;h4_ob_target_flip_zone;h4_ob_target_has_inducement;h4_ob_target_swept_liquidity;h4_ob_target_swept_liquidity_fractal;h4_ob_target_swept_liquidity_fvg;h4_ob_target_swept_liquidity_internal;h4_ob_target_swept_liquidity_previous_candle;h4_ob_target_swept_liquidity_swing;h4_ob_target_within_daily_ob
2021-01-15,Friday,ny,2021-01-15 14:00:00+00:00,2021-01-15 15:00:00+00:00,bearish,1.27319,1.2736,1.272575,1.2736,0.00041000000000002146,27.497500621648562,loss,-1.0,sl,0.0,-1.0,sl,False,0,1,0 days 01:00:00,27.999999999999137,True,25.0,56.2,1.5,2021-01-15 14:00:00+00:00,False,1.2734,1.27225,1,daily_mitigation_ob_caused_displacement;daily_mitigation_ob_caused_imbalance;daily_mitigation_ob_flip_zone;daily_mitigation_ob_has_inducement;daily_mitigation_ob_swept_liquidity;daily_mitigation_ob_swept_liquidity_fractal;daily_mitigation_ob_swept_liquidity_fvg;daily_mitigation_ob_swept_liquidity_internal;daily_mitigation_ob_swept_liquidity_previous_candle;daily_mitigation_ob_swept_liquidity_swing;daily_ob_target_caused_displacement;daily_ob_target_caused_imbalance;daily_ob_target_flip_zone;daily_ob_target_has_inducement;daily_ob_target_swept_liquidity;daily_ob_target_swept_liquidity_fractal;daily_ob_target_swept_liquidity_fvg;daily_ob_target_swept_liquidity_internal;daily_ob_target_swept_liquidity_previous_candle;daily_ob_target_swept_liquidity_swing;h1_mitigation_ob_flip_zone;h1_mitigation_ob_swept_liquidity;h1_mitigation_ob_swept_liquidity_fractal;h1_mitigation_ob_swept_liquidity_internal;h1_mitigation_ob_swept_liquidity_swing;h1_ob_target_flip_zone;h1_ob_target_swept_liquidity_fractal;h1_ob_target_swept_liquidity_fvg;h1_ob_target_swept_liquidity_internal;h1_ob_target_swept_liquidity_previous_candle;h1_ob_target_swept_liquidity_swing;h4_mitigation_ob_flip_zone;h4_mitigation_ob_swept_liquidity;h4_mitigation_ob_swept_liquidity_fractal;h4_mitigation_ob_swept_liquidity_internal;h4_mitigation_ob_swept_liquidity_previous_candle;h4_mitigation_ob_swept_liquidity_swing;h4_ob_target_caused_displacement;h4_ob_target_caused_imbalance;h4_ob_target_flip_zone;h4_ob_target_has_inducement;h4_ob_target_swept_liquidity;h4_ob_target_swept_liquidity_fractal;h4_ob_target_swept_liquidity_fvg;h4_ob_target_swept_liquidity_internal;h4_ob_target_swept_liquidity_previous_candle;h4_ob_target_swept_liquidity_swing;h4_ob_target_within_daily_ob
2021-01-18,Monday,london,2021-01-18 07:00:00+00:00,2021-01-18 16:00:00+00:00,bullish,1.27907,1.2757100000000001,1.2841099999999996,1.2757100000000001,0.0033599999999998076,-8.254150812354382,loss,-1.0,sl,0.24107142857143565,-1.0,sl,False,0,9,0 days 09:00:00,1.80000000000069,False,25.0,56.2,1.5,2021-01-18 06:00:00+00:00,True,1.27744,1.27591,1,daily_mitigation_ob_caused_displacement;daily_mitigation_ob_caused_imbalance;daily_mitigation_ob_flip_zone;daily_mitigation_ob_has_inducement;daily_mitigation_ob_swept_liquidity;daily_mitigation_ob_swept_liquidity_fractal;daily_mitigation_ob_swept_liquidity_fvg;daily_mitigation_ob_swept_liquidity_internal;daily_mitigation_ob_swept_liquidity_previous_candle;daily_mitigation_ob_swept_liquidity_swing;daily_ob_target_caused_displacement;daily_ob_target_caused_imbalance;daily_ob_target_flip_zone;daily_ob_target_has_inducement;daily_ob_target_swept_liquidity;daily_ob_target_swept_liquidity_fractal;daily_ob_target_swept_liquidity_fvg;daily_ob_target_swept_liquidity_internal;daily_ob_target_swept_liquidity_previous_candle;daily_ob_target_swept_liquidity_swing;h1_mitigation_ob_flip_zone;h1_mitigation_ob_swept_liquidity;h1_mitigation_ob_swept_liquidity_fractal;h1_mitigation_ob_swept_liquidity_internal;h1_mitigation_ob_swept_liquidity_previous_candle;h1_mitigation_ob_swept_liquidity_swing;h1_ob_target_flip_zone;h1_ob_target_swept_liquidity_fractal;h1_ob_target_swept_liquidity_fvg;h1_ob_target_swept_liquidity_internal;h1_ob_target_swept_liquidity_previous_candle;h1_ob_target_swept_liquidity_swing;h4_mitigation_ob_caused_displacement;h4_mitigation_ob_caused_imbalance;h4_mitigation_ob_flip_zone;h4_mitigation_ob_has_inducement;h4_mitigation_ob_swept_liquidity;h4_mitigation_ob_swept_liquidity_fractal;h4_mitigation_ob_swept_liquidity_fvg;h4_mitigation_ob_swept_liquidity_internal;h4_mitigation_ob_swept_liquidity_previous_candle;h4_mitigation_ob_swept_liquidity_swing;h4_mitigation_ob_within_daily_ob;h4_ob_target_flip_zone;h4_ob_target_swept_liquidity_fractal;h4_ob_target_swept_liquidity_fvg;h4_ob_target_swept_liquidity_internal;h4_ob_target_swept_liquidity_previous_candle;h4_ob_target_swept_liquidity_swing
2021-01-19,Tuesday,london,2021-01-19 07:00:00+00:00,2021-01-19 19:00:00+00:00,bullish,1.27305,1.27006,1.277535,1.27305,0.002990000000000048,-11.656699802671982,breakeven,0.0,be_stop,1.1137123745819404,0.0,be_stop,True,1,12,0 days 12:00:00,2.5999999999992696,False,25.0,56.2,1.5,2021-01-19 06:00:00+00:00,True,1.27197,1.27026,1,daily_mitigation_ob_caused_displacement;daily_mitigation_ob_caused_imbalance;daily_mitigation_ob_flip_zone;daily_mitigation_ob_has_inducement;daily_mitigation_ob_swept_liquidity;daily_mitigation_ob_swept_liquidity_fractal;daily_mitigation_ob_swept_liquidity_fvg;daily_mitigation_ob_swept_liquidity_internal;daily_mitigation_ob_swept_liquidity_previous_candle;daily_mitigation_ob_swept_liquidity_swing;daily_ob_target_caused_displacement;daily_ob_target_caused_imbalance;daily_ob_target_flip_zone;daily_ob_target_has_inducement;daily_ob_target_swept_liquidity;daily_ob_target_swept_liquidity_fractal;daily_ob_target_swept_liquidity_fvg;daily_ob_target_swept_liquidity_internal;daily_ob_target_swept_liquidity_previous_candle;daily_ob_target_swept_liquidity_swing;h1_mitigation_ob_flip_zone;h1_mitigation_ob_swept_liquidity;h1_mitigation_ob_swept_liquidity_fractal;h1_mitigation_ob_swept_liquidity_internal;h1_mitigation_ob_swept_liquidity_swing;h1_ob_target_flip_zone;h1_ob_target_swept_liquidity;h1_ob_target_swept_liquidity_fractal;h1_ob_target_swept_liquidity_fvg;h1_ob_target_swept_liquidity_internal;h1_ob_target_swept_liquidity_swing;h4_mitigation_ob_caused_displacement;h4_mitigation_ob_caused_imbalance;h4_mitigation_ob_flip_zone;h4_mitigation_ob_has_inducement;h4_mitigation_ob_swept_liquidity;h4_mitigation_ob_swept_liquidity_fractal;h4_mitigation_ob_swept_liquidity_fvg;h4_mitigation_ob_swept_liquidity_internal;h4_mitigation_ob_swept_liquidity_previous_candle;h4_mitigation_ob_swept_liquidity_swing;h4_mitigation_ob_within_daily_ob;h4_ob_target_flip_zone;h4_ob_target_swept_liquidity_fractal;h4_ob_target_swept_liquidity_fvg;h4_ob_target_swept_liquidity_internal;h4_ob_target_swept_liquidity_previous_candle;h4_ob_target_swept_liquidity_swing
2021-01-20,Wednesday,ny,2021-01-20 12:00:00+00:00,2021-01-20 13:00:00+00:00,bearish,1.27109,1.27178,1.2700550000000002,1.2700550000000002,0.0006899999999998574,64.61343516831764,win,1.5,tp,10.0,0.0,be_stop,True,2,1,0 days 01:00:00,1.1999999999989797,True,25.0,56.2,1.5,2021-01-20 11:00:00+00:00,True,1.27158,1.27052,1,daily_mitigation_ob_caused_displacement;daily_mitigation_ob_caused_imbalance;daily_mitigation_ob_flip_zone;daily_mitigation_ob_has_inducement;daily_mitigation_ob_swept_liquidity;daily_mitigation_ob_swept_liquidity_fractal;daily_mitigation_ob_swept_liquidity_fvg;daily_mitigation_ob_swept_liquidity_internal;daily_mitigation_ob_swept_liquidity_previous_candle;daily_mitigation_ob_swept_liquidity_swing;daily_ob_target_caused_displacement;daily_ob_target_caused_imbalance;daily_ob_target_flip_zone;daily_ob_target_has_inducement;daily_ob_target_swept_liquidity;daily_ob_target_swept_liquidity_fractal;daily_ob_target_swept_liquidity_fvg;daily_ob_target_swept_liquidity_internal;daily_ob_target_swept_liquidity_previous_candle;daily_ob_target_swept_liquidity_swing;h1_mitigation_ob_flip_zone;h1_mitigation_ob_swept_liquidity;h1_mitigation_ob_swept_liquidity_fractal;h1_mitigation_ob_swept_liquidity_internal;h1_mitigation_ob_swept_liquidity_previous_candle;h1_mitigation_ob_swept_liquidity_swing;h1_ob_target_caused_displacement;h1_ob_target_caused_imbalance;h1_ob_target_flip_zone;h1_ob_target_has_inducement;h1_ob_target_swept_liquidity;h1_ob_target_swept_liquidity_fractal;h1_ob_target_swept_liquidity_fvg;h1_ob_target_swept_liquidity_internal;h1_ob_target_swept_liquidity_previous_candle;h1_ob_target_swept_liquidity_swing;h1_ob_target_within_h4_ob;h4_mitigation_ob_caused_displacement;h4_mitigation_ob_caused_imbalance;h4_mitigation_ob_flip_zone;h4_mitigation_ob_has_inducement;h4_mitigation_ob_swept_liquidity;h4_mitigation_ob_swept_liquidity_fractal;h4_mitigation_ob_swept_liquidity_fvg;h4_mitigation_ob_swept_liquidity_internal;h4_mitigation_ob_swept_liquidity_previous_candle;h4_mitigation_ob_swept_liquidity_swing;h4_mitigation_ob_within_daily_ob;h4_ob_target_caused_displacement;h4_ob_target_caused_imbalance;h4_ob_target_flip_zone;h4_ob_target_has_inducement;h4_ob_target_swept_liquidity;h4_ob_target_swept_liquidity_fractal;h4_ob_target_swept_liquidity_fvg;h4_ob_target_swept_liquidity_internal;h4_ob_target_swept_liquidity_previous_candle;h4_ob_target_swept_liquidity_swing;h4_ob_target_within_daily_ob
2021-01-22,Friday,ny,2021-01-22 12:00:00+00:00,2021-01-22 15:00:00+00:00,bearish,1.27051,1.27183,1.2685300000000002,1.2685300000000002,0.0013199999999999878,22.98414403970995,win,1.5,tp,1.750000000000042,-1.0,sl,False,0,3,0 days 03:00:00,3.1000000000003247,False,25.0,56.2,1.5,2021-01-22 11:00:00+00:00,True,1.27163,1.27025,1,daily_mitigation_ob_caused_displacement;daily_mitigation_ob_caused_imbalance;daily_mitigation_ob_flip_zone;daily_mitigation_ob_has_inducement;daily_mitigation_ob_swept_liquidity;daily_mitigation_ob_swept_liquidity_fractal;daily_mitigation_ob_swept_liquidity_fvg;daily_mitigation_ob_swept_liquidity_internal;daily_mitigation_ob_swept_liquidity_previous_candle;daily_mitigation_ob_swept_liquidity_swing;daily_ob_target_caused_displacement;daily_ob_target_caused_imbalance;daily_ob_target_flip_zone;daily_ob_target_has_inducement;daily_ob_target_swept_liquidity;daily_ob_target_swept_liquidity_fractal;daily_ob_target_swept_liquidity_fvg;daily_ob_target_swept_liquidity_internal;daily_ob_target_swept_liquidity_previous_candle;daily_ob_target_swept_liquidity_swing;h1_mitigation_ob_flip_zone;h1_mitigation_ob_swept_liquidity;h1_mitigation_ob_swept_liquidity_fractal;h1_mitigation_ob_swept_liquidity_internal;h1_mitigation_ob_swept_liquidity_previous_candle;h1_mitigation_ob_swept_liquidity_swing;h1_ob_target_flip_zone;h1_ob_target_swept_liquidity_fractal;h1_ob_target_swept_liquidity_fvg;h1_ob_target_swept_liquidity_internal;h1_ob_target_swept_liquidity_previous_candle;h1_ob_target_swept_liquidity_swing;h4_mitigation_ob_caused_displacement;h4_mitigation_ob_caused_imbalance;h4_mitigation_ob_flip_zone;h4_mitigation_ob_has_inducement;h4_mitigation_ob_swept_liquidity;h4_mitigation_ob_swept_liquidity_fractal;h4_mitigation_ob_swept_liquidity_fvg;h4_mitigation_ob_swept_liquidity_internal;h4_mitigation_ob_swept_liquidity_previous_candle;h4_mitigation_ob_swept_liquidity_swing;h4_mitigation_ob_within_daily_ob;h4_ob_target_caused_displacement;h4_ob_target_caused_imbalance;h4_ob_target_flip_zone;h4_ob_target_has_inducement;h4_ob_target_swept_liquidity;h4_ob_target_swept_liquidity_fractal;h4_ob_target_swept_liquidity_fvg;h4_ob_target_swept_liquidity_internal;h4_ob_target_swept_liquidity_previous_candle;h4_ob_target_swept_liquidity_swing;h4_ob_target_within_daily_ob
2021-01-25,Monday,ny,2021-01-25 14:00:00+00:00,2021-01-25 19:00:00+00:00,bullish,1.27377,1.26957,1.28007,1.27366,0.0041999999999999815,0.7890166347245547,loss,-0.02619047619048928,cut_19h,0.9785714285713938,-0.02619047619048928,cut_19h,False,1,5,0 days 05:00:00,0.0,False,25.0,56.2,1.5,2021-01-25 14:00:00+00:00,False,1.2714,1.26977,1,daily_mitigation_ob_caused_displacement;daily_mitigation_ob_caused_imbalance;daily_mitigation_ob_flip_zone;daily_mitigation_ob_has_inducement;daily_mitigation_ob_swept_liquidity;daily_mitigation_ob_swept_liquidity_fractal;daily_mitigation_ob_swept_liquidity_fvg;daily_mitigation_ob_swept_liquidity_internal;daily_mitigation_ob_swept_liquidity_previous_candle;daily_mitigation_ob_swept_liquidity_swing;daily_ob_target_caused_displacement;daily_ob_target_caused_imbalance;daily_ob_target_flip_zone;daily_ob_target_has_inducement;daily_ob_target_swept_liquidity;daily_ob_target_swept_liquidity_fractal;daily_ob_target_swept_liquidity_fvg;daily_ob_target_swept_liquidity_internal;daily_ob_target_swept_liquidity_previous_candle;daily_ob_target_swept_liquidity_swing;h1_mitigation_ob_flip_zone;h1_mitigation_ob_swept_liquidity;h1_mitigation_ob_swept_liquidity_fractal;h1_mitigation_ob_swept_liquidity_internal;h1_mitigation_ob_swept_liquidity_previous_candle;h1_mitigation_ob_swept_liquidity_swing;h1_ob_target_flip_zone;h1_ob_target_swept_liquidity_fractal;h1_ob_target_swept_liquidity_fvg;h1_ob_target_swept_liquidity_internal;h1_ob_target_swept_liquidity_previous_candle;h1_ob_target_swept_liquidity_swing;h4_mitigation_ob_caused_displacement;h4_mitigation_ob_caused_imbalance;h4_mitigation_ob_flip_zone;h4_mitigation_ob_has_inducement;h4_mitigation_ob_swept_liquidity;h4_mitigation_ob_swept_liquidity_fractal;h4_mitigation_ob_swept_liquidity_fvg;h4_mitigation_ob_swept_liquidity_internal;h4_mitigation_ob_swept_liquidity_previous_candle;h4_mitigation_ob_swept_liquidity_swing;h4_mitigation_ob_within_daily_ob;h4_ob_target_flip_zone;h4_ob_target_swept_liquidity_fractal;h4_ob_target_swept_liquidity_fvg;h4_ob_target_swept_liquidity_internal;h4_ob_target_swept_liquidity_previous_candle;h4_ob_target_swept_liquidity_swing
2021-01-28,Thursday,london,2021-01-28 08:00:00+00:00,2021-01-28 09:00:00+00:00,bearish,1.28704,1.28769,1.2860649999999998,1.28769,0.0006500000000000394,32.24718446755833,loss,-1.0,sl,1.2923076923075398,-1.0,sl,False,0,1,0 days 01:00:00,4.100000000000215,True,25.0,56.2,1.5,2021-01-28 08:00:00+00:00,False,1.28749,1.28611,1,daily_mitigation_ob_caused_displacement;daily_mitigation_ob_caused_imbalance;daily_mitigation_ob_flip_zone;daily_mitigation_ob_has_inducement;daily_mitigation_ob_swept_liquidity;daily_mitigation_ob_swept_liquidity_fractal;daily_mitigation_ob_swept_liquidity_fvg;daily_mitigation_ob_swept_liquidity_internal;daily_mitigation_ob_swept_liquidity_previous_candle;daily_mitigation_ob_swept_liquidity_swing;daily_ob_target_caused_displacement;daily_ob_target_caused_imbalance;daily_ob_target_flip_zone;daily_ob_target_has_inducement;daily_ob_target_swept_liquidity;daily_ob_target_swept_liquidity_fractal;daily_ob_target_swept_liquidity_fvg;daily_ob_target_swept_liquidity_internal;daily_ob_target_swept_liquidity_previous_candle;daily_ob_target_swept_liquidity_swing;h1_mitigation_ob_flip_zone;h1_mitigation_ob_swept_liquidity_fractal;h1_mitigation_ob_swept_liquidity_fvg;h1_mitigation_ob_swept_liquidity_internal;h1_mitigation_ob_swept_liquidity_previous_candle;h1_mitigation_ob_swept_liquidity_swing;h1_ob_target_flip_zone;h1_ob_target_swept_liquidity_fractal;h1_ob_target_swept_liquidity_fvg;h1_ob_target_swept_liquidity_internal;h1_ob_target_swept_liquidity_previous_candle;h1_ob_target_swept_liquidity_swing;h4_mitigation_ob_caused_displacement;h4_mitigation_ob_caused_imbalance;h4_mitigation_ob_flip_zone;h4_mitigation_ob_has_inducement;h4_mitigation_ob_swept_liquidity;h4_mitigation_ob_swept_liquidity_fractal;h4_mitigation_ob_swept_liquidity_fvg;h4_mitigation_ob_swept_liquidity_internal;h4_mitigation_ob_swept_liquidity_previous_candle;h4_mitigation_ob_swept_liquidity_swing;h4_mitigation_ob_within_daily_ob;h4_ob_target_caused_displacement;h4_ob_target_caused_imbalance;h4_ob_target_flip_zone;h4_ob_target_has_inducement;h4_ob_target_swept_liquidity;h4_ob_target_swept_liquidity_fractal;h4_ob_target_swept_liquidity_fvg;h4_ob_target_swept_liquidity_internal;h4_ob_target_swept_liquidity_previous_candle;h4_ob_target_swept_liquidity_swing;h4_ob_target_within_daily_ob
2021-01-28,Thursday,london,2021-01-28 09:00:00+00:00,2021-01-28 14:00:00+00:00,bullish,1.28632,1.28229,1.2923649999999998,1.28229,0.004029999999999978,3.086630221316679,loss,-1.0,sl,0.2952853598014965,-1.0,sl,False,0,5,0 days 05:00:00,18.799999999998818,False,25.0,56.2,1.5,2021-01-28 09:00:00+00:00,False,1.28361,1.28249,1,daily_mitigation_ob_caused_displacement;daily_mitigation_ob_caused_imbalance;daily_mitigation_ob_flip_zone;daily_mitigation_ob_has_inducement;daily_mitigation_ob_swept_liquidity;daily_mitigation_ob_swept_liquidity_fractal;daily_mitigation_ob_swept_liquidity_fvg;daily_mitigation_ob_swept_liquidity_internal;daily_mitigation_ob_swept_liquidity_previous_candle;daily_mitigation_ob_swept_liquidity_swing;daily_ob_target_flip_zone;daily_ob_target_swept_liquidity;daily_ob_target_swept_liquidity_fractal;daily_ob_target_swept_liquidity_fvg;daily_ob_target_swept_liquidity_internal;daily_ob_target_swept_liquidity_swing;h1_mitigation_ob_flip_zone;h1_mitigation_ob_swept_liquidity_fractal;h1_mitigation_ob_swept_liquidity_fvg;h1_mitigation_ob_swept_liquidity_internal;h1_mitigation_ob_swept_liquidity_previous_candle;h1_mitigation_ob_swept_liquidity_swing;h1_ob_target_flip_zone;h1_ob_target_swept_liquidity;h1_ob_target_swept_liquidity_fractal;h1_ob_target_swept_liquidity_fvg;h1_ob_target_swept_liquidity_internal;h1_ob_target_swept_liquidity_swing;h4_mitigation_ob_caused_displacement;h4_mitigation_ob_caused_imbalance;h4_mitigation_ob_flip_zone;h4_mitigation_ob_has_inducement;h4_mitigation_ob_swept_liquidity;h4_mitigation_ob_swept_liquidity_fractal;h4_mitigation_ob_swept_liquidity_fvg;h4_mitigation_ob_swept_liquidity_internal;h4_mitigation_ob_swept_liquidity_previous_candle;h4_mitigation_ob_swept_liquidity_swing;h4_mitigation_ob_within_daily_ob;h4_ob_target_flip_zone;h4_ob_target_swept_liquidity;h4_ob_target_swept_liquidity_fvg;h4_ob_target_swept_liquidity_internal;h4_ob_target_swept_liquidity_previous_candle;h4_ob_target_swept_liquidity_swing
2021-02-01,Monday,london,2021-02-01 09:00:00+00:00,2021-02-01 15:00:00+00:00,bearish,1.27908,1.2821,1.27455,1.2821,0.0030200000000000227,-1.372067469645798,loss,-1.0,sl,0.029801324503285695,-1.0,sl,False,0,6,0 days 06:00:00,18.199999999999328,False,25.0,56.2,1.5,2021-02-01 09:00:00+00:00,False,1.2819,1.27856,1,daily_mitigation_ob_caused_displacement;daily_mitigation_ob_caused_imbalance;daily_mitigation_ob_flip_zone;daily_mitigation_ob_has_inducement;daily_mitigation_ob_swept_liquidity;daily_mitigation_ob_swept_liquidity_fractal;daily_mitigation_ob_swept_liquidity_fvg;daily_mitigation_ob_swept_liquidity_internal;daily_mitigation_ob_swept_liquidity_previous_candle;daily_mitigation_ob_swept_liquidity_swing;daily_ob_target_caused_displacement;daily_ob_target_caused_imbalance;daily_ob_target_flip_zone;daily_ob_target_has_inducement;daily_ob_target_swept_liquidity;daily_ob_target_swept_liquidity_fractal;daily_ob_target_swept_liquidity_fvg;daily_ob_target_swept_liquidity_internal;daily_ob_target_swept_liquidity_previous_candle;daily_ob_target_swept_liquidity_swing;h1_mitigation_ob_flip_zone;h1_mitigation_ob_swept_liquidity_fractal;h1_mitigation_ob_swept_liquidity_fvg;h1_mitigation_ob_swept_liquidity_internal;h1_mitigation_ob_swept_liquidity_previous_candle;h1_mitigation_ob_swept_liquidity_swing;h1_ob_target_flip_zone;h1_ob_target_swept_liquidity;h1_ob_target_swept_liquidity_fractal;h1_ob_target_swept_liquidity_fvg;h1_ob_target_swept_liquidity_previous_candle;h1_ob_target_swept_liquidity_swing;h4_mitigation_ob_caused_displacement;h4_mitigation_ob_caused_imbalance;h4_mitigation_ob_flip_zone;h4_mitigation_ob_has_inducement;h4_mitigation_ob_swept_liquidity;h4_mitigation_ob_swept_liquidity_fractal;h4_mitigation_ob_swept_liquidity_fvg;h4_mitigation_ob_swept_liquidity_internal;h4_mitigation_ob_swept_liquidity_previous_candle;h4_mitigation_ob_swept_liquidity_swing;h4_mitigation_ob_within_daily_ob;h4_ob_target_flip_zone;h4_ob_target_swept_liquidity;h4_ob_target_swept_liquidity_fvg;h4_ob_target_swept_liquidity_internal;h4_ob_target_swept_liquidity_previous_candle;h4_ob_target_swept_liquidity_swing
2021-02-02,Tuesday,ny,2021-02-02 12:00:00+00:00,2021-02-02 14:00:00+00:00,bearish,1.28142,1.28362,1.27812,1.28362,0.0021999999999999797,11.350762713173598,loss,-1.0,sl,0.459090909090893,-1.0,sl,False,0,2,0 days 02:00:00,33.30000000000055,False,25.0,56.2,1.5,2021-02-02 12:00:00+00:00,False,1.28342,1.28177,1,daily_mitigation_ob_caused_displacement;daily_mitigation_ob_caused_imbalance;daily_mitigation_ob_flip_zone;daily_mitigation_ob_has_inducement;daily_mitigation_ob_swept_liquidity;daily_mitigation_ob_swept_liquidity_fractal;daily_mitigation_ob_swept_liquidity_fvg;daily_mitigation_ob_swept_liquidity_internal;daily_mitigation_ob_swept_liquidity_previous_candle;daily_mitigation_ob_swept_liquidity_swing;daily_ob_target_caused_displacement;daily_ob_target_caused_imbalance;daily_ob_target_flip_zone;daily_ob_target_has_inducement;daily_ob_target_swept_liquidity;daily_ob_target_swept_liquidity_fractal;daily_ob_target_swept_liquidity_fvg;daily_ob_target_swept_liquidity_internal;daily_ob_target_swept_liquidity_previous_candle;daily_ob_target_swept_liquidity_swing;h1_mitigation_ob_flip_zone;h1_mitigation_ob_swept_liquidity_fractal;h1_mitigation_ob_swept_liquidity_fvg;h1_mitigation_ob_swept_liquidity_internal;h1_mitigation_ob_swept_liquidity_previous_candle;h1_mitigation_ob_swept_liquidity_swing;h1_ob_target_flip_zone;h1_ob_target_swept_liquidity_fractal;h1_ob_target_swept_liquidity_fvg;h1_ob_target_swept_liquidity_internal;h1_ob_target_swept_liquidity_previous_candle;h1_ob_target_swept_liquidity_swing;h4_mitigation_ob_caused_displacement;h4_mitigation_ob_caused_imbalance;h4_mitigation_ob_flip_zone;h4_mitigation_ob_has_inducement;h4_mitigation_ob_swept_liquidity;h4_mitigation_ob_swept_liquidity_fractal;h4_mitigation_ob_swept_liquidity_fvg;h4_mitigation_ob_swept_liquidity_internal;h4_mitigation_ob_swept_liquidity_previous_candle;h4_mitigation_ob_swept_liquidity_swing;h4_mitigation_ob_within_daily_ob;h4_ob_target_flip_zone;h4_ob_target_swept_liquidity;h4_ob_target_swept_liquidity_fvg;h4_ob_target_swept_liquidity_internal;h4_ob_target_swept_liquidity_previous_candle;h4_ob_target_swept_liquidity_swing
2021-02-05,Friday,london,2021-02-05 09:00:00+00:00,2021-02-05 13:00:00+00:00,bullish,1.27946,1.27772,1.28207,1.28207,0.0017400000000000748,19.412659450946492,win,1.5,tp,1.9137931034482252,-1.0,sl,False,0,4,0 days 04:00:00,5.5000000000005045,False,25.0,56.2,1.5,2021-02-05 09:00:00+00:00,False,1.27907,1.27792,1,daily_mitigation_ob_caused_displacement;daily_mitigation_ob_caused_imbalance;daily_mitigation_ob_flip_zone;daily_mitigation_ob_has_inducement;daily_mitigation_ob_swept_liquidity;daily_mitigation_ob_swept_liquidity_fractal;daily_mitigation_ob_swept_liquidity_fvg;daily_mitigation_ob_swept_liquidity_internal;daily_mitigation_ob_swept_liquidity_previous_candle;daily_mitigation_ob_swept_liquidity_swing;daily_ob_target_caused_displacement;daily_ob_target_caused_imbalance;daily_ob_target_flip_zone;daily_ob_target_has_inducement;daily_ob_target_swept_liquidity;daily_ob_target_swept_liquidity_fractal;daily_ob_target_swept_liquidity_fvg;daily_ob_target_swept_liquidity_internal;daily_ob_target_swept_liquidity_previous_candle;daily_ob_target_swept_liquidity_swing;h1_mitigation_ob_flip_zone;h1_mitigation_ob_swept_liquidity;h1_mitigation_ob_swept_liquidity_fvg;h1_mitigation_ob_swept_liquidity_internal;h1_mitigation_ob_swept_liquidity_swing;h1_ob_target_flip_zone;h1_ob_target_swept_liquidity_fractal;h1_ob_target_swept_liquidity_fvg;h1_ob_target_swept_liquidity_internal;h1_ob_target_swept_liquidity_previous_candle;h1_ob_target_swept_liquidity_swing;h4_mitigation_ob_flip_zone;h4_mitigation_ob_swept_liquidity_fractal;h4_mitigation_ob_swept_liquidity_fvg;h4_mitigation_ob_swept_liquidity_internal;h4_mitigation_ob_swept_liquidity_previous_candle;h4_mitigation_ob_swept_liquidity_swing;h4_ob_target_caused_displacement;h4_ob_target_caused_imbalance;h4_ob_target_flip_zone;h4_ob_target_has_inducement;h4_ob_target_swept_liquidity;h4_ob_target_swept_liquidity_fractal;h4_ob_target_swept_liquidity_fvg;h4_ob_target_swept_liquidity_internal;h4_ob_target_swept_liquidity_previous_candle;h4_ob_target_swept_liquidity_swing;h4_ob_target_within_daily_ob
2021-02-05,Friday,ny,2021-02-05 14:00:00+00:00,2021-02-05 19:00:00+00:00,bearish,1.27895,1.28335,1.27235,1.27692,0.0043999999999999595,-4.927189905130959,win,0.4613636363636352,friday_close,0.5636363636363774,0.4613636363636352,friday_close,False,0,5,0 days 05:00:00,0.0,False,25.0,56.2,1.5,2021-02-05 14:00:00+00:00,False,1.28315,1.28245,1,daily_mitigation_ob_caused_displacement;daily_mitigation_ob_caused_imbalance;daily_mitigation_ob_flip_zone;daily_mitigation_ob_has_inducement;daily_mitigation_ob_swept_liquidity;daily_mitigation_ob_swept_liquidity_fractal;daily_mitigation_ob_swept_liquidity_fvg;daily_mitigation_ob_swept_liquidity_internal;daily_mitigation_ob_swept_liquidity_previous_candle;daily_mitigation_ob_swept_liquidity_swing;daily_ob_target_flip_zone;daily_ob_target_swept_liquidity_fractal;daily_ob_target_swept_liquidity_fvg;daily_ob_target_swept_liquidity_internal;daily_ob_target_swept_liquidity_previous_candle;daily_ob_target_swept_liquidity_swing;h1_mitigation_ob_flip_zone;h1_mitigation_ob_swept_liquidity_fractal;h1_mitigation_ob_swept_liquidity_fvg;h1_mitigation_ob_swept_liquidity_internal;h1_mitigation_ob_swept_liquidity_previous_candle;h1_mitigation_ob_swept_liquidity_swing;h1_ob_target_flip_zone;h1_ob_target_swept_liquidity;h1_ob_target_swept_liquidity_fractal;h1_ob_target_swept_liquidity_fvg;h1_ob_target_swept_liquidity_previous_candle;h1_ob_target_swept_liquidity_swing;h4_mitigation_ob_caused_displacement;h4_mitigation_ob_caused_imbalance;h4_mitigation_ob_flip_zone;h4_mitigation_ob_has_inducement;h4_mitigation_ob_swept_liquidity;h4_mitigation_ob_swept_liquidity_fractal;h4_mitigation_ob_swept_liquidity_fvg;h4_mitigation_ob_swept_liquidity_internal;h4_mitigation_ob_swept_liquidity_previous_candle;h4_mitigation_ob_swept_liquidity_swing;h4_mitigation_ob_within_daily_ob;h4_ob_target_flip_zone;h4_ob_target_swept_liquidity;h4_ob_target_swept_liquidity_fvg;h4_ob_target_swept_liquidity_internal;h4_ob_target_swept_liquidity_previous_candle;h4_ob_target_swept_liquidity_swing
2021-02-08,Monday,ny,2021-02-08 12:00:00+00:00,2021-02-08 14:00:00+00:00,bearish,1.27758,1.27927,1.275045,1.275045,0.0016899999999999693,7.627650371590603,win,1.5,tp,6.857988165680592,4.68639053254442,friday_close,True,4,2,0 days 02:00:00,0.0,False,25.0,56.2,1.5,2021-02-08 11:00:00+00:00,True,1.27907,1.27792,1,daily_mitigation_ob_caused_displacement;daily_mitigation_ob_caused_imbalance;daily_mitigation_ob_flip_zone;daily_mitigation_ob_has_inducement;daily_mitigation_ob_swept_liquidity;daily_mitigation_ob_swept_liquidity_fractal;daily_mitigation_ob_swept_liquidity_fvg;daily_mitigation_ob_swept_liquidity_internal;daily_mitigation_ob_swept_liquidity_previous_candle;daily_mitigation_ob_swept_liquidity_swing;daily_ob_target_caused_displacement;daily_ob_target_caused_imbalance;daily_ob_target_flip_zone;daily_ob_target_has_inducement;daily_ob_target_swept_liquidity;daily_ob_target_swept_liquidity_fractal;daily_ob_target_swept_liquidity_fvg;daily_ob_target_swept_liquidity_internal;daily_ob_target_swept_liquidity_previous_candle;daily_ob_target_swept_liquidity_swing;h1_mitigation_ob_flip_zone;h1_mitigation_ob_swept_liquidity_fractal;h1_mitigation_ob_swept_liquidity_fvg;h1_mitigation_ob_swept_liquidity_internal;h1_mitigation_ob_swept_liquidity_previous_candle;h1_mitigation_ob_swept_liquidity_swing;h1_ob_target_flip_zone;h1_ob_target_swept_liquidity;h1_ob_target_swept_liquidity_fractal;h1_ob_target_swept_liquidity_fvg;h1_ob_target_swept_liquidity_previous_candle;h1_ob_target_swept_liquidity_swing;h4_mitigation_ob_caused_displacement;h4_mitigation_ob_caused_imbalance;h4_mitigation_ob_flip_zone;h4_mitigation_ob_has_inducement;h4_mitigation_ob_swept_liquidity;h4_mitigation_ob_swept_liquidity_fractal;h4_mitigation_ob_swept_liquidity_fvg;h4_mitigation_ob_swept_liquidity_internal;h4_mitigation_ob_swept_liquidity_previous_candle;h4_mitigation_ob_swept_liquidity_swing;h4_mitigation_ob_within_daily_ob;h4_ob_target_flip_zone;h4_ob_target_swept_liquidity;h4_ob_target_swept_liquidity_fvg;h4_ob_target_swept_liquidity_internal;h4_ob_target_swept_liquidity_previous_candle;h4_ob_target_swept_liquidity_swing
2021-02-11,Thursday,ny,2021-02-11 13:00:00+00:00,2021-02-11 16:00:00+00:00,bearish,1.26688,1.2686,1.2643,1.2686,0.0017199999999999438,0.8299156563404458,loss,-1.0,sl,0.24418604651168646,-1.0,sl,False,0,3,0 days 03:00:00,7.900000000000684,False,25.0,56.2,1.5,2021-02-11 13:00:00+00:00,False,1.2684,1.2678,1,daily_mitigation_ob_caused_displacement;daily_mitigation_ob_caused_imbalance;daily_mitigation_ob_flip_zone;daily_mitigation_ob_has_inducement;daily_mitigation_ob_swept_liquidity;daily_mitigation_ob_swept_liquidity_fractal;daily_mitigation_ob_swept_liquidity_fvg;daily_mitigation_ob_swept_liquidity_internal;daily_mitigation_ob_swept_liquidity_previous_candle;daily_mitigation_ob_swept_liquidity_swing;daily_ob_target_flip_zone;daily_ob_target_swept_liquidity_fractal;daily_ob_target_swept_liquidity_fvg;daily_ob_target_swept_liquidity_internal;daily_ob_target_swept_liquidity_previous_candle;daily_ob_target_swept_liquidity_swing;h1_mitigation_ob_flip_zone;h1_mitigation_ob_swept_liquidity_fractal;h1_mitigation_ob_swept_liquidity_fvg;h1_mitigation_ob_swept_liquidity_internal;h1_mitigation_ob_swept_liquidity_previous_candle;h1_mitigation_ob_swept_liquidity_swing;h1_ob_target_flip_zone;h1_ob_target_swept_liquidity_fractal;h1_ob_target_swept_liquidity_fvg;h1_ob_target_swept_liquidity_internal;h1_ob_target_swept_liquidity_previous_candle;h1_ob_target_swept_liquidity_swing;h4_mitigation_ob_caused_displacement;h4_mitigation_ob_caused_imbalance;h4_mitigation_ob_flip_zone;h4_mitigation_ob_has_inducement;h4_mitigation_ob_swept_liquidity;h4_mitigation_ob_swept_liquidity_fractal;h4_mitigation_ob_swept_liquidity_fvg;h4_mitigation_ob_swept_liquidity_internal;h4_mitigation_ob_swept_liquidity_previous_candle;h4_mitigation_ob_swept_liquidity_swing;h4_mitigation_ob_within_daily_ob;h4_ob_target_flip_zone;h4_ob_target_swept_liquidity_fractal;h4_ob_target_swept_liquidity_fvg;h4_ob_target_swept_liquidity_internal;h4_ob_target_swept_liquidity_previous_candle;h4_ob_target_swept_liquidity_swing
2021-02-12,Friday,ny,2021-02-12 13:00:00+00:00,2021-02-12 15:00:00+00:00,bullish,1.27492,1.27158,1.2799300000000002,1.27158,0.0033400000000001207,20.859717238569004,loss,-1.0,sl,0.4071856287425086,-1.0,sl,False,0,2,0 days 02:00:00,12.900000000000134,False,25.0,56.2,1.5,2021-02-12 13:00:00+00:00,False,1.27258,1.27178,1,daily_mitigation_ob_caused_displacement;daily_mitigation_ob_caused_imbalance;daily_mitigation_ob_flip_zone;daily_mitigation_ob_has_inducement;daily_mitigation_ob_swept_liquidity;daily_mitigation_ob_swept_liquidity_fractal;daily_mitigation_ob_swept_liquidity_fvg;daily_mitigation_ob_swept_liquidity_internal;daily_mitigation_ob_swept_liquidity_previous_candle;daily_mitigation_ob_swept_liquidity_swing;daily_ob_target_caused_displacement;daily_ob_target_caused_imbalance;daily_ob_target_flip_zone;daily_ob_target_has_inducement;daily_ob_target_swept_liquidity;daily_ob_target_swept_liquidity_fractal;daily_ob_target_swept_liquidity_fvg;daily_ob_target_swept_liquidity_internal;daily_ob_target_swept_liquidity_previous_candle;daily_ob_target_swept_liquidity_swing;h1_mitigation_ob_flip_zone;h1_mitigation_ob_swept_liquidity;h1_mitigation_ob_swept_liquidity_fractal;h1_mitigation_ob_swept_liquidity_internal;h1_mitigation_ob_swept_liquidity_previous_candle;h1_mitigation_ob_swept_liquidity_swing;h1_ob_target_flip_zone;h1_ob_target_swept_liquidity;h1_ob_target_swept_liquidity_fractal;h1_ob_target_swept_liquidity_internal;h1_ob_target_swept_liquidity_swing;h4_mitigation_ob_caused_displacement;h4_mitigation_ob_caused_imbalance;h4_mitigation_ob_flip_zone;h4_mitigation_ob_has_inducement;h4_mitigation_ob_swept_liquidity;h4_mitigation_ob_swept_liquidity_fractal;h4_mitigation_ob_swept_liquidity_fvg;h4_mitigation_ob_swept_liquidity_internal;h4_mitigation_ob_swept_liquidity_previous_candle;h4_mitigation_ob_swept_liquidity_swing;h4_mitigation_ob_within_daily_ob;h4_ob_target_flip_zone;h4_ob_target_swept_liquidity_fractal;h4_ob_target_swept_liquidity_fvg;h4_ob_target_swept_liquidity_internal;h4_ob_target_swept_liquidity_previous_candle;h4_ob_target_swept_liquidity_swing
2021-02-15,Monday,london,2021-02-15 08:00:00+00:00,2021-02-16 01:00:00+00:00,bearish,1.26631,1.26921,1.2619600000000002,1.2619600000000002,0.0028999999999999027,17.5592239290512,win,1.5,tp,1.8586206896552369,0.0,be_stop,True,1,17,0 days 17:00:00,21.799999999998487,False,25.0,56.2,1.5,2021-02-15 08:00:00+00:00,False,1.26901,1.26774,1,daily_mitigation_ob_caused_displacement;daily_mitigation_ob_caused_imbalance;daily_mitigation_ob_flip_zone;daily_mitigation_ob_has_inducement;daily_mitigation_ob_swept_liquidity;daily_mitigation_ob_swept_liquidity_fractal;daily_mitigation_ob_swept_liquidity_fvg;daily_mitigation_ob_swept_liquidity_internal;daily_mitigation_ob_swept_liquidity_previous_candle;daily_mitigation_ob_swept_liquidity_swing;daily_ob_target_flip_zone;daily_ob_target_swept_liquidity_fractal;daily_ob_target_swept_liquidity_fvg;daily_ob_target_swept_liquidity_internal;daily_ob_target_swept_liquidity_previous_candle;daily_ob_target_swept_liquidity_swing;h1_mitigation_ob_flip_zone;h1_mitigation_ob_swept_liquidity;h1_mitigation_ob_swept_liquidity_fractal;h1_mitigation_ob_swept_liquidity_internal;h1_mitigation_ob_swept_liquidity_previous_candle;h1_mitigation_ob_swept_liquidity_swing;h1_ob_target_flip_zone;h1_ob_target_swept_liquidity_fractal;h1_ob_target_swept_liquidity_fvg;h1_ob_target_swept_liquidity_internal;h1_ob_target_swept_liquidity_previous_candle;h1_ob_target_swept_liquidity_swing;h4_mitigation_ob_caused_displacement;h4_mitigation_ob_caused_imbalance;h4_mitigation_ob_flip_zone;h4_mitigation_ob_has_inducement;h4_mitigation_ob_swept_liquidity;h4_mitigation_ob_swept_liquidity_fractal;h4_mitigation_ob_swept_liquidity_fvg;h4_mitigation_ob_swept_liquidity_internal;h4_mitigation_ob_swept_liquidity_previous_candle;h4_mitigation_ob_swept_liquidity_swing;h4_mitigation_ob_within_daily_ob;h4_ob_target_flip_zone;h4_ob_target_swept_liquidity_fractal;h4_ob_target_swept_liquidity_fvg;h4_ob_target_swept_liquidity_internal;h4_ob_target_swept_liquidity_previous_candle;h4_ob_target_swept_liquidity_swing
2021-02-18,Thursday,london,2021-02-18 07:00:00+00:00,2021-02-18 08:00:00+00:00,bullish,1.27044,1.26874,1.27299,1.26874,0.0017000000000000348,10.787960266419287,loss,-1.0,sl,0.24705882352945788,-1.0,sl,False,0,1,0 days 01:00:00,2.9999999999996696,False,25.0,56.2,1.5,2021-02-18 06:00:00+00:00,True,1.26999,1.26894,1,daily_mitigation_ob_caused_displacement;daily_mitigation_ob_caused_imbalance;daily_mitigation_ob_flip_zone;daily_mitigation_ob_has_inducement;daily_mitigation_ob_swept_liquidity;daily_mitigation_ob_swept_liquidity_fractal;daily_mitigation_ob_swept_liquidity_fvg;daily_mitigation_ob_swept_liquidity_internal;daily_mitigation_ob_swept_liquidity_previous_candle;daily_mitigation_ob_swept_liquidity_swing;daily_ob_target_caused_displacement;daily_ob_target_caused_imbalance;daily_ob_target_flip_zone;daily_ob_target_has_inducement;daily_ob_target_swept_liquidity;daily_ob_target_swept_liquidity_fractal;daily_ob_target_swept_liquidity_fvg;daily_ob_target_swept_liquidity_internal;daily_ob_target_swept_liquidity_previous_candle;daily_ob_target_swept_liquidity_swing;h1_mitigation_ob_flip_zone;h1_mitigation_ob_swept_liquidity_fractal;h1_mitigation_ob_swept_liquidity_fvg;h1_mitigation_ob_swept_liquidity_internal;h1_mitigation_ob_swept_liquidity_previous_candle;h1_mitigation_ob_swept_liquidity_swing;h1_ob_target_flip_zone;h1_ob_target_swept_liquidity;h1_ob_target_swept_liquidity_fractal;h1_ob_target_swept_liquidity_internal;h1_ob_target_swept_liquidity_swing;h4_mitigation_ob_caused_displacement;h4_mitigation_ob_caused_imbalance;h4_mitigation_ob_flip_zone;h4_mitigation_ob_has_inducement;h4_mitigation_ob_swept_liquidity;h4_mitigation_ob_swept_liquidity_fractal;h4_mitigation_ob_swept_liquidity_fvg;h4_mitigation_ob_swept_liquidity_internal;h4_mitigation_ob_swept_liquidity_previous_candle;h4_mitigation_ob_swept_liquidity_swing;h4_mitigation_ob_within_daily_ob;h4_ob_target_flip_zone;h4_ob_target_swept_liquidity_fractal;h4_ob_target_swept_liquidity_fvg;h4_ob_target_swept_liquidity_internal;h4_ob_target_swept_liquidity_previous_candle;h4_ob_target_swept_liquidity_swing
2021-02-25,Thursday,london,2021-02-25 07:00:00+00:00,2021-02-25 15:00:00+00:00,bearish,1.24946,1.2516,1.2462499999999999,1.2516,0.0021400000000000308,46.2453230529662,loss,-1.0,sl,1.261682242990601,-1.0,sl,False,0,8,0 days 08:00:00,2.8999999999990145,True,25.0,56.2,1.5,2021-02-25 07:00:00+00:00,False,1.2514,1.25062,1,daily_mitigation_ob_caused_displacement;daily_mitigation_ob_caused_imbalance;daily_mitigation_ob_flip_zone;daily_mitigation_ob_has_inducement;daily_mitigation_ob_swept_liquidity;daily_mitigation_ob_swept_liquidity_fractal;daily_mitigation_ob_swept_liquidity_fvg;daily_mitigation_ob_swept_liquidity_internal;daily_mitigation_ob_swept_liquidity_previous_candle;daily_mitigation_ob_swept_liquidity_swing;daily_ob_target_caused_displacement;daily_ob_target_caused_imbalance;daily_ob_target_flip_zone;daily_ob_target_has_inducement;daily_ob_target_swept_liquidity;daily_ob_target_swept_liquidity_fractal;daily_ob_target_swept_liquidity_fvg;daily_ob_target_swept_liquidity_internal;daily_ob_target_swept_liquidity_previous_candle;daily_ob_target_swept_liquidity_swing;h1_mitigation_ob_flip_zone;h1_mitigation_ob_swept_liquidity_fractal;h1_mitigation_ob_swept_liquidity_fvg;h1_mitigation_ob_swept_liquidity_internal;h1_mitigation_ob_swept_liquidity_previous_candle;h1_mitigation_ob_swept_liquidity_swing;h1_ob_target_flip_zone;h1_ob_target_swept_liquidity_fractal;h1_ob_target_swept_liquidity_fvg;h1_ob_target_swept_liquidity_internal;h1_ob_target_swept_liquidity_previous_candle;h1_ob_target_swept_liquidity_swing;h4_mitigation_ob_caused_displacement;h4_mitigation_ob_caused_imbalance;h4_mitigation_ob_flip_zone;h4_mitigation_ob_has_inducement;h4_mitigation_ob_swept_liquidity;h4_mitigation_ob_swept_liquidity_fractal;h4_mitigation_ob_swept_liquidity_fvg;h4_mitigation_ob_swept_liquidity_internal;h4_mitigation_ob_swept_liquidity_previous_candle;h4_mitigation_ob_swept_liquidity_swing;h4_mitigation_ob_within_daily_ob;h4_ob_target_flip_zone;h4_ob_target_swept_liquidity;h4_ob_target_swept_liquidity_fractal;h4_ob_target_swept_liquidity_internal;h4_ob_target_swept_liquidity_swing
2021-02-25,Thursday,ny,2021-02-25 12:00:00+00:00,2021-02-25 15:00:00+00:00,bullish,1.24783,1.24634,1.250065,1.250065,0.0014899999999999913,-29.10471578906668,win,1.5,tp,10.0,15.724832214765234,friday_close,True,1,3,0 days 03:00:00,0.0,False,25.0,56.2,1.5,2021-02-25 12:00:00+00:00,False,1.24747,1.24654,1,daily_mitigation_ob_caused_displacement;daily_mitigation_ob_caused_imbalance;daily_mitigation_ob_flip_zone;daily_mitigation_ob_has_inducement;daily_mitigation_ob_swept_liquidity;daily_mitigation_ob_swept_liquidity_fractal;daily_mitigation_ob_swept_liquidity_fvg;daily_mitigation_ob_swept_liquidity_internal;daily_mitigation_ob_swept_liquidity_previous_candle;daily_mitigation_ob_swept_liquidity_swing;daily_ob_target_caused_displacement;daily_ob_target_caused_imbalance;daily_ob_target_flip_zone;daily_ob_target_has_inducement;daily_ob_target_swept_liquidity;daily_ob_target_swept_liquidity_fractal;daily_ob_target_swept_liquidity_fvg;daily_ob_target_swept_liquidity_internal;daily_ob_target_swept_liquidity_previous_candle;daily_ob_target_swept_liquidity_swing;h1_mitigation_ob_flip_zone;h1_mitigation_ob_swept_liquidity;h1_mitigation_ob_swept_liquidity_fvg;h1_mitigation_ob_swept_liquidity_internal;h1_mitigation_ob_swept_liquidity_previous_candle;h1_mitigation_ob_swept_liquidity_swing;h1_ob_target_flip_zone;h1_ob_target_swept_liquidity_fractal;h1_ob_target_swept_liquidity_fvg;h1_ob_target_swept_liquidity_internal;h1_ob_target_swept_liquidity_previous_candle;h1_ob_target_swept_liquidity_swing;h4_mitigation_ob_caused_displacement;h4_mitigation_ob_caused_imbalance;h4_mitigation_ob_flip_zone;h4_mitigation_ob_has_inducement;h4_mitigation_ob_swept_liquidity;h4_mitigation_ob_swept_liquidity_fractal;h4_mitigation_ob_swept_liquidity_fvg;h4_mitigation_ob_swept_liquidity_internal;h4_mitigation_ob_swept_liquidity_previous_candle;h4_mitigation_ob_swept_liquidity_swing;h4_mitigation_ob_within_daily_ob;h4_ob_target_flip_zone;h4_ob_target_swept_liquidity_fractal;h4_ob_target_swept_liquidity_fvg;h4_ob_target_swept_liquidity_internal;h4_ob_target_swept_liquidity_previous_candle;h4_ob_target_swept_liquidity_swing
2021-03-02,Tuesday,london,2021-03-02 08:00:00+00:00,2021-03-02 10:00:00+00:00,bearish,1.26886,1.27097,1.2656950000000005,1.2656950000000005,0.0021099999999998342,29.90049832602563,win,1.5,tp,5.388625592417533,0.0,be_stop,True,2,2,0 days 02:00:00,4.999999999999449,True,25.0,56.2,1.5,2021-03-02 08:00:00+00:00,False,1.27077,1.26919,1,daily_mitigation_ob_caused_displacement;daily_mitigation_ob_caused_imbalance;daily_mitigation_ob_flip_zone;daily_mitigation_ob_has_inducement;daily_mitigation_ob_swept_liquidity;daily_mitigation_ob_swept_liquidity_fractal;daily_mitigation_ob_swept_liquidity_fvg;daily_mitigation_ob_swept_liquidity_internal;daily_mitigation_ob_swept_liquidity_previous_candle;daily_mitigation_ob_swept_liquidity_swing;daily_ob_target_caused_displacement;daily_ob_target_caused_imbalance;daily_ob_target_flip_zone;daily_ob_target_has_inducement;daily_ob_target_swept_liquidity;daily_ob_target_swept_liquidity_fractal;daily_ob_target_swept_liquidity_fvg;daily_ob_target_swept_liquidity_internal;daily_ob_target_swept_liquidity_previous_candle;daily_ob_target_swept_liquidity_swing;h1_mitigation_ob_flip_zone;h1_mitigation_ob_swept_liquidity;h1_mitigation_ob_swept_liquidity_fractal;h1_mitigation_ob_swept_liquidity_internal;h1_mitigation_ob_swept_liquidity_swing;h1_ob_target_flip_zone;h1_ob_target_swept_liquidity_fractal;h1_ob_target_swept_liquidity_fvg;h1_ob_target_swept_liquidity_internal;h1_ob_target_swept_liquidity_previous_candle;h1_ob_target_swept_liquidity_swing;h4_mitigation_ob_caused_displacement;h4_mitigation_ob_caused_imbalance;h4_mitigation_ob_flip_zone;h4_mitigation_ob_has_inducement;h4_mitigation_ob_swept_liquidity;h4_mitigation_ob_swept_liquidity_fractal;h4_mitigation_ob_swept_liquidity_fvg;h4_mitigation_ob_swept_liquidity_internal;h4_mitigation_ob_swept_liquidity_previous_candle;h4_mitigation_ob_swept_liquidity_swing;h4_mitigation_ob_within_daily_ob;h4_ob_target_caused_displacement;h4_ob_target_caused_imbalance;h4_ob_target_flip_zone;h4_ob_target_has_inducement;h4_ob_target_swept_liquidity;h4_ob_target_swept_liquidity_fractal;h4_ob_target_swept_liquidity_fvg;h4_ob_target_swept_liquidity_internal;h4_ob_target_swept_liquidity_previous_candle;h4_ob_target_swept_liquidity_swing;h4_ob_target_within_daily_ob
2021-03-02,Tuesday,ny,2021-03-02 12:00:00+00:00,2021-03-02 14:00:00+00:00,bullish,1.26544,1.26354,1.2682899999999995,1.26354,0.0018999999999997907,2.9265890368877745,loss,-1.0,sl,1.1526315789475672,-1.0,sl,False,0,2,0 days 02:00:00,3.900000000001125,False,25.0,56.2,1.5,2021-03-02 11:00:00+00:00,True,1.26511,1.26374,1,daily_mitigation_ob_caused_displacement;daily_mitigation_ob_caused_imbalance;daily_mitigation_ob_flip_zone;daily_mitigation_ob_has_inducement;daily_mitigation_ob_swept_liquidity;daily_mitigation_ob_swept_liquidity_fractal;daily_mitigation_ob_swept_liquidity_fvg;daily_mitigation_ob_swept_liquidity_internal;daily_mitigation_ob_swept_liquidity_previous_candle;daily_mitigation_ob_swept_liquidity_swing;daily_ob_target_caused_displacement;daily_ob_target_caused_imbalance;daily_ob_target_flip_zone;daily_ob_target_has_inducement;daily_ob_target_swept_liquidity;daily_ob_target_swept_liquidity_fractal;daily_ob_target_swept_liquidity_fvg;daily_ob_target_swept_liquidity_internal;daily_ob_target_swept_liquidity_previous_candle;daily_ob_target_swept_liquidity_swing;h1_mitigation_ob_flip_zone;h1_mitigation_ob_swept_liquidity;h1_mitigation_ob_swept_liquidity_fractal;h1_mitigation_ob_swept_liquidity_fvg;h1_mitigation_ob_swept_liquidity_internal;h1_mitigation_ob_swept_liquidity_swing;h1_ob_target_caused_displacement;h1_ob_target_caused_imbalance;h1_ob_target_flip_zone;h1_ob_target_has_inducement;h1_ob_target_swept_liquidity;h1_ob_target_swept_liquidity_fractal;h1_ob_target_swept_liquidity_fvg;h1_ob_target_swept_liquidity_internal;h1_ob_target_swept_liquidity_previous_candle;h1_ob_target_swept_liquidity_swing;h1_ob_target_within_h4_ob;h4_mitigation_ob_caused_displacement;h4_mitigation_ob_caused_imbalance;h4_mitigation_ob_flip_zone;h4_mitigation_ob_has_inducement;h4_mitigation_ob_swept_liquidity;h4_mitigation_ob_swept_liquidity_fractal;h4_mitigation_ob_swept_liquidity_fvg;h4_mitigation_ob_swept_liquidity_internal;h4_mitigation_ob_swept_liquidity_previous_candle;h4_mitigation_ob_swept_liquidity_swing;h4_mitigation_ob_within_daily_ob;h4_ob_target_caused_displacement;h4_ob_target_caused_imbalance;h4_ob_target_flip_zone;h4_ob_target_has_inducement;h4_ob_target_swept_liquidity;h4_ob_target_swept_liquidity_fractal;h4_ob_target_swept_liquidity_fvg;h4_ob_target_swept_liquidity_internal;h4_ob_target_swept_liquidity_previous_candle;h4_ob_target_swept_liquidity_swing;h4_ob_target_within_daily_ob
2021-03-03,Wednesday,london,2021-03-03 09:00:00+00:00,2021-03-03 13:00:00+00:00,bearish,1.2599,1.26378,1.25408,1.26378,0.0038799999999998835,13.722573938506455,loss,-1.0,sl,0.012886597938171911,-1.0,sl,False,0,4,0 days 04:00:00,20.400000000000418,False,25.0,56.2,1.5,2021-03-03 09:00:00+00:00,False,1.26358,1.26235,1,daily_mitigation_ob_caused_displacement;daily_mitigation_ob_caused_imbalance;daily_mitigation_ob_flip_zone;daily_mitigation_ob_has_inducement;daily_mitigation_ob_swept_liquidity;daily_mitigation_ob_swept_liquidity_fractal;daily_mitigation_ob_swept_liquidity_fvg;daily_mitigation_ob_swept_liquidity_internal;daily_mitigation_ob_swept_liquidity_previous_candle;daily_mitigation_ob_swept_liquidity_swing;daily_ob_target_caused_displacement;daily_ob_target_caused_imbalance;daily_ob_target_flip_zone;daily_ob_target_has_inducement;daily_ob_target_swept_liquidity;daily_ob_target_swept_liquidity_fractal;daily_ob_target_swept_liquidity_fvg;daily_ob_target_swept_liquidity_internal;daily_ob_target_swept_liquidity_previous_candle;daily_ob_target_swept_liquidity_swing;h1_mitigation_ob_flip_zone;h1_mitigation_ob_swept_liquidity;h1_mitigation_ob_swept_liquidity_fractal;h1_mitigation_ob_swept_liquidity_fvg;h1_mitigation_ob_swept_liquidity_internal;h1_mitigation_ob_swept_liquidity_swing;h1_ob_target_flip_zone;h1_ob_target_swept_liquidity;h1_ob_target_swept_liquidity_fractal;h1_ob_target_swept_liquidity_fvg;h1_ob_target_swept_liquidity_internal;h1_ob_target_swept_liquidity_swing;h4_mitigation_ob_caused_displacement;h4_mitigation_ob_caused_imbalance;h4_mitigation_ob_flip_zone;h4_mitigation_ob_has_inducement;h4_mitigation_ob_swept_liquidity;h4_mitigation_ob_swept_liquidity_fractal;h4_mitigation_ob_swept_liquidity_fvg;h4_mitigation_ob_swept_liquidity_internal;h4_mitigation_ob_swept_liquidity_previous_candle;h4_mitigation_ob_swept_liquidity_swing;h4_mitigation_ob_within_daily_ob;h4_ob_target_flip_zone;h4_ob_target_swept_liquidity_fractal;h4_ob_target_swept_liquidity_fvg;h4_ob_target_swept_liquidity_internal;h4_ob_target_swept_liquidity_previous_candle;h4_ob_target_swept_liquidity_swing
2021-03-04,Thursday,london,2021-03-04 07:00:00+00:00,2021-03-04 13:00:00+00:00,bullish,1.26458,1.26308,1.2668300000000001,1.26308,0.0015000000000000568,-22.03921056879634,loss,-1.0,sl,1.3133333333333017,-1.0,sl,False,0,6,0 days 06:00:00,12.000000000000899,False,25.0,56.2,1.5,2021-03-04 06:00:00+00:00,True,1.26462,1.26328,1,daily_mitigation_ob_caused_displacement;daily_mitigation_ob_caused_imbalance;daily_mitigation_ob_flip_zone;daily_mitigation_ob_has_inducement;daily_mitigation_ob_swept_liquidity;daily_mitigation_ob_swept_liquidity_fractal;daily_mitigation_ob_swept_liquidity_fvg;daily_mitigation_ob_swept_liquidity_internal;daily_mitigation_ob_swept_liquidity_previous_candle;daily_mitigation_ob_swept_liquidity_swing;daily_ob_target_caused_displacement;daily_ob_target_caused_imbalance;daily_ob_target_flip_zone;daily_ob_target_has_inducement;daily_ob_target_swept_liquidity;daily_ob_target_swept_liquidity_fractal;daily_ob_target_swept_liquidity_fvg;daily_ob_target_swept_liquidity_internal;daily_ob_target_swept_liquidity_previous_candle;daily_ob_target_swept_liquidity_swing;h1_mitigation_ob_flip_zone;h1_mitigation_ob_swept_liquidity_fractal;h1_mitigation_ob_swept_liquidity_fvg;h1_mitigation_ob_swept_liquidity_internal;h1_mitigation_ob_swept_liquidity_previous_candle;h1_mitigation_ob_swept_liquidity_swing;h1_ob_target_flip_zone;h1_ob_target_swept_liquidity_fractal;h1_ob_target_swept_liquidity_fvg;h1_ob_target_swept_liquidity_internal;h1_ob_target_swept_liquidity_previous_candle;h1_ob_target_swept_liquidity_swing;h4_mitigation_ob_caused_displacement;h4_mitigation_ob_caused_imbalance;h4_mitigation_ob_flip_zone;h4_mitigation_ob_has_inducement;h4_mitigation_ob_swept_liquidity;h4_mitigation_ob_swept_liquidity_fractal;h4_mitigation_ob_swept_liquidity_fvg;h4_mitigation_ob_swept_liquidity_internal;h4_mitigation_ob_swept_liquidity_previous_candle;h4_mitigation_ob_swept_liquidity_swing;h4_mitigation_ob_within_daily_ob;h4_ob_target_caused_displacement;h4_ob_target_caused_imbalance;h4_ob_target_flip_zone;h4_ob_target_has_inducement;h4_ob_target_swept_liquidity;h4_ob_target_swept_liquidity_fractal;h4_ob_target_swept_liquidity_fvg;h4_ob_target_swept_liquidity_internal;h4_ob_target_swept_liquidity_previous_candle;h4_ob_target_swept_liquidity_swing;h4_ob_target_within_daily_ob
2021-03-09,Tuesday,london,2021-03-09 07:00:00+00:00,2021-03-09 19:00:00+00:00,bearish,1.26426,1.26779,1.258965,1.2643,0.003530000000000033,2.7125621716645285,loss,-0.011331444759218025,cut_19h,1.4844192634560516,-0.011331444759218025,cut_19h,False,1,12,0 days 12:00:00,0.0,False,25.0,56.2,1.5,2021-03-09 07:00:00+00:00,False,1.26759,1.26569,1,daily_mitigation_ob_caused_displacement;daily_mitigation_ob_caused_imbalance;daily_mitigation_ob_flip_zone;daily_mitigation_ob_has_inducement;daily_mitigation_ob_swept_liquidity;daily_mitigation_ob_swept_liquidity_fractal;daily_mitigation_ob_swept_liquidity_fvg;daily_mitigation_ob_swept_liquidity_internal;daily_mitigation_ob_swept_liquidity_previous_candle;daily_mitigation_ob_swept_liquidity_swing;daily_ob_target_caused_displacement;daily_ob_target_caused_imbalance;daily_ob_target_flip_zone;daily_ob_target_has_inducement;daily_ob_target_swept_liquidity;daily_ob_target_swept_liquidity_fractal;daily_ob_target_swept_liquidity_fvg;daily_ob_target_swept_liquidity_internal;daily_ob_target_swept_liquidity_previous_candle;daily_ob_target_swept_liquidity_swing;h1_mitigation_ob_flip_zone;h1_mitigation_ob_swept_liquidity;h1_mitigation_ob_swept_liquidity_fractal;h1_mitigation_ob_swept_liquidity_fvg;h1_mitigation_ob_swept_liquidity_internal;h1_mitigation_ob_swept_liquidity_swing;h1_ob_target_flip_zone;h1_ob_target_swept_liquidity_fractal;h1_ob_target_swept_liquidity_fvg;h1_ob_target_swept_liquidity_internal;h1_ob_target_swept_liquidity_previous_candle;h1_ob_target_swept_liquidity_swing;h4_mitigation_ob_caused_displacement;h4_mitigation_ob_caused_imbalance;h4_mitigation_ob_flip_zone;h4_mitigation_ob_has_inducement;h4_mitigation_ob_swept_liquidity;h4_mitigation_ob_swept_liquidity_fractal;h4_mitigation_ob_swept_liquidity_fvg;h4_mitigation_ob_swept_liquidity_internal;h4_mitigation_ob_swept_liquidity_previous_candle;h4_mitigation_ob_swept_liquidity_swing;h4_mitigation_ob_within_daily_ob;h4_ob_target_flip_zone;h4_ob_target_swept_liquidity_fractal;h4_ob_target_swept_liquidity_fvg;h4_ob_target_swept_liquidity_internal;h4_ob_target_swept_liquidity_previous_candle;h4_ob_target_swept_liquidity_swing
2021-03-10,Wednesday,london,2021-03-10 09:00:00+00:00,2021-03-10 11:00:00+00:00,bullish,1.26484,1.26394,1.26619,1.26619,0.0008999999999999009,-9.45152173189282,win,1.5,tp,1.533333333333432,-1.0,sl,False,0,2,0 days 02:00:00,14.800000000001479,False,25.0,56.2,1.5,2021-03-10 09:00:00+00:00,False,1.26586,1.26414,1,daily_mitigation_ob_caused_displacement;daily_mitigation_ob_caused_imbalance;daily_mitigation_ob_flip_zone;daily_mitigation_ob_has_inducement;daily_mitigation_ob_swept_liquidity;daily_mitigation_ob_swept_liquidity_fractal;daily_mitigation_ob_swept_liquidity_fvg;daily_mitigation_ob_swept_liquidity_internal;daily_mitigation_ob_swept_liquidity_previous_candle;daily_mitigation_ob_swept_liquidity_swing;daily_ob_target_caused_displacement;daily_ob_target_caused_imbalance;daily_ob_target_flip_zone;daily_ob_target_has_inducement;daily_ob_target_swept_liquidity;daily_ob_target_swept_liquidity_fractal;daily_ob_target_swept_liquidity_fvg;daily_ob_target_swept_liquidity_internal;daily_ob_target_swept_liquidity_previous_candle;daily_ob_target_swept_liquidity_swing;h1_mitigation_ob_flip_zone;h1_mitigation_ob_swept_liquidity_fractal;h1_mitigation_ob_swept_liquidity_fvg;h1_mitigation_ob_swept_liquidity_internal;h1_mitigation_ob_swept_liquidity_previous_candle;h1_mitigation_ob_swept_liquidity_swing;h1_ob_target_caused_displacement;h1_ob_target_caused_imbalance;h1_ob_target_flip_zone;h1_ob_target_has_inducement;h1_ob_target_swept_liquidity;h1_ob_target_swept_liquidity_fractal;h1_ob_target_swept_liquidity_fvg;h1_ob_target_swept_liquidity_internal;h1_ob_target_swept_liquidity_previous_candle;h1_ob_target_swept_liquidity_swing;h1_ob_target_within_h4_ob;h4_mitigation_ob_caused_displacement;h4_mitigation_ob_caused_imbalance;h4_mitigation_ob_flip_zone;h4_mitigation_ob_has_inducement;h4_mitigation_ob_swept_liquidity;h4_mitigation_ob_swept_liquidity_fractal;h4_mitigation_ob_swept_liquidity_fvg;h4_mitigation_ob_swept_liquidity_internal;h4_mitigation_ob_swept_liquidity_previous_candle;h4_mitigation_ob_swept_liquidity_swing;h4_mitigation_ob_within_daily_ob;h4_ob_target_caused_displacement;h4_ob_target_caused_imbalance;h4_ob_target_flip_zone;h4_ob_target_has_inducement;h4_ob_target_swept_liquidity;h4_ob_target_swept_liquidity_fractal;h4_ob_target_swept_liquidity_fvg;h4_ob_target_swept_liquidity_internal;h4_ob_target_swept_liquidity_previous_candle;h4_ob_target_swept_liquidity_swing;h4_ob_target_within_daily_ob
2021-03-15,Monday,ny,2021-03-15 13:00:00+00:00,2021-03-15 14:00:00+00:00,bearish,1.24849,1.24882,1.2479950000000002,1.24882,0.00032999999999994145,41.10357468787275,loss,-1.0,sl,0.0,-1.0,sl,False,0,1,0 days 01:00:00,12.399999999999078,True,25.0,56.2,1.5,2021-03-15 13:00:00+00:00,False,1.24862,1.24734,1,daily_mitigation_ob_caused_displacement;daily_mitigation_ob_caused_imbalance;daily_mitigation_ob_flip_zone;daily_mitigation_ob_has_inducement;daily_mitigation_ob_swept_liquidity;daily_mitigation_ob_swept_liquidity_fractal;daily_mitigation_ob_swept_liquidity_fvg;daily_mitigation_ob_swept_liquidity_internal;daily_mitigation_ob_swept_liquidity_previous_candle;daily_mitigation_ob_swept_liquidity_swing;daily_ob_target_caused_displacement;daily_ob_target_caused_imbalance;daily_ob_target_flip_zone;daily_ob_target_has_inducement;daily_ob_target_swept_liquidity;daily_ob_target_swept_liquidity_fractal;daily_ob_target_swept_liquidity_fvg;daily_ob_target_swept_liquidity_internal;daily_ob_target_swept_liquidity_previous_candle;daily_ob_target_swept_liquidity_swing;h1_mitigation_ob_flip_zone;h1_mitigation_ob_swept_liquidity_fractal;h1_mitigation_ob_swept_liquidity_fvg;h1_mitigation_ob_swept_liquidity_internal;h1_mitigation_ob_swept_liquidity_previous_candle;h1_mitigation_ob_swept_liquidity_swing;h1_ob_target_caused_displacement;h1_ob_target_caused_imbalance;h1_ob_target_flip_zone;h1_ob_target_has_inducement;h1_ob_target_swept_liquidity;h1_ob_target_swept_liquidity_fractal;h1_ob_target_swept_liquidity_fvg;h1_ob_target_swept_liquidity_internal;h1_ob_target_swept_liquidity_previous_candle;h1_ob_target_swept_liquidity_swing;h1_ob_target_within_h4_ob;h4_mitigation_ob_caused_displacement;h4_mitigation_ob_caused_imbalance;h4_mitigation_ob_flip_zone;h4_mitigation_ob_has_inducement;h4_mitigation_ob_swept_liquidity;h4_mitigation_ob_swept_liquidity_fractal;h4_mitigation_ob_swept_liquidity_fvg;h4_mitigation_ob_swept_liquidity_internal;h4_mitigation_ob_swept_liquidity_previous_candle;h4_mitigation_ob_swept_liquidity_swing;h4_mitigation_ob_within_daily_ob;h4_ob_target_caused_displacement;h4_ob_target_caused_imbalance;h4_ob_target_flip_zone;h4_ob_target_has_inducement;h4_ob_target_swept_liquidity;h4_ob_target_swept_liquidity_fractal;h4_ob_target_swept_liquidity_fvg;h4_ob_target_swept_liquidity_internal;h4_ob_target_swept_liquidity_previous_candle;h4_ob_target_swept_liquidity_swing;h4_ob_target_within_daily_ob
2021-03-17,Wednesday,london,2021-03-17 09:00:00+00:00,2021-03-17 12:00:00+00:00,bearish,1.24683,1.2477099999999999,1.2455100000000003,1.2477099999999999,0.0008799999999997699,49.62302287328698,loss,-1.0,sl,0.9090909090912991,-1.0,sl,False,0,3,0 days 03:00:00,0.700000000000145,True,25.0,56.2,1.5,2021-03-17 09:00:00+00:00,False,1.24751,1.24633,1,daily_mitigation_ob_caused_displacement;daily_mitigation_ob_caused_imbalance;daily_mitigation_ob_flip_zone;daily_mitigation_ob_has_inducement;daily_mitigation_ob_swept_liquidity;daily_mitigation_ob_swept_liquidity_fractal;daily_mitigation_ob_swept_liquidity_fvg;daily_mitigation_ob_swept_liquidity_internal;daily_mitigation_ob_swept_liquidity_previous_candle;daily_mitigation_ob_swept_liquidity_swing;daily_ob_target_caused_displacement;daily_ob_target_caused_imbalance;daily_ob_target_flip_zone;daily_ob_target_has_inducement;daily_ob_target_swept_liquidity;daily_ob_target_swept_liquidity_fractal;daily_ob_target_swept_liquidity_fvg;daily_ob_target_swept_liquidity_internal;daily_ob_target_swept_liquidity_previous_candle;daily_ob_target_swept_liquidity_swing;h1_mitigation_ob_flip_zone;h1_mitigation_ob_swept_liquidity;h1_mitigation_ob_swept_liquidity_fractal;h1_mitigation_ob_swept_liquidity_fvg;h1_mitigation_ob_swept_liquidity_internal;h1_mitigation_ob_swept_liquidity_swing;h1_ob_target_flip_zone;h1_ob_target_swept_liquidity;h1_ob_target_swept_liquidity_fractal;h1_ob_target_swept_liquidity_internal;h1_ob_target_swept_liquidity_previous_candle;h1_ob_target_swept_liquidity_swing;h4_mitigation_ob_caused_displacement;h4_mitigation_ob_caused_imbalance;h4_mitigation_ob_flip_zone;h4_mitigation_ob_has_inducement;h4_mitigation_ob_swept_liquidity;h4_mitigation_ob_swept_liquidity_fractal;h4_mitigation_ob_swept_liquidity_fvg;h4_mitigation_ob_swept_liquidity_internal;h4_mitigation_ob_swept_liquidity_previous_candle;h4_mitigation_ob_swept_liquidity_swing;h4_mitigation_ob_within_daily_ob;h4_ob_target_caused_displacement;h4_ob_target_caused_imbalance;h4_ob_target_flip_zone;h4_ob_target_has_inducement;h4_ob_target_swept_liquidity;h4_ob_target_swept_liquidity_fractal;h4_ob_target_swept_liquidity_fvg;h4_ob_target_swept_liquidity_internal;h4_ob_target_swept_liquidity_previous_candle;h4_ob_target_swept_liquidity_swing;h4_ob_target_within_daily_ob
2021-03-19,Friday,london,2021-03-19 07:00:00+00:00,2021-03-19 13:00:00+00:00,bearish,1.24708,1.2512699999999999,1.240795,1.2512699999999999,0.004189999999999916,18.16597894553139,loss,-1.0,sl,0.16229116945108057,-1.0,sl,False,0,6,0 days 06:00:00,26.500000000000412,False,25.0,56.2,1.5,2021-03-19 06:00:00+00:00,True,1.25107,1.24963,1,daily_mitigation_ob_caused_displacement;daily_mitigation_ob_caused_imbalance;daily_mitigation_ob_flip_zone;daily_mitigation_ob_has_inducement;daily_mitigation_ob_swept_liquidity;daily_mitigation_ob_swept_liquidity_fractal;daily_mitigation_ob_swept_liquidity_fvg;daily_mitigation_ob_swept_liquidity_internal;daily_mitigation_ob_swept_liquidity_previous_candle;daily_mitigation_ob_swept_liquidity_swing;daily_ob_target_flip_zone;daily_ob_target_swept_liquidity_fractal;daily_ob_target_swept_liquidity_fvg;daily_ob_target_swept_liquidity_internal;daily_ob_target_swept_liquidity_previous_candle;daily_ob_target_swept_liquidity_swing;h1_mitigation_ob_flip_zone;h1_mitigation_ob_swept_liquidity_fractal;h1_mitigation_ob_swept_liquidity_fvg;h1_mitigation_ob_swept_liquidity_internal;h1_mitigation_ob_swept_liquidity_previous_candle;h1_mitigation_ob_swept_liquidity_swing;h1_ob_target_flip_zone;h1_ob_target_swept_liquidity_fractal;h1_ob_target_swept_liquidity_fvg;h1_ob_target_swept_liquidity_internal;h1_ob_target_swept_liquidity_previous_candle;h1_ob_target_swept_liquidity_swing;h4_mitigation_ob_caused_displacement;h4_mitigation_ob_caused_imbalance;h4_mitigation_ob_flip_zone;h4_mitigation_ob_has_inducement;h4_mitigation_ob_swept_liquidity;h4_mitigation_ob_swept_liquidity_fractal;h4_mitigation_ob_swept_liquidity_fvg;h4_mitigation_ob_swept_liquidity_internal;h4_mitigation_ob_swept_liquidity_previous_candle;h4_mitigation_ob_swept_liquidity_swing;h4_mitigation_ob_within_daily_ob;h4_ob_target_flip_zone;h4_ob_target_swept_liquidity;h4_ob_target_swept_liquidity_fractal;h4_ob_target_swept_liquidity_fvg;h4_ob_target_swept_liquidity_internal;h4_ob_target_swept_liquidity_swing
2021-03-22,Monday,ny,2021-03-22 12:00:00+00:00,2021-03-23 09:00:00+00:00,bullish,1.2504,1.2462,1.2567,1.2567,0.0041999999999999815,-3.5253365670998433,win,1.5,tp,2.9619047619047767,2.1404761904762126,friday_close,True,4,21,0 days 21:00:00,0.0,False,25.0,56.2,1.5,2021-03-22 12:00:00+00:00,False,1.24788,1.2464,1,daily_mitigation_ob_caused_displacement;daily_mitigation_ob_caused_imbalance;daily_mitigation_ob_flip_zone;daily_mitigation_ob_has_inducement;daily_mitigation_ob_swept_liquidity;daily_mitigation_ob_swept_liquidity_fractal;daily_mitigation_ob_swept_liquidity_fvg;daily_mitigation_ob_swept_liquidity_internal;daily_mitigation_ob_swept_liquidity_previous_candle;daily_mitigation_ob_swept_liquidity_swing;daily_ob_target_flip_zone;daily_ob_target_swept_liquidity_fractal;daily_ob_target_swept_liquidity_fvg;daily_ob_target_swept_liquidity_internal;daily_ob_target_swept_liquidity_previous_candle;daily_ob_target_swept_liquidity_swing;h1_mitigation_ob_flip_zone;h1_mitigation_ob_swept_liquidity_fractal;h1_mitigation_ob_swept_liquidity_fvg;h1_mitigation_ob_swept_liquidity_internal;h1_mitigation_ob_swept_liquidity_previous_candle;h1_mitigation_ob_swept_liquidity_swing;h1_ob_target_flip_zone;h1_ob_target_swept_liquidity;h1_ob_target_swept_liquidity_fvg;h1_ob_target_swept_liquidity_internal;h1_ob_target_swept_liquidity_previous_candle;h1_ob_target_swept_liquidity_swing;h4_mitigation_ob_caused_displacement;h4_mitigation_ob_caused_imbalance;h4_mitigation_ob_flip_zone;h4_mitigation_ob_has_inducement;h4_mitigation_ob_swept_liquidity;h4_mitigation_ob_swept_liquidity_fractal;h4_mitigation_ob_swept_liquidity_fvg;h4_mitigation_ob_swept_liquidity_internal;h4_mitigation_ob_swept_liquidity_previous_candle;h4_mitigation_ob_swept_liquidity_swing;h4_mitigation_ob_within_daily_ob;h4_ob_target_flip_zone;h4_ob_target_swept_liquidity_fractal;h4_ob_target_swept_liquidity_fvg;h4_ob_target_swept_liquidity_internal;h4_ob_target_swept_liquidity_previous_candle;h4_ob_target_swept_liquidity_swing
2021-03-24,Wednesday,london,2021-03-24 07:00:00+00:00,2021-03-24 09:00:00+00:00,bullish,1.26011,1.25747,1.26407,1.25747,0.0026399999999999757,5.365016543110967,loss,-1.0,sl,0.2840909090909225,-1.0,sl,False,0,2,0 days 02:00:00,10.300000000000864,False,25.0,56.2,1.5,2021-03-24 07:00:00+00:00,False,1.25907,1.25767,2,daily_mitigation_ob_caused_displacement;daily_mitigation_ob_caused_imbalance;daily_mitigation_ob_flip_zone;daily_mitigation_ob_has_inducement;daily_mitigation_ob_swept_liquidity;daily_mitigation_ob_swept_liquidity_fractal;daily_mitigation_ob_swept_liquidity_fvg;daily_mitigation_ob_swept_liquidity_internal;daily_mitigation_ob_swept_liquidity_previous_candle;daily_mitigation_ob_swept_liquidity_swing;daily_ob_target_flip_zone;daily_ob_target_swept_liquidity_fractal;daily_ob_target_swept_liquidity_fvg;daily_ob_target_swept_liquidity_internal;daily_ob_target_swept_liquidity_previous_candle;daily_ob_target_swept_liquidity_swing;h1_mitigation_ob_flip_zone;h1_mitigation_ob_swept_liquidity;h1_mitigation_ob_swept_liquidity_fractal;h1_mitigation_ob_swept_liquidity_fvg;h1_mitigation_ob_swept_liquidity_internal;h1_mitigation_ob_swept_liquidity_swing;h1_ob_target_flip_zone;h1_ob_target_swept_liquidity;h1_ob_target_swept_liquidity_fvg;h1_ob_target_swept_liquidity_internal;h1_ob_target_swept_liquidity_previous_candle;h1_ob_target_swept_liquidity_swing;h4_mitigation_ob_caused_displacement;h4_mitigation_ob_caused_imbalance;h4_mitigation_ob_flip_zone;h4_mitigation_ob_has_inducement;h4_mitigation_ob_swept_liquidity;h4_mitigation_ob_swept_liquidity_fractal;h4_mitigation_ob_swept_liquidity_fvg;h4_mitigation_ob_swept_liquidity_internal;h4_mitigation_ob_swept_liquidity_previous_candle;h4_mitigation_ob_swept_liquidity_swing;h4_mitigation_ob_within_daily_ob;h4_ob_target_flip_zone;h4_ob_target_swept_liquidity_fractal;h4_ob_target_swept_liquidity_fvg;h4_ob_target_swept_liquidity_internal;h4_ob_target_swept_liquidity_previous_candle;h4_ob_target_swept_liquidity_swing
2021-03-24,Wednesday,ny,2021-03-24 14:00:00+00:00,2021-03-24 19:00:00+00:00,bearish,1.25525,1.2603199999999999,1.2476450000000001,1.25647,0.005069999999999908,-1.064113907643114,loss,-0.24063116370809093,cut_19h,0.19526627218936182,-0.24063116370809093,cut_19h,False,1,5,0 days 05:00:00,0.0,False,25.0,56.2,1.5,2021-03-24 14:00:00+00:00,False,1.26012,1.25935,1,daily_mitigation_ob_caused_displacement;daily_mitigation_ob_caused_imbalance;daily_mitigation_ob_flip_zone;daily_mitigation_ob_has_inducement;daily_mitigation_ob_swept_liquidity;daily_mitigation_ob_swept_liquidity_fractal;daily_mitigation_ob_swept_liquidity_fvg;daily_mitigation_ob_swept_liquidity_internal;daily_mitigation_ob_swept_liquidity_previous_candle;daily_mitigation_ob_swept_liquidity_swing;daily_ob_target_flip_zone;daily_ob_target_swept_liquidity;daily_ob_target_swept_liquidity_fractal;daily_ob_target_swept_liquidity_fvg;daily_ob_target_swept_liquidity_internal;daily_ob_target_swept_liquidity_swing;h1_mitigation_ob_flip_zone;h1_mitigation_ob_swept_liquidity_fractal;h1_mitigation_ob_swept_liquidity_fvg;h1_mitigation_ob_swept_liquidity_internal;h1_mitigation_ob_swept_liquidity_previous_candle;h1_mitigation_ob_swept_liquidity_swing;h1_ob_target_flip_zone;h1_ob_target_swept_liquidity;h1_ob_target_swept_liquidity_fvg;h1_ob_target_swept_liquidity_internal;h1_ob_target_swept_liquidity_previous_candle;h1_ob_target_swept_liquidity_swing;h4_mitigation_ob_caused_displacement;h4_mitigation_ob_caused_imbalance;h4_mitigation_ob_flip_zone;h4_mitigation_ob_has_inducement;h4_mitigation_ob_swept_liquidity;h4_mitigation_ob_swept_liquidity_fractal;h4_mitigation_ob_swept_liquidity_fvg;h4_mitigation_ob_swept_liquidity_internal;h4_mitigation_ob_swept_liquidity_previous_candle;h4_mitigation_ob_swept_liquidity_swing;h4_mitigation_ob_within_daily_ob;h4_ob_target_flip_zone;h4_ob_target_swept_liquidity;h4_ob_target_swept_liquidity_fractal;h4_ob_target_swept_liquidity_fvg;h4_ob_target_swept_liquidity_internal;h4_ob_target_swept_liquidity_swing
2021-03-26,Friday,london,2021-03-26 07:00:00+00:00,2021-03-26 13:00:00+00:00,bullish,1.25777,1.25652,1.259645,1.25652,0.0012499999999999734,14.277121719967024,loss,-1.0,sl,0.9439999999999872,-1.0,sl,False,0,6,0 days 06:00:00,4.900000000001015,False,25.0,56.2,1.5,2021-03-26 06:00:00+00:00,True,1.25804,1.25672,1,daily_mitigation_ob_caused_displacement;daily_mitigation_ob_caused_imbalance;daily_mitigation_ob_flip_zone;daily_mitigation_ob_has_inducement;daily_mitigation_ob_swept_liquidity;daily_mitigation_ob_swept_liquidity_fractal;daily_mitigation_ob_swept_liquidity_fvg;daily_mitigation_ob_swept_liquidity_internal;daily_mitigation_ob_swept_liquidity_previous_candle;daily_mitigation_ob_swept_liquidity_swing;daily_ob_target_caused_displacement;daily_ob_target_caused_imbalance;daily_ob_target_flip_zone;daily_ob_target_has_inducement;daily_ob_target_swept_liquidity;daily_ob_target_swept_liquidity_fractal;daily_ob_target_swept_liquidity_fvg;daily_ob_target_swept_liquidity_internal;daily_ob_target_swept_liquidity_previous_candle;daily_ob_target_swept_liquidity_swing;h1_mitigation_ob_flip_zone;h1_mitigation_ob_swept_liquidity_fractal;h1_mitigation_ob_swept_liquidity_fvg;h1_mitigation_ob_swept_liquidity_internal;h1_mitigation_ob_swept_liquidity_previous_candle;h1_mitigation_ob_swept_liquidity_swing;h1_ob_target_caused_displacement;h1_ob_target_caused_imbalance;h1_ob_target_flip_zone;h1_ob_target_has_inducement;h1_ob_target_swept_liquidity;h1_ob_target_swept_liquidity_fractal;h1_ob_target_swept_liquidity_fvg;h1_ob_target_swept_liquidity_internal;h1_ob_target_swept_liquidity_previous_candle;h1_ob_target_swept_liquidity_swing;h1_ob_target_within_h4_ob;h4_mitigation_ob_flip_zone;h4_mitigation_ob_swept_liquidity;h4_mitigation_ob_swept_liquidity_fractal;h4_mitigation_ob_swept_liquidity_fvg;h4_mitigation_ob_swept_liquidity_internal;h4_mitigation_ob_swept_liquidity_swing;h4_ob_target_flip_zone;h4_ob_target_swept_liquidity_fractal;h4_ob_target_swept_liquidity_fvg;h4_ob_target_swept_liquidity_internal;h4_ob_target_swept_liquidity_previous_candle;h4_ob_target_swept_liquidity_swing
2021-04-01,Thursday,london,2021-04-01 06:00:00+00:00,2021-04-01 15:00:00+00:00,bearish,1.2589,1.2607,1.2561999999999998,1.2561999999999998,0.0018000000000000238,6.965034001734162,win,1.5,tp,3.3999999999999013,1.4388888888887978,friday_close,True,1,9,0 days 09:00:00,0.0,False,25.0,56.2,1.5,2021-04-01 05:00:00+00:00,True,1.2605,1.25942,1,daily_mitigation_ob_caused_displacement;daily_mitigation_ob_caused_imbalance;daily_mitigation_ob_flip_zone;daily_mitigation_ob_has_inducement;daily_mitigation_ob_swept_liquidity;daily_mitigation_ob_swept_liquidity_fractal;daily_mitigation_ob_swept_liquidity_fvg;daily_mitigation_ob_swept_liquidity_internal;daily_mitigation_ob_swept_liquidity_previous_candle;daily_mitigation_ob_swept_liquidity_swing;daily_ob_target_caused_displacement;daily_ob_target_caused_imbalance;daily_ob_target_flip_zone;daily_ob_target_has_inducement;daily_ob_target_swept_liquidity;daily_ob_target_swept_liquidity_fractal;daily_ob_target_swept_liquidity_fvg;daily_ob_target_swept_liquidity_internal;daily_ob_target_swept_liquidity_previous_candle;daily_ob_target_swept_liquidity_swing;h1_mitigation_ob_flip_zone;h1_mitigation_ob_swept_liquidity;h1_mitigation_ob_swept_liquidity_fractal;h1_mitigation_ob_swept_liquidity_internal;h1_mitigation_ob_swept_liquidity_swing;h1_ob_target_flip_zone;h1_ob_target_swept_liquidity_fractal;h1_ob_target_swept_liquidity_fvg;h1_ob_target_swept_liquidity_internal;h1_ob_target_swept_liquidity_previous_candle;h1_ob_target_swept_liquidity_swing;h4_mitigation_ob_caused_displacement;h4_mitigation_ob_caused_imbalance;h4_mitigation_ob_flip_zone;h4_mitigation_ob_has_inducement;h4_mitigation_ob_swept_liquidity;h4_mitigation_ob_swept_liquidity_fractal;h4_mitigation_ob_swept_liquidity_fvg;h4_mitigation_ob_swept_liquidity_internal;h4_mitigation_ob_swept_liquidity_previous_candle;h4_mitigation_ob_swept_liquidity_swing;h4_mitigation_ob_within_daily_ob;h4_ob_target_caused_displacement;h4_ob_target_caused_imbalance;h4_ob_target_flip_zone;h4_ob_target_has_inducement;h4_ob_target_swept_liquidity;h4_ob_target_swept_liquidity_fractal;h4_ob_target_swept_liquidity_fvg;h4_ob_target_swept_liquidity_internal;h4_ob_target_swept_liquidity_previous_candle;h4_ob_target_swept_liquidity_swing;h4_ob_target_within_daily_ob
2021-04-05,Monday,london,2021-04-05 07:00:00+00:00,2021-04-05 08:00:00+00:00,bullish,1.25742,1.2569000000000001,1.2581999999999998,1.2569000000000001,0.0005199999999998539,-17.899825420533304,loss,-1.0,sl,0.0,-1.0,sl,False,0,1,0 days 01:00:00,11.500000000002064,False,25.0,56.2,1.5,2021-04-05 07:00:00+00:00,False,1.25818,1.2571,1,daily_mitigation_ob_caused_displacement;daily_mitigation_ob_caused_imbalance;daily_mitigation_ob_flip_zone;daily_mitigation_ob_has_inducement;daily_mitigation_ob_swept_liquidity;daily_mitigation_ob_swept_liquidity_fractal;daily_mitigation_ob_swept_liquidity_fvg;daily_mitigation_ob_swept_liquidity_internal;daily_mitigation_ob_swept_liquidity_previous_candle;daily_mitigation_ob_swept_liquidity_swing;daily_ob_target_caused_displacement;daily_ob_target_caused_imbalance;daily_ob_target_flip_zone;daily_ob_target_has_inducement;daily_ob_target_swept_liquidity;daily_ob_target_swept_liquidity_fractal;daily_ob_target_swept_liquidity_fvg;daily_ob_target_swept_liquidity_internal;daily_ob_target_swept_liquidity_previous_candle;daily_ob_target_swept_liquidity_swing;h1_mitigation_ob_flip_zone;h1_mitigation_ob_swept_liquidity_fractal;h1_mitigation_ob_swept_liquidity_fvg;h1_mitigation_ob_swept_liquidity_internal;h1_mitigation_ob_swept_liquidity_previous_candle;h1_mitigation_ob_swept_liquidity_swing;h1_ob_target_caused_displacement;h1_ob_target_caused_imbalance;h1_ob_target_flip_zone;h1_ob_target_has_inducement;h1_ob_target_swept_liquidity;h1_ob_target_swept_liquidity_fractal;h1_ob_target_swept_liquidity_fvg;h1_ob_target_swept_liquidity_internal;h1_ob_target_swept_liquidity_previous_candle;h1_ob_target_swept_liquidity_swing;h1_ob_target_within_h4_ob;h4_mitigation_ob_caused_displacement;h4_mitigation_ob_caused_imbalance;h4_mitigation_ob_flip_zone;h4_mitigation_ob_has_inducement;h4_mitigation_ob_swept_liquidity;h4_mitigation_ob_swept_liquidity_fractal;h4_mitigation_ob_swept_liquidity_fvg;h4_mitigation_ob_swept_liquidity_internal;h4_mitigation_ob_swept_liquidity_previous_candle;h4_mitigation_ob_swept_liquidity_swing;h4_mitigation_ob_within_daily_ob;h4_ob_target_flip_zone;h4_ob_target_swept_liquidity_fractal;h4_ob_target_swept_liquidity_fvg;h4_ob_target_swept_liquidity_internal;h4_ob_target_swept_liquidity_previous_candle;h4_ob_target_swept_liquidity_swing
2021-04-06,Tuesday,london,2021-04-06 06:00:00+00:00,2021-04-06 11:00:00+00:00,bullish,1.25419,1.25233,1.25698,1.25698,0.0018599999999999728,-21.969813361833786,win,1.5,tp,4.978494623656012,0.0,be_stop,True,3,5,0 days 05:00:00,0.9999999999998899,False,25.0,56.2,1.5,2021-04-06 05:00:00+00:00,True,1.25336,1.25253,1,daily_mitigation_ob_caused_displacement;daily_mitigation_ob_caused_imbalance;daily_mitigation_ob_flip_zone;daily_mitigation_ob_has_inducement;daily_mitigation_ob_swept_liquidity;daily_mitigation_ob_swept_liquidity_fractal;daily_mitigation_ob_swept_liquidity_fvg;daily_mitigation_ob_swept_liquidity_internal;daily_mitigation_ob_swept_liquidity_previous_candle;daily_mitigation_ob_swept_liquidity_swing;daily_ob_target_caused_displacement;daily_ob_target_caused_imbalance;daily_ob_target_flip_zone;daily_ob_target_has_inducement;daily_ob_target_swept_liquidity;daily_ob_target_swept_liquidity_fractal;daily_ob_target_swept_liquidity_fvg;daily_ob_target_swept_liquidity_internal;daily_ob_target_swept_liquidity_previous_candle;daily_ob_target_swept_liquidity_swing;h1_mitigation_ob_flip_zone;h1_mitigation_ob_swept_liquidity_fractal;h1_mitigation_ob_swept_liquidity_fvg;h1_mitigation_ob_swept_liquidity_internal;h1_mitigation_ob_swept_liquidity_previous_candle;h1_mitigation_ob_swept_liquidity_swing;h1_ob_target_flip_zone;h1_ob_target_swept_liquidity_fractal;h1_ob_target_swept_liquidity_fvg;h1_ob_target_swept_liquidity_internal;h1_ob_target_swept_liquidity_previous_candle;h1_ob_target_swept_liquidity_swing;h4_mitigation_ob_caused_displacement;h4_mitigation_ob_caused_imbalance;h4_mitigation_ob_flip_zone;h4_mitigation_ob_has_inducement;h4_mitigation_ob_swept_liquidity;h4_mitigation_ob_swept_liquidity_fractal;h4_mitigation_ob_swept_liquidity_fvg;h4_mitigation_ob_swept_liquidity_internal;h4_mitigation_ob_swept_liquidity_previous_candle;h4_mitigation_ob_swept_liquidity_swing;h4_mitigation_ob_within_daily_ob;h4_ob_target_flip_zone;h4_ob_target_swept_liquidity_fractal;h4_ob_target_swept_liquidity_fvg;h4_ob_target_swept_liquidity_internal;h4_ob_target_swept_liquidity_previous_candle;h4_ob_target_swept_liquidity_swing
2021-04-06,Tuesday,ny,2021-04-06 11:00:00+00:00,2021-04-06 18:00:00+00:00,bullish,1.2567,1.25291,1.2623849999999999,1.2567,0.00378999999999996,1.1765041374467589,breakeven,0.0,be_stop,0.20580474934037232,0.0,be_stop,True,1,7,0 days 07:00:00,4.100000000000215,False,25.0,56.2,1.5,2021-04-06 10:00:00+00:00,True,1.25406,1.25311,1,daily_mitigation_ob_caused_displacement;daily_mitigation_ob_caused_imbalance;daily_mitigation_ob_flip_zone;daily_mitigation_ob_has_inducement;daily_mitigation_ob_swept_liquidity;daily_mitigation_ob_swept_liquidity_fractal;daily_mitigation_ob_swept_liquidity_fvg;daily_mitigation_ob_swept_liquidity_internal;daily_mitigation_ob_swept_liquidity_previous_candle;daily_mitigation_ob_swept_liquidity_swing;daily_ob_target_flip_zone;daily_ob_target_swept_liquidity_fractal;daily_ob_target_swept_liquidity_fvg;daily_ob_target_swept_liquidity_internal;daily_ob_target_swept_liquidity_previous_candle;daily_ob_target_swept_liquidity_swing;h1_mitigation_ob_flip_zone;h1_mitigation_ob_swept_liquidity_fractal;h1_mitigation_ob_swept_liquidity_fvg;h1_mitigation_ob_swept_liquidity_internal;h1_mitigation_ob_swept_liquidity_previous_candle;h1_mitigation_ob_swept_liquidity_swing;h1_ob_target_flip_zone;h1_ob_target_swept_liquidity_fractal;h1_ob_target_swept_liquidity_fvg;h1_ob_target_swept_liquidity_internal;h1_ob_target_swept_liquidity_previous_candle;h1_ob_target_swept_liquidity_swing;h4_mitigation_ob_caused_displacement;h4_mitigation_ob_caused_imbalance;h4_mitigation_ob_flip_zone;h4_mitigation_ob_has_inducement;h4_mitigation_ob_swept_liquidity;h4_mitigation_ob_swept_liquidity_fractal;h4_mitigation_ob_swept_liquidity_fvg;h4_mitigation_ob_swept_liquidity_internal;h4_mitigation_ob_swept_liquidity_previous_candle;h4_mitigation_ob_swept_liquidity_swing;h4_mitigation_ob_within_daily_ob;h4_ob_target_flip_zone;h4_ob_target_swept_liquidity_fractal;h4_ob_target_swept_liquidity_fvg;h4_ob_target_swept_liquidity_internal;h4_ob_target_swept_liquidity_previous_candle;h4_ob_target_swept_liquidity_swing
2021-04-06,Tuesday,ny,2021-04-06 12:00:00+00:00,2021-04-06 18:00:00+00:00,bearish,1.25609,1.25838,1.2526549999999999,1.25726,0.0022900000000001253,22.721152999245824,loss,-0.510917030567708,cut_19h,0.9606986899562705,-0.510917030567708,cut_19h,False,1,6,0 days 06:00:00,0.0,False,25.0,56.2,1.5,2021-04-06 12:00:00+00:00,False,1.25818,1.2571,1,daily_mitigation_ob_caused_displacement;daily_mitigation_ob_caused_imbalance;daily_mitigation_ob_flip_zone;daily_mitigation_ob_has_inducement;daily_mitigation_ob_swept_liquidity;daily_mitigation_ob_swept_liquidity_fractal;daily_mitigation_ob_swept_liquidity_fvg;daily_mitigation_ob_swept_liquidity_internal;daily_mitigation_ob_swept_liquidity_previous_candle;daily_mitigation_ob_swept_liquidity_swing;daily_ob_target_caused_displacement;daily_ob_target_caused_imbalance;daily_ob_target_flip_zone;daily_ob_target_has_inducement;daily_ob_target_swept_liquidity;daily_ob_target_swept_liquidity_fractal;daily_ob_target_swept_liquidity_fvg;daily_ob_target_swept_liquidity_internal;daily_ob_target_swept_liquidity_previous_candle;daily_ob_target_swept_liquidity_swing;h1_mitigation_ob_flip_zone;h1_mitigation_ob_swept_liquidity_fractal;h1_mitigation_ob_swept_liquidity_fvg;h1_mitigation_ob_swept_liquidity_internal;h1_mitigation_ob_swept_liquidity_previous_candle;h1_mitigation_ob_swept_liquidity_swing;h1_ob_target_flip_zone;h1_ob_target_swept_liquidity;h1_ob_target_swept_liquidity_fvg;h1_ob_target_swept_liquidity_internal;h1_ob_target_swept_liquidity_previous_candle;h1_ob_target_swept_liquidity_swing;h4_mitigation_ob_caused_displacement;h4_mitigation_ob_caused_imbalance;h4_mitigation_ob_flip_zone;h4_mitigation_ob_has_inducement;h4_mitigation_ob_swept_liquidity;h4_mitigation_ob_swept_liquidity_fractal;h4_mitigation_ob_swept_liquidity_fvg;h4_mitigation_ob_swept_liquidity_internal;h4_mitigation_ob_swept_liquidity_previous_candle;h4_mitigation_ob_swept_liquidity_swing;h4_mitigation_ob_within_daily_ob;h4_ob_target_caused_displacement;h4_ob_target_caused_imbalance;h4_ob_target_flip_zone;h4_ob_target_has_inducement;h4_ob_target_swept_liquidity;h4_ob_target_swept_liquidity_fractal;h4_ob_target_swept_liquidity_fvg;h4_ob_target_swept_liquidity_internal;h4_ob_target_swept_liquidity_previous_candle;h4_ob_target_swept_liquidity_swing;h4_ob_target_within_daily_ob
2021-04-07,Wednesday,london,2021-04-07 08:00:00+00:00,2021-04-07 13:00:00+00:00,bearish,1.25938,1.2626,1.25455,1.2626,0.0032200000000000006,-2.449857111853611,loss,-1.0,sl,0.3509316770185879,-1.0,sl,False,0,5,0 days 05:00:00,2.4000000000001798,False,25.0,56.2,1.5,2021-04-07 08:00:00+00:00,False,1.2624,1.26164,1,daily_mitigation_ob_caused_displacement;daily_mitigation_ob_caused_imbalance;daily_mitigation_ob_flip_zone;daily_mitigation_ob_has_inducement;daily_mitigation_ob_swept_liquidity;daily_mitigation_ob_swept_liquidity_fractal;daily_mitigation_ob_swept_liquidity_fvg;daily_mitigation_ob_swept_liquidity_internal;daily_mitigation_ob_swept_liquidity_previous_candle;daily_mitigation_ob_swept_liquidity_swing;daily_ob_target_caused_displacement;daily_ob_target_caused_imbalance;daily_ob_target_flip_zone;daily_ob_target_has_inducement;daily_ob_target_swept_liquidity;daily_ob_target_swept_liquidity_fractal;daily_ob_target_swept_liquidity_fvg;daily_ob_target_swept_liquidity_internal;daily_ob_target_swept_liquidity_previous_candle;daily_ob_target_swept_liquidity_swing;h1_mitigation_ob_flip_zone;h1_mitigation_ob_swept_liquidity;h1_mitigation_ob_swept_liquidity_fractal;h1_mitigation_ob_swept_liquidity_fvg;h1_mitigation_ob_swept_liquidity_internal;h1_mitigation_ob_swept_liquidity_swing;h1_ob_target_flip_zone;h1_ob_target_swept_liquidity_fractal;h1_ob_target_swept_liquidity_fvg;h1_ob_target_swept_liquidity_internal;h1_ob_target_swept_liquidity_previous_candle;h1_ob_target_swept_liquidity_swing;h4_mitigation_ob_flip_zone;h4_mitigation_ob_swept_liquidity_fractal;h4_mitigation_ob_swept_liquidity_fvg;h4_mitigation_ob_swept_liquidity_internal;h4_mitigation_ob_swept_liquidity_previous_candle;h4_mitigation_ob_swept_liquidity_swing;h4_ob_target_flip_zone;h4_ob_target_swept_liquidity_fractal;h4_ob_target_swept_liquidity_fvg;h4_ob_target_swept_liquidity_internal;h4_ob_target_swept_liquidity_previous_candle;h4_ob_target_swept_liquidity_swing
2021-04-08,Thursday,london,2021-04-08 06:00:00+00:00,2021-04-08 08:00:00+00:00,bearish,1.25991,1.26145,1.2576000000000003,1.26145,0.0015399999999998748,-15.828796642640045,loss,-1.0,sl,0.6688311688312794,-1.0,sl,False,0,2,0 days 02:00:00,7.800000000000029,False,25.0,56.2,1.5,2021-04-08 06:00:00+00:00,False,1.26125,1.26036,1,daily_mitigation_ob_caused_displacement;daily_mitigation_ob_caused_imbalance;daily_mitigation_ob_flip_zone;daily_mitigation_ob_has_inducement;daily_mitigation_ob_swept_liquidity;daily_mitigation_ob_swept_liquidity_fractal;daily_mitigation_ob_swept_liquidity_fvg;daily_mitigation_ob_swept_liquidity_internal;daily_mitigation_ob_swept_liquidity_previous_candle;daily_mitigation_ob_swept_liquidity_swing;daily_ob_target_caused_displacement;daily_ob_target_caused_imbalance;daily_ob_target_flip_zone;daily_ob_target_has_inducement;daily_ob_target_swept_liquidity;daily_ob_target_swept_liquidity_fractal;daily_ob_target_swept_liquidity_fvg;daily_ob_target_swept_liquidity_internal;daily_ob_target_swept_liquidity_previous_candle;daily_ob_target_swept_liquidity_swing;h1_mitigation_ob_flip_zone;h1_mitigation_ob_swept_liquidity_fractal;h1_mitigation_ob_swept_liquidity_fvg;h1_mitigation_ob_swept_liquidity_internal;h1_mitigation_ob_swept_liquidity_previous_candle;h1_mitigation_ob_swept_liquidity_swing;h1_ob_target_flip_zone;h1_ob_target_swept_liquidity_fractal;h1_ob_target_swept_liquidity_fvg;h1_ob_target_swept_liquidity_internal;h1_ob_target_swept_liquidity_previous_candle;h1_ob_target_swept_liquidity_swing;h4_mitigation_ob_caused_displacement;h4_mitigation_ob_caused_imbalance;h4_mitigation_ob_flip_zone;h4_mitigation_ob_has_inducement;h4_mitigation_ob_swept_liquidity;h4_mitigation_ob_swept_liquidity_fractal;h4_mitigation_ob_swept_liquidity_fvg;h4_mitigation_ob_swept_liquidity_internal;h4_mitigation_ob_swept_liquidity_previous_candle;h4_mitigation_ob_swept_liquidity_swing;h4_mitigation_ob_within_daily_ob;h4_ob_target_flip_zone;h4_ob_target_swept_liquidity_fractal;h4_ob_target_swept_liquidity_fvg;h4_ob_target_swept_liquidity_internal;h4_ob_target_swept_liquidity_previous_candle;h4_ob_target_swept_liquidity_swing
2021-04-09,Friday,london,2021-04-09 07:00:00+00:00,2021-04-09 12:00:00+00:00,bearish,1.259,1.2619799999999999,1.25453,1.25453,0.0029799999999999827,-6.988264136714871,win,1.5,tp,2.0838926174496186,1.8187919463087288,friday_close,False,0,5,0 days 05:00:00,0.0,False,25.0,56.2,1.5,2021-04-09 07:00:00+00:00,False,1.26178,1.26067,1,daily_mitigation_ob_caused_displacement;daily_mitigation_ob_caused_imbalance;daily_mitigation_ob_flip_zone;daily_mitigation_ob_has_inducement;daily_mitigation_ob_swept_liquidity;daily_mitigation_ob_swept_liquidity_fractal;daily_mitigation_ob_swept_liquidity_fvg;daily_mitigation_ob_swept_liquidity_internal;daily_mitigation_ob_swept_liquidity_previous_candle;daily_mitigation_ob_swept_liquidity_swing;daily_ob_target_caused_displacement;daily_ob_target_caused_imbalance;daily_ob_target_flip_zone;daily_ob_target_has_inducement;daily_ob_target_swept_liquidity;daily_ob_target_swept_liquidity_fractal;daily_ob_target_swept_liquidity_fvg;daily_ob_target_swept_liquidity_internal;daily_ob_target_swept_liquidity_previous_candle;daily_ob_target_swept_liquidity_swing;h1_mitigation_ob_flip_zone;h1_mitigation_ob_swept_liquidity_fractal;h1_mitigation_ob_swept_liquidity_fvg;h1_mitigation_ob_swept_liquidity_internal;h1_mitigation_ob_swept_liquidity_previous_candle;h1_mitigation_ob_swept_liquidity_swing;h1_ob_target_flip_zone;h1_ob_target_swept_liquidity_fractal;h1_ob_target_swept_liquidity_fvg;h1_ob_target_swept_liquidity_internal;h1_ob_target_swept_liquidity_previous_candle;h1_ob_target_swept_liquidity_swing;h4_mitigation_ob_caused_displacement;h4_mitigation_ob_caused_imbalance;h4_mitigation_ob_flip_zone;h4_mitigation_ob_has_inducement;h4_mitigation_ob_swept_liquidity;h4_mitigation_ob_swept_liquidity_fractal;h4_mitigation_ob_swept_liquidity_fvg;h4_mitigation_ob_swept_liquidity_internal;h4_mitigation_ob_swept_liquidity_previous_candle;h4_mitigation_ob_swept_liquidity_swing;h4_mitigation_ob_within_daily_ob;h4_ob_target_caused_displacement;h4_ob_target_caused_imbalance;h4_ob_target_flip_zone;h4_ob_target_has_inducement;h4_ob_target_swept_liquidity;h4_ob_target_swept_liquidity_fractal;h4_ob_target_swept_liquidity_fvg;h4_ob_target_swept_liquidity_internal;h4_ob_target_swept_liquidity_previous_candle;h4_ob_target_swept_liquidity_swing;h4_ob_target_within_daily_ob
2021-04-14,Wednesday,london,2021-04-14 08:00:00+00:00,2021-04-14 12:00:00+00:00,bearish,1.25415,1.25698,1.2499050000000003,1.25698,0.002829999999999888,-0.8631594068506607,loss,-1.0,sl,0.17667844522974796,-1.0,sl,False,0,4,0 days 04:00:00,6.200000000000649,False,25.0,56.2,1.5,2021-04-14 08:00:00+00:00,False,1.25678,1.25581,1,daily_mitigation_ob_caused_displacement;daily_mitigation_ob_caused_imbalance;daily_mitigation_ob_flip_zone;daily_mitigation_ob_has_inducement;daily_mitigation_ob_swept_liquidity;daily_mitigation_ob_swept_liquidity_fractal;daily_mitigation_ob_swept_liquidity_fvg;daily_mitigation_ob_swept_liquidity_internal;daily_mitigation_ob_swept_liquidity_previous_candle;daily_mitigation_ob_swept_liquidity_swing;daily_ob_target_caused_displacement;daily_ob_target_caused_imbalance;daily_ob_target_flip_zone;daily_ob_target_has_inducement;daily_ob_target_swept_liquidity;daily_ob_target_swept_liquidity_fractal;daily_ob_target_swept_liquidity_fvg;daily_ob_target_swept_liquidity_internal;daily_ob_target_swept_liquidity_previous_candle;daily_ob_target_swept_liquidity_swing;h1_mitigation_ob_flip_zone;h1_mitigation_ob_swept_liquidity;h1_mitigation_ob_swept_liquidity_fvg;h1_mitigation_ob_swept_liquidity_internal;h1_mitigation_ob_swept_liquidity_swing;h1_ob_target_flip_zone;h1_ob_target_swept_liquidity;h1_ob_target_swept_liquidity_fvg;h1_ob_target_swept_liquidity_internal;h1_ob_target_swept_liquidity_previous_candle;h1_ob_target_swept_liquidity_swing;h4_mitigation_ob_caused_displacement;h4_mitigation_ob_caused_imbalance;h4_mitigation_ob_flip_zone;h4_mitigation_ob_has_inducement;h4_mitigation_ob_swept_liquidity;h4_mitigation_ob_swept_liquidity_fractal;h4_mitigation_ob_swept_liquidity_fvg;h4_mitigation_ob_swept_liquidity_internal;h4_mitigation_ob_swept_liquidity_previous_candle;h4_mitigation_ob_swept_liquidity_swing;h4_mitigation_ob_within_daily_ob;h4_ob_target_flip_zone;h4_ob_target_swept_liquidity;h4_ob_target_swept_liquidity_fractal;h4_ob_target_swept_liquidity_fvg;h4_ob_target_swept_liquidity_internal;h4_ob_target_swept_liquidity_swing
2021-04-21,Wednesday,ny,2021-04-21 11:00:00+00:00,2021-04-21 12:00:00+00:00,bearish,1.2602,1.26156,1.25816,1.26156,0.0013600000000000279,2.2910183165636027,loss,-1.0,sl,0.18382352941182234,-1.0,sl,False,0,1,0 days 01:00:00,9.799999999999809,False,25.0,56.2,1.5,2021-04-21 11:00:00+00:00,False,1.26136,1.25996,2,daily_mitigation_ob_caused_displacement;daily_mitigation_ob_caused_imbalance;daily_mitigation_ob_flip_zone;daily_mitigation_ob_has_inducement;daily_mitigation_ob_swept_liquidity;daily_mitigation_ob_swept_liquidity_fractal;daily_mitigation_ob_swept_liquidity_fvg;daily_mitigation_ob_swept_liquidity_internal;daily_mitigation_ob_swept_liquidity_previous_candle;daily_mitigation_ob_swept_liquidity_swing;daily_ob_target_caused_displacement;daily_ob_target_caused_imbalance;daily_ob_target_flip_zone;daily_ob_target_has_inducement;daily_ob_target_swept_liquidity;daily_ob_target_swept_liquidity_fractal;daily_ob_target_swept_liquidity_fvg;daily_ob_target_swept_liquidity_internal;daily_ob_target_swept_liquidity_previous_candle;daily_ob_target_swept_liquidity_swing;h1_mitigation_ob_flip_zone;h1_mitigation_ob_swept_liquidity_fractal;h1_mitigation_ob_swept_liquidity_fvg;h1_mitigation_ob_swept_liquidity_internal;h1_mitigation_ob_swept_liquidity_previous_candle;h1_mitigation_ob_swept_liquidity_swing;h1_ob_target_flip_zone;h1_ob_target_swept_liquidity;h1_ob_target_swept_liquidity_fractal;h1_ob_target_swept_liquidity_fvg;h1_ob_target_swept_liquidity_internal;h1_ob_target_swept_liquidity_swing;h4_mitigation_ob_caused_displacement;h4_mitigation_ob_caused_imbalance;h4_mitigation_ob_flip_zone;h4_mitigation_ob_has_inducement;h4_mitigation_ob_swept_liquidity;h4_mitigation_ob_swept_liquidity_fractal;h4_mitigation_ob_swept_liquidity_fvg;h4_mitigation_ob_swept_liquidity_internal;h4_mitigation_ob_swept_liquidity_previous_candle;h4_mitigation_ob_swept_liquidity_swing;h4_mitigation_ob_within_daily_ob;h4_ob_target_flip_zone;h4_ob_target_swept_liquidity_fractal;h4_ob_target_swept_liquidity_fvg;h4_ob_target_swept_liquidity_internal;h4_ob_target_swept_liquidity_previous_candle;h4_ob_target_swept_liquidity_swing
2021-04-22,Thursday,london,2021-04-22 08:00:00+00:00,2021-04-22 09:00:00+00:00,bearish,1.25058,1.25136,1.2494100000000001,1.2494100000000001,0.0007800000000000029,18.162024992087073,win,1.5,tp,2.0,-1.0,sl,False,0,1,0 days 01:00:00,5.1000000000001044,False,25.0,56.2,1.5,2021-04-22 08:00:00+00:00,False,1.25116,1.24986,1,daily_mitigation_ob_caused_displacement;daily_mitigation_ob_caused_imbalance;daily_mitigation_ob_flip_zone;daily_mitigation_ob_has_inducement;daily_mitigation_ob_swept_liquidity;daily_mitigation_ob_swept_liquidity_fractal;daily_mitigation_ob_swept_liquidity_fvg;daily_mitigation_ob_swept_liquidity_internal;daily_mitigation_ob_swept_liquidity_previous_candle;daily_mitigation_ob_swept_liquidity_swing;daily_ob_target_caused_displacement;daily_ob_target_caused_imbalance;daily_ob_target_flip_zone;daily_ob_target_has_inducement;daily_ob_target_swept_liquidity;daily_ob_target_swept_liquidity_fractal;daily_ob_target_swept_liquidity_fvg;daily_ob_target_swept_liquidity_internal;daily_ob_target_swept_liquidity_previous_candle;daily_ob_target_swept_liquidity_swing;h1_mitigation_ob_swept_liquidity;h1_mitigation_ob_swept_liquidity_fractal;h1_mitigation_ob_swept_liquidity_internal;h1_mitigation_ob_swept_liquidity_previous_candle;h1_mitigation_ob_swept_liquidity_swing;h1_ob_target_caused_displacement;h1_ob_target_caused_imbalance;h1_ob_target_flip_zone;h1_ob_target_has_inducement;h1_ob_target_swept_liquidity;h1_ob_target_swept_liquidity_fractal;h1_ob_target_swept_liquidity_fvg;h1_ob_target_swept_liquidity_internal;h1_ob_target_swept_liquidity_previous_candle;h1_ob_target_swept_liquidity_swing;h1_ob_target_within_h4_ob;h4_mitigation_ob_caused_displacement;h4_mitigation_ob_caused_imbalance;h4_mitigation_ob_flip_zone;h4_mitigation_ob_has_inducement;h4_mitigation_ob_swept_liquidity;h4_mitigation_ob_swept_liquidity_fractal;h4_mitigation_ob_swept_liquidity_fvg;h4_mitigation_ob_swept_liquidity_internal;h4_mitigation_ob_swept_liquidity_previous_candle;h4_mitigation_ob_swept_liquidity_swing;h4_mitigation_ob_within_daily_ob;h4_ob_target_caused_displacement;h4_ob_target_caused_imbalance;h4_ob_target_flip_zone;h4_ob_target_has_inducement;h4_ob_target_swept_liquidity;h4_ob_target_swept_liquidity_fractal;h4_ob_target_swept_liquidity_fvg;h4_ob_target_swept_liquidity_internal;h4_ob_target_swept_liquidity_previous_candle;h4_ob_target_swept_liquidity_swing;h4_ob_target_within_daily_ob
2021-04-30,Friday,london,2021-04-30 06:00:00+00:00,2021-04-30 18:00:00+00:00,bullish,1.22859,1.22553,1.2331800000000002,1.22882,0.0030600000000000627,-16.577393947493828,win,0.07516339869279338,friday_close,1.1895424836600623,0.07516339869279338,friday_close,False,0,12,0 days 12:00:00,0.0,False,25.0,56.2,1.5,2021-04-30 05:00:00+00:00,True,1.2271,1.22573,2,daily_mitigation_ob_caused_displacement;daily_mitigation_ob_caused_imbalance;daily_mitigation_ob_flip_zone;daily_mitigation_ob_has_inducement;daily_mitigation_ob_swept_liquidity;daily_mitigation_ob_swept_liquidity_fractal;daily_mitigation_ob_swept_liquidity_fvg;daily_mitigation_ob_swept_liquidity_internal;daily_mitigation_ob_swept_liquidity_previous_candle;daily_mitigation_ob_swept_liquidity_swing;daily_ob_target_caused_displacement;daily_ob_target_caused_imbalance;daily_ob_target_flip_zone;daily_ob_target_has_inducement;daily_ob_target_swept_liquidity;daily_ob_target_swept_liquidity_fractal;daily_ob_target_swept_liquidity_fvg;daily_ob_target_swept_liquidity_internal;daily_ob_target_swept_liquidity_previous_candle;daily_ob_target_swept_liquidity_swing;h1_mitigation_ob_flip_zone;h1_mitigation_ob_swept_liquidity_fractal;h1_mitigation_ob_swept_liquidity_fvg;h1_mitigation_ob_swept_liquidity_internal;h1_mitigation_ob_swept_liquidity_previous_candle;h1_mitigation_ob_swept_liquidity_swing;h1_ob_target_flip_zone;h1_ob_target_swept_liquidity;h1_ob_target_swept_liquidity_fvg;h1_ob_target_swept_liquidity_internal;h1_ob_target_swept_liquidity_previous_candle;h1_ob_target_swept_liquidity_swing;h4_mitigation_ob_flip_zone;h4_mitigation_ob_swept_liquidity_fractal;h4_mitigation_ob_swept_liquidity_fvg;h4_mitigation_ob_swept_liquidity_internal;h4_mitigation_ob_swept_liquidity_previous_candle;h4_mitigation_ob_swept_liquidity_swing;h4_ob_target_flip_zone;h4_ob_target_swept_liquidity;h4_ob_target_swept_liquidity_fractal;h4_ob_target_swept_liquidity_internal;h4_ob_target_swept_liquidity_previous_candle;h4_ob_target_swept_liquidity_swing
2021-04-30,Friday,london,2021-04-30 08:00:00+00:00,2021-04-30 15:00:00+00:00,bearish,1.22748,1.23152,1.2214199999999997,1.23152,0.0040400000000000436,37.18172919957576,loss,-1.0,sl,0.22772277227717821,-1.0,sl,False,0,7,0 days 07:00:00,7.099999999999884,True,25.0,56.2,1.5,2021-04-30 08:00:00+00:00,False,1.23132,1.22881,1,daily_mitigation_ob_caused_displacement;daily_mitigation_ob_caused_imbalance;daily_mitigation_ob_flip_zone;daily_mitigation_ob_has_inducement;daily_mitigation_ob_swept_liquidity;daily_mitigation_ob_swept_liquidity_fractal;daily_mitigation_ob_swept_liquidity_fvg;daily_mitigation_ob_swept_liquidity_internal;daily_mitigation_ob_swept_liquidity_previous_candle;daily_mitigation_ob_swept_liquidity_swing;daily_ob_target_caused_displacement;daily_ob_target_caused_imbalance;daily_ob_target_flip_zone;daily_ob_target_has_inducement;daily_ob_target_swept_liquidity;daily_ob_target_swept_liquidity_fractal;daily_ob_target_swept_liquidity_fvg;daily_ob_target_swept_liquidity_internal;daily_ob_target_swept_liquidity_previous_candle;daily_ob_target_swept_liquidity_swing;h1_mitigation_ob_flip_zone;h1_mitigation_ob_swept_liquidity;h1_mitigation_ob_swept_liquidity_fvg;h1_mitigation_ob_swept_liquidity_internal;h1_mitigation_ob_swept_liquidity_previous_candle;h1_mitigation_ob_swept_liquidity_swing;h1_ob_target_flip_zone;h1_ob_target_swept_liquidity;h1_ob_target_swept_liquidity_fvg;h1_ob_target_swept_liquidity_internal;h1_ob_target_swept_liquidity_previous_candle;h1_ob_target_swept_liquidity_swing;h4_mitigation_ob_caused_displacement;h4_mitigation_ob_caused_imbalance;h4_mitigation_ob_flip_zone;h4_mitigation_ob_has_inducement;h4_mitigation_ob_swept_liquidity;h4_mitigation_ob_swept_liquidity_fractal;h4_mitigation_ob_swept_liquidity_fvg;h4_mitigation_ob_swept_liquidity_internal;h4_mitigation_ob_swept_liquidity_previous_candle;h4_mitigation_ob_swept_liquidity_swing;h4_mitigation_ob_within_daily_ob;h4_ob_target_flip_zone;h4_ob_target_swept_liquidity_fractal;h4_ob_target_swept_liquidity_fvg;h4_ob_target_swept_liquidity_internal;h4_ob_target_swept_liquidity_previous_candle;h4_ob_target_swept_liquidity_swing
2021-04-30,Friday,ny,2021-04-30 11:00:00+00:00,2021-04-30 15:00:00+00:00,bearish,1.22784,1.23152,1.2223200000000003,1.23152,0.0036799999999999056,37.18172919957576,loss,-1.0,sl,0.3478260869565165,-1.0,sl,False,0,4,0 days 04:00:00,7.099999999999884,True,25.0,56.2,1.5,2021-04-30 11:00:00+00:00,False,1.23132,1.22881,2,daily_mitigation_ob_caused_displacement;daily_mitigation_ob_caused_imbalance;daily_mitigation_ob_flip_zone;daily_mitigation_ob_has_inducement;daily_mitigation_ob_swept_liquidity;daily_mitigation_ob_swept_liquidity_fractal;daily_mitigation_ob_swept_liquidity_fvg;daily_mitigation_ob_swept_liquidity_internal;daily_mitigation_ob_swept_liquidity_previous_candle;daily_mitigation_ob_swept_liquidity_swing;daily_ob_target_caused_displacement;daily_ob_target_caused_imbalance;daily_ob_target_flip_zone;daily_ob_target_has_inducement;daily_ob_target_swept_liquidity;daily_ob_target_swept_liquidity_fractal;daily_ob_target_swept_liquidity_fvg;daily_ob_target_swept_liquidity_internal;daily_ob_target_swept_liquidity_previous_candle;daily_ob_target_swept_liquidity_swing;h1_mitigation_ob_flip_zone;h1_mitigation_ob_swept_liquidity;h1_mitigation_ob_swept_liquidity_fvg;h1_mitigation_ob_swept_liquidity_internal;h1_mitigation_ob_swept_liquidity_previous_candle;h1_mitigation_ob_swept_liquidity_swing;h1_ob_target_flip_zone;h1_ob_target_swept_liquidity;h1_ob_target_swept_liquidity_fvg;h1_ob_target_swept_liquidity_internal;h1_ob_target_swept_liquidity_previous_candle;h1_ob_target_swept_liquidity_swing;h4_mitigation_ob_caused_displacement;h4_mitigation_ob_caused_imbalance;h4_mitigation_ob_flip_zone;h4_mitigation_ob_has_inducement;h4_mitigation_ob_swept_liquidity;h4_mitigation_ob_swept_liquidity_fractal;h4_mitigation_ob_swept_liquidity_fvg;h4_mitigation_ob_swept_liquidity_internal;h4_mitigation_ob_swept_liquidity_previous_candle;h4_mitigation_ob_swept_liquidity_swing;h4_mitigation_ob_within_daily_ob;h4_ob_target_flip_zone;h4_ob_target_swept_liquidity_fractal;h4_ob_target_swept_liquidity_fvg;h4_ob_target_swept_liquidity_internal;h4_ob_target_swept_liquidity_previous_candle;h4_ob_target_swept_liquidity_swing
2021-05-03,Monday,ny,2021-05-03 13:00:00+00:00,2021-05-03 14:00:00+00:00,bullish,1.22877,1.22669,1.2318899999999997,1.22669,0.0020799999999998597,-20.626627605434088,loss,-1.0,sl,0.11057692307701443,-1.0,sl,False,0,1,0 days 01:00:00,0.5000000000010552,False,25.0,56.2,1.5,2021-05-03 13:00:00+00:00,False,1.22807,1.22689,1,daily_mitigation_ob_caused_displacement;daily_mitigation_ob_caused_imbalance;daily_mitigation_ob_flip_zone;daily_mitigation_ob_has_inducement;daily_mitigation_ob_swept_liquidity;daily_mitigation_ob_swept_liquidity_fractal;daily_mitigation_ob_swept_liquidity_fvg;daily_mitigation_ob_swept_liquidity_internal;daily_mitigation_ob_swept_liquidity_previous_candle;daily_mitigation_ob_swept_liquidity_swing;daily_ob_target_caused_displacement;daily_ob_target_caused_imbalance;daily_ob_target_flip_zone;daily_ob_target_has_inducement;daily_ob_target_swept_liquidity;daily_ob_target_swept_liquidity_fractal;daily_ob_target_swept_liquidity_fvg;daily_ob_target_swept_liquidity_internal;daily_ob_target_swept_liquidity_previous_candle;daily_ob_target_swept_liquidity_swing;h1_mitigation_ob_swept_liquidity;h1_mitigation_ob_swept_liquidity_fractal;h1_mitigation_ob_swept_liquidity_fvg;h1_mitigation_ob_swept_liquidity_internal;h1_mitigation_ob_swept_liquidity_swing;h1_ob_target_flip_zone;h1_ob_target_swept_liquidity_fractal;h1_ob_target_swept_liquidity_fvg;h1_ob_target_swept_liquidity_internal;h1_ob_target_swept_liquidity_previous_candle;h1_ob_target_swept_liquidity_swing;h4_mitigation_ob_caused_displacement;h4_mitigation_ob_caused_imbalance;h4_mitigation_ob_flip_zone;h4_mitigation_ob_has_inducement;h4_mitigation_ob_swept_liquidity;h4_mitigation_ob_swept_liquidity_fractal;h4_mitigation_ob_swept_liquidity_fvg;h4_mitigation_ob_swept_liquidity_internal;h4_mitigation_ob_swept_liquidity_previous_candle;h4_mitigation_ob_swept_liquidity_swing;h4_mitigation_ob_within_daily_ob;h4_ob_target_flip_zone;h4_ob_target_swept_liquidity;h4_ob_target_swept_liquidity_fractal;h4_ob_target_swept_liquidity_internal;h4_ob_target_swept_liquidity_previous_candle;h4_ob_target_swept_liquidity_swing
2021-05-05,Wednesday,ny,2021-05-05 11:00:00+00:00,2021-05-05 18:00:00+00:00,bearish,1.22732,1.22971,1.2237349999999998,1.22732,0.0023900000000001143,12.754570271214055,breakeven,0.0,be_stop,0.9121338912133752,0.0,be_stop,True,1,7,0 days 07:00:00,7.399999999999629,False,25.0,56.2,1.5,2021-05-05 10:00:00+00:00,True,1.22951,1.22867,1,daily_mitigation_ob_caused_displacement;daily_mitigation_ob_caused_imbalance;daily_mitigation_ob_flip_zone;daily_mitigation_ob_has_inducement;daily_mitigation_ob_swept_liquidity;daily_mitigation_ob_swept_liquidity_fractal;daily_mitigation_ob_swept_liquidity_fvg;daily_mitigation_ob_swept_liquidity_internal;daily_mitigation_ob_swept_liquidity_previous_candle;daily_mitigation_ob_swept_liquidity_swing;daily_ob_target_caused_displacement;daily_ob_target_caused_imbalance;daily_ob_target_flip_zone;daily_ob_target_has_inducement;daily_ob_target_swept_liquidity;daily_ob_target_swept_liquidity_fractal;daily_ob_target_swept_liquidity_fvg;daily_ob_target_swept_liquidity_internal;daily_ob_target_swept_liquidity_previous_candle;daily_ob_target_swept_liquidity_swing;h1_mitigation_ob_flip_zone;h1_mitigation_ob_swept_liquidity;h1_mitigation_ob_swept_liquidity_fractal;h1_mitigation_ob_swept_liquidity_internal;h1_mitigation_ob_swept_liquidity_previous_candle;h1_mitigation_ob_swept_liquidity_swing;h1_ob_target_flip_zone;h1_ob_target_swept_liquidity;h1_ob_target_swept_liquidity_fvg;h1_ob_target_swept_liquidity_internal;h1_ob_target_swept_liquidity_previous_candle;h1_ob_target_swept_liquidity_swing;h4_mitigation_ob_caused_displacement;h4_mitigation_ob_caused_imbalance;h4_mitigation_ob_flip_zone;h4_mitigation_ob_has_inducement;h4_mitigation_ob_swept_liquidity;h4_mitigation_ob_swept_liquidity_fractal;h4_mitigation_ob_swept_liquidity_fvg;h4_mitigation_ob_swept_liquidity_internal;h4_mitigation_ob_swept_liquidity_previous_candle;h4_mitigation_ob_swept_liquidity_swing;h4_mitigation_ob_within_daily_ob;h4_ob_target_caused_displacement;h4_ob_target_caused_imbalance;h4_ob_target_flip_zone;h4_ob_target_has_inducement;h4_ob_target_swept_liquidity;h4_ob_target_swept_liquidity_fractal;h4_ob_target_swept_liquidity_fvg;h4_ob_target_swept_liquidity_internal;h4_ob_target_swept_liquidity_previous_candle;h4_ob_target_swept_liquidity_swing;h4_ob_target_within_daily_ob
2021-05-07,Friday,london,2021-05-07 08:00:00+00:00,2021-05-07 12:00:00+00:00,bearish,1.21766,1.21925,1.215275,1.21925,0.0015899999999999803,35.92927536472516,loss,-1.0,sl,0.26415094339614476,-1.0,sl,False,0,4,0 days 04:00:00,0.700000000000145,True,25.0,56.2,1.5,2021-05-07 08:00:00+00:00,False,1.21905,1.21823,1,daily_mitigation_ob_caused_displacement;daily_mitigation_ob_caused_imbalance;daily_mitigation_ob_flip_zone;daily_mitigation_ob_has_inducement;daily_mitigation_ob_swept_liquidity;daily_mitigation_ob_swept_liquidity_fractal;daily_mitigation_ob_swept_liquidity_fvg;daily_mitigation_ob_swept_liquidity_internal;daily_mitigation_ob_swept_liquidity_previous_candle;daily_mitigation_ob_swept_liquidity_swing;daily_ob_target_caused_displacement;daily_ob_target_caused_imbalance;daily_ob_target_flip_zone;daily_ob_target_has_inducement;daily_ob_target_swept_liquidity;daily_ob_target_swept_liquidity_fractal;daily_ob_target_swept_liquidity_fvg;daily_ob_target_swept_liquidity_internal;daily_ob_target_swept_liquidity_previous_candle;daily_ob_target_swept_liquidity_swing;h1_mitigation_ob_flip_zone;h1_mitigation_ob_swept_liquidity_fractal;h1_mitigation_ob_swept_liquidity_fvg;h1_mitigation_ob_swept_liquidity_internal;h1_mitigation_ob_swept_liquidity_previous_candle;h1_mitigation_ob_swept_liquidity_swing;h1_ob_target_flip_zone;h1_ob_target_swept_liquidity_fractal;h1_ob_target_swept_liquidity_fvg;h1_ob_target_swept_liquidity_internal;h1_ob_target_swept_liquidity_previous_candle;h1_ob_target_swept_liquidity_swing;h4_mitigation_ob_caused_displacement;h4_mitigation_ob_caused_imbalance;h4_mitigation_ob_flip_zone;h4_mitigation_ob_has_inducement;h4_mitigation_ob_swept_liquidity;h4_mitigation_ob_swept_liquidity_fractal;h4_mitigation_ob_swept_liquidity_fvg;h4_mitigation_ob_swept_liquidity_internal;h4_mitigation_ob_swept_liquidity_previous_candle;h4_mitigation_ob_swept_liquidity_swing;h4_mitigation_ob_within_daily_ob;h4_ob_target_flip_zone;h4_ob_target_swept_liquidity_fractal;h4_ob_target_swept_liquidity_fvg;h4_ob_target_swept_liquidity_internal;h4_ob_target_swept_liquidity_previous_candle;h4_ob_target_swept_liquidity_swing
2021-05-10,Monday,london,2021-05-10 08:00:00+00:00,2021-05-10 17:00:00+00:00,bearish,1.21093,1.21289,1.2079900000000001,1.2079900000000001,0.0019599999999999618,25.701806723677677,win,1.5,tp,1.5714285714285876,0.0,be_stop,True,1,9,0 days 09:00:00,1.7999999999984695,True,25.0,56.2,1.5,2021-05-10 08:00:00+00:00,False,1.21269,1.2115,1,daily_mitigation_ob_caused_displacement;daily_mitigation_ob_caused_imbalance;daily_mitigation_ob_flip_zone;daily_mitigation_ob_has_inducement;daily_mitigation_ob_swept_liquidity;daily_mitigation_ob_swept_liquidity_fractal;daily_mitigation_ob_swept_liquidity_fvg;daily_mitigation_ob_swept_liquidity_internal;daily_mitigation_ob_swept_liquidity_previous_candle;daily_mitigation_ob_swept_liquidity_swing;daily_ob_target_caused_displacement;daily_ob_target_caused_imbalance;daily_ob_target_flip_zone;daily_ob_target_has_inducement;daily_ob_target_swept_liquidity;daily_ob_target_swept_liquidity_fractal;daily_ob_target_swept_liquidity_fvg;daily_ob_target_swept_liquidity_internal;daily_ob_target_swept_liquidity_previous_candle;daily_ob_target_swept_liquidity_swing;h1_mitigation_ob_flip_zone;h1_mitigation_ob_swept_liquidity_fractal;h1_mitigation_ob_swept_liquidity_fvg;h1_mitigation_ob_swept_liquidity_internal;h1_mitigation_ob_swept_liquidity_previous_candle;h1_mitigation_ob_swept_liquidity_swing;h1_ob_target_flip_zone;h1_ob_target_swept_liquidity;h1_ob_target_swept_liquidity_fractal;h1_ob_target_swept_liquidity_fvg;h1_ob_target_swept_liquidity_internal;h1_ob_target_swept_liquidity_swing;h4_mitigation_ob_caused_displacement;h4_mitigation_ob_caused_imbalance;h4_mitigation_ob_flip_zone;h4_mitigation_ob_has_inducement;h4_mitigation_ob_swept_liquidity;h4_mitigation_ob_swept_liquidity_fractal;h4_mitigation_ob_swept_liquidity_fvg;h4_mitigation_ob_swept_liquidity_internal;h4_mitigation_ob_swept_liquidity_previous_candle;h4_mitigation_ob_swept_liquidity_swing;h4_mitigation_ob_within_daily_ob;h4_ob_target_flip_zone;h4_ob_target_swept_liquidity_fractal;h4_ob_target_swept_liquidity_fvg;h4_ob_target_swept_liquidity_internal;h4_ob_target_swept_liquidity_previous_candle;h4_ob_target_swept_liquidity_swing
2021-05-13,Thursday,ny,2021-05-13 11:00:00+00:00,2021-05-13 13:00:00+00:00,bullish,1.21365,1.21174,1.2165149999999998,1.21174,0.0019099999999998563,-14.5074794178226,loss,-1.0,sl,0.48691099476448557,-1.0,sl,False,0,2,0 days 02:00:00,0.5999999999994898,False,25.0,56.2,1.5,2021-05-13 10:00:00+00:00,True,1.21289,1.21194,1,daily_mitigation_ob_caused_displacement;daily_mitigation_ob_caused_imbalance;daily_mitigation_ob_flip_zone;daily_mitigation_ob_has_inducement;daily_mitigation_ob_swept_liquidity;daily_mitigation_ob_swept_liquidity_fractal;daily_mitigation_ob_swept_liquidity_fvg;daily_mitigation_ob_swept_liquidity_internal;daily_mitigation_ob_swept_liquidity_previous_candle;daily_mitigation_ob_swept_liquidity_swing;daily_ob_target_caused_displacement;daily_ob_target_caused_imbalance;daily_ob_target_flip_zone;daily_ob_target_has_inducement;daily_ob_target_swept_liquidity;daily_ob_target_swept_liquidity_fractal;daily_ob_target_swept_liquidity_fvg;daily_ob_target_swept_liquidity_internal;daily_ob_target_swept_liquidity_previous_candle;daily_ob_target_swept_liquidity_swing;h1_mitigation_ob_flip_zone;h1_mitigation_ob_swept_liquidity;h1_mitigation_ob_swept_liquidity_fractal;h1_mitigation_ob_swept_liquidity_internal;h1_mitigation_ob_swept_liquidity_previous_candle;h1_mitigation_ob_swept_liquidity_swing;h1_ob_target_flip_zone;h1_ob_target_swept_liquidity;h1_ob_target_swept_liquidity_internal;h1_ob_target_swept_liquidity_swing;h4_mitigation_ob_caused_displacement;h4_mitigation_ob_caused_imbalance;h4_mitigation_ob_flip_zone;h4_mitigation_ob_has_inducement;h4_mitigation_ob_swept_liquidity;h4_mitigation_ob_swept_liquidity_fractal;h4_mitigation_ob_swept_liquidity_fvg;h4_mitigation_ob_swept_liquidity_internal;h4_mitigation_ob_swept_liquidity_previous_candle;h4_mitigation_ob_swept_liquidity_swing;h4_mitigation_ob_within_daily_ob;h4_ob_target_flip_zone;h4_ob_target_swept_liquidity;h4_ob_target_swept_liquidity_fractal;h4_ob_target_swept_liquidity_fvg;h4_ob_target_swept_liquidity_internal;h4_ob_target_swept_liquidity_swing
2021-05-13,Thursday,ny,2021-05-13 13:00:00+00:00,2021-05-13 14:00:00+00:00,bullish,1.21214,1.2112100000000001,1.2135349999999998,1.2135349999999998,0.0009299999999998754,-15.121303919694798,win,1.5,tp,8.720430107528117,0.0,be_stop,True,1,1,0 days 01:00:00,1.80000000000069,False,25.0,56.2,1.5,2021-05-13 13:00:00+00:00,False,1.21223,1.21141,1,daily_mitigation_ob_caused_displacement;daily_mitigation_ob_caused_imbalance;daily_mitigation_ob_flip_zone;daily_mitigation_ob_has_inducement;daily_mitigation_ob_swept_liquidity;daily_mitigation_ob_swept_liquidity_fractal;daily_mitigation_ob_swept_liquidity_fvg;daily_mitigation_ob_swept_liquidity_internal;daily_mitigation_ob_swept_liquidity_previous_candle;daily_mitigation_ob_swept_liquidity_swing;daily_ob_target_caused_displacement;daily_ob_target_caused_imbalance;daily_ob_target_flip_zone;daily_ob_target_has_inducement;daily_ob_target_swept_liquidity;daily_ob_target_swept_liquidity_fractal;daily_ob_target_swept_liquidity_fvg;daily_ob_target_swept_liquidity_internal;daily_ob_target_swept_liquidity_previous_candle;daily_ob_target_swept_liquidity_swing;h1_mitigation_ob_flip_zone;h1_mitigation_ob_swept_liquidity_fractal;h1_mitigation_ob_swept_liquidity_fvg;h1_mitigation_ob_swept_liquidity_internal;h1_mitigation_ob_swept_liquidity_previous_candle;h1_mitigation_ob_swept_liquidity_swing;h1_ob_target_flip_zone;h1_ob_target_swept_liquidity;h1_ob_target_swept_liquidity_internal;h1_ob_target_swept_liquidity_swing;h4_mitigation_ob_caused_displacement;h4_mitigation_ob_caused_imbalance;h4_mitigation_ob_flip_zone;h4_mitigation_ob_has_inducement;h4_mitigation_ob_swept_liquidity;h4_mitigation_ob_swept_liquidity_fractal;h4_mitigation_ob_swept_liquidity_fvg;h4_mitigation_ob_swept_liquidity_internal;h4_mitigation_ob_swept_liquidity_previous_candle;h4_mitigation_ob_swept_liquidity_swing;h4_mitigation_ob_within_daily_ob;h4_ob_target_flip_zone;h4_ob_target_swept_liquidity;h4_ob_target_swept_liquidity_fractal;h4_ob_target_swept_liquidity_fvg;h4_ob_target_swept_liquidity_internal;h4_ob_target_swept_liquidity_swing
2021-05-14,Friday,london,2021-05-14 08:00:00+00:00,2021-05-14 11:00:00+00:00,bullish,1.21374,1.21222,1.2160199999999999,1.21222,0.0015199999999999658,-21.33702501520508,loss,-1.0,sl,0.2434210526315722,-1.0,sl,False,0,3,0 days 03:00:00,2.60000000000149,False,25.0,56.2,1.5,2021-05-14 08:00:00+00:00,False,1.21409,1.21242,1,daily_mitigation_ob_caused_displacement;daily_mitigation_ob_caused_imbalance;daily_mitigation_ob_flip_zone;daily_mitigation_ob_has_inducement;daily_mitigation_ob_swept_liquidity;daily_mitigation_ob_swept_liquidity_fractal;daily_mitigation_ob_swept_liquidity_fvg;daily_mitigation_ob_swept_liquidity_internal;daily_mitigation_ob_swept_liquidity_previous_candle;daily_mitigation_ob_swept_liquidity_swing;daily_ob_target_caused_displacement;daily_ob_target_caused_imbalance;daily_ob_target_flip_zone;daily_ob_target_has_inducement;daily_ob_target_swept_liquidity;daily_ob_target_swept_liquidity_fractal;daily_ob_target_swept_liquidity_fvg;daily_ob_target_swept_liquidity_internal;daily_ob_target_swept_liquidity_previous_candle;daily_ob_target_swept_liquidity_swing;h1_mitigation_ob_flip_zone;h1_mitigation_ob_swept_liquidity_fractal;h1_mitigation_ob_swept_liquidity_fvg;h1_mitigation_ob_swept_liquidity_internal;h1_mitigation_ob_swept_liquidity_previous_candle;h1_mitigation_ob_swept_liquidity_swing;h1_ob_target_flip_zone;h1_ob_target_swept_liquidity_fractal;h1_ob_target_swept_liquidity_fvg;h1_ob_target_swept_liquidity_internal;h1_ob_target_swept_liquidity_previous_candle;h1_ob_target_swept_liquidity_swing;h4_mitigation_ob_caused_displacement;h4_mitigation_ob_caused_imbalance;h4_mitigation_ob_flip_zone;h4_mitigation_ob_has_inducement;h4_mitigation_ob_swept_liquidity;h4_mitigation_ob_swept_liquidity_fractal;h4_mitigation_ob_swept_liquidity_fvg;h4_mitigation_ob_swept_liquidity_internal;h4_mitigation_ob_swept_liquidity_previous_candle;h4_mitigation_ob_swept_liquidity_swing;h4_mitigation_ob_within_daily_ob;h4_ob_target_caused_displacement;h4_ob_target_caused_imbalance;h4_ob_target_flip_zone;h4_ob_target_has_inducement;h4_ob_target_swept_liquidity;h4_ob_target_swept_liquidity_fractal;h4_ob_target_swept_liquidity_fvg;h4_ob_target_swept_liquidity_internal;h4_ob_target_swept_liquidity_previous_candle;h4_ob_target_swept_liquidity_swing;h4_ob_target_within_daily_ob
2021-05-17,Monday,london,2021-05-17 06:00:00+00:00,2021-05-17 07:00:00+00:00,bullish,1.21076,1.21035,1.211375,1.211375,0.00041000000000002146,-24.846791158187827,win,1.5,tp,5.951219512194805,-1.0,sl,False,0,1,0 days 01:00:00,17.199999999999438,False,25.0,56.2,1.5,2021-05-17 06:00:00+00:00,False,1.21169,1.21055,1,daily_mitigation_ob_caused_displacement;daily_mitigation_ob_caused_imbalance;daily_mitigation_ob_flip_zone;daily_mitigation_ob_has_inducement;daily_mitigation_ob_swept_liquidity;daily_mitigation_ob_swept_liquidity_fractal;daily_mitigation_ob_swept_liquidity_fvg;daily_mitigation_ob_swept_liquidity_internal;daily_mitigation_ob_swept_liquidity_previous_candle;daily_mitigation_ob_swept_liquidity_swing;daily_ob_target_caused_displacement;daily_ob_target_caused_imbalance;daily_ob_target_flip_zone;daily_ob_target_has_inducement;daily_ob_target_swept_liquidity;daily_ob_target_swept_liquidity_fractal;daily_ob_target_swept_liquidity_fvg;daily_ob_target_swept_liquidity_internal;daily_ob_target_swept_liquidity_previous_candle;daily_ob_target_swept_liquidity_swing;h1_mitigation_ob_flip_zone;h1_mitigation_ob_swept_liquidity;h1_mitigation_ob_swept_liquidity_fractal;h1_mitigation_ob_swept_liquidity_internal;h1_mitigation_ob_swept_liquidity_swing;h1_ob_target_caused_displacement;h1_ob_target_caused_imbalance;h1_ob_target_flip_zone;h1_ob_target_has_inducement;h1_ob_target_swept_liquidity;h1_ob_target_swept_liquidity_fractal;h1_ob_target_swept_liquidity_fvg;h1_ob_target_swept_liquidity_internal;h1_ob_target_swept_liquidity_previous_candle;h1_ob_target_swept_liquidity_swing;h1_ob_target_within_h4_ob;h4_mitigation_ob_caused_displacement;h4_mitigation_ob_caused_imbalance;h4_mitigation_ob_flip_zone;h4_mitigation_ob_has_inducement;h4_mitigation_ob_swept_liquidity;h4_mitigation_ob_swept_liquidity_fractal;h4_mitigation_ob_swept_liquidity_fvg;h4_mitigation_ob_swept_liquidity_internal;h4_mitigation_ob_swept_liquidity_previous_candle;h4_mitigation_ob_swept_liquidity_swing;h4_mitigation_ob_within_daily_ob;h4_ob_target_caused_displacement;h4_ob_target_caused_imbalance;h4_ob_target_flip_zone;h4_ob_target_has_inducement;h4_ob_target_swept_liquidity;h4_ob_target_swept_liquidity_fractal;h4_ob_target_swept_liquidity_fvg;h4_ob_target_swept_liquidity_internal;h4_ob_target_swept_liquidity_previous_candle;h4_ob_target_swept_liquidity_swing;h4_ob_target_within_daily_ob
2021-05-18,Tuesday,ny,2021-05-18 11:00:00+00:00,2021-05-18 13:00:00+00:00,bearish,1.20354,1.20472,1.2017700000000002,1.20472,0.0011799999999999589,31.985356907960057,loss,-1.0,sl,1.3474576271186745,-1.0,sl,False,0,2,0 days 02:00:00,4.999999999999449,True,25.0,56.2,1.5,2021-05-18 10:00:00+00:00,True,1.20452,1.20371,1,daily_mitigation_ob_caused_displacement;daily_mitigation_ob_caused_imbalance;daily_mitigation_ob_flip_zone;daily_mitigation_ob_has_inducement;daily_mitigation_ob_swept_liquidity;daily_mitigation_ob_swept_liquidity_fractal;daily_mitigation_ob_swept_liquidity_fvg;daily_mitigation_ob_swept_liquidity_internal;daily_mitigation_ob_swept_liquidity_previous_candle;daily_mitigation_ob_swept_liquidity_swing;daily_ob_target_caused_displacement;daily_ob_target_caused_imbalance;daily_ob_target_flip_zone;daily_ob_target_has_inducement;daily_ob_target_swept_liquidity;daily_ob_target_swept_liquidity_fractal;daily_ob_target_swept_liquidity_fvg;daily_ob_target_swept_liquidity_internal;daily_ob_target_swept_liquidity_previous_candle;daily_ob_target_swept_liquidity_swing;h1_mitigation_ob_flip_zone;h1_mitigation_ob_swept_liquidity_fractal;h1_mitigation_ob_swept_liquidity_fvg;h1_mitigation_ob_swept_liquidity_internal;h1_mitigation_ob_swept_liquidity_previous_candle;h1_mitigation_ob_swept_liquidity_swing;h1_ob_target_caused_displacement;h1_ob_target_caused_imbalance;h1_ob_target_flip_zone;h1_ob_target_has_inducement;h1_ob_target_swept_liquidity;h1_ob_target_swept_liquidity_fractal;h1_ob_target_swept_liquidity_fvg;h1_ob_target_swept_liquidity_internal;h1_ob_target_swept_liquidity_previous_candle;h1_ob_target_swept_liquidity_swing;h1_ob_target_within_h4_ob;h4_mitigation_ob_caused_displacement;h4_mitigation_ob_caused_imbalance;h4_mitigation_ob_flip_zone;h4_mitigation_ob_has_inducement;h4_mitigation_ob_swept_liquidity;h4_mitigation_ob_swept_liquidity_fractal;h4_mitigation_ob_swept_liquidity_fvg;h4_mitigation_ob_swept_liquidity_internal;h4_mitigation_ob_swept_liquidity_previous_candle;h4_mitigation_ob_swept_liquidity_swing;h4_mitigation_ob_within_daily_ob;h4_ob_target_flip_zone;h4_ob_target_swept_liquidity_fractal;h4_ob_target_swept_liquidity_fvg;h4_ob_target_swept_liquidity_internal;h4_ob_target_swept_liquidity_previous_candle;h4_ob_target_swept_liquidity_swing
2021-05-26,Wednesday,ny,2021-05-26 13:00:00+00:00,2021-05-26 18:00:00+00:00,bearish,1.21087,1.21349,1.20694,1.21136,0.0026200000000000667,8.299158378658788,loss,-0.18702290076339273,cut_19h,0.9541984732823982,-0.18702290076339273,cut_19h,False,1,5,0 days 05:00:00,0.0,False,25.0,56.2,1.5,2021-05-26 13:00:00+00:00,False,1.21329,1.21136,1,daily_mitigation_ob_caused_displacement;daily_mitigation_ob_caused_imbalance;daily_mitigation_ob_flip_zone;daily_mitigation_ob_has_inducement;daily_mitigation_ob_swept_liquidity;daily_mitigation_ob_swept_liquidity_fractal;daily_mitigation_ob_swept_liquidity_fvg;daily_mitigation_ob_swept_liquidity_internal;daily_mitigation_ob_swept_liquidity_previous_candle;daily_mitigation_ob_swept_liquidity_swing;daily_ob_target_caused_displacement;daily_ob_target_caused_imbalance;daily_ob_target_flip_zone;daily_ob_target_has_inducement;daily_ob_target_swept_liquidity;daily_ob_target_swept_liquidity_fractal;daily_ob_target_swept_liquidity_fvg;daily_ob_target_swept_liquidity_internal;daily_ob_target_swept_liquidity_previous_candle;daily_ob_target_swept_liquidity_swing;h1_mitigation_ob_flip_zone;h1_mitigation_ob_swept_liquidity_fractal;h1_mitigation_ob_swept_liquidity_fvg;h1_mitigation_ob_swept_liquidity_internal;h1_mitigation_ob_swept_liquidity_previous_candle;h1_mitigation_ob_swept_liquidity_swing;h1_ob_target_flip_zone;h1_ob_target_swept_liquidity_fractal;h1_ob_target_swept_liquidity_fvg;h1_ob_target_swept_liquidity_internal;h1_ob_target_swept_liquidity_previous_candle;h1_ob_target_swept_liquidity_swing;h4_mitigation_ob_flip_zone;h4_mitigation_ob_swept_liquidity_fractal;h4_mitigation_ob_swept_liquidity_fvg;h4_mitigation_ob_swept_liquidity_internal;h4_mitigation_ob_swept_liquidity_previous_candle;h4_mitigation_ob_swept_liquidity_swing;h4_ob_target_flip_zone;h4_ob_target_swept_liquidity_fractal;h4_ob_target_swept_liquidity_fvg;h4_ob_target_swept_liquidity_internal;h4_ob_target_swept_liquidity_previous_candle;h4_ob_target_swept_liquidity_swing
2021-05-27,Thursday,london,2021-05-27 07:00:00+00:00,2021-05-27 12:00:00+00:00,bullish,1.21041,1.20817,1.21377,1.20817,0.0022400000000000198,-3.4625808341141853,loss,-1.0,sl,0.6696428571428766,-1.0,sl,False,0,5,0 days 05:00:00,2.80000000000058,False,25.0,56.2,1.5,2021-05-27 07:00:00+00:00,False,1.21145,1.20837,1,daily_mitigation_ob_caused_displacement;daily_mitigation_ob_caused_imbalance;daily_mitigation_ob_flip_zone;daily_mitigation_ob_has_inducement;daily_mitigation_ob_swept_liquidity;daily_mitigation_ob_swept_liquidity_fractal;daily_mitigation_ob_swept_liquidity_fvg;daily_mitigation_ob_swept_liquidity_internal;daily_mitigation_ob_swept_liquidity_previous_candle;daily_mitigation_ob_swept_liquidity_swing;daily_ob_target_caused_displacement;daily_ob_target_caused_imbalance;daily_ob_target_flip_zone;daily_ob_target_has_inducement;daily_ob_target_swept_liquidity;daily_ob_target_swept_liquidity_fractal;daily_ob_target_swept_liquidity_fvg;daily_ob_target_swept_liquidity_internal;daily_ob_target_swept_liquidity_previous_candle;daily_ob_target_swept_liquidity_swing;h1_mitigation_ob_flip_zone;h1_mitigation_ob_swept_liquidity;h1_mitigation_ob_swept_liquidity_fractal;h1_mitigation_ob_swept_liquidity_internal;h1_mitigation_ob_swept_liquidity_swing;h1_ob_target_flip_zone;h1_ob_target_swept_liquidity_fractal;h1_ob_target_swept_liquidity_fvg;h1_ob_target_swept_liquidity_internal;h1_ob_target_swept_liquidity_previous_candle;h1_ob_target_swept_liquidity_swing;h4_mitigation_ob_caused_displacement;h4_mitigation_ob_caused_imbalance;h4_mitigation_ob_flip_zone;h4_mitigation_ob_has_inducement;h4_mitigation_ob_swept_liquidity;h4_mitigation_ob_swept_liquidity_fractal;h4_mitigation_ob_swept_liquidity_fvg;h4_mitigation_ob_swept_liquidity_internal;h4_mitigation_ob_swept_liquidity_previous_candle;h4_mitigation_ob_swept_liquidity_swing;h4_mitigation_ob_within_daily_ob;h4_ob_target_flip_zone;h4_ob_target_swept_liquidity_fractal;h4_ob_target_swept_liquidity_fvg;h4_ob_target_swept_liquidity_internal;h4_ob_target_swept_liquidity_previous_candle;h4_ob_target_swept_liquidity_swing
2021-05-28,Friday,london,2021-05-28 08:00:00+00:00,2021-05-28 09:00:00+00:00,bullish,1.20815,1.20725,1.2095000000000002,1.2095000000000002,0.0009000000000001229,3.565630265374294,win,1.5,tp,4.244444444443792,-1.0,sl,False,0,1,0 days 01:00:00,9.899999999998244,False,25.0,56.2,1.5,2021-05-28 08:00:00+00:00,False,1.20797,1.20745,1,daily_mitigation_ob_caused_displacement;daily_mitigation_ob_caused_imbalance;daily_mitigation_ob_flip_zone;daily_mitigation_ob_has_inducement;daily_mitigation_ob_swept_liquidity;daily_mitigation_ob_swept_liquidity_fractal;daily_mitigation_ob_swept_liquidity_fvg;daily_mitigation_ob_swept_liquidity_internal;daily_mitigation_ob_swept_liquidity_previous_candle;daily_mitigation_ob_swept_liquidity_swing;daily_ob_target_caused_displacement;daily_ob_target_caused_imbalance;daily_ob_target_flip_zone;daily_ob_target_has_inducement;daily_ob_target_swept_liquidity;daily_ob_target_swept_liquidity_fractal;daily_ob_target_swept_liquidity_fvg;daily_ob_target_swept_liquidity_internal;daily_ob_target_swept_liquidity_previous_candle;daily_ob_target_swept_liquidity_swing;h1_mitigation_ob_flip_zone;h1_mitigation_ob_swept_liquidity;h1_mitigation_ob_swept_liquidity_fractal;h1_mitigation_ob_swept_liquidity_internal;h1_mitigation_ob_swept_liquidity_swing;h1_ob_target_flip_zone;h1_ob_target_swept_liquidity;h1_ob_target_swept_liquidity_fractal;h1_ob_target_swept_liquidity_fvg;h1_ob_target_swept_liquidity_internal;h1_ob_target_swept_liquidity_swing;h4_mitigation_ob_caused_displacement;h4_mitigation_ob_caused_imbalance;h4_mitigation_ob_flip_zone;h4_mitigation_ob_has_inducement;h4_mitigation_ob_swept_liquidity;h4_mitigation_ob_swept_liquidity_fractal;h4_mitigation_ob_swept_liquidity_fvg;h4_mitigation_ob_swept_liquidity_internal;h4_mitigation_ob_swept_liquidity_previous_candle;h4_mitigation_ob_swept_liquidity_swing;h4_mitigation_ob_within_daily_ob;h4_ob_target_caused_displacement;h4_ob_target_caused_imbalance;h4_ob_target_flip_zone;h4_ob_target_has_inducement;h4_ob_target_swept_liquidity;h4_ob_target_swept_liquidity_fractal;h4_ob_target_swept_liquidity_fvg;h4_ob_target_swept_liquidity_internal;h4_ob_target_swept_liquidity_previous_candle;h4_ob_target_swept_liquidity_swing;h4_ob_target_within_daily_ob
2021-05-31,Monday,ny,2021-05-31 12:00:00+00:00,2021-05-31 13:00:00+00:00,bearish,1.20738,1.20826,1.20606,1.20826,0.0008799999999999919,27.046539972915546,loss,-1.0,sl,0.05681818181804992,-1.0,sl,False,0,1,0 days 01:00:00,7.600000000000939,True,25.0,56.2,1.5,2021-05-31 12:00:00+00:00,False,1.20806,1.20726,1,daily_mitigation_ob_caused_displacement;daily_mitigation_ob_caused_imbalance;daily_mitigation_ob_flip_zone;daily_mitigation_ob_has_inducement;daily_mitigation_ob_swept_liquidity;daily_mitigation_ob_swept_liquidity_fractal;daily_mitigation_ob_swept_liquidity_fvg;daily_mitigation_ob_swept_liquidity_internal;daily_mitigation_ob_swept_liquidity_previous_candle;daily_mitigation_ob_swept_liquidity_swing;daily_ob_target_caused_displacement;daily_ob_target_caused_imbalance;daily_ob_target_flip_zone;daily_ob_target_has_inducement;daily_ob_target_swept_liquidity;daily_ob_target_swept_liquidity_fractal;daily_ob_target_swept_liquidity_fvg;daily_ob_target_swept_liquidity_internal;daily_ob_target_swept_liquidity_previous_candle;daily_ob_target_swept_liquidity_swing;h1_mitigation_ob_flip_zone;h1_mitigation_ob_swept_liquidity;h1_mitigation_ob_swept_liquidity_fractal;h1_mitigation_ob_swept_liquidity_fvg;h1_mitigation_ob_swept_liquidity_internal;h1_mitigation_ob_swept_liquidity_swing;h1_ob_target_flip_zone;h1_ob_target_swept_liquidity;h1_ob_target_swept_liquidity_fvg;h1_ob_target_swept_liquidity_internal;h1_ob_target_swept_liquidity_previous_candle;h1_ob_target_swept_liquidity_swing;h4_mitigation_ob_caused_displacement;h4_mitigation_ob_caused_imbalance;h4_mitigation_ob_flip_zone;h4_mitigation_ob_has_inducement;h4_mitigation_ob_swept_liquidity;h4_mitigation_ob_swept_liquidity_fractal;h4_mitigation_ob_swept_liquidity_fvg;h4_mitigation_ob_swept_liquidity_internal;h4_mitigation_ob_swept_liquidity_previous_candle;h4_mitigation_ob_swept_liquidity_swing;h4_mitigation_ob_within_daily_ob;h4_ob_target_caused_displacement;h4_ob_target_caused_imbalance;h4_ob_target_flip_zone;h4_ob_target_has_inducement;h4_ob_target_swept_liquidity;h4_ob_target_swept_liquidity_fractal;h4_ob_target_swept_liquidity_fvg;h4_ob_target_swept_liquidity_internal;h4_ob_target_swept_liquidity_previous_candle;h4_ob_target_swept_liquidity_swing;h4_ob_target_within_daily_ob
2021-06-02,Wednesday,london,2021-06-02 08:00:00+00:00,2021-06-02 12:00:00+00:00,bullish,1.208,1.20634,1.21049,1.20634,0.0016599999999999948,0.12300712861782787,loss,-1.0,sl,0.6867469879518943,-1.0,sl,False,0,4,0 days 04:00:00,2.80000000000058,False,25.0,56.2,1.5,2021-06-02 08:00:00+00:00,False,1.20729,1.20654,1,daily_mitigation_ob_caused_displacement;daily_mitigation_ob_caused_imbalance;daily_mitigation_ob_flip_zone;daily_mitigation_ob_has_inducement;daily_mitigation_ob_swept_liquidity;daily_mitigation_ob_swept_liquidity_fractal;daily_mitigation_ob_swept_liquidity_fvg;daily_mitigation_ob_swept_liquidity_internal;daily_mitigation_ob_swept_liquidity_previous_candle;daily_mitigation_ob_swept_liquidity_swing;daily_ob_target_caused_displacement;daily_ob_target_caused_imbalance;daily_ob_target_flip_zone;daily_ob_target_has_inducement;daily_ob_target_swept_liquidity;daily_ob_target_swept_liquidity_fractal;daily_ob_target_swept_liquidity_fvg;daily_ob_target_swept_liquidity_internal;daily_ob_target_swept_liquidity_previous_candle;daily_ob_target_swept_liquidity_swing;h1_mitigation_ob_flip_zone;h1_mitigation_ob_swept_liquidity_fractal;h1_mitigation_ob_swept_liquidity_fvg;h1_mitigation_ob_swept_liquidity_internal;h1_mitigation_ob_swept_liquidity_previous_candle;h1_mitigation_ob_swept_liquidity_swing;h1_ob_target_flip_zone;h1_ob_target_swept_liquidity;h1_ob_target_swept_liquidity_internal;h1_ob_target_swept_liquidity_swing;h4_mitigation_ob_caused_displacement;h4_mitigation_ob_caused_imbalance;h4_mitigation_ob_flip_zone;h4_mitigation_ob_has_inducement;h4_mitigation_ob_swept_liquidity;h4_mitigation_ob_swept_liquidity_fractal;h4_mitigation_ob_swept_liquidity_fvg;h4_mitigation_ob_swept_liquidity_internal;h4_mitigation_ob_swept_liquidity_previous_candle;h4_mitigation_ob_swept_liquidity_swing;h4_mitigation_ob_within_daily_ob;h4_ob_target_flip_zone;h4_ob_target_swept_liquidity_fractal;h4_ob_target_swept_liquidity_fvg;h4_ob_target_swept_liquidity_internal;h4_ob_target_swept_liquidity_previous_candle;h4_ob_target_swept_liquidity_swing
2021-06-04,Friday,london,2021-06-04 07:00:00+00:00,2021-06-04 12:00:00+00:00,bullish,1.21212,1.2102,1.2150000000000003,1.2102,0.0019200000000001438,-1.7106419041779257,loss,-1.0,sl,0.6041666666665317,-1.0,sl,False,0,5,0 days 05:00:00,17.599999999999838,False,25.0,56.2,1.5,2021-06-04 07:00:00+00:00,False,1.21097,1.2104,1,daily_mitigation_ob_caused_displacement;daily_mitigation_ob_caused_imbalance;daily_mitigation_ob_flip_zone;daily_mitigation_ob_has_inducement;daily_mitigation_ob_swept_liquidity;daily_mitigation_ob_swept_liquidity_fractal;daily_mitigation_ob_swept_liquidity_fvg;daily_mitigation_ob_swept_liquidity_internal;daily_mitigation_ob_swept_liquidity_previous_candle;daily_mitigation_ob_swept_liquidity_swing;daily_ob_target_caused_displacement;daily_ob_target_caused_imbalance;daily_ob_target_flip_zone;daily_ob_target_has_inducement;daily_ob_target_swept_liquidity;daily_ob_target_swept_liquidity_fractal;daily_ob_target_swept_liquidity_fvg;daily_ob_target_swept_liquidity_internal;daily_ob_target_swept_liquidity_previous_candle;daily_ob_target_swept_liquidity_swing;h1_mitigation_ob_flip_zone;h1_mitigation_ob_swept_liquidity;h1_mitigation_ob_swept_liquidity_fractal;h1_mitigation_ob_swept_liquidity_fvg;h1_mitigation_ob_swept_liquidity_internal;h1_mitigation_ob_swept_liquidity_swing;h1_ob_target_flip_zone;h1_ob_target_swept_liquidity;h1_ob_target_swept_liquidity_fractal;h1_ob_target_swept_liquidity_fvg;h1_ob_target_swept_liquidity_internal;h1_ob_target_swept_liquidity_swing;h4_mitigation_ob_caused_displacement;h4_mitigation_ob_caused_imbalance;h4_mitigation_ob_flip_zone;h4_mitigation_ob_has_inducement;h4_mitigation_ob_swept_liquidity;h4_mitigation_ob_swept_liquidity_fractal;h4_mitigation_ob_swept_liquidity_fvg;h4_mitigation_ob_swept_liquidity_internal;h4_mitigation_ob_swept_liquidity_previous_candle;h4_mitigation_ob_swept_liquidity_swing;h4_mitigation_ob_within_daily_ob;h4_ob_target_flip_zone;h4_ob_target_swept_liquidity_fractal;h4_ob_target_swept_liquidity_fvg;h4_ob_target_swept_liquidity_internal;h4_ob_target_swept_liquidity_previous_candle;h4_ob_target_swept_liquidity_swing
2021-06-04,Friday,ny,2021-06-04 11:00:00+00:00,2021-06-04 12:00:00+00:00,bullish,1.21209,1.2107700000000001,1.2140699999999995,1.2107700000000001,0.0013199999999997658,-11.435281592279905,loss,-1.0,sl,0.7500000000001682,-1.0,sl,False,0,1,0 days 01:00:00,23.300000000001653,False,25.0,56.2,1.5,2021-06-04 11:00:00+00:00,False,1.21231,1.21097,1,daily_mitigation_ob_caused_displacement;daily_mitigation_ob_caused_imbalance;daily_mitigation_ob_flip_zone;daily_mitigation_ob_has_inducement;daily_mitigation_ob_swept_liquidity;daily_mitigation_ob_swept_liquidity_fractal;daily_mitigation_ob_swept_liquidity_fvg;daily_mitigation_ob_swept_liquidity_internal;daily_mitigation_ob_swept_liquidity_previous_candle;daily_mitigation_ob_swept_liquidity_swing;daily_ob_target_caused_displacement;daily_ob_target_caused_imbalance;daily_ob_target_flip_zone;daily_ob_target_has_inducement;daily_ob_target_swept_liquidity;daily_ob_target_swept_liquidity_fractal;daily_ob_target_swept_liquidity_fvg;daily_ob_target_swept_liquidity_internal;daily_ob_target_swept_liquidity_previous_candle;daily_ob_target_swept_liquidity_swing;h1_mitigation_ob_flip_zone;h1_mitigation_ob_swept_liquidity;h1_mitigation_ob_swept_liquidity_fractal;h1_mitigation_ob_swept_liquidity_internal;h1_mitigation_ob_swept_liquidity_previous_candle;h1_mitigation_ob_swept_liquidity_swing;h1_ob_target_flip_zone;h1_ob_target_swept_liquidity_fractal;h1_ob_target_swept_liquidity_fvg;h1_ob_target_swept_liquidity_internal;h1_ob_target_swept_liquidity_previous_candle;h1_ob_target_swept_liquidity_swing;h4_mitigation_ob_flip_zone;h4_mitigation_ob_swept_liquidity_fractal;h4_mitigation_ob_swept_liquidity_fvg;h4_mitigation_ob_swept_liquidity_internal;h4_mitigation_ob_swept_liquidity_previous_candle;h4_mitigation_ob_swept_liquidity_swing;h4_ob_target_flip_zone;h4_ob_target_swept_liquidity_fractal;h4_ob_target_swept_liquidity_fvg;h4_ob_target_swept_liquidity_internal;h4_ob_target_swept_liquidity_previous_candle;h4_ob_target_swept_liquidity_swing
2021-06-07,Monday,ny,2021-06-07 13:00:00+00:00,2021-06-07 19:00:00+00:00,bearish,1.20761,1.21042,1.203395,1.20761,0.002809999999999979,39.71565708367081,breakeven,0.0,be_stop,0.690391459074757,0.0,be_stop,True,1,6,0 days 06:00:00,6.699999999999484,True,25.0,56.2,1.5,2021-06-07 13:00:00+00:00,False,1.21022,1.20919,1,daily_mitigation_ob_caused_displacement;daily_mitigation_ob_caused_imbalance;daily_mitigation_ob_flip_zone;daily_mitigation_ob_has_inducement;daily_mitigation_ob_swept_liquidity;daily_mitigation_ob_swept_liquidity_fractal;daily_mitigation_ob_swept_liquidity_fvg;daily_mitigation_ob_swept_liquidity_internal;daily_mitigation_ob_swept_liquidity_previous_candle;daily_mitigation_ob_swept_liquidity_swing;daily_ob_target_caused_displacement;daily_ob_target_caused_imbalance;daily_ob_target_flip_zone;daily_ob_target_has_inducement;daily_ob_target_swept_liquidity;daily_ob_target_swept_liquidity_fractal;daily_ob_target_swept_liquidity_fvg;daily_ob_target_swept_liquidity_internal;daily_ob_target_swept_liquidity_previous_candle;daily_ob_target_swept_liquidity_swing;h1_mitigation_ob_flip_zone;h1_mitigation_ob_swept_liquidity;h1_mitigation_ob_swept_liquidity_fractal;h1_mitigation_ob_swept_liquidity_internal;h1_mitigation_ob_swept_liquidity_swing;h1_ob_target_flip_zone;h1_ob_target_swept_liquidity_fractal;h1_ob_target_swept_liquidity_fvg;h1_ob_target_swept_liquidity_internal;h1_ob_target_swept_liquidity_previous_candle;h1_ob_target_swept_liquidity_swing;h4_mitigation_ob_flip_zone;h4_mitigation_ob_swept_liquidity;h4_mitigation_ob_swept_liquidity_fractal;h4_mitigation_ob_swept_liquidity_internal;h4_mitigation_ob_swept_liquidity_previous_candle;h4_mitigation_ob_swept_liquidity_swing;h4_ob_target_flip_zone;h4_ob_target_swept_liquidity;h4_ob_target_swept_liquidity_fractal;h4_ob_target_swept_liquidity_fvg;h4_ob_target_swept_liquidity_internal;h4_ob_target_swept_liquidity_swing
2021-06-09,Wednesday,ny,2021-06-09 12:00:00+00:00,2021-06-09 13:00:00+00:00,bullish,1.2082,1.20698,1.21003,1.20698,0.0012199999999999989,-1.7306093997921286,loss,-1.0,sl,0.008196721311529116,-1.0,sl,False,0,1,0 days 01:00:00,11.499999999999844,False,25.0,56.2,1.5,2021-06-09 12:00:00+00:00,False,1.20791,1.20718,1,daily_mitigation_ob_caused_displacement;daily_mitigation_ob_caused_imbalance;daily_mitigation_ob_flip_zone;daily_mitigation_ob_has_inducement;daily_mitigation_ob_swept_liquidity;daily_mitigation_ob_swept_liquidity_fractal;daily_mitigation_ob_swept_liquidity_fvg;daily_mitigation_ob_swept_liquidity_internal;daily_mitigation_ob_swept_liquidity_previous_candle;daily_mitigation_ob_swept_liquidity_swing;daily_ob_target_caused_displacement;daily_ob_target_caused_imbalance;daily_ob_target_flip_zone;daily_ob_target_has_inducement;daily_ob_target_swept_liquidity;daily_ob_target_swept_liquidity_fractal;daily_ob_target_swept_liquidity_fvg;daily_ob_target_swept_liquidity_internal;daily_ob_target_swept_liquidity_previous_candle;daily_ob_target_swept_liquidity_swing;h1_mitigation_ob_flip_zone;h1_mitigation_ob_swept_liquidity;h1_mitigation_ob_swept_liquidity_fractal;h1_mitigation_ob_swept_liquidity_fvg;h1_mitigation_ob_swept_liquidity_internal;h1_mitigation_ob_swept_liquidity_swing;h1_ob_target_flip_zone;h1_ob_target_swept_liquidity_fractal;h1_ob_target_swept_liquidity_fvg;h1_ob_target_swept_liquidity_internal;h1_ob_target_swept_liquidity_previous_candle;h1_ob_target_swept_liquidity_swing;h4_mitigation_ob_caused_displacement;h4_mitigation_ob_caused_imbalance;h4_mitigation_ob_flip_zone;h4_mitigation_ob_has_inducement;h4_mitigation_ob_swept_liquidity;h4_mitigation_ob_swept_liquidity_fractal;h4_mitigation_ob_swept_liquidity_fvg;h4_mitigation_ob_swept_liquidity_internal;h4_mitigation_ob_swept_liquidity_previous_candle;h4_mitigation_ob_swept_liquidity_swing;h4_mitigation_ob_within_daily_ob;h4_ob_target_caused_displacement;h4_ob_target_caused_imbalance;h4_ob_target_flip_zone;h4_ob_target_has_inducement;h4_ob_target_swept_liquidity;h4_ob_target_swept_liquidity_fractal;h4_ob_target_swept_liquidity_fvg;h4_ob_target_swept_liquidity_internal;h4_ob_target_swept_liquidity_previous_candle;h4_ob_target_swept_liquidity_swing;h4_ob_target_within_daily_ob
2021-06-10,Thursday,london,2021-06-10 06:00:00+00:00,2021-06-10 07:00:00+00:00,bullish,1.2111,1.21025,1.2123750000000002,1.2123750000000002,0.0008500000000000174,-7.391871467641107,win,1.5,tp,1.5647058823527107,-1.0,sl,False,0,1,0 days 01:00:00,22.200000000001108,False,25.0,56.2,1.5,2021-06-10 06:00:00+00:00,False,1.21106,1.21045,1,daily_mitigation_ob_caused_displacement;daily_mitigation_ob_caused_imbalance;daily_mitigation_ob_flip_zone;daily_mitigation_ob_has_inducement;daily_mitigation_ob_swept_liquidity;daily_mitigation_ob_swept_liquidity_fractal;daily_mitigation_ob_swept_liquidity_fvg;daily_mitigation_ob_swept_liquidity_internal;daily_mitigation_ob_swept_liquidity_previous_candle;daily_mitigation_ob_swept_liquidity_swing;daily_ob_target_caused_displacement;daily_ob_target_caused_imbalance;daily_ob_target_flip_zone;daily_ob_target_has_inducement;daily_ob_target_swept_liquidity;daily_ob_target_swept_liquidity_fractal;daily_ob_target_swept_liquidity_fvg;daily_ob_target_swept_liquidity_internal;daily_ob_target_swept_liquidity_previous_candle;daily_ob_target_swept_liquidity_swing;h1_mitigation_ob_flip_zone;h1_mitigation_ob_swept_liquidity;h1_mitigation_ob_swept_liquidity_fvg;h1_mitigation_ob_swept_liquidity_internal;h1_mitigation_ob_swept_liquidity_previous_candle;h1_mitigation_ob_swept_liquidity_swing;h1_ob_target_caused_displacement;h1_ob_target_caused_imbalance;h1_ob_target_flip_zone;h1_ob_target_has_inducement;h1_ob_target_swept_liquidity;h1_ob_target_swept_liquidity_fractal;h1_ob_target_swept_liquidity_fvg;h1_ob_target_swept_liquidity_internal;h1_ob_target_swept_liquidity_previous_candle;h1_ob_target_swept_liquidity_swing;h1_ob_target_within_h4_ob;h4_mitigation_ob_caused_displacement;h4_mitigation_ob_caused_imbalance;h4_mitigation_ob_flip_zone;h4_mitigation_ob_has_inducement;h4_mitigation_ob_swept_liquidity;h4_mitigation_ob_swept_liquidity_fractal;h4_mitigation_ob_swept_liquidity_fvg;h4_mitigation_ob_swept_liquidity_internal;h4_mitigation_ob_swept_liquidity_previous_candle;h4_mitigation_ob_swept_liquidity_swing;h4_mitigation_ob_within_daily_ob;h4_ob_target_flip_zone;h4_ob_target_swept_liquidity_fractal;h4_ob_target_swept_liquidity_fvg;h4_ob_target_swept_liquidity_internal;h4_ob_target_swept_liquidity_previous_candle;h4_ob_target_swept_liquidity_swing
2021-06-10,Thursday,london,2021-06-10 08:00:00+00:00,2021-06-10 12:00:00+00:00,bearish,1.21127,1.21332,1.2081950000000004,1.2081950000000004,0.0020499999999998852,28.904597616361972,win,1.5,tp,2.102439024390379,0.0,be_stop,True,1,4,0 days 04:00:00,6.599999999998829,True,25.0,56.2,1.5,2021-06-10 08:00:00+00:00,False,1.21312,1.2122,2,daily_mitigation_ob_caused_displacement;daily_mitigation_ob_caused_imbalance;daily_mitigation_ob_flip_zone;daily_mitigation_ob_has_inducement;daily_mitigation_ob_swept_liquidity;daily_mitigation_ob_swept_liquidity_fractal;daily_mitigation_ob_swept_liquidity_fvg;daily_mitigation_ob_swept_liquidity_internal;daily_mitigation_ob_swept_liquidity_previous_candle;daily_mitigation_ob_swept_liquidity_swing;daily_ob_target_caused_displacement;daily_ob_target_caused_imbalance;daily_ob_target_flip_zone;daily_ob_target_has_inducement;daily_ob_target_swept_liquidity;daily_ob_target_swept_liquidity_fractal;daily_ob_target_swept_liquidity_fvg;daily_ob_target_swept_liquidity_internal;daily_ob_target_swept_liquidity_previous_candle;daily_ob_target_swept_liquidity_swing;h1_mitigation_ob_swept_liquidity;h1_mitigation_ob_swept_liquidity_fvg;h1_mitigation_ob_swept_liquidity_internal;h1_mitigation_ob_swept_liquidity_swing;h1_ob_target_flip_zone;h1_ob_target_swept_liquidity_fractal;h1_ob_target_swept_liquidity_fvg;h1_ob_target_swept_liquidity_internal;h1_ob_target_swept_liquidity_previous_candle;h1_ob_target_swept_liquidity_swing;h4_mitigation_ob_caused_displacement;h4_mitigation_ob_caused_imbalance;h4_mitigation_ob_flip_zone;h4_mitigation_ob_has_inducement;h4_mitigation_ob_swept_liquidity;h4_mitigation_ob_swept_liquidity_fractal;h4_mitigation_ob_swept_liquidity_fvg;h4_mitigation_ob_swept_liquidity_internal;h4_mitigation_ob_swept_liquidity_previous_candle;h4_mitigation_ob_swept_liquidity_swing;h4_mitigation_ob_within_daily_ob;h4_ob_target_flip_zone;h4_ob_target_swept_liquidity;h4_ob_target_swept_liquidity_fvg;h4_ob_target_swept_liquidity_internal;h4_ob_target_swept_liquidity_previous_candle;h4_ob_target_swept_liquidity_swing
2021-06-14,Monday,london,2021-06-14 07:00:00+00:00,2021-06-14 11:00:00+00:00,bearish,1.21492,1.21701,1.2117850000000001,1.21701,0.0020899999999999253,22.38736987688153,loss,-1.0,sl,0.0,-1.0,sl,False,0,4,0 days 04:00:00,1.100000000000545,False,25.0,56.2,1.5,2021-06-14 07:00:00+00:00,False,1.21681,1.21572,1,daily_mitigation_ob_caused_displacement;daily_mitigation_ob_caused_imbalance;daily_mitigation_ob_flip_zone;daily_mitigation_ob_has_inducement;daily_mitigation_ob_swept_liquidity;daily_mitigation_ob_swept_liquidity_fractal;daily_mitigation_ob_swept_liquidity_fvg;daily_mitigation_ob_swept_liquidity_internal;daily_mitigation_ob_swept_liquidity_previous_candle;daily_mitigation_ob_swept_liquidity_swing;daily_ob_target_flip_zone;daily_ob_target_swept_liquidity_fractal;daily_ob_target_swept_liquidity_fvg;daily_ob_target_swept_liquidity_internal;daily_ob_target_swept_liquidity_previous_candle;daily_ob_target_swept_liquidity_swing;h1_mitigation_ob_flip_zone;h1_mitigation_ob_swept_liquidity;h1_mitigation_ob_swept_liquidity_fractal;h1_mitigation_ob_swept_liquidity_fvg;h1_mitigation_ob_swept_liquidity_internal;h1_mitigation_ob_swept_liquidity_swing;h1_ob_target_flip_zone;h1_ob_target_swept_liquidity;h1_ob_target_swept_liquidity_fractal;h1_ob_target_swept_liquidity_fvg;h1_ob_target_swept_liquidity_internal;h1_ob_target_swept_liquidity_swing;h4_mitigation_ob_caused_displacement;h4_mitigation_ob_caused_imbalance;h4_mitigation_ob_flip_zone;h4_mitigation_ob_has_inducement;h4_mitigation_ob_swept_liquidity;h4_mitigation_ob_swept_liquidity_fractal;h4_mitigation_ob_swept_liquidity_fvg;h4_mitigation_ob_swept_liquidity_internal;h4_mitigation_ob_swept_liquidity_previous_candle;h4_mitigation_ob_swept_liquidity_swing;h4_mitigation_ob_within_daily_ob;h4_ob_target_flip_zone;h4_ob_target_swept_liquidity;h4_ob_target_swept_liquidity_fractal;h4_ob_target_swept_liquidity_fvg;h4_ob_target_swept_liquidity_internal;h4_ob_target_swept_liquidity_swing
2021-06-18,Friday,ny,2021-06-18 11:00:00+00:00,2021-06-18 12:00:00+00:00,bullish,1.23589,1.23456,1.2378849999999997,1.2378849999999997,0.0013299999999998313,10.07141034022007,win,1.5,tp,9.135338345865899,5.7593984962413325,friday_close,False,0,1,0 days 01:00:00,0.0,False,25.0,56.2,1.5,2021-06-18 10:00:00+00:00,True,1.23562,1.23476,1,daily_mitigation_ob_caused_displacement;daily_mitigation_ob_caused_imbalance;daily_mitigation_ob_flip_zone;daily_mitigation_ob_has_inducement;daily_mitigation_ob_swept_liquidity;daily_mitigation_ob_swept_liquidity_fractal;daily_mitigation_ob_swept_liquidity_fvg;daily_mitigation_ob_swept_liquidity_internal;daily_mitigation_ob_swept_liquidity_previous_candle;daily_mitigation_ob_swept_liquidity_swing;daily_ob_target_caused_displacement;daily_ob_target_caused_imbalance;daily_ob_target_flip_zone;daily_ob_target_has_inducement;daily_ob_target_swept_liquidity;daily_ob_target_swept_liquidity_fractal;daily_ob_target_swept_liquidity_fvg;daily_ob_target_swept_liquidity_internal;daily_ob_target_swept_liquidity_previous_candle;daily_ob_target_swept_liquidity_swing;h1_mitigation_ob_flip_zone;h1_mitigation_ob_swept_liquidity_fractal;h1_mitigation_ob_swept_liquidity_fvg;h1_mitigation_ob_swept_liquidity_internal;h1_mitigation_ob_swept_liquidity_previous_candle;h1_mitigation_ob_swept_liquidity_swing;h1_ob_target_flip_zone;h1_ob_target_swept_liquidity_fractal;h1_ob_target_swept_liquidity_fvg;h1_ob_target_swept_liquidity_internal;h1_ob_target_swept_liquidity_previous_candle;h1_ob_target_swept_liquidity_swing;h4_mitigation_ob_caused_displacement;h4_mitigation_ob_caused_imbalance;h4_mitigation_ob_flip_zone;h4_mitigation_ob_has_inducement;h4_mitigation_ob_swept_liquidity;h4_mitigation_ob_swept_liquidity_fractal;h4_mitigation_ob_swept_liquidity_fvg;h4_mitigation_ob_swept_liquidity_internal;h4_mitigation_ob_swept_liquidity_previous_candle;h4_mitigation_ob_swept_liquidity_swing;h4_mitigation_ob_within_daily_ob;h4_ob_target_flip_zone;h4_ob_target_swept_liquidity;h4_ob_target_swept_liquidity_fractal;h4_ob_target_swept_liquidity_internal;h4_ob_target_swept_liquidity_previous_candle;h4_ob_target_swept_liquidity_swing
2021-06-23,Wednesday,ny,2021-06-23 12:00:00+00:00,2021-06-23 13:00:00+00:00,bullish,1.22748,1.22599,1.229715,1.22599,0.0014899999999999913,-11.253425881126148,loss,-1.0,sl,0.5503355704698306,-1.0,sl,False,0,1,0 days 01:00:00,7.999999999999119,False,25.0,56.2,1.5,2021-06-23 12:00:00+00:00,False,1.22717,1.22619,1,daily_mitigation_ob_caused_displacement;daily_mitigation_ob_caused_imbalance;daily_mitigation_ob_flip_zone;daily_mitigation_ob_has_inducement;daily_mitigation_ob_swept_liquidity;daily_mitigation_ob_swept_liquidity_fractal;daily_mitigation_ob_swept_liquidity_fvg;daily_mitigation_ob_swept_liquidity_internal;daily_mitigation_ob_swept_liquidity_previous_candle;daily_mitigation_ob_swept_liquidity_swing;daily_ob_target_caused_displacement;daily_ob_target_caused_imbalance;daily_ob_target_flip_zone;daily_ob_target_has_inducement;daily_ob_target_swept_liquidity;daily_ob_target_swept_liquidity_fractal;daily_ob_target_swept_liquidity_fvg;daily_ob_target_swept_liquidity_internal;daily_ob_target_swept_liquidity_previous_candle;daily_ob_target_swept_liquidity_swing;h1_mitigation_ob_flip_zone;h1_mitigation_ob_swept_liquidity_fractal;h1_mitigation_ob_swept_liquidity_fvg;h1_mitigation_ob_swept_liquidity_internal;h1_mitigation_ob_swept_liquidity_previous_candle;h1_mitigation_ob_swept_liquidity_swing;h1_ob_target_flip_zone;h1_ob_target_swept_liquidity;h1_ob_target_swept_liquidity_fvg;h1_ob_target_swept_liquidity_internal;h1_ob_target_swept_liquidity_swing;h4_mitigation_ob_caused_displacement;h4_mitigation_ob_caused_imbalance;h4_mitigation_ob_flip_zone;h4_mitigation_ob_has_inducement;h4_mitigation_ob_swept_liquidity;h4_mitigation_ob_swept_liquidity_fractal;h4_mitigation_ob_swept_liquidity_fvg;h4_mitigation_ob_swept_liquidity_internal;h4_mitigation_ob_swept_liquidity_previous_candle;h4_mitigation_ob_swept_liquidity_swing;h4_mitigation_ob_within_daily_ob;h4_ob_target_caused_displacement;h4_ob_target_caused_imbalance;h4_ob_target_flip_zone;h4_ob_target_has_inducement;h4_ob_target_swept_liquidity;h4_ob_target_swept_liquidity_fractal;h4_ob_target_swept_liquidity_fvg;h4_ob_target_swept_liquidity_internal;h4_ob_target_swept_liquidity_previous_candle;h4_ob_target_swept_liquidity_swing;h4_ob_target_within_daily_ob
2021-06-25,Friday,london,2021-06-25 07:00:00+00:00,2021-06-25 12:00:00+00:00,bullish,1.23018,1.22908,1.2318300000000002,1.22908,0.001100000000000101,27.232771619566105,loss,-1.0,sl,1.0272727272724997,-1.0,sl,False,0,5,0 days 05:00:00,7.200000000000539,True,25.0,56.2,1.5,2021-06-25 07:00:00+00:00,False,1.23028,1.22928,1,daily_mitigation_ob_caused_displacement;daily_mitigation_ob_caused_imbalance;daily_mitigation_ob_flip_zone;daily_mitigation_ob_has_inducement;daily_mitigation_ob_swept_liquidity;daily_mitigation_ob_swept_liquidity_fractal;daily_mitigation_ob_swept_liquidity_fvg;daily_mitigation_ob_swept_liquidity_internal;daily_mitigation_ob_swept_liquidity_previous_candle;daily_mitigation_ob_swept_liquidity_swing;daily_ob_target_caused_displacement;daily_ob_target_caused_imbalance;daily_ob_target_flip_zone;daily_ob_target_has_inducement;daily_ob_target_swept_liquidity;daily_ob_target_swept_liquidity_fractal;daily_ob_target_swept_liquidity_fvg;daily_ob_target_swept_liquidity_internal;daily_ob_target_swept_liquidity_previous_candle;daily_ob_target_swept_liquidity_swing;h1_mitigation_ob_flip_zone;h1_mitigation_ob_swept_liquidity_fractal;h1_mitigation_ob_swept_liquidity_fvg;h1_mitigation_ob_swept_liquidity_internal;h1_mitigation_ob_swept_liquidity_previous_candle;h1_mitigation_ob_swept_liquidity_swing;h1_ob_target_caused_displacement;h1_ob_target_caused_imbalance;h1_ob_target_flip_zone;h1_ob_target_has_inducement;h1_ob_target_swept_liquidity;h1_ob_target_swept_liquidity_fractal;h1_ob_target_swept_liquidity_fvg;h1_ob_target_swept_liquidity_internal;h1_ob_target_swept_liquidity_previous_candle;h1_ob_target_swept_liquidity_swing;h1_ob_target_within_h4_ob;h4_mitigation_ob_flip_zone;h4_mitigation_ob_swept_liquidity;h4_mitigation_ob_swept_liquidity_fractal;h4_mitigation_ob_swept_liquidity_fvg;h4_mitigation_ob_swept_liquidity_internal;h4_mitigation_ob_swept_liquidity_swing;h4_ob_target_caused_displacement;h4_ob_target_caused_imbalance;h4_ob_target_flip_zone;h4_ob_target_has_inducement;h4_ob_target_swept_liquidity;h4_ob_target_swept_liquidity_fractal;h4_ob_target_swept_liquidity_fvg;h4_ob_target_swept_liquidity_internal;h4_ob_target_swept_liquidity_previous_candle;h4_ob_target_swept_liquidity_swing;h4_ob_target_within_daily_ob
2021-06-28,Monday,london,2021-06-28 07:00:00+00:00,2021-06-28 08:00:00+00:00,bullish,1.22925,1.22869,1.2300899999999997,1.2300899999999997,0.0005599999999998939,22.24096336437979,win,1.5,tp,10.0,6.67857142857283,friday_close,True,4,1,0 days 01:00:00,0.0,False,25.0,56.2,1.5,2021-06-28 07:00:00+00:00,False,1.2299,1.22889,1,daily_mitigation_ob_caused_displacement;daily_mitigation_ob_caused_imbalance;daily_mitigation_ob_flip_zone;daily_mitigation_ob_has_inducement;daily_mitigation_ob_swept_liquidity;daily_mitigation_ob_swept_liquidity_fractal;daily_mitigation_ob_swept_liquidity_fvg;daily_mitigation_ob_swept_liquidity_internal;daily_mitigation_ob_swept_liquidity_previous_candle;daily_mitigation_ob_swept_liquidity_swing;daily_ob_target_caused_displacement;daily_ob_target_caused_imbalance;daily_ob_target_flip_zone;daily_ob_target_has_inducement;daily_ob_target_swept_liquidity;daily_ob_target_swept_liquidity_fractal;daily_ob_target_swept_liquidity_fvg;daily_ob_target_swept_liquidity_internal;daily_ob_target_swept_liquidity_previous_candle;daily_ob_target_swept_liquidity_swing;h1_mitigation_ob_flip_zone;h1_mitigation_ob_swept_liquidity;h1_mitigation_ob_swept_liquidity_fractal;h1_mitigation_ob_swept_liquidity_fvg;h1_mitigation_ob_swept_liquidity_internal;h1_mitigation_ob_swept_liquidity_swing;h1_ob_target_caused_displacement;h1_ob_target_caused_imbalance;h1_ob_target_flip_zone;h1_ob_target_has_inducement;h1_ob_target_swept_liquidity;h1_ob_target_swept_liquidity_fractal;h1_ob_target_swept_liquidity_fvg;h1_ob_target_swept_liquidity_internal;h1_ob_target_swept_liquidity_previous_candle;h1_ob_target_swept_liquidity_swing;h1_ob_target_within_h4_ob;h4_mitigation_ob_caused_displacement;h4_mitigation_ob_caused_imbalance;h4_mitigation_ob_flip_zone;h4_mitigation_ob_has_inducement;h4_mitigation_ob_swept_liquidity;h4_mitigation_ob_swept_liquidity_fractal;h4_mitigation_ob_swept_liquidity_fvg;h4_mitigation_ob_swept_liquidity_internal;h4_mitigation_ob_swept_liquidity_previous_candle;h4_mitigation_ob_swept_liquidity_swing;h4_mitigation_ob_within_daily_ob;h4_ob_target_caused_displacement;h4_ob_target_caused_imbalance;h4_ob_target_flip_zone;h4_ob_target_has_inducement;h4_ob_target_swept_liquidity;h4_ob_target_swept_liquidity_fractal;h4_ob_target_swept_liquidity_fvg;h4_ob_target_swept_liquidity_internal;h4_ob_target_swept_liquidity_previous_candle;h4_ob_target_swept_liquidity_swing;h4_ob_target_within_daily_ob
2021-06-29,Tuesday,ny,2021-06-29 12:00:00+00:00,2021-06-29 18:00:00+00:00,bearish,1.23727,1.2404899999999999,1.2324400000000004,1.23906,0.0032199999999997786,10.209735725675072,loss,-0.5559006211180377,cut_19h,0.2577639751553309,-0.5559006211180377,cut_19h,False,1,6,0 days 06:00:00,0.0,False,25.0,56.2,1.5,2021-06-29 12:00:00+00:00,False,1.24029,1.23859,1,daily_mitigation_ob_caused_displacement;daily_mitigation_ob_caused_imbalance;daily_mitigation_ob_flip_zone;daily_mitigation_ob_has_inducement;daily_mitigation_ob_swept_liquidity;daily_mitigation_ob_swept_liquidity_fractal;daily_mitigation_ob_swept_liquidity_fvg;daily_mitigation_ob_swept_liquidity_internal;daily_mitigation_ob_swept_liquidity_previous_candle;daily_mitigation_ob_swept_liquidity_swing;daily_ob_target_caused_displacement;daily_ob_target_caused_imbalance;daily_ob_target_flip_zone;daily_ob_target_has_inducement;daily_ob_target_swept_liquidity;daily_ob_target_swept_liquidity_fractal;daily_ob_target_swept_liquidity_fvg;daily_ob_target_swept_liquidity_internal;daily_ob_target_swept_liquidity_previous_candle;daily_ob_target_swept_liquidity_swing;h1_mitigation_ob_flip_zone;h1_mitigation_ob_swept_liquidity;h1_mitigation_ob_swept_liquidity_fractal;h1_mitigation_ob_swept_liquidity_internal;h1_mitigation_ob_swept_liquidity_previous_candle;h1_mitigation_ob_swept_liquidity_swing;h1_ob_target_flip_zone;h1_ob_target_swept_liquidity;h1_ob_target_swept_liquidity_fractal;h1_ob_target_swept_liquidity_fvg;h1_ob_target_swept_liquidity_internal;h1_ob_target_swept_liquidity_swing;h4_mitigation_ob_caused_displacement;h4_mitigation_ob_caused_imbalance;h4_mitigation_ob_flip_zone;h4_mitigation_ob_has_inducement;h4_mitigation_ob_swept_liquidity;h4_mitigation_ob_swept_liquidity_fractal;h4_mitigation_ob_swept_liquidity_fvg;h4_mitigation_ob_swept_liquidity_internal;h4_mitigation_ob_swept_liquidity_previous_candle;h4_mitigation_ob_swept_liquidity_swing;h4_mitigation_ob_within_daily_ob;h4_ob_target_flip_zone;h4_ob_target_swept_liquidity_fractal;h4_ob_target_swept_liquidity_fvg;h4_ob_target_swept_liquidity_internal;h4_ob_target_swept_liquidity_previous_candle;h4_ob_target_swept_liquidity_swing
2021-06-30,Wednesday,london,2021-06-30 07:00:00+00:00,2021-06-30 08:00:00+00:00,bearish,1.2397,1.24027,1.238845,1.24027,0.0005699999999999594,12.94071929387124,loss,-1.0,sl,0.0,-1.0,sl,False,0,1,0 days 01:00:00,18.199999999999328,False,25.0,56.2,1.5,2021-06-30 07:00:00+00:00,False,1.24007,1.2395,1,daily_mitigation_ob_caused_displacement;daily_mitigation_ob_caused_imbalance;daily_mitigation_ob_flip_zone;daily_mitigation_ob_has_inducement;daily_mitigation_ob_swept_liquidity;daily_mitigation_ob_swept_liquidity_fractal;daily_mitigation_ob_swept_liquidity_fvg;daily_mitigation_ob_swept_liquidity_internal;daily_mitigation_ob_swept_liquidity_previous_candle;daily_mitigation_ob_swept_liquidity_swing;daily_ob_target_caused_displacement;daily_ob_target_caused_imbalance;daily_ob_target_flip_zone;daily_ob_target_has_inducement;daily_ob_target_swept_liquidity;daily_ob_target_swept_liquidity_fractal;daily_ob_target_swept_liquidity_fvg;daily_ob_target_swept_liquidity_internal;daily_ob_target_swept_liquidity_previous_candle;daily_ob_target_swept_liquidity_swing;h1_mitigation_ob_flip_zone;h1_mitigation_ob_swept_liquidity;h1_mitigation_ob_swept_liquidity_fractal;h1_mitigation_ob_swept_liquidity_fvg;h1_mitigation_ob_swept_liquidity_internal;h1_mitigation_ob_swept_liquidity_swing;h1_ob_target_caused_displacement;h1_ob_target_caused_imbalance;h1_ob_target_flip_zone;h1_ob_target_has_inducement;h1_ob_target_swept_liquidity;h1_ob_target_swept_liquidity_fractal;h1_ob_target_swept_liquidity_fvg;h1_ob_target_swept_liquidity_internal;h1_ob_target_swept_liquidity_previous_candle;h1_ob_target_swept_liquidity_swing;h1_ob_target_within_h4_ob;h4_mitigation_ob_caused_displacement;h4_mitigation_ob_caused_imbalance;h4_mitigation_ob_flip_zone;h4_mitigation_ob_has_inducement;h4_mitigation_ob_swept_liquidity;h4_mitigation_ob_swept_liquidity_fractal;h4_mitigation_ob_swept_liquidity_fvg;h4_mitigation_ob_swept_liquidity_internal;h4_mitigation_ob_swept_liquidity_previous_candle;h4_mitigation_ob_swept_liquidity_swing;h4_mitigation_ob_within_daily_ob;h4_ob_target_caused_displacement;h4_ob_target_caused_imbalance;h4_ob_target_flip_zone;h4_ob_target_has_inducement;h4_ob_target_swept_liquidity;h4_ob_target_swept_liquidity_fractal;h4_ob_target_swept_liquidity_fvg;h4_ob_target_swept_liquidity_internal;h4_ob_target_swept_liquidity_previous_candle;h4_ob_target_swept_liquidity_swing;h4_ob_target_within_daily_ob
2021-07-02,Friday,ny,2021-07-02 11:00:00+00:00,2021-07-02 12:00:00+00:00,bullish,1.24172,1.23967,1.2447949999999999,1.23967,0.0020499999999998852,-0.9884277649654266,loss,-1.0,sl,0.29268292682936076,-1.0,sl,False,0,1,0 days 01:00:00,18.20000000000155,False,25.0,56.2,1.5,2021-07-02 11:00:00+00:00,False,1.24135,1.23987,1,daily_mitigation_ob_caused_displacement;daily_mitigation_ob_caused_imbalance;daily_mitigation_ob_flip_zone;daily_mitigation_ob_has_inducement;daily_mitigation_ob_swept_liquidity;daily_mitigation_ob_swept_liquidity_fractal;daily_mitigation_ob_swept_liquidity_fvg;daily_mitigation_ob_swept_liquidity_internal;daily_mitigation_ob_swept_liquidity_previous_candle;daily_mitigation_ob_swept_liquidity_swing;daily_ob_target_caused_displacement;daily_ob_target_caused_imbalance;daily_ob_target_flip_zone;daily_ob_target_has_inducement;daily_ob_target_swept_liquidity;daily_ob_target_swept_liquidity_fractal;daily_ob_target_swept_liquidity_fvg;daily_ob_target_swept_liquidity_internal;daily_ob_target_swept_liquidity_previous_candle;daily_ob_target_swept_liquidity_swing;h1_mitigation_ob_flip_zone;h1_mitigation_ob_swept_liquidity;h1_mitigation_ob_swept_liquidity_fractal;h1_mitigation_ob_swept_liquidity_fvg;h1_mitigation_ob_swept_liquidity_internal;h1_mitigation_ob_swept_liquidity_swing;h1_ob_target_flip_zone;h1_ob_target_swept_liquidity;h1_ob_target_swept_liquidity_fractal;h1_ob_target_swept_liquidity_internal;h1_ob_target_swept_liquidity_previous_candle;h1_ob_target_swept_liquidity_swing;h4_mitigation_ob_flip_zone;h4_mitigation_ob_swept_liquidity;h4_mitigation_ob_swept_liquidity_fractal;h4_mitigation_ob_swept_liquidity_internal;h4_mitigation_ob_swept_liquidity_swing;h4_ob_target_caused_displacement;h4_ob_target_caused_imbalance;h4_ob_target_flip_zone;h4_ob_target_has_inducement;h4_ob_target_swept_liquidity;h4_ob_target_swept_liquidity_fractal;h4_ob_target_swept_liquidity_fvg;h4_ob_target_swept_liquidity_internal;h4_ob_target_swept_liquidity_previous_candle;h4_ob_target_swept_liquidity_swing;h4_ob_target_within_daily_ob
2021-07-09,Friday,london,2021-07-09 06:00:00+00:00,2021-07-09 07:00:00+00:00,bullish,1.25382,1.25224,1.2561899999999997,1.25224,0.0015799999999999148,21.263275395191197,loss,-1.0,sl,0.4177215189874307,-1.0,sl,False,0,1,0 days 01:00:00,6.900000000000794,False,25.0,56.2,1.5,2021-07-09 05:00:00+00:00,True,1.25361,1.25244,1,daily_mitigation_ob_caused_displacement;daily_mitigation_ob_caused_imbalance;daily_mitigation_ob_flip_zone;daily_mitigation_ob_has_inducement;daily_mitigation_ob_swept_liquidity;daily_mitigation_ob_swept_liquidity_fractal;daily_mitigation_ob_swept_liquidity_fvg;daily_mitigation_ob_swept_liquidity_internal;daily_mitigation_ob_swept_liquidity_previous_candle;daily_mitigation_ob_swept_liquidity_swing;daily_ob_target_caused_displacement;daily_ob_target_caused_imbalance;daily_ob_target_flip_zone;daily_ob_target_has_inducement;daily_ob_target_swept_liquidity;daily_ob_target_swept_liquidity_fractal;daily_ob_target_swept_liquidity_fvg;daily_ob_target_swept_liquidity_internal;daily_ob_target_swept_liquidity_previous_candle;daily_ob_target_swept_liquidity_swing;h1_mitigation_ob_flip_zone;h1_mitigation_ob_swept_liquidity;h1_mitigation_ob_swept_liquidity_fractal;h1_mitigation_ob_swept_liquidity_fvg;h1_mitigation_ob_swept_liquidity_internal;h1_mitigation_ob_swept_liquidity_swing;h1_ob_target_flip_zone;h1_ob_target_swept_liquidity;h1_ob_target_swept_liquidity_fvg;h1_ob_target_swept_liquidity_internal;h1_ob_target_swept_liquidity_swing;h4_mitigation_ob_caused_displacement;h4_mitigation_ob_caused_imbalance;h4_mitigation_ob_flip_zone;h4_mitigation_ob_has_inducement;h4_mitigation_ob_swept_liquidity;h4_mitigation_ob_swept_liquidity_fractal;h4_mitigation_ob_swept_liquidity_fvg;h4_mitigation_ob_swept_liquidity_internal;h4_mitigation_ob_swept_liquidity_previous_candle;h4_mitigation_ob_swept_liquidity_swing;h4_mitigation_ob_within_daily_ob;h4_ob_target_caused_displacement;h4_ob_target_caused_imbalance;h4_ob_target_flip_zone;h4_ob_target_has_inducement;h4_ob_target_swept_liquidity;h4_ob_target_swept_liquidity_fractal;h4_ob_target_swept_liquidity_fvg;h4_ob_target_swept_liquidity_internal;h4_ob_target_swept_liquidity_previous_candle;h4_ob_target_swept_liquidity_swing;h4_ob_target_within_daily_ob
2021-07-13,Tuesday,london,2021-07-13 07:00:00+00:00,2021-07-13 12:00:00+00:00,bullish,1.24662,1.2447,1.2495000000000003,1.2495000000000003,0.0019200000000001438,-3.5749737037678706,win,1.5,tp,3.8072916666663437,0.0,be_stop,True,1,5,0 days 05:00:00,15.700000000000713,False,25.0,56.2,1.5,2021-07-13 07:00:00+00:00,False,1.24569,1.2449,1,daily_mitigation_ob_caused_displacement;daily_mitigation_ob_caused_imbalance;daily_mitigation_ob_flip_zone;daily_mitigation_ob_has_inducement;daily_mitigation_ob_swept_liquidity;daily_mitigation_ob_swept_liquidity_fractal;daily_mitigation_ob_swept_liquidity_fvg;daily_mitigation_ob_swept_liquidity_internal;daily_mitigation_ob_swept_liquidity_previous_candle;daily_mitigation_ob_swept_liquidity_swing;daily_ob_target_caused_displacement;daily_ob_target_caused_imbalance;daily_ob_target_flip_zone;daily_ob_target_has_inducement;daily_ob_target_swept_liquidity;daily_ob_target_swept_liquidity_fractal;daily_ob_target_swept_liquidity_fvg;daily_ob_target_swept_liquidity_internal;daily_ob_target_swept_liquidity_previous_candle;daily_ob_target_swept_liquidity_swing;h1_mitigation_ob_flip_zone;h1_mitigation_ob_swept_liquidity_fractal;h1_mitigation_ob_swept_liquidity_fvg;h1_mitigation_ob_swept_liquidity_internal;h1_mitigation_ob_swept_liquidity_previous_candle;h1_mitigation_ob_swept_liquidity_swing;h1_ob_target_flip_zone;h1_ob_target_swept_liquidity_fractal;h1_ob_target_swept_liquidity_fvg;h1_ob_target_swept_liquidity_internal;h1_ob_target_swept_liquidity_previous_candle;h1_ob_target_swept_liquidity_swing;h4_mitigation_ob_caused_displacement;h4_mitigation_ob_caused_imbalance;h4_mitigation_ob_flip_zone;h4_mitigation_ob_has_inducement;h4_mitigation_ob_swept_liquidity;h4_mitigation_ob_swept_liquidity_fractal;h4_mitigation_ob_swept_liquidity_fvg;h4_mitigation_ob_swept_liquidity_internal;h4_mitigation_ob_swept_liquidity_previous_candle;h4_mitigation_ob_swept_liquidity_swing;h4_mitigation_ob_within_daily_ob;h4_ob_target_flip_zone;h4_ob_target_swept_liquidity_fractal;h4_ob_target_swept_liquidity_fvg;h4_ob_target_swept_liquidity_internal;h4_ob_target_swept_liquidity_previous_candle;h4_ob_target_swept_liquidity_swing
2021-07-15,Thursday,london,2021-07-15 07:00:00+00:00,2021-07-15 08:00:00+00:00,bullish,1.25283,1.25044,1.2564150000000003,1.25044,0.0023900000000001143,10.171330548738629,loss,-1.0,sl,0.06694560669453152,-1.0,sl,False,0,1,0 days 01:00:00,3.5999999999991594,False,25.0,56.2,1.5,2021-07-15 07:00:00+00:00,False,1.25211,1.25064,1,daily_mitigation_ob_caused_displacement;daily_mitigation_ob_caused_imbalance;daily_mitigation_ob_flip_zone;daily_mitigation_ob_has_inducement;daily_mitigation_ob_swept_liquidity;daily_mitigation_ob_swept_liquidity_fractal;daily_mitigation_ob_swept_liquidity_fvg;daily_mitigation_ob_swept_liquidity_internal;daily_mitigation_ob_swept_liquidity_previous_candle;daily_mitigation_ob_swept_liquidity_swing;daily_ob_target_caused_displacement;daily_ob_target_caused_imbalance;daily_ob_target_flip_zone;daily_ob_target_has_inducement;daily_ob_target_swept_liquidity;daily_ob_target_swept_liquidity_fractal;daily_ob_target_swept_liquidity_fvg;daily_ob_target_swept_liquidity_internal;daily_ob_target_swept_liquidity_previous_candle;daily_ob_target_swept_liquidity_swing;h1_mitigation_ob_flip_zone;h1_mitigation_ob_swept_liquidity_fractal;h1_mitigation_ob_swept_liquidity_fvg;h1_mitigation_ob_swept_liquidity_internal;h1_mitigation_ob_swept_liquidity_previous_candle;h1_mitigation_ob_swept_liquidity_swing;h1_ob_target_flip_zone;h1_ob_target_swept_liquidity;h1_ob_target_swept_liquidity_fvg;h1_ob_target_swept_liquidity_internal;h1_ob_target_swept_liquidity_swing;h4_mitigation_ob_caused_displacement;h4_mitigation_ob_caused_imbalance;h4_mitigation_ob_flip_zone;h4_mitigation_ob_has_inducement;h4_mitigation_ob_swept_liquidity;h4_mitigation_ob_swept_liquidity_fractal;h4_mitigation_ob_swept_liquidity_fvg;h4_mitigation_ob_swept_liquidity_internal;h4_mitigation_ob_swept_liquidity_previous_candle;h4_mitigation_ob_swept_liquidity_swing;h4_mitigation_ob_within_daily_ob;h4_ob_target_caused_displacement;h4_ob_target_caused_imbalance;h4_ob_target_flip_zone;h4_ob_target_has_inducement;h4_ob_target_swept_liquidity;h4_ob_target_swept_liquidity_fractal;h4_ob_target_swept_liquidity_fvg;h4_ob_target_swept_liquidity_internal;h4_ob_target_swept_liquidity_previous_candle;h4_ob_target_swept_liquidity_swing;h4_ob_target_within_daily_ob
2021-07-23,Friday,london,2021-07-23 06:00:00+00:00,2021-07-23 14:00:00+00:00,bullish,1.25723,1.25531,1.2601100000000003,1.2601100000000003,0.0019200000000001438,17.977037125360734,win,1.5,tp,1.791666666666474,0.03645833333333815,friday_close,False,0,8,0 days 08:00:00,0.0,False,25.0,56.2,1.5,2021-07-23 05:00:00+00:00,True,1.2571,1.25551,1,daily_mitigation_ob_caused_displacement;daily_mitigation_ob_caused_imbalance;daily_mitigation_ob_flip_zone;daily_mitigation_ob_has_inducement;daily_mitigation_ob_swept_liquidity;daily_mitigation_ob_swept_liquidity_fractal;daily_mitigation_ob_swept_liquidity_fvg;daily_mitigation_ob_swept_liquidity_internal;daily_mitigation_ob_swept_liquidity_previous_candle;daily_mitigation_ob_swept_liquidity_swing;daily_ob_target_caused_displacement;daily_ob_target_caused_imbalance;daily_ob_target_flip_zone;daily_ob_target_has_inducement;daily_ob_target_swept_liquidity;daily_ob_target_swept_liquidity_fractal;daily_ob_target_swept_liquidity_fvg;daily_ob_target_swept_liquidity_internal;daily_ob_target_swept_liquidity_previous_candle;daily_ob_target_swept_liquidity_swing;h1_mitigation_ob_flip_zone;h1_mitigation_ob_swept_liquidity_fractal;h1_mitigation_ob_swept_liquidity_fvg;h1_mitigation_ob_swept_liquidity_internal;h1_mitigation_ob_swept_liquidity_previous_candle;h1_mitigation_ob_swept_liquidity_swing;h1_ob_target_caused_displacement;h1_ob_target_caused_imbalance;h1_ob_target_flip_zone;h1_ob_target_has_inducement;h1_ob_target_swept_liquidity;h1_ob_target_swept_liquidity_fractal;h1_ob_target_swept_liquidity_fvg;h1_ob_target_swept_liquidity_internal;h1_ob_target_swept_liquidity_previous_candle;h1_ob_target_swept_liquidity_swing;h1_ob_target_within_h4_ob;h4_mitigation_ob_caused_displacement;h4_mitigation_ob_caused_imbalance;h4_mitigation_ob_flip_zone;h4_mitigation_ob_has_inducement;h4_mitigation_ob_swept_liquidity;h4_mitigation_ob_swept_liquidity_fractal;h4_mitigation_ob_swept_liquidity_fvg;h4_mitigation_ob_swept_liquidity_internal;h4_mitigation_ob_swept_liquidity_previous_candle;h4_mitigation_ob_swept_liquidity_swing;h4_mitigation_ob_within_daily_ob;h4_ob_target_caused_displacement;h4_ob_target_caused_imbalance;h4_ob_target_flip_zone;h4_ob_target_has_inducement;h4_ob_target_swept_liquidity;h4_ob_target_swept_liquidity_fractal;h4_ob_target_swept_liquidity_fvg;h4_ob_target_swept_liquidity_internal;h4_ob_target_swept_liquidity_previous_candle;h4_ob_target_swept_liquidity_swing;h4_ob_target_within_daily_ob
2021-07-27,Tuesday,ny,2021-07-27 13:00:00+00:00,2021-07-27 18:00:00+00:00,bullish,1.25823,1.25448,1.263855,1.25823,0.00374999999999992,9.510495714705097,breakeven,0.0,be_stop,0.3173333333333466,0.0,be_stop,True,1,5,0 days 05:00:00,4.599999999999049,False,25.0,56.2,1.5,2021-07-27 13:00:00+00:00,False,1.25554,1.25468,1,daily_mitigation_ob_caused_displacement;daily_mitigation_ob_caused_imbalance;daily_mitigation_ob_flip_zone;daily_mitigation_ob_has_inducement;daily_mitigation_ob_swept_liquidity;daily_mitigation_ob_swept_liquidity_fractal;daily_mitigation_ob_swept_liquidity_fvg;daily_mitigation_ob_swept_liquidity_internal;daily_mitigation_ob_swept_liquidity_previous_candle;daily_mitigation_ob_swept_liquidity_swing;daily_ob_target_caused_displacement;daily_ob_target_caused_imbalance;daily_ob_target_flip_zone;daily_ob_target_has_inducement;daily_ob_target_swept_liquidity;daily_ob_target_swept_liquidity_fractal;daily_ob_target_swept_liquidity_fvg;daily_ob_target_swept_liquidity_internal;daily_ob_target_swept_liquidity_previous_candle;daily_ob_target_swept_liquidity_swing;h1_mitigation_ob_flip_zone;h1_mitigation_ob_swept_liquidity_fractal;h1_mitigation_ob_swept_liquidity_fvg;h1_mitigation_ob_swept_liquidity_internal;h1_mitigation_ob_swept_liquidity_previous_candle;h1_mitigation_ob_swept_liquidity_swing;h1_ob_target_flip_zone;h1_ob_target_swept_liquidity_fractal;h1_ob_target_swept_liquidity_fvg;h1_ob_target_swept_liquidity_internal;h1_ob_target_swept_liquidity_previous_candle;h1_ob_target_swept_liquidity_swing;h4_mitigation_ob_caused_displacement;h4_mitigation_ob_caused_imbalance;h4_mitigation_ob_flip_zone;h4_mitigation_ob_has_inducement;h4_mitigation_ob_swept_liquidity;h4_mitigation_ob_swept_liquidity_fractal;h4_mitigation_ob_swept_liquidity_fvg;h4_mitigation_ob_swept_liquidity_internal;h4_mitigation_ob_swept_liquidity_previous_candle;h4_mitigation_ob_swept_liquidity_swing;h4_mitigation_ob_within_daily_ob;h4_ob_target_flip_zone;h4_ob_target_swept_liquidity;h4_ob_target_swept_liquidity_fractal;h4_ob_target_swept_liquidity_fvg;h4_ob_target_swept_liquidity_internal;h4_ob_target_swept_liquidity_swing
2021-07-28,Wednesday,ny,2021-07-28 11:00:00+00:00,2021-07-28 12:00:00+00:00,bullish,1.25636,1.2550700000000001,1.2582949999999995,1.2582949999999995,0.0012899999999997913,34.396367525661226,win,1.5,tp,2.976744186047044,0.0,be_stop,True,1,1,0 days 01:00:00,40.89999999999927,True,25.0,56.2,1.5,2021-07-28 10:00:00+00:00,True,1.25639,1.25527,1,daily_mitigation_ob_caused_displacement;daily_mitigation_ob_caused_imbalance;daily_mitigation_ob_flip_zone;daily_mitigation_ob_has_inducement;daily_mitigation_ob_swept_liquidity;daily_mitigation_ob_swept_liquidity_fractal;daily_mitigation_ob_swept_liquidity_fvg;daily_mitigation_ob_swept_liquidity_internal;daily_mitigation_ob_swept_liquidity_previous_candle;daily_mitigation_ob_swept_liquidity_swing;daily_ob_target_caused_displacement;daily_ob_target_caused_imbalance;daily_ob_target_flip_zone;daily_ob_target_has_inducement;daily_ob_target_swept_liquidity;daily_ob_target_swept_liquidity_fractal;daily_ob_target_swept_liquidity_fvg;daily_ob_target_swept_liquidity_internal;daily_ob_target_swept_liquidity_previous_candle;daily_ob_target_swept_liquidity_swing;h1_mitigation_ob_flip_zone;h1_mitigation_ob_swept_liquidity_fractal;h1_mitigation_ob_swept_liquidity_fvg;h1_mitigation_ob_swept_liquidity_internal;h1_mitigation_ob_swept_liquidity_previous_candle;h1_mitigation_ob_swept_liquidity_swing;h1_ob_target_caused_displacement;h1_ob_target_caused_imbalance;h1_ob_target_flip_zone;h1_ob_target_has_inducement;h1_ob_target_swept_liquidity;h1_ob_target_swept_liquidity_fractal;h1_ob_target_swept_liquidity_fvg;h1_ob_target_swept_liquidity_internal;h1_ob_target_swept_liquidity_previous_candle;h1_ob_target_swept_liquidity_swing;h1_ob_target_within_h4_ob;h4_mitigation_ob_caused_displacement;h4_mitigation_ob_caused_imbalance;h4_mitigation_ob_flip_zone;h4_mitigation_ob_has_inducement;h4_mitigation_ob_swept_liquidity;h4_mitigation_ob_swept_liquidity_fractal;h4_mitigation_ob_swept_liquidity_fvg;h4_mitigation_ob_swept_liquidity_internal;h4_mitigation_ob_swept_liquidity_previous_candle;h4_mitigation_ob_swept_liquidity_swing;h4_mitigation_ob_within_daily_ob;h4_ob_target_caused_displacement;h4_ob_target_caused_imbalance;h4_ob_target_flip_zone;h4_ob_target_has_inducement;h4_ob_target_swept_liquidity;h4_ob_target_swept_liquidity_fractal;h4_ob_target_swept_liquidity_fvg;h4_ob_target_swept_liquidity_internal;h4_ob_target_swept_liquidity_previous_candle;h4_ob_target_swept_liquidity_swing;h4_ob_target_within_daily_ob
2021-07-28,Wednesday,ny,2021-07-28 11:00:00+00:00,2021-07-28 13:00:00+00:00,bearish,1.25636,1.25898,1.25243,1.25898,0.0026200000000000667,-15.36646450215296,loss,-1.0,sl,0.14885496183201546,-1.0,sl,False,0,2,0 days 02:00:00,12.199999999999989,False,25.0,56.2,1.5,2021-07-28 11:00:00+00:00,False,1.25878,1.25779,1,daily_mitigation_ob_caused_displacement;daily_mitigation_ob_caused_imbalance;daily_mitigation_ob_flip_zone;daily_mitigation_ob_has_inducement;daily_mitigation_ob_swept_liquidity;daily_mitigation_ob_swept_liquidity_fractal;daily_mitigation_ob_swept_liquidity_fvg;daily_mitigation_ob_swept_liquidity_internal;daily_mitigation_ob_swept_liquidity_previous_candle;daily_mitigation_ob_swept_liquidity_swing;daily_ob_target_flip_zone;daily_ob_target_swept_liquidity_fractal;daily_ob_target_swept_liquidity_fvg;daily_ob_target_swept_liquidity_internal;daily_ob_target_swept_liquidity_previous_candle;daily_ob_target_swept_liquidity_swing;h1_mitigation_ob_flip_zone;h1_mitigation_ob_swept_liquidity_fractal;h1_mitigation_ob_swept_liquidity_fvg;h1_mitigation_ob_swept_liquidity_internal;h1_mitigation_ob_swept_liquidity_previous_candle;h1_mitigation_ob_swept_liquidity_swing;h1_ob_target_flip_zone;h1_ob_target_swept_liquidity_fractal;h1_ob_target_swept_liquidity_fvg;h1_ob_target_swept_liquidity_internal;h1_ob_target_swept_liquidity_previous_candle;h1_ob_target_swept_liquidity_swing;h4_mitigation_ob_caused_displacement;h4_mitigation_ob_caused_imbalance;h4_mitigation_ob_flip_zone;h4_mitigation_ob_has_inducement;h4_mitigation_ob_swept_liquidity;h4_mitigation_ob_swept_liquidity_fractal;h4_mitigation_ob_swept_liquidity_fvg;h4_mitigation_ob_swept_liquidity_internal;h4_mitigation_ob_swept_liquidity_previous_candle;h4_mitigation_ob_swept_liquidity_swing;h4_mitigation_ob_within_daily_ob;h4_ob_target_flip_zone;h4_ob_target_swept_liquidity_fractal;h4_ob_target_swept_liquidity_fvg;h4_ob_target_swept_liquidity_internal;h4_ob_target_swept_liquidity_previous_candle;h4_ob_target_swept_liquidity_swing
2021-07-30,Friday,ny,2021-07-30 11:00:00+00:00,2021-07-30 12:00:00+00:00,bearish,1.24455,1.2452,1.2435749999999999,1.2435749999999999,0.0006500000000000394,24.127271177957603,win,1.5,tp,3.6615384615383144,-1.0,sl,False,0,1,0 days 01:00:00,36.49999999999931,False,25.0,56.2,1.5,2021-07-30 10:00:00+00:00,True,1.245,1.24384,1,daily_mitigation_ob_caused_displacement;daily_mitigation_ob_caused_imbalance;daily_mitigation_ob_flip_zone;daily_mitigation_ob_has_inducement;daily_mitigation_ob_swept_liquidity;daily_mitigation_ob_swept_liquidity_fractal;daily_mitigation_ob_swept_liquidity_fvg;daily_mitigation_ob_swept_liquidity_internal;daily_mitigation_ob_swept_liquidity_previous_candle;daily_mitigation_ob_swept_liquidity_swing;daily_ob_target_flip_zone;daily_ob_target_swept_liquidity;daily_ob_target_swept_liquidity_fvg;daily_ob_target_swept_liquidity_internal;daily_ob_target_swept_liquidity_previous_candle;daily_ob_target_swept_liquidity_swing;h1_mitigation_ob_flip_zone;h1_mitigation_ob_swept_liquidity_fractal;h1_mitigation_ob_swept_liquidity_fvg;h1_mitigation_ob_swept_liquidity_internal;h1_mitigation_ob_swept_liquidity_previous_candle;h1_mitigation_ob_swept_liquidity_swing;h1_ob_target_caused_displacement;h1_ob_target_caused_imbalance;h1_ob_target_flip_zone;h1_ob_target_has_inducement;h1_ob_target_swept_liquidity;h1_ob_target_swept_liquidity_fractal;h1_ob_target_swept_liquidity_fvg;h1_ob_target_swept_liquidity_internal;h1_ob_target_swept_liquidity_previous_candle;h1_ob_target_swept_liquidity_swing;h1_ob_target_within_h4_ob;h4_mitigation_ob_caused_displacement;h4_mitigation_ob_caused_imbalance;h4_mitigation_ob_flip_zone;h4_mitigation_ob_has_inducement;h4_mitigation_ob_swept_liquidity;h4_mitigation_ob_swept_liquidity_fractal;h4_mitigation_ob_swept_liquidity_fvg;h4_mitigation_ob_swept_liquidity_internal;h4_mitigation_ob_swept_liquidity_previous_candle;h4_mitigation_ob_swept_liquidity_swing;h4_mitigation_ob_within_daily_ob;h4_ob_target_caused_displacement;h4_ob_target_caused_imbalance;h4_ob_target_flip_zone;h4_ob_target_has_inducement;h4_ob_target_swept_liquidity;h4_ob_target_swept_liquidity_fractal;h4_ob_target_swept_liquidity_fvg;h4_ob_target_swept_liquidity_internal;h4_ob_target_swept_liquidity_previous_candle;h4_ob_target_swept_liquidity_swing;h4_ob_target_within_daily_ob
2021-07-30,Friday,ny,2021-07-30 11:00:00+00:00,2021-07-30 13:00:00+00:00,bearish,1.24455,1.24568,1.2428550000000003,1.2428550000000003,0.0011299999999998533,43.28677282143331,win,1.5,tp,2.106194690265803,-1.0,sl,False,0,2,0 days 02:00:00,31.70000000000117,True,25.0,56.2,1.5,2021-07-30 11:00:00+00:00,False,1.24548,1.24453,1,daily_mitigation_ob_caused_displacement;daily_mitigation_ob_caused_imbalance;daily_mitigation_ob_flip_zone;daily_mitigation_ob_has_inducement;daily_mitigation_ob_swept_liquidity;daily_mitigation_ob_swept_liquidity_fractal;daily_mitigation_ob_swept_liquidity_fvg;daily_mitigation_ob_swept_liquidity_internal;daily_mitigation_ob_swept_liquidity_previous_candle;daily_mitigation_ob_swept_liquidity_swing;daily_ob_target_flip_zone;daily_ob_target_swept_liquidity;daily_ob_target_swept_liquidity_fvg;daily_ob_target_swept_liquidity_internal;daily_ob_target_swept_liquidity_previous_candle;daily_ob_target_swept_liquidity_swing;h1_mitigation_ob_flip_zone;h1_mitigation_ob_swept_liquidity;h1_mitigation_ob_swept_liquidity_fractal;h1_mitigation_ob_swept_liquidity_internal;h1_mitigation_ob_swept_liquidity_previous_candle;h1_mitigation_ob_swept_liquidity_swing;h1_ob_target_caused_displacement;h1_ob_target_caused_imbalance;h1_ob_target_flip_zone;h1_ob_target_has_inducement;h1_ob_target_swept_liquidity;h1_ob_target_swept_liquidity_fractal;h1_ob_target_swept_liquidity_fvg;h1_ob_target_swept_liquidity_internal;h1_ob_target_swept_liquidity_previous_candle;h1_ob_target_swept_liquidity_swing;h1_ob_target_within_h4_ob;h4_mitigation_ob_caused_displacement;h4_mitigation_ob_caused_imbalance;h4_mitigation_ob_flip_zone;h4_mitigation_ob_has_inducement;h4_mitigation_ob_swept_liquidity;h4_mitigation_ob_swept_liquidity_fractal;h4_mitigation_ob_swept_liquidity_fvg;h4_mitigation_ob_swept_liquidity_internal;h4_mitigation_ob_swept_liquidity_previous_candle;h4_mitigation_ob_swept_liquidity_swing;h4_mitigation_ob_within_daily_ob;h4_ob_target_caused_displacement;h4_ob_target_caused_imbalance;h4_ob_target_flip_zone;h4_ob_target_has_inducement;h4_ob_target_swept_liquidity;h4_ob_target_swept_liquidity_fractal;h4_ob_target_swept_liquidity_fvg;h4_ob_target_swept_liquidity_internal;h4_ob_target_swept_liquidity_previous_candle;h4_ob_target_swept_liquidity_swing;h4_ob_target_within_daily_ob
2021-08-03,Tuesday,london,2021-08-03 06:00:00+00:00,2021-08-03 12:00:00+00:00,bearish,1.25166,1.25296,1.2497099999999999,1.25296,0.0013000000000000789,15.795844431746955,loss,-1.0,sl,1.4384615384614807,-1.0,sl,False,0,6,0 days 06:00:00,7.099999999999884,False,25.0,56.2,1.5,2021-08-03 05:00:00+00:00,True,1.25276,1.25179,1,daily_mitigation_ob_caused_displacement;daily_mitigation_ob_caused_imbalance;daily_mitigation_ob_flip_zone;daily_mitigation_ob_has_inducement;daily_mitigation_ob_swept_liquidity;daily_mitigation_ob_swept_liquidity_fractal;daily_mitigation_ob_swept_liquidity_fvg;daily_mitigation_ob_swept_liquidity_internal;daily_mitigation_ob_swept_liquidity_previous_candle;daily_mitigation_ob_swept_liquidity_swing;daily_ob_target_caused_displacement;daily_ob_target_caused_imbalance;daily_ob_target_flip_zone;daily_ob_target_has_inducement;daily_ob_target_swept_liquidity;daily_ob_target_swept_liquidity_fractal;daily_ob_target_swept_liquidity_fvg;daily_ob_target_swept_liquidity_internal;daily_ob_target_swept_liquidity_previous_candle;daily_ob_target_swept_liquidity_swing;h1_mitigation_ob_flip_zone;h1_mitigation_ob_swept_liquidity_fractal;h1_mitigation_ob_swept_liquidity_fvg;h1_mitigation_ob_swept_liquidity_internal;h1_mitigation_ob_swept_liquidity_previous_candle;h1_mitigation_ob_swept_liquidity_swing;h1_ob_target_flip_zone;h1_ob_target_swept_liquidity_fractal;h1_ob_target_swept_liquidity_fvg;h1_ob_target_swept_liquidity_internal;h1_ob_target_swept_liquidity_previous_candle;h1_ob_target_swept_liquidity_swing;h4_mitigation_ob_caused_displacement;h4_mitigation_ob_caused_imbalance;h4_mitigation_ob_flip_zone;h4_mitigation_ob_has_inducement;h4_mitigation_ob_swept_liquidity;h4_mitigation_ob_swept_liquidity_fractal;h4_mitigation_ob_swept_liquidity_fvg;h4_mitigation_ob_swept_liquidity_internal;h4_mitigation_ob_swept_liquidity_previous_candle;h4_mitigation_ob_swept_liquidity_swing;h4_mitigation_ob_within_daily_ob;h4_ob_target_flip_zone;h4_ob_target_swept_liquidity;h4_ob_target_swept_liquidity_fractal;h4_ob_target_swept_liquidity_internal;h4_ob_target_swept_liquidity_swing
2021-08-03,Tuesday,london,2021-08-03 08:00:00+00:00,2021-08-03 13:00:00+00:00,bullish,1.25148,1.24868,1.25568,1.25568,0.0027999999999999137,5.229914861454541,win,1.5,tp,2.164285714285844,0.0,be_stop,True,2,5,0 days 05:00:00,8.699999999999264,False,25.0,56.2,1.5,2021-08-03 08:00:00+00:00,False,1.25014,1.24888,1,daily_mitigation_ob_caused_displacement;daily_mitigation_ob_caused_imbalance;daily_mitigation_ob_flip_zone;daily_mitigation_ob_has_inducement;daily_mitigation_ob_swept_liquidity;daily_mitigation_ob_swept_liquidity_fractal;daily_mitigation_ob_swept_liquidity_fvg;daily_mitigation_ob_swept_liquidity_internal;daily_mitigation_ob_swept_liquidity_previous_candle;daily_mitigation_ob_swept_liquidity_swing;daily_ob_target_flip_zone;daily_ob_target_swept_liquidity;daily_ob_target_swept_liquidity_fractal;daily_ob_target_swept_liquidity_internal;daily_ob_target_swept_liquidity_previous_candle;daily_ob_target_swept_liquidity_swing;h1_mitigation_ob_flip_zone;h1_mitigation_ob_swept_liquidity_fractal;h1_mitigation_ob_swept_liquidity_fvg;h1_mitigation_ob_swept_liquidity_internal;h1_mitigation_ob_swept_liquidity_previous_candle;h1_mitigation_ob_swept_liquidity_swing;h1_ob_target_flip_zone;h1_ob_target_swept_liquidity;h1_ob_target_swept_liquidity_fvg;h1_ob_target_swept_liquidity_previous_candle;h1_ob_target_swept_liquidity_swing;h4_mitigation_ob_caused_displacement;h4_mitigation_ob_caused_imbalance;h4_mitigation_ob_flip_zone;h4_mitigation_ob_has_inducement;h4_mitigation_ob_swept_liquidity;h4_mitigation_ob_swept_liquidity_fractal;h4_mitigation_ob_swept_liquidity_fvg;h4_mitigation_ob_swept_liquidity_internal;h4_mitigation_ob_swept_liquidity_previous_candle;h4_mitigation_ob_swept_liquidity_swing;h4_mitigation_ob_within_daily_ob;h4_ob_target_flip_zone;h4_ob_target_swept_liquidity;h4_ob_target_swept_liquidity_fvg;h4_ob_target_swept_liquidity_internal;h4_ob_target_swept_liquidity_swing
2021-08-03,Tuesday,ny,2021-08-03 12:00:00+00:00,2021-08-04 02:00:00+00:00,bullish,1.25262,1.24868,1.2585300000000001,1.25262,0.003940000000000055,2.8320965968514926,breakeven,0.0,be_stop,1.2487309644669968,0.0,be_stop,True,1,14,0 days 14:00:00,1.6000000000016001,False,25.0,56.2,1.5,2021-08-03 12:00:00+00:00,False,1.25014,1.24888,2,daily_mitigation_ob_caused_displacement;daily_mitigation_ob_caused_imbalance;daily_mitigation_ob_flip_zone;daily_mitigation_ob_has_inducement;daily_mitigation_ob_swept_liquidity;daily_mitigation_ob_swept_liquidity_fractal;daily_mitigation_ob_swept_liquidity_fvg;daily_mitigation_ob_swept_liquidity_internal;daily_mitigation_ob_swept_liquidity_previous_candle;daily_mitigation_ob_swept_liquidity_swing;daily_ob_target_flip_zone;daily_ob_target_swept_liquidity;daily_ob_target_swept_liquidity_fractal;daily_ob_target_swept_liquidity_internal;daily_ob_target_swept_liquidity_previous_candle;daily_ob_target_swept_liquidity_swing;h1_mitigation_ob_flip_zone;h1_mitigation_ob_swept_liquidity_fractal;h1_mitigation_ob_swept_liquidity_fvg;h1_mitigation_ob_swept_liquidity_internal;h1_mitigation_ob_swept_liquidity_previous_candle;h1_mitigation_ob_swept_liquidity_swing;h1_ob_target_flip_zone;h1_ob_target_swept_liquidity;h1_ob_target_swept_liquidity_fvg;h1_ob_target_swept_liquidity_previous_candle;h1_ob_target_swept_liquidity_swing;h4_mitigation_ob_caused_displacement;h4_mitigation_ob_caused_imbalance;h4_mitigation_ob_flip_zone;h4_mitigation_ob_has_inducement;h4_mitigation_ob_swept_liquidity;h4_mitigation_ob_swept_liquidity_fractal;h4_mitigation_ob_swept_liquidity_fvg;h4_mitigation_ob_swept_liquidity_internal;h4_mitigation_ob_swept_liquidity_previous_candle;h4_mitigation_ob_swept_liquidity_swing;h4_mitigation_ob_within_daily_ob;h4_ob_target_flip_zone;h4_ob_target_swept_liquidity;h4_ob_target_swept_liquidity_fvg;h4_ob_target_swept_liquidity_internal;h4_ob_target_swept_liquidity_swing
2021-08-04,Wednesday,ny,2021-08-04 13:00:00+00:00,2021-08-04 14:00:00+00:00,bullish,1.25319,1.25194,1.255065,1.255065,0.0012499999999999734,-3.8816516600751263,win,1.5,tp,2.4480000000001025,0.0,be_stop,True,1,1,0 days 01:00:00,4.999999999999449,False,25.0,56.2,1.5,2021-08-04 13:00:00+00:00,False,1.25349,1.25214,1,daily_mitigation_ob_caused_displacement;daily_mitigation_ob_caused_imbalance;daily_mitigation_ob_flip_zone;daily_mitigation_ob_has_inducement;daily_mitigation_ob_swept_liquidity;daily_mitigation_ob_swept_liquidity_fractal;daily_mitigation_ob_swept_liquidity_fvg;daily_mitigation_ob_swept_liquidity_internal;daily_mitigation_ob_swept_liquidity_previous_candle;daily_mitigation_ob_swept_liquidity_swing;daily_ob_target_caused_displacement;daily_ob_target_caused_imbalance;daily_ob_target_flip_zone;daily_ob_target_has_inducement;daily_ob_target_swept_liquidity;daily_ob_target_swept_liquidity_fractal;daily_ob_target_swept_liquidity_fvg;daily_ob_target_swept_liquidity_internal;daily_ob_target_swept_liquidity_previous_candle;daily_ob_target_swept_liquidity_swing;h1_mitigation_ob_flip_zone;h1_mitigation_ob_swept_liquidity_fractal;h1_mitigation_ob_swept_liquidity_fvg;h1_mitigation_ob_swept_liquidity_internal;h1_mitigation_ob_swept_liquidity_previous_candle;h1_mitigation_ob_swept_liquidity_swing;h1_ob_target_caused_displacement;h1_ob_target_caused_imbalance;h1_ob_target_flip_zone;h1_ob_target_has_inducement;h1_ob_target_swept_liquidity;h1_ob_target_swept_liquidity_fractal;h1_ob_target_swept_liquidity_fvg;h1_ob_target_swept_liquidity_internal;h1_ob_target_swept_liquidity_previous_candle;h1_ob_target_swept_liquidity_swing;h1_ob_target_within_h4_ob;h4_mitigation_ob_caused_displacement;h4_mitigation_ob_caused_imbalance;h4_mitigation_ob_flip_zone;h4_mitigation_ob_has_inducement;h4_mitigation_ob_swept_liquidity;h4_mitigation_ob_swept_liquidity_fractal;h4_mitigation_ob_swept_liquidity_fvg;h4_mitigation_ob_swept_liquidity_internal;h4_mitigation_ob_swept_liquidity_previous_candle;h4_mitigation_ob_swept_liquidity_swing;h4_mitigation_ob_within_daily_ob;h4_ob_target_caused_displacement;h4_ob_target_caused_imbalance;h4_ob_target_flip_zone;h4_ob_target_has_inducement;h4_ob_target_swept_liquidity;h4_ob_target_swept_liquidity_fractal;h4_ob_target_swept_liquidity_fvg;h4_ob_target_swept_liquidity_internal;h4_ob_target_swept_liquidity_previous_candle;h4_ob_target_swept_liquidity_swing;h4_ob_target_within_daily_ob
2021-08-06,Friday,ny,2021-08-06 11:00:00+00:00,2021-08-06 12:00:00+00:00,bullish,1.25059,1.24936,1.2524350000000002,1.2524350000000002,0.0012300000000000644,-3.5556882767026248,win,1.5,tp,6.097560975609307,4.056910569105339,friday_close,False,0,1,0 days 01:00:00,0.0,False,25.0,56.2,1.5,2021-08-06 11:00:00+00:00,False,1.25051,1.24956,1,daily_mitigation_ob_caused_displacement;daily_mitigation_ob_caused_imbalance;daily_mitigation_ob_flip_zone;daily_mitigation_ob_has_inducement;daily_mitigation_ob_swept_liquidity;daily_mitigation_ob_swept_liquidity_fractal;daily_mitigation_ob_swept_liquidity_fvg;daily_mitigation_ob_swept_liquidity_internal;daily_mitigation_ob_swept_liquidity_previous_candle;daily_mitigation_ob_swept_liquidity_swing;daily_ob_target_caused_displacement;daily_ob_target_caused_imbalance;daily_ob_target_flip_zone;daily_ob_target_has_inducement;daily_ob_target_swept_liquidity;daily_ob_target_swept_liquidity_fractal;daily_ob_target_swept_liquidity_fvg;daily_ob_target_swept_liquidity_internal;daily_ob_target_swept_liquidity_previous_candle;daily_ob_target_swept_liquidity_swing;h1_mitigation_ob_flip_zone;h1_mitigation_ob_swept_liquidity_fractal;h1_mitigation_ob_swept_liquidity_fvg;h1_mitigation_ob_swept_liquidity_internal;h1_mitigation_ob_swept_liquidity_previous_candle;h1_mitigation_ob_swept_liquidity_swing;h1_ob_target_flip_zone;h1_ob_target_swept_liquidity;h1_ob_target_swept_liquidity_fractal;h1_ob_target_swept_liquidity_fvg;h1_ob_target_swept_liquidity_internal;h1_ob_target_swept_liquidity_swing;h4_mitigation_ob_caused_displacement;h4_mitigation_ob_caused_imbalance;h4_mitigation_ob_flip_zone;h4_mitigation_ob_has_inducement;h4_mitigation_ob_swept_liquidity;h4_mitigation_ob_swept_liquidity_fractal;h4_mitigation_ob_swept_liquidity_fvg;h4_mitigation_ob_swept_liquidity_internal;h4_mitigation_ob_swept_liquidity_previous_candle;h4_mitigation_ob_swept_liquidity_swing;h4_mitigation_ob_within_daily_ob;h4_ob_target_caused_displacement;h4_ob_target_caused_imbalance;h4_ob_target_flip_zone;h4_ob_target_has_inducement;h4_ob_target_swept_liquidity;h4_ob_target_swept_liquidity_fractal;h4_ob_target_swept_liquidity_fvg;h4_ob_target_swept_liquidity_internal;h4_ob_target_swept_liquidity_previous_candle;h4_ob_target_swept_liquidity_swing;h4_ob_target_within_daily_ob
2021-08-06,Friday,ny,2021-08-06 13:00:00+00:00,2021-08-06 14:00:00+00:00,bearish,1.25448,1.25645,1.251525,1.25645,0.0019700000000000273,12.237535448223069,loss,-1.0,sl,0.35025380710663445,-1.0,sl,False,0,1,0 days 01:00:00,16.399999999998638,False,25.0,56.2,1.5,2021-08-06 13:00:00+00:00,False,1.25625,1.25319,1,daily_mitigation_ob_caused_displacement;daily_mitigation_ob_caused_imbalance;daily_mitigation_ob_flip_zone;daily_mitigation_ob_has_inducement;daily_mitigation_ob_swept_liquidity;daily_mitigation_ob_swept_liquidity_fractal;daily_mitigation_ob_swept_liquidity_fvg;daily_mitigation_ob_swept_liquidity_internal;daily_mitigation_ob_swept_liquidity_previous_candle;daily_mitigation_ob_swept_liquidity_swing;daily_ob_target_caused_displacement;daily_ob_target_caused_imbalance;daily_ob_target_flip_zone;daily_ob_target_has_inducement;daily_ob_target_swept_liquidity;daily_ob_target_swept_liquidity_fractal;daily_ob_target_swept_liquidity_fvg;daily_ob_target_swept_liquidity_internal;daily_ob_target_swept_liquidity_previous_candle;daily_ob_target_swept_liquidity_swing;h1_mitigation_ob_flip_zone;h1_mitigation_ob_swept_liquidity;h1_mitigation_ob_swept_liquidity_fractal;h1_mitigation_ob_swept_liquidity_fvg;h1_mitigation_ob_swept_liquidity_internal;h1_mitigation_ob_swept_liquidity_swing;h1_ob_target_flip_zone;h1_ob_target_swept_liquidity;h1_ob_target_swept_liquidity_fvg;h1_ob_target_swept_liquidity_swing;h4_mitigation_ob_flip_zone;h4_mitigation_ob_swept_liquidity_fractal;h4_mitigation_ob_swept_liquidity_fvg;h4_mitigation_ob_swept_liquidity_internal;h4_mitigation_ob_swept_liquidity_previous_candle;h4_mitigation_ob_swept_liquidity_swing;h4_ob_target_flip_zone;h4_ob_target_swept_liquidity;h4_ob_target_swept_liquidity_fractal;h4_ob_target_swept_liquidity_fvg;h4_ob_target_swept_liquidity_internal;h4_ob_target_swept_liquidity_swing
2021-08-10,Tuesday,london,2021-08-10 08:00:00+00:00,2021-08-10 09:00:00+00:00,bearish,1.257,1.25794,1.2555899999999998,1.25794,0.0009400000000001629,5.643816504490044,loss,-1.0,sl,0.3191489361701223,-1.0,sl,False,0,1,0 days 01:00:00,0.09999999999843467,False,25.0,56.2,1.5,2021-08-10 08:00:00+00:00,False,1.25774,1.2569,1,daily_mitigation_ob_caused_displacement;daily_mitigation_ob_caused_imbalance;daily_mitigation_ob_flip_zone;daily_mitigation_ob_has_inducement;daily_mitigation_ob_swept_liquidity;daily_mitigation_ob_swept_liquidity_fractal;daily_mitigation_ob_swept_liquidity_fvg;daily_mitigation_ob_swept_liquidity_internal;daily_mitigation_ob_swept_liquidity_previous_candle;daily_mitigation_ob_swept_liquidity_swing;daily_ob_target_caused_displacement;daily_ob_target_caused_imbalance;daily_ob_target_flip_zone;daily_ob_target_has_inducement;daily_ob_target_swept_liquidity;daily_ob_target_swept_liquidity_fractal;daily_ob_target_swept_liquidity_fvg;daily_ob_target_swept_liquidity_internal;daily_ob_target_swept_liquidity_previous_candle;daily_ob_target_swept_liquidity_swing;h1_mitigation_ob_flip_zone;h1_mitigation_ob_swept_liquidity_fractal;h1_mitigation_ob_swept_liquidity_fvg;h1_mitigation_ob_swept_liquidity_internal;h1_mitigation_ob_swept_liquidity_previous_candle;h1_mitigation_ob_swept_liquidity_swing;h1_ob_target_flip_zone;h1_ob_target_swept_liquidity;h1_ob_target_swept_liquidity_fvg;h1_ob_target_swept_liquidity_internal;h1_ob_target_swept_liquidity_previous_candle;h1_ob_target_swept_liquidity_swing;h4_mitigation_ob_caused_displacement;h4_mitigation_ob_caused_imbalance;h4_mitigation_ob_flip_zone;h4_mitigation_ob_has_inducement;h4_mitigation_ob_swept_liquidity;h4_mitigation_ob_swept_liquidity_fractal;h4_mitigation_ob_swept_liquidity_fvg;h4_mitigation_ob_swept_liquidity_internal;h4_mitigation_ob_swept_liquidity_previous_candle;h4_mitigation_ob_swept_liquidity_swing;h4_mitigation_ob_within_daily_ob;h4_ob_target_caused_displacement;h4_ob_target_caused_imbalance;h4_ob_target_flip_zone;h4_ob_target_has_inducement;h4_ob_target_swept_liquidity;h4_ob_target_swept_liquidity_fractal;h4_ob_target_swept_liquidity_fvg;h4_ob_target_swept_liquidity_internal;h4_ob_target_swept_liquidity_previous_candle;h4_ob_target_swept_liquidity_swing;h4_ob_target_within_daily_ob
2021-08-11,Wednesday,london,2021-08-11 08:00:00+00:00,2021-08-11 12:00:00+00:00,bullish,1.25335,1.25224,1.2550149999999998,1.25224,0.0011099999999999444,-1.8619180175483363,loss,-1.0,sl,1.3063063063063278,-1.0,sl,False,0,4,0 days 04:00:00,33.09999999999924,False,25.0,56.2,1.5,2021-08-11 08:00:00+00:00,False,1.25329,1.25244,1,daily_mitigation_ob_caused_displacement;daily_mitigation_ob_caused_imbalance;daily_mitigation_ob_flip_zone;daily_mitigation_ob_has_inducement;daily_mitigation_ob_swept_liquidity;daily_mitigation_ob_swept_liquidity_fractal;daily_mitigation_ob_swept_liquidity_fvg;daily_mitigation_ob_swept_liquidity_internal;daily_mitigation_ob_swept_liquidity_previous_candle;daily_mitigation_ob_swept_liquidity_swing;daily_ob_target_caused_displacement;daily_ob_target_caused_imbalance;daily_ob_target_flip_zone;daily_ob_target_has_inducement;daily_ob_target_swept_liquidity;daily_ob_target_swept_liquidity_fractal;daily_ob_target_swept_liquidity_fvg;daily_ob_target_swept_liquidity_internal;daily_ob_target_swept_liquidity_previous_candle;daily_ob_target_swept_liquidity_swing;h1_mitigation_ob_flip_zone;h1_mitigation_ob_swept_liquidity;h1_mitigation_ob_swept_liquidity_fractal;h1_mitigation_ob_swept_liquidity_internal;h1_mitigation_ob_swept_liquidity_previous_candle;h1_mitigation_ob_swept_liquidity_swing;h1_ob_target_flip_zone;h1_ob_target_swept_liquidity;h1_ob_target_swept_liquidity_fractal;h1_ob_target_swept_liquidity_internal;h1_ob_target_swept_liquidity_swing;h4_mitigation_ob_caused_displacement;h4_mitigation_ob_caused_imbalance;h4_mitigation_ob_flip_zone;h4_mitigation_ob_has_inducement;h4_mitigation_ob_swept_liquidity;h4_mitigation_ob_swept_liquidity_fractal;h4_mitigation_ob_swept_liquidity_fvg;h4_mitigation_ob_swept_liquidity_internal;h4_mitigation_ob_swept_liquidity_previous_candle;h4_mitigation_ob_swept_liquidity_swing;h4_mitigation_ob_within_daily_ob;h4_ob_target_flip_zone;h4_ob_target_swept_liquidity;h4_ob_target_swept_liquidity_fractal;h4_ob_target_swept_liquidity_internal;h4_ob_target_swept_liquidity_previous_candle;h4_ob_target_swept_liquidity_swing
2021-08-16,Monday,london,2021-08-16 06:00:00+00:00,2021-08-16 13:00:00+00:00,bullish,1.25444,1.25245,1.257425,1.257425,0.0019899999999999363,9.757640345187792,win,1.5,tp,10.0,15.100502512563253,friday_close,True,4,7,0 days 07:00:00,0.0,False,25.0,56.2,1.5,2021-08-16 05:00:00+00:00,True,1.25325,1.25265,1,daily_mitigation_ob_caused_displacement;daily_mitigation_ob_caused_imbalance;daily_mitigation_ob_flip_zone;daily_mitigation_ob_has_inducement;daily_mitigation_ob_swept_liquidity;daily_mitigation_ob_swept_liquidity_fractal;daily_mitigation_ob_swept_liquidity_fvg;daily_mitigation_ob_swept_liquidity_internal;daily_mitigation_ob_swept_liquidity_previous_candle;daily_mitigation_ob_swept_liquidity_swing;daily_ob_target_caused_displacement;daily_ob_target_caused_imbalance;daily_ob_target_flip_zone;daily_ob_target_has_inducement;daily_ob_target_swept_liquidity;daily_ob_target_swept_liquidity_fractal;daily_ob_target_swept_liquidity_fvg;daily_ob_target_swept_liquidity_internal;daily_ob_target_swept_liquidity_previous_candle;daily_ob_target_swept_liquidity_swing;h1_mitigation_ob_flip_zone;h1_mitigation_ob_swept_liquidity_fractal;h1_mitigation_ob_swept_liquidity_fvg;h1_mitigation_ob_swept_liquidity_internal;h1_mitigation_ob_swept_liquidity_previous_candle;h1_mitigation_ob_swept_liquidity_swing;h1_ob_target_flip_zone;h1_ob_target_swept_liquidity;h1_ob_target_swept_liquidity_fractal;h1_ob_target_swept_liquidity_internal;h1_ob_target_swept_liquidity_swing;h4_mitigation_ob_caused_displacement;h4_mitigation_ob_caused_imbalance;h4_mitigation_ob_flip_zone;h4_mitigation_ob_has_inducement;h4_mitigation_ob_swept_liquidity;h4_mitigation_ob_swept_liquidity_fractal;h4_mitigation_ob_swept_liquidity_fvg;h4_mitigation_ob_swept_liquidity_internal;h4_mitigation_ob_swept_liquidity_previous_candle;h4_mitigation_ob_swept_liquidity_swing;h4_mitigation_ob_within_daily_ob;h4_ob_target_flip_zone;h4_ob_target_swept_liquidity;h4_ob_target_swept_liquidity_fractal;h4_ob_target_swept_liquidity_internal;h4_ob_target_swept_liquidity_previous_candle;h4_ob_target_swept_liquidity_swing
2021-08-16,Monday,london,2021-08-16 08:00:00+00:00,2021-08-16 10:00:00+00:00,bullish,1.25405,1.25295,1.2557000000000003,1.2557000000000003,0.001100000000000101,9.757640345187792,win,1.5,tp,10.0,27.672727272724554,friday_close,True,4,2,0 days 02:00:00,0.0,False,25.0,56.2,1.5,2021-08-16 08:00:00+00:00,False,1.25409,1.25315,1,daily_mitigation_ob_caused_displacement;daily_mitigation_ob_caused_imbalance;daily_mitigation_ob_flip_zone;daily_mitigation_ob_has_inducement;daily_mitigation_ob_swept_liquidity;daily_mitigation_ob_swept_liquidity_fractal;daily_mitigation_ob_swept_liquidity_fvg;daily_mitigation_ob_swept_liquidity_internal;daily_mitigation_ob_swept_liquidity_previous_candle;daily_mitigation_ob_swept_liquidity_swing;daily_ob_target_caused_displacement;daily_ob_target_caused_imbalance;daily_ob_target_flip_zone;daily_ob_target_has_inducement;daily_ob_target_swept_liquidity;daily_ob_target_swept_liquidity_fractal;daily_ob_target_swept_liquidity_fvg;daily_ob_target_swept_liquidity_internal;daily_ob_target_swept_liquidity_previous_candle;daily_ob_target_swept_liquidity_swing;h1_mitigation_ob_flip_zone;h1_mitigation_ob_swept_liquidity_fractal;h1_mitigation_ob_swept_liquidity_fvg;h1_mitigation_ob_swept_liquidity_internal;h1_mitigation_ob_swept_liquidity_previous_candle;h1_mitigation_ob_swept_liquidity_swing;h1_ob_target_flip_zone;h1_ob_target_swept_liquidity;h1_ob_target_swept_liquidity_fractal;h1_ob_target_swept_liquidity_internal;h1_ob_target_swept_liquidity_swing;h4_mitigation_ob_caused_displacement;h4_mitigation_ob_caused_imbalance;h4_mitigation_ob_flip_zone;h4_mitigation_ob_has_inducement;h4_mitigation_ob_swept_liquidity;h4_mitigation_ob_swept_liquidity_fractal;h4_mitigation_ob_swept_liquidity_fvg;h4_mitigation_ob_swept_liquidity_internal;h4_mitigation_ob_swept_liquidity_previous_candle;h4_mitigation_ob_swept_liquidity_swing;h4_mitigation_ob_within_daily_ob;h4_ob_target_flip_zone;h4_ob_target_swept_liquidity;h4_ob_target_swept_liquidity_fractal;h4_ob_target_swept_liquidity_internal;h4_ob_target_swept_liquidity_previous_candle;h4_ob_target_swept_liquidity_swing
2021-08-20,Friday,london,2021-08-20 07:00:00+00:00,2021-08-20 14:00:00+00:00,bullish,1.291,1.28469,1.3004649999999995,1.28469,0.006309999999999816,13.535051644044515,loss,-1.0,sl,0.6133122028526392,-1.0,sl,False,0,7,0 days 07:00:00,13.500000000001844,False,25.0,56.2,1.5,2021-08-20 07:00:00+00:00,False,1.28615,1.28489,1,daily_mitigation_ob_caused_displacement;daily_mitigation_ob_caused_imbalance;daily_mitigation_ob_flip_zone;daily_mitigation_ob_has_inducement;daily_mitigation_ob_swept_liquidity;daily_mitigation_ob_swept_liquidity_fractal;daily_mitigation_ob_swept_liquidity_fvg;daily_mitigation_ob_swept_liquidity_internal;daily_mitigation_ob_swept_liquidity_previous_candle;daily_mitigation_ob_swept_liquidity_swing;daily_ob_target_flip_zone;daily_ob_target_swept_liquidity;daily_ob_target_swept_liquidity_fractal;daily_ob_target_swept_liquidity_fvg;daily_ob_target_swept_liquidity_internal;daily_ob_target_swept_liquidity_swing;h1_mitigation_ob_flip_zone;h1_mitigation_ob_swept_liquidity;h1_mitigation_ob_swept_liquidity_fractal;h1_mitigation_ob_swept_liquidity_internal;h1_mitigation_ob_swept_liquidity_previous_candle;h1_mitigation_ob_swept_liquidity_swing;h1_ob_target_flip_zone;h1_ob_target_swept_liquidity;h1_ob_target_swept_liquidity_fractal;h1_ob_target_swept_liquidity_fvg;h1_ob_target_swept_liquidity_internal;h1_ob_target_swept_liquidity_swing;h4_mitigation_ob_caused_displacement;h4_mitigation_ob_caused_imbalance;h4_mitigation_ob_flip_zone;h4_mitigation_ob_has_inducement;h4_mitigation_ob_swept_liquidity;h4_mitigation_ob_swept_liquidity_fractal;h4_mitigation_ob_swept_liquidity_fvg;h4_mitigation_ob_swept_liquidity_internal;h4_mitigation_ob_swept_liquidity_previous_candle;h4_mitigation_ob_swept_liquidity_swing;h4_mitigation_ob_within_daily_ob;h4_ob_target_flip_zone;h4_ob_target_swept_liquidity;h4_ob_target_swept_liquidity_fvg;h4_ob_target_swept_liquidity_internal;h4_ob_target_swept_liquidity_previous_candle;h4_ob_target_swept_liquidity_swing
2021-08-24,Tuesday,london,2021-08-24 07:00:00+00:00,2021-08-24 14:00:00+00:00,bearish,1.26268,1.26578,1.2580300000000002,1.2580300000000002,0.0030999999999998806,-4.186755559230245,win,1.5,tp,1.564516129032325,0.0,be_stop,True,1,7,0 days 07:00:00,4.899999999998794,False,25.0,56.2,1.5,2021-08-24 07:00:00+00:00,False,1.26558,1.2636,1,daily_mitigation_ob_caused_displacement;daily_mitigation_ob_caused_imbalance;daily_mitigation_ob_flip_zone;daily_mitigation_ob_has_inducement;daily_mitigation_ob_swept_liquidity;daily_mitigation_ob_swept_liquidity_fractal;daily_mitigation_ob_swept_liquidity_fvg;daily_mitigation_ob_swept_liquidity_internal;daily_mitigation_ob_swept_liquidity_previous_candle;daily_mitigation_ob_swept_liquidity_swing;daily_ob_target_flip_zone;daily_ob_target_swept_liquidity_fractal;daily_ob_target_swept_liquidity_fvg;daily_ob_target_swept_liquidity_internal;daily_ob_target_swept_liquidity_previous_candle;daily_ob_target_swept_liquidity_swing;h1_mitigation_ob_swept_liquidity_fractal;h1_mitigation_ob_swept_liquidity_fvg;h1_mitigation_ob_swept_liquidity_internal;h1_mitigation_ob_swept_liquidity_previous_candle;h1_mitigation_ob_swept_liquidity_swing;h1_ob_target_flip_zone;h1_ob_target_swept_liquidity_fractal;h1_ob_target_swept_liquidity_fvg;h1_ob_target_swept_liquidity_internal;h1_ob_target_swept_liquidity_previous_candle;h1_ob_target_swept_liquidity_swing;h4_mitigation_ob_caused_displacement;h4_mitigation_ob_caused_imbalance;h4_mitigation_ob_flip_zone;h4_mitigation_ob_has_inducement;h4_mitigation_ob_swept_liquidity;h4_mitigation_ob_swept_liquidity_fractal;h4_mitigation_ob_swept_liquidity_fvg;h4_mitigation_ob_swept_liquidity_internal;h4_mitigation_ob_swept_liquidity_previous_candle;h4_mitigation_ob_swept_liquidity_swing;h4_mitigation_ob_within_daily_ob;h4_ob_target_flip_zone;h4_ob_target_swept_liquidity;h4_ob_target_swept_liquidity_fractal;h4_ob_target_swept_liquidity_internal;h4_ob_target_swept_liquidity_previous_candle;h4_ob_target_swept_liquidity_swing
2021-08-24,Tuesday,ny,2021-08-24 11:00:00+00:00,2021-08-24 14:00:00+00:00,bullish,1.26263,1.25957,1.2672199999999996,1.25957,0.0030599999999998406,16.729010184606953,loss,-1.0,sl,0.3790849673202975,-1.0,sl,False,0,3,0 days 03:00:00,17.400000000000748,False,25.0,56.2,1.5,2021-08-24 11:00:00+00:00,False,1.26133,1.25977,2,daily_mitigation_ob_caused_displacement;daily_mitigation_ob_caused_imbalance;daily_mitigation_ob_flip_zone;daily_mitigation_ob_has_inducement;daily_mitigation_ob_swept_liquidity;daily_mitigation_ob_swept_liquidity_fractal;daily_mitigation_ob_swept_liquidity_fvg;daily_mitigation_ob_swept_liquidity_internal;daily_mitigation_ob_swept_liquidity_previous_candle;daily_mitigation_ob_swept_liquidity_swing;daily_ob_target_caused_displacement;daily_ob_target_caused_imbalance;daily_ob_target_flip_zone;daily_ob_target_has_inducement;daily_ob_target_swept_liquidity;daily_ob_target_swept_liquidity_fractal;daily_ob_target_swept_liquidity_fvg;daily_ob_target_swept_liquidity_internal;daily_ob_target_swept_liquidity_previous_candle;daily_ob_target_swept_liquidity_swing;h1_mitigation_ob_flip_zone;h1_mitigation_ob_swept_liquidity_fractal;h1_mitigation_ob_swept_liquidity_fvg;h1_mitigation_ob_swept_liquidity_internal;h1_mitigation_ob_swept_liquidity_previous_candle;h1_mitigation_ob_swept_liquidity_swing;h1_ob_target_flip_zone;h1_ob_target_swept_liquidity_fractal;h1_ob_target_swept_liquidity_fvg;h1_ob_target_swept_liquidity_internal;h1_ob_target_swept_liquidity_previous_candle;h1_ob_target_swept_liquidity_swing;h4_mitigation_ob_caused_displacement;h4_mitigation_ob_caused_imbalance;h4_mitigation_ob_flip_zone;h4_mitigation_ob_has_inducement;h4_mitigation_ob_swept_liquidity;h4_mitigation_ob_swept_liquidity_fractal;h4_mitigation_ob_swept_liquidity_fvg;h4_mitigation_ob_swept_liquidity_internal;h4_mitigation_ob_swept_liquidity_previous_candle;h4_mitigation_ob_swept_liquidity_swing;h4_mitigation_ob_within_daily_ob;h4_ob_target_caused_displacement;h4_ob_target_caused_imbalance;h4_ob_target_flip_zone;h4_ob_target_has_inducement;h4_ob_target_swept_liquidity;h4_ob_target_swept_liquidity_fractal;h4_ob_target_swept_liquidity_fvg;h4_ob_target_swept_liquidity_internal;h4_ob_target_swept_liquidity_previous_candle;h4_ob_target_swept_liquidity_swing;h4_ob_target_within_daily_ob
2021-08-25,Wednesday,london,2021-08-25 07:00:00+00:00,2021-08-25 13:00:00+00:00,bearish,1.26139,1.26369,1.25794,1.26369,0.0022999999999999687,-17.10462258742899,loss,-1.0,sl,0.5999999999999807,-1.0,sl,False,0,6,0 days 06:00:00,6.399999999999739,False,25.0,56.2,1.5,2021-08-25 07:00:00+00:00,False,1.26349,1.26201,2,daily_mitigation_ob_caused_displacement;daily_mitigation_ob_caused_imbalance;daily_mitigation_ob_flip_zone;daily_mitigation_ob_has_inducement;daily_mitigation_ob_swept_liquidity;daily_mitigation_ob_swept_liquidity_fractal;daily_mitigation_ob_swept_liquidity_fvg;daily_mitigation_ob_swept_liquidity_internal;daily_mitigation_ob_swept_liquidity_previous_candle;daily_mitigation_ob_swept_liquidity_swing;daily_ob_target_flip_zone;daily_ob_target_swept_liquidity_fractal;daily_ob_target_swept_liquidity_fvg;daily_ob_target_swept_liquidity_internal;daily_ob_target_swept_liquidity_previous_candle;daily_ob_target_swept_liquidity_swing;h1_mitigation_ob_flip_zone;h1_mitigation_ob_swept_liquidity_fractal;h1_mitigation_ob_swept_liquidity_fvg;h1_mitigation_ob_swept_liquidity_internal;h1_mitigation_ob_swept_liquidity_previous_candle;h1_mitigation_ob_swept_liquidity_swing;h1_ob_target_flip_zone;h1_ob_target_swept_liquidity;h1_ob_target_swept_liquidity_fractal;h1_ob_target_swept_liquidity_fvg;h1_ob_target_swept_liquidity_internal;h1_ob_target_swept_liquidity_swing;h4_mitigation_ob_caused_displacement;h4_mitigation_ob_caused_imbalance;h4_mitigation_ob_flip_zone;h4_mitigation_ob_has_inducement;h4_mitigation_ob_swept_liquidity;h4_mitigation_ob_swept_liquidity_fractal;h4_mitigation_ob_swept_liquidity_fvg;h4_mitigation_ob_swept_liquidity_internal;h4_mitigation_ob_swept_liquidity_previous_candle;h4_mitigation_ob_swept_liquidity_swing;h4_mitigation_ob_within_daily_ob;h4_ob_target_flip_zone;h4_ob_target_swept_liquidity_fractal;h4_ob_target_swept_liquidity_fvg;h4_ob_target_swept_liquidity_internal;h4_ob_target_swept_liquidity_previous_candle;h4_ob_target_swept_liquidity_swing
2021-08-25,Wednesday,ny,2021-08-25 13:00:00+00:00,2021-08-25 18:00:00+00:00,bullish,1.26256,1.2605600000000001,1.2655599999999996,1.26128,0.0019999999999997797,19.133735745908126,loss,-0.6400000000000444,cut_19h,0.4100000000000666,-0.6400000000000444,cut_19h,False,1,5,0 days 05:00:00,0.0,False,25.0,56.2,1.5,2021-08-25 13:00:00+00:00,False,1.26253,1.26076,1,daily_mitigation_ob_caused_displacement;daily_mitigation_ob_caused_imbalance;daily_mitigation_ob_flip_zone;daily_mitigation_ob_has_inducement;daily_mitigation_ob_swept_liquidity;daily_mitigation_ob_swept_liquidity_fractal;daily_mitigation_ob_swept_liquidity_fvg;daily_mitigation_ob_swept_liquidity_internal;daily_mitigation_ob_swept_liquidity_previous_candle;daily_mitigation_ob_swept_liquidity_swing;daily_ob_target_caused_displacement;daily_ob_target_caused_imbalance;daily_ob_target_flip_zone;daily_ob_target_has_inducement;daily_ob_target_swept_liquidity;daily_ob_target_swept_liquidity_fractal;daily_ob_target_swept_liquidity_fvg;daily_ob_target_swept_liquidity_internal;daily_ob_target_swept_liquidity_previous_candle;daily_ob_target_swept_liquidity_swing;h1_mitigation_ob_flip_zone;h1_mitigation_ob_swept_liquidity;h1_mitigation_ob_swept_liquidity_fractal;h1_mitigation_ob_swept_liquidity_internal;h1_mitigation_ob_swept_liquidity_swing;h1_ob_target_flip_zone;h1_ob_target_swept_liquidity_fractal;h1_ob_target_swept_liquidity_fvg;h1_ob_target_swept_liquidity_internal;h1_ob_target_swept_liquidity_previous_candle;h1_ob_target_swept_liquidity_swing;h4_mitigation_ob_caused_displacement;h4_mitigation_ob_caused_imbalance;h4_mitigation_ob_flip_zone;h4_mitigation_ob_has_inducement;h4_mitigation_ob_swept_liquidity;h4_mitigation_ob_swept_liquidity_fractal;h4_mitigation_ob_swept_liquidity_fvg;h4_mitigation_ob_swept_liquidity_internal;h4_mitigation_ob_swept_liquidity_previous_candle;h4_mitigation_ob_swept_liquidity_swing;h4_mitigation_ob_within_daily_ob;h4_ob_target_caused_displacement;h4_ob_target_caused_imbalance;h4_ob_target_flip_zone;h4_ob_target_has_inducement;h4_ob_target_swept_liquidity;h4_ob_target_swept_liquidity_fractal;h4_ob_target_swept_liquidity_fvg;h4_ob_target_swept_liquidity_internal;h4_ob_target_swept_liquidity_previous_candle;h4_ob_target_swept_liquidity_swing;h4_ob_target_within_daily_ob
2021-08-27,Friday,london,2021-08-27 07:00:00+00:00,2021-08-27 12:00:00+00:00,bearish,1.26624,1.2690299999999999,1.2620550000000001,1.2690299999999999,0.002789999999999848,-12.045409885675424,loss,-1.0,sl,0.060931899641581626,-1.0,sl,False,0,5,0 days 05:00:00,4.900000000001015,False,25.0,56.2,1.5,2021-08-27 07:00:00+00:00,False,1.26883,1.2676,1,daily_mitigation_ob_caused_displacement;daily_mitigation_ob_caused_imbalance;daily_mitigation_ob_flip_zone;daily_mitigation_ob_has_inducement;daily_mitigation_ob_swept_liquidity;daily_mitigation_ob_swept_liquidity_fractal;daily_mitigation_ob_swept_liquidity_fvg;daily_mitigation_ob_swept_liquidity_internal;daily_mitigation_ob_swept_liquidity_previous_candle;daily_mitigation_ob_swept_liquidity_swing;daily_ob_target_flip_zone;daily_ob_target_swept_liquidity_fractal;daily_ob_target_swept_liquidity_fvg;daily_ob_target_swept_liquidity_internal;daily_ob_target_swept_liquidity_previous_candle;daily_ob_target_swept_liquidity_swing;h1_mitigation_ob_flip_zone;h1_mitigation_ob_swept_liquidity_fractal;h1_mitigation_ob_swept_liquidity_fvg;h1_mitigation_ob_swept_liquidity_internal;h1_mitigation_ob_swept_liquidity_previous_candle;h1_mitigation_ob_swept_liquidity_swing;h1_ob_target_flip_zone;h1_ob_target_swept_liquidity_fractal;h1_ob_target_swept_liquidity_fvg;h1_ob_target_swept_liquidity_internal;h1_ob_target_swept_liquidity_previous_candle;h1_ob_target_swept_liquidity_swing;h4_mitigation_ob_caused_displacement;h4_mitigation_ob_caused_imbalance;h4_mitigation_ob_flip_zone;h4_mitigation_ob_has_inducement;h4_mitigation_ob_swept_liquidity;h4_mitigation_ob_swept_liquidity_fractal;h4_mitigation_ob_swept_liquidity_fvg;h4_mitigation_ob_swept_liquidity_internal;h4_mitigation_ob_swept_liquidity_previous_candle;h4_mitigation_ob_swept_liquidity_swing;h4_mitigation_ob_within_daily_ob;h4_ob_target_flip_zone;h4_ob_target_swept_liquidity_fractal;h4_ob_target_swept_liquidity_fvg;h4_ob_target_swept_liquidity_internal;h4_ob_target_swept_liquidity_previous_candle;h4_ob_target_swept_liquidity_swing
2021-08-30,Monday,ny,2021-08-30 12:00:00+00:00,2021-08-30 13:00:00+00:00,bullish,1.2604,1.25935,1.261975,1.25935,0.0010499999999999954,24.070210504160393,loss,-1.0,sl,0.0,-1.0,sl,False,0,1,0 days 01:00:00,20.400000000000418,False,25.0,56.2,1.5,2021-08-30 12:00:00+00:00,False,1.2605,1.25955,2,daily_mitigation_ob_flip_zone;daily_mitigation_ob_swept_liquidity_fractal;daily_mitigation_ob_swept_liquidity_fvg;daily_mitigation_ob_swept_liquidity_internal;daily_mitigation_ob_swept_liquidity_previous_candle;daily_mitigation_ob_swept_liquidity_swing;daily_ob_target_caused_displacement;daily_ob_target_caused_imbalance;daily_ob_target_flip_zone;daily_ob_target_has_inducement;daily_ob_target_swept_liquidity;daily_ob_target_swept_liquidity_fractal;daily_ob_target_swept_liquidity_fvg;daily_ob_target_swept_liquidity_internal;daily_ob_target_swept_liquidity_previous_candle;daily_ob_target_swept_liquidity_swing;h1_mitigation_ob_flip_zone;h1_mitigation_ob_swept_liquidity_fractal;h1_mitigation_ob_swept_liquidity_fvg;h1_mitigation_ob_swept_liquidity_internal;h1_mitigation_ob_swept_liquidity_previous_candle;h1_mitigation_ob_swept_liquidity_swing;h1_ob_target_flip_zone;h1_ob_target_swept_liquidity;h1_ob_target_swept_liquidity_fvg;h1_ob_target_swept_liquidity_internal;h1_ob_target_swept_liquidity_previous_candle;h1_ob_target_swept_liquidity_swing;h4_mitigation_ob_caused_displacement;h4_mitigation_ob_caused_imbalance;h4_mitigation_ob_flip_zone;h4_mitigation_ob_has_inducement;h4_mitigation_ob_swept_liquidity;h4_mitigation_ob_swept_liquidity_fractal;h4_mitigation_ob_swept_liquidity_fvg;h4_mitigation_ob_swept_liquidity_internal;h4_mitigation_ob_swept_liquidity_previous_candle;h4_mitigation_ob_swept_liquidity_swing;h4_mitigation_ob_within_daily_ob;h4_ob_target_flip_zone;h4_ob_target_swept_liquidity;h4_ob_target_swept_liquidity_fractal;h4_ob_target_swept_liquidity_internal;h4_ob_target_swept_liquidity_swing
2021-09-01,Wednesday,london,2021-09-01 08:00:00+00:00,2021-09-01 14:00:00+00:00,bullish,1.25916,1.25698,1.2624300000000002,1.2624300000000002,0.0021800000000000708,45.874001976830584,win,1.5,tp,2.1146788990825014,0.0,be_stop,True,1,6,0 days 06:00:00,4.900000000001015,True,25.0,56.2,1.5,2021-09-01 08:00:00+00:00,False,1.25899,1.25718,1,daily_mitigation_ob_caused_displacement;daily_mitigation_ob_caused_imbalance;daily_mitigation_ob_flip_zone;daily_mitigation_ob_has_inducement;daily_mitigation_ob_swept_liquidity;daily_mitigation_ob_swept_liquidity_fractal;daily_mitigation_ob_swept_liquidity_fvg;daily_mitigation_ob_swept_liquidity_internal;daily_mitigation_ob_swept_liquidity_previous_candle;daily_mitigation_ob_swept_liquidity_swing;daily_ob_target_caused_displacement;daily_ob_target_caused_imbalance;daily_ob_target_flip_zone;daily_ob_target_has_inducement;daily_ob_target_swept_liquidity;daily_ob_target_swept_liquidity_fractal;daily_ob_target_swept_liquidity_fvg;daily_ob_target_swept_liquidity_internal;daily_ob_target_swept_liquidity_previous_candle;daily_ob_target_swept_liquidity_swing;h1_mitigation_ob_flip_zone;h1_mitigation_ob_swept_liquidity;h1_mitigation_ob_swept_liquidity_fractal;h1_mitigation_ob_swept_liquidity_fvg;h1_mitigation_ob_swept_liquidity_internal;h1_mitigation_ob_swept_liquidity_swing;h1_ob_target_flip_zone;h1_ob_target_swept_liquidity;h1_ob_target_swept_liquidity_fractal;h1_ob_target_swept_liquidity_fvg;h1_ob_target_swept_liquidity_internal;h1_ob_target_swept_liquidity_swing;h4_mitigation_ob_flip_zone;h4_mitigation_ob_swept_liquidity;h4_mitigation_ob_swept_liquidity_fractal;h4_mitigation_ob_swept_liquidity_fvg;h4_ob_target_caused_displacement;h4_ob_target_caused_imbalance;h4_ob_target_flip_zone;h4_ob_target_has_inducement;h4_ob_target_swept_liquidity;h4_ob_target_swept_liquidity_fractal;h4_ob_target_swept_liquidity_fvg;h4_ob_target_swept_liquidity_internal;h4_ob_target_swept_liquidity_previous_candle;h4_ob_target_swept_liquidity_swing;h4_ob_target_within_daily_ob
2021-09-03,Friday,london,2021-09-03 06:00:00+00:00,2021-09-03 11:00:00+00:00,bullish,1.2542,1.25313,1.2558049999999998,1.25313,0.0010699999999999044,-11.073357010724592,loss,-1.0,sl,1.1401869158879514,-1.0,sl,False,0,5,0 days 05:00:00,1.3000000000018552,False,25.0,56.2,1.5,2021-09-03 06:00:00+00:00,False,1.25484,1.25333,2,daily_mitigation_ob_caused_displacement;daily_mitigation_ob_caused_imbalance;daily_mitigation_ob_flip_zone;daily_mitigation_ob_has_inducement;daily_mitigation_ob_swept_liquidity;daily_mitigation_ob_swept_liquidity_fractal;daily_mitigation_ob_swept_liquidity_fvg;daily_mitigation_ob_swept_liquidity_internal;daily_mitigation_ob_swept_liquidity_previous_candle;daily_mitigation_ob_swept_liquidity_swing;daily_ob_target_flip_zone;daily_ob_target_swept_liquidity_fractal;daily_ob_target_swept_liquidity_fvg;daily_ob_target_swept_liquidity_internal;daily_ob_target_swept_liquidity_previous_candle;daily_ob_target_swept_liquidity_swing;h1_mitigation_ob_flip_zone;h1_mitigation_ob_swept_liquidity;h1_mitigation_ob_swept_liquidity_fractal;h1_mitigation_ob_swept_liquidity_fvg;h1_mitigation_ob_swept_liquidity_internal;h1_mitigation_ob_swept_liquidity_swing;h1_ob_target_flip_zone;h1_ob_target_swept_liquidity_fractal;h1_ob_target_swept_liquidity_fvg;h1_ob_target_swept_liquidity_internal;h1_ob_target_swept_liquidity_previous_candle;h1_ob_target_swept_liquidity_swing;h4_mitigation_ob_flip_zone;h4_mitigation_ob_swept_liquidity_fractal;h4_mitigation_ob_swept_liquidity_fvg;h4_mitigation_ob_swept_liquidity_internal;h4_mitigation_ob_swept_liquidity_previous_candle;h4_mitigation_ob_swept_liquidity_swing;h4_ob_target_flip_zone;h4_ob_target_swept_liquidity;h4_ob_target_swept_liquidity_fractal;h4_ob_target_swept_liquidity_internal;h4_ob_target_swept_liquidity_previous_candle;h4_ob_target_swept_liquidity_swing
2021-09-03,Friday,london,2021-09-03 07:00:00+00:00,2021-09-03 12:00:00+00:00,bearish,1.25448,1.25602,1.2521700000000002,1.2521700000000002,0.0015399999999998748,15.603104447050123,win,1.5,tp,3.350649350649658,2.4870129870131894,friday_close,False,0,5,0 days 05:00:00,0.0,False,25.0,56.2,1.5,2021-09-03 07:00:00+00:00,False,1.25582,1.2549,1,daily_mitigation_ob_caused_displacement;daily_mitigation_ob_caused_imbalance;daily_mitigation_ob_flip_zone;daily_mitigation_ob_has_inducement;daily_mitigation_ob_swept_liquidity;daily_mitigation_ob_swept_liquidity_fractal;daily_mitigation_ob_swept_liquidity_fvg;daily_mitigation_ob_swept_liquidity_internal;daily_mitigation_ob_swept_liquidity_previous_candle;daily_mitigation_ob_swept_liquidity_swing;daily_ob_target_flip_zone;daily_ob_target_swept_liquidity_fractal;daily_ob_target_swept_liquidity_fvg;daily_ob_target_swept_liquidity_internal;daily_ob_target_swept_liquidity_previous_candle;daily_ob_target_swept_liquidity_swing;h1_mitigation_ob_flip_zone;h1_mitigation_ob_swept_liquidity_fractal;h1_mitigation_ob_swept_liquidity_fvg;h1_mitigation_ob_swept_liquidity_internal;h1_mitigation_ob_swept_liquidity_previous_candle;h1_mitigation_ob_swept_liquidity_swing;h1_ob_target_flip_zone;h1_ob_target_swept_liquidity_fractal;h1_ob_target_swept_liquidity_fvg;h1_ob_target_swept_liquidity_internal;h1_ob_target_swept_liquidity_previous_candle;h1_ob_target_swept_liquidity_swing;h4_mitigation_ob_caused_displacement;h4_mitigation_ob_caused_imbalance;h4_mitigation_ob_flip_zone;h4_mitigation_ob_has_inducement;h4_mitigation_ob_swept_liquidity;h4_mitigation_ob_swept_liquidity_fractal;h4_mitigation_ob_swept_liquidity_fvg;h4_mitigation_ob_swept_liquidity_internal;h4_mitigation_ob_swept_liquidity_previous_candle;h4_mitigation_ob_swept_liquidity_swing;h4_mitigation_ob_within_daily_ob;h4_ob_target_flip_zone;h4_ob_target_swept_liquidity_fractal;h4_ob_target_swept_liquidity_fvg;h4_ob_target_swept_liquidity_internal;h4_ob_target_swept_liquidity_previous_candle;h4_ob_target_swept_liquidity_swing
2021-09-06,Monday,london,2021-09-06 07:00:00+00:00,2021-09-06 18:00:00+00:00,bullish,1.254,1.25215,1.2567749999999998,1.25315,0.0018499999999999073,-11.681515861725343,loss,-0.4594594594594919,cut_19h,1.0108108108108822,-0.4594594594594919,cut_19h,False,1,11,0 days 11:00:00,0.0,False,25.0,56.2,1.5,2021-09-06 07:00:00+00:00,False,1.25311,1.25235,1,daily_mitigation_ob_caused_displacement;daily_mitigation_ob_caused_imbalance;daily_mitigation_ob_flip_zone;daily_mitigation_ob_has_inducement;daily_mitigation_ob_swept_liquidity;daily_mitigation_ob_swept_liquidity_fractal;daily_mitigation_ob_swept_liquidity_fvg;daily_mitigation_ob_swept_liquidity_internal;daily_mitigation_ob_swept_liquidity_previous_candle;daily_mitigation_ob_swept_liquidity_swing;daily_ob_target_flip_zone;daily_ob_target_swept_liquidity_fractal;daily_ob_target_swept_liquidity_fvg;daily_ob_target_swept_liquidity_internal;daily_ob_target_swept_liquidity_previous_candle;daily_ob_target_swept_liquidity_swing;h1_mitigation_ob_flip_zone;h1_mitigation_ob_swept_liquidity;h1_mitigation_ob_swept_liquidity_fractal;h1_mitigation_ob_swept_liquidity_fvg;h1_mitigation_ob_swept_liquidity_internal;h1_mitigation_ob_swept_liquidity_swing;h1_ob_target_flip_zone;h1_ob_target_swept_liquidity_fractal;h1_ob_target_swept_liquidity_fvg;h1_ob_target_swept_liquidity_internal;h1_ob_target_swept_liquidity_previous_candle;h1_ob_target_swept_liquidity_swing;h4_mitigation_ob_caused_displacement;h4_mitigation_ob_caused_imbalance;h4_mitigation_ob_flip_zone;h4_mitigation_ob_has_inducement;h4_mitigation_ob_swept_liquidity;h4_mitigation_ob_swept_liquidity_fractal;h4_mitigation_ob_swept_liquidity_fvg;h4_mitigation_ob_swept_liquidity_internal;h4_mitigation_ob_swept_liquidity_previous_candle;h4_mitigation_ob_swept_liquidity_swing;h4_mitigation_ob_within_daily_ob;h4_ob_target_flip_zone;h4_ob_target_swept_liquidity;h4_ob_target_swept_liquidity_fractal;h4_ob_target_swept_liquidity_internal;h4_ob_target_swept_liquidity_previous_candle;h4_ob_target_swept_liquidity_swing
2021-09-07,Tuesday,ny,2021-09-07 11:00:00+00:00,2021-09-07 14:00:00+00:00,bearish,1.25846,1.26033,1.255655,1.26033,0.0018700000000000383,-11.519608393139993,loss,-1.0,sl,0.20855614973255746,-1.0,sl,False,0,3,0 days 03:00:00,39.80000000000094,False,25.0,56.2,1.5,2021-09-07 11:00:00+00:00,False,1.26013,1.25888,1,daily_mitigation_ob_flip_zone;daily_mitigation_ob_swept_liquidity_fractal;daily_mitigation_ob_swept_liquidity_fvg;daily_mitigation_ob_swept_liquidity_internal;daily_mitigation_ob_swept_liquidity_previous_candle;daily_mitigation_ob_swept_liquidity_swing;daily_ob_target_caused_displacement;daily_ob_target_caused_imbalance;daily_ob_target_flip_zone;daily_ob_target_has_inducement;daily_ob_target_swept_liquidity;daily_ob_target_swept_liquidity_fractal;daily_ob_target_swept_liquidity_fvg;daily_ob_target_swept_liquidity_internal;daily_ob_target_swept_liquidity_previous_candle;daily_ob_target_swept_liquidity_swing;h1_mitigation_ob_flip_zone;h1_mitigation_ob_swept_liquidity_fractal;h1_mitigation_ob_swept_liquidity_fvg;h1_mitigation_ob_swept_liquidity_internal;h1_mitigation_ob_swept_liquidity_previous_candle;h1_mitigation_ob_swept_liquidity_swing;h1_ob_target_flip_zone;h1_ob_target_swept_liquidity_fractal;h1_ob_target_swept_liquidity_fvg;h1_ob_target_swept_liquidity_internal;h1_ob_target_swept_liquidity_previous_candle;h1_ob_target_swept_liquidity_swing;h4_mitigation_ob_caused_displacement;h4_mitigation_ob_caused_imbalance;h4_mitigation_ob_flip_zone;h4_mitigation_ob_has_inducement;h4_mitigation_ob_swept_liquidity;h4_mitigation_ob_swept_liquidity_fractal;h4_mitigation_ob_swept_liquidity_fvg;h4_mitigation_ob_swept_liquidity_internal;h4_mitigation_ob_swept_liquidity_previous_candle;h4_mitigation_ob_swept_liquidity_swing;h4_mitigation_ob_within_daily_ob;h4_ob_target_caused_displacement;h4_ob_target_caused_imbalance;h4_ob_target_flip_zone;h4_ob_target_has_inducement;h4_ob_target_swept_liquidity;h4_ob_target_swept_liquidity_fractal;h4_ob_target_swept_liquidity_fvg;h4_ob_target_swept_liquidity_internal;h4_ob_target_swept_liquidity_previous_candle;h4_ob_target_swept_liquidity_swing;h4_ob_target_within_daily_ob
2021-09-09,Thursday,london,2021-09-09 07:00:00+00:00,2021-09-09 09:00:00+00:00,bullish,1.27081,1.2687,1.273975,1.2687,0.0021100000000000563,21.828679480690262,loss,-1.0,sl,0.04265402843598155,-1.0,sl,False,0,2,0 days 02:00:00,8.399999999999519,False,25.0,56.2,1.5,2021-09-09 07:00:00+00:00,False,1.2702,1.2689,1,daily_mitigation_ob_caused_displacement;daily_mitigation_ob_caused_imbalance;daily_mitigation_ob_flip_zone;daily_mitigation_ob_has_inducement;daily_mitigation_ob_swept_liquidity;daily_mitigation_ob_swept_liquidity_fractal;daily_mitigation_ob_swept_liquidity_fvg;daily_mitigation_ob_swept_liquidity_internal;daily_mitigation_ob_swept_liquidity_previous_candle;daily_mitigation_ob_swept_liquidity_swing;daily_ob_target_caused_displacement;daily_ob_target_caused_imbalance;daily_ob_target_flip_zone;daily_ob_target_has_inducement;daily_ob_target_swept_liquidity;daily_ob_target_swept_liquidity_fractal;daily_ob_target_swept_liquidity_fvg;daily_ob_target_swept_liquidity_internal;daily_ob_target_swept_liquidity_previous_candle;daily_ob_target_swept_liquidity_swing;h1_mitigation_ob_flip_zone;h1_mitigation_ob_swept_liquidity_fractal;h1_mitigation_ob_swept_liquidity_fvg;h1_mitigation_ob_swept_liquidity_internal;h1_mitigation_ob_swept_liquidity_previous_candle;h1_mitigation_ob_swept_liquidity_swing;h1_ob_target_flip_zone;h1_ob_target_swept_liquidity;h1_ob_target_swept_liquidity_fractal;h1_ob_target_swept_liquidity_internal;h1_ob_target_swept_liquidity_previous_candle;h1_ob_target_swept_liquidity_swing;h4_mitigation_ob_caused_displacement;h4_mitigation_ob_caused_imbalance;h4_mitigation_ob_flip_zone;h4_mitigation_ob_has_inducement;h4_mitigation_ob_swept_liquidity;h4_mitigation_ob_swept_liquidity_fractal;h4_mitigation_ob_swept_liquidity_fvg;h4_mitigation_ob_swept_liquidity_internal;h4_mitigation_ob_swept_liquidity_previous_candle;h4_mitigation_ob_swept_liquidity_swing;h4_mitigation_ob_within_daily_ob;h4_ob_target_caused_displacement;h4_ob_target_caused_imbalance;h4_ob_target_flip_zone;h4_ob_target_has_inducement;h4_ob_target_swept_liquidity;h4_ob_target_swept_liquidity_fractal;h4_ob_target_swept_liquidity_fvg;h4_ob_target_swept_liquidity_internal;h4_ob_target_swept_liquidity_previous_candle;h4_ob_target_swept_liquidity_swing;h4_ob_target_within_daily_ob
2021-09-14,Tuesday,ny,2021-09-14 13:00:00+00:00,2021-09-15 13:00:00+00:00,bullish,1.26491,1.25801,1.2752599999999998,1.26491,0.006899999999999906,22.730582702532004,breakeven,0.0,be_stop,0.8536231884058015,0.0,be_stop,True,1,24,1 days 00:00:00,9.500000000000064,False,25.0,56.2,1.5,2021-09-14 13:00:00+00:00,False,1.26065,1.25821,1,daily_mitigation_ob_caused_displacement;daily_mitigation_ob_caused_imbalance;daily_mitigation_ob_flip_zone;daily_mitigation_ob_has_inducement;daily_mitigation_ob_swept_liquidity;daily_mitigation_ob_swept_liquidity_fractal;daily_mitigation_ob_swept_liquidity_fvg;daily_mitigation_ob_swept_liquidity_internal;daily_mitigation_ob_swept_liquidity_previous_candle;daily_mitigation_ob_swept_liquidity_swing;daily_ob_target_caused_displacement;daily_ob_target_caused_imbalance;daily_ob_target_flip_zone;daily_ob_target_has_inducement;daily_ob_target_swept_liquidity;daily_ob_target_swept_liquidity_fractal;daily_ob_target_swept_liquidity_fvg;daily_ob_target_swept_liquidity_internal;daily_ob_target_swept_liquidity_previous_candle;daily_ob_target_swept_liquidity_swing;h1_mitigation_ob_flip_zone;h1_mitigation_ob_swept_liquidity_fractal;h1_mitigation_ob_swept_liquidity_fvg;h1_mitigation_ob_swept_liquidity_internal;h1_mitigation_ob_swept_liquidity_previous_candle;h1_mitigation_ob_swept_liquidity_swing;h1_ob_target_flip_zone;h1_ob_target_swept_liquidity;h1_ob_target_swept_liquidity_fractal;h1_ob_target_swept_liquidity_internal;h1_ob_target_swept_liquidity_previous_candle;h1_ob_target_swept_liquidity_swing;h4_mitigation_ob_flip_zone;h4_mitigation_ob_swept_liquidity;h4_mitigation_ob_swept_liquidity_fractal;h4_mitigation_ob_swept_liquidity_internal;h4_mitigation_ob_swept_liquidity_previous_candle;h4_mitigation_ob_swept_liquidity_swing;h4_ob_target_caused_displacement;h4_ob_target_caused_imbalance;h4_ob_target_flip_zone;h4_ob_target_has_inducement;h4_ob_target_swept_liquidity;h4_ob_target_swept_liquidity_fractal;h4_ob_target_swept_liquidity_fvg;h4_ob_target_swept_liquidity_internal;h4_ob_target_swept_liquidity_previous_candle;h4_ob_target_swept_liquidity_swing;h4_ob_target_within_daily_ob
2021-09-15,Wednesday,london,2021-09-15 06:00:00+00:00,2021-09-15 13:00:00+00:00,bearish,1.2685,1.27015,1.266025,1.266025,0.0016499999999999293,-20.6607935962616,win,1.5,tp,4.18787878787895,0.0,be_stop,True,1,7,0 days 07:00:00,14.199999999999768,False,25.0,56.2,1.5,2021-09-15 05:00:00+00:00,True,1.26995,1.26882,1,daily_mitigation_ob_caused_displacement;daily_mitigation_ob_caused_imbalance;daily_mitigation_ob_flip_zone;daily_mitigation_ob_has_inducement;daily_mitigation_ob_swept_liquidity;daily_mitigation_ob_swept_liquidity_fractal;daily_mitigation_ob_swept_liquidity_fvg;daily_mitigation_ob_swept_liquidity_internal;daily_mitigation_ob_swept_liquidity_previous_candle;daily_mitigation_ob_swept_liquidity_swing;daily_ob_target_caused_displacement;daily_ob_target_caused_imbalance;daily_ob_target_flip_zone;daily_ob_target_has_inducement;daily_ob_target_swept_liquidity;daily_ob_target_swept_liquidity_fractal;daily_ob_target_swept_liquidity_fvg;daily_ob_target_swept_liquidity_internal;daily_ob_target_swept_liquidity_previous_candle;daily_ob_target_swept_liquidity_swing;h1_mitigation_ob_flip_zone;h1_mitigation_ob_swept_liquidity;h1_mitigation_ob_swept_liquidity_fractal;h1_mitigation_ob_swept_liquidity_fvg;h1_mitigation_ob_swept_liquidity_internal;h1_mitigation_ob_swept_liquidity_swing;h1_ob_target_flip_zone;h1_ob_target_swept_liquidity_fractal;h1_ob_target_swept_liquidity_fvg;h1_ob_target_swept_liquidity_internal;h1_ob_target_swept_liquidity_previous_candle;h1_ob_target_swept_liquidity_swing;h4_mitigation_ob_caused_displacement;h4_mitigation_ob_caused_imbalance;h4_mitigation_ob_flip_zone;h4_mitigation_ob_has_inducement;h4_mitigation_ob_swept_liquidity;h4_mitigation_ob_swept_liquidity_fractal;h4_mitigation_ob_swept_liquidity_fvg;h4_mitigation_ob_swept_liquidity_internal;h4_mitigation_ob_swept_liquidity_previous_candle;h4_mitigation_ob_swept_liquidity_swing;h4_mitigation_ob_within_daily_ob;h4_ob_target_caused_displacement;h4_ob_target_caused_imbalance;h4_ob_target_flip_zone;h4_ob_target_has_inducement;h4_ob_target_swept_liquidity;h4_ob_target_swept_liquidity_fractal;h4_ob_target_swept_liquidity_fvg;h4_ob_target_swept_liquidity_internal;h4_ob_target_swept_liquidity_previous_candle;h4_ob_target_swept_liquidity_swing;h4_ob_target_within_daily_ob
2021-09-15,Wednesday,london,2021-09-15 08:00:00+00:00,2021-09-15 11:00:00+00:00,bullish,1.26728,1.26584,1.26944,1.26944,0.0014399999999998858,9.859522145895093,win,1.5,tp,1.541666666666866,-1.0,sl,False,0,3,0 days 03:00:00,18.800000000001038,False,25.0,56.2,1.5,2021-09-15 08:00:00+00:00,False,1.2678,1.26604,1,daily_mitigation_ob_caused_displacement;daily_mitigation_ob_caused_imbalance;daily_mitigation_ob_flip_zone;daily_mitigation_ob_has_inducement;daily_mitigation_ob_swept_liquidity;daily_mitigation_ob_swept_liquidity_fractal;daily_mitigation_ob_swept_liquidity_fvg;daily_mitigation_ob_swept_liquidity_internal;daily_mitigation_ob_swept_liquidity_previous_candle;daily_mitigation_ob_swept_liquidity_swing;daily_ob_target_caused_displacement;daily_ob_target_caused_imbalance;daily_ob_target_flip_zone;daily_ob_target_has_inducement;daily_ob_target_swept_liquidity;daily_ob_target_swept_liquidity_fractal;daily_ob_target_swept_liquidity_fvg;daily_ob_target_swept_liquidity_internal;daily_ob_target_swept_liquidity_previous_candle;daily_ob_target_swept_liquidity_swing;h1_mitigation_ob_flip_zone;h1_mitigation_ob_swept_liquidity_fractal;h1_mitigation_ob_swept_liquidity_fvg;h1_mitigation_ob_swept_liquidity_internal;h1_mitigation_ob_swept_liquidity_previous_candle;h1_mitigation_ob_swept_liquidity_swing;h1_ob_target_caused_displacement;h1_ob_target_caused_imbalance;h1_ob_target_flip_zone;h1_ob_target_has_inducement;h1_ob_target_swept_liquidity;h1_ob_target_swept_liquidity_fractal;h1_ob_target_swept_liquidity_fvg;h1_ob_target_swept_liquidity_internal;h1_ob_target_swept_liquidity_previous_candle;h1_ob_target_swept_liquidity_swing;h1_ob_target_within_h4_ob;h4_mitigation_ob_caused_displacement;h4_mitigation_ob_caused_imbalance;h4_mitigation_ob_flip_zone;h4_mitigation_ob_has_inducement;h4_mitigation_ob_swept_liquidity;h4_mitigation_ob_swept_liquidity_fractal;h4_mitigation_ob_swept_liquidity_fvg;h4_mitigation_ob_swept_liquidity_internal;h4_mitigation_ob_swept_liquidity_previous_candle;h4_mitigation_ob_swept_liquidity_swing;h4_mitigation_ob_within_daily_ob;h4_ob_target_caused_displacement;h4_ob_target_caused_imbalance;h4_ob_target_flip_zone;h4_ob_target_has_inducement;h4_ob_target_swept_liquidity;h4_ob_target_swept_liquidity_fractal;h4_ob_target_swept_liquidity_fvg;h4_ob_target_swept_liquidity_internal;h4_ob_target_swept_liquidity_previous_candle;h4_ob_target_swept_liquidity_swing;h4_ob_target_within_daily_ob
2021-09-16,Thursday,london,2021-09-16 07:00:00+00:00,2021-09-16 13:00:00+00:00,bearish,1.2639,1.26626,1.2603600000000001,1.26626,0.0023599999999999177,-22.27285757612437,loss,-1.0,sl,0.5211864406780116,-1.0,sl,False,0,6,0 days 06:00:00,11.300000000000754,False,25.0,56.2,1.5,2021-09-16 07:00:00+00:00,False,1.26606,1.26446,1,daily_mitigation_ob_caused_displacement;daily_mitigation_ob_caused_imbalance;daily_mitigation_ob_flip_zone;daily_mitigation_ob_has_inducement;daily_mitigation_ob_swept_liquidity;daily_mitigation_ob_swept_liquidity_fractal;daily_mitigation_ob_swept_liquidity_fvg;daily_mitigation_ob_swept_liquidity_internal;daily_mitigation_ob_swept_liquidity_previous_candle;daily_mitigation_ob_swept_liquidity_swing;daily_ob_target_caused_displacement;daily_ob_target_caused_imbalance;daily_ob_target_flip_zone;daily_ob_target_has_inducement;daily_ob_target_swept_liquidity;daily_ob_target_swept_liquidity_fractal;daily_ob_target_swept_liquidity_fvg;daily_ob_target_swept_liquidity_internal;daily_ob_target_swept_liquidity_previous_candle;daily_ob_target_swept_liquidity_swing;h1_mitigation_ob_flip_zone;h1_mitigation_ob_swept_liquidity;h1_mitigation_ob_swept_liquidity_fractal;h1_mitigation_ob_swept_liquidity_internal;h1_mitigation_ob_swept_liquidity_previous_candle;h1_mitigation_ob_swept_liquidity_swing;h1_ob_target_flip_zone;h1_ob_target_swept_liquidity_fractal;h1_ob_target_swept_liquidity_fvg;h1_ob_target_swept_liquidity_internal;h1_ob_target_swept_liquidity_previous_candle;h1_ob_target_swept_liquidity_swing;h4_mitigation_ob_caused_displacement;h4_mitigation_ob_caused_imbalance;h4_mitigation_ob_flip_zone;h4_mitigation_ob_has_inducement;h4_mitigation_ob_swept_liquidity;h4_mitigation_ob_swept_liquidity_fractal;h4_mitigation_ob_swept_liquidity_fvg;h4_mitigation_ob_swept_liquidity_internal;h4_mitigation_ob_swept_liquidity_previous_candle;h4_mitigation_ob_swept_liquidity_swing;h4_mitigation_ob_within_daily_ob;h4_ob_target_flip_zone;h4_ob_target_swept_liquidity;h4_ob_target_swept_liquidity_fractal;h4_ob_target_swept_liquidity_internal;h4_ob_target_swept_liquidity_previous_candle;h4_ob_target_swept_liquidity_swing
2021-09-22,Wednesday,london,2021-09-22 08:00:00+00:00,2021-09-22 14:00:00+00:00,bullish,1.28008,1.27506,1.2876100000000001,1.27506,0.0050200000000000244,21.192832311910077,loss,-1.0,sl,0.3027888446215057,-1.0,sl,False,0,6,0 days 06:00:00,0.40000000000040004,False,25.0,56.2,1.5,2021-09-22 08:00:00+00:00,False,1.27704,1.27526,1,daily_mitigation_ob_caused_displacement;daily_mitigation_ob_caused_imbalance;daily_mitigation_ob_flip_zone;daily_mitigation_ob_has_inducement;daily_mitigation_ob_swept_liquidity;daily_mitigation_ob_swept_liquidity_fractal;daily_mitigation_ob_swept_liquidity_fvg;daily_mitigation_ob_swept_liquidity_internal;daily_mitigation_ob_swept_liquidity_previous_candle;daily_mitigation_ob_swept_liquidity_swing;daily_ob_target_flip_zone;daily_ob_target_swept_liquidity;daily_ob_target_swept_liquidity_fractal;daily_ob_target_swept_liquidity_fvg;daily_ob_target_swept_liquidity_internal;daily_ob_target_swept_liquidity_swing;h1_mitigation_ob_flip_zone;h1_mitigation_ob_swept_liquidity;h1_mitigation_ob_swept_liquidity_fractal;h1_mitigation_ob_swept_liquidity_fvg;h1_mitigation_ob_swept_liquidity_internal;h1_mitigation_ob_swept_liquidity_swing;h1_ob_target_flip_zone;h1_ob_target_swept_liquidity;h1_ob_target_swept_liquidity_fractal;h1_ob_target_swept_liquidity_fvg;h1_ob_target_swept_liquidity_internal;h1_ob_target_swept_liquidity_swing;h4_mitigation_ob_caused_displacement;h4_mitigation_ob_caused_imbalance;h4_mitigation_ob_flip_zone;h4_mitigation_ob_has_inducement;h4_mitigation_ob_swept_liquidity;h4_mitigation_ob_swept_liquidity_fractal;h4_mitigation_ob_swept_liquidity_fvg;h4_mitigation_ob_swept_liquidity_internal;h4_mitigation_ob_swept_liquidity_previous_candle;h4_mitigation_ob_swept_liquidity_swing;h4_mitigation_ob_within_daily_ob;h4_ob_target_flip_zone;h4_ob_target_swept_liquidity;h4_ob_target_swept_liquidity_fvg;h4_ob_target_swept_liquidity_internal;h4_ob_target_swept_liquidity_previous_candle;h4_ob_target_swept_liquidity_swing
2021-09-28,Tuesday,ny,2021-09-28 12:00:00+00:00,2021-09-28 20:00:00+00:00,bullish,1.26688,1.26193,1.274305,1.26688,0.00495000000000001,18.365311125880954,breakeven,0.0,be_stop,0.765656565656556,0.0,be_stop,True,1,8,0 days 08:00:00,1.40000000000029,False,25.0,56.2,1.5,2021-09-28 12:00:00+00:00,False,1.26348,1.26213,1,daily_mitigation_ob_caused_displacement;daily_mitigation_ob_caused_imbalance;daily_mitigation_ob_flip_zone;daily_mitigation_ob_has_inducement;daily_mitigation_ob_swept_liquidity;daily_mitigation_ob_swept_liquidity_fractal;daily_mitigation_ob_swept_liquidity_fvg;daily_mitigation_ob_swept_liquidity_internal;daily_mitigation_ob_swept_liquidity_previous_candle;daily_mitigation_ob_swept_liquidity_swing;daily_ob_target_caused_displacement;daily_ob_target_caused_imbalance;daily_ob_target_flip_zone;daily_ob_target_has_inducement;daily_ob_target_swept_liquidity;daily_ob_target_swept_liquidity_fractal;daily_ob_target_swept_liquidity_fvg;daily_ob_target_swept_liquidity_internal;daily_ob_target_swept_liquidity_previous_candle;daily_ob_target_swept_liquidity_swing;h1_mitigation_ob_flip_zone;h1_mitigation_ob_swept_liquidity;h1_mitigation_ob_swept_liquidity_fractal;h1_mitigation_ob_swept_liquidity_fvg;h1_mitigation_ob_swept_liquidity_internal;h1_mitigation_ob_swept_liquidity_swing;h1_ob_target_flip_zone;h1_ob_target_swept_liquidity_fractal;h1_ob_target_swept_liquidity_fvg;h1_ob_target_swept_liquidity_internal;h1_ob_target_swept_liquidity_previous_candle;h1_ob_target_swept_liquidity_swing;h4_mitigation_ob_caused_displacement;h4_mitigation_ob_caused_imbalance;h4_mitigation_ob_flip_zone;h4_mitigation_ob_has_inducement;h4_mitigation_ob_swept_liquidity;h4_mitigation_ob_swept_liquidity_fractal;h4_mitigation_ob_swept_liquidity_fvg;h4_mitigation_ob_swept_liquidity_internal;h4_mitigation_ob_swept_liquidity_previous_candle;h4_mitigation_ob_swept_liquidity_swing;h4_mitigation_ob_within_daily_ob;h4_ob_target_flip_zone;h4_ob_target_swept_liquidity;h4_ob_target_swept_liquidity_fractal;h4_ob_target_swept_liquidity_fvg;h4_ob_target_swept_liquidity_internal;h4_ob_target_swept_liquidity_swing
2021-09-28,Tuesday,ny,2021-09-28 13:00:00+00:00,2021-09-28 14:00:00+00:00,bearish,1.26732,1.26902,1.26477,1.26902,0.0017000000000000348,4.783016969463988,loss,-1.0,sl,0.0,-1.0,sl,False,0,1,0 days 01:00:00,12.799999999999478,False,25.0,56.2,1.5,2021-09-28 13:00:00+00:00,False,1.26882,1.26733,1,daily_mitigation_ob_flip_zone;daily_mitigation_ob_swept_liquidity_fractal;daily_mitigation_ob_swept_liquidity_fvg;daily_mitigation_ob_swept_liquidity_internal;daily_mitigation_ob_swept_liquidity_previous_candle;daily_mitigation_ob_swept_liquidity_swing;daily_ob_target_caused_displacement;daily_ob_target_caused_imbalance;daily_ob_target_flip_zone;daily_ob_target_has_inducement;daily_ob_target_swept_liquidity;daily_ob_target_swept_liquidity_fractal;daily_ob_target_swept_liquidity_fvg;daily_ob_target_swept_liquidity_internal;daily_ob_target_swept_liquidity_previous_candle;daily_ob_target_swept_liquidity_swing;h1_mitigation_ob_flip_zone;h1_mitigation_ob_swept_liquidity_fractal;h1_mitigation_ob_swept_liquidity_fvg;h1_mitigation_ob_swept_liquidity_internal;h1_mitigation_ob_swept_liquidity_previous_candle;h1_mitigation_ob_swept_liquidity_swing;h1_ob_target_caused_displacement;h1_ob_target_caused_imbalance;h1_ob_target_flip_zone;h1_ob_target_has_inducement;h1_ob_target_swept_liquidity;h1_ob_target_swept_liquidity_fractal;h1_ob_target_swept_liquidity_fvg;h1_ob_target_swept_liquidity_internal;h1_ob_target_swept_liquidity_previous_candle;h1_ob_target_swept_liquidity_swing;h1_ob_target_within_h4_ob;h4_mitigation_ob_flip_zone;h4_mitigation_ob_swept_liquidity;h4_mitigation_ob_swept_liquidity_fractal;h4_mitigation_ob_swept_liquidity_internal;h4_mitigation_ob_swept_liquidity_previous_candle;h4_mitigation_ob_swept_liquidity_swing;h4_ob_target_caused_displacement;h4_ob_target_caused_imbalance;h4_ob_target_flip_zone;h4_ob_target_has_inducement;h4_ob_target_swept_liquidity;h4_ob_target_swept_liquidity_fractal;h4_ob_target_swept_liquidity_fvg;h4_ob_target_swept_liquidity_internal;h4_ob_target_swept_liquidity_previous_candle;h4_ob_target_swept_liquidity_swing;h4_ob_target_within_daily_ob
2021-09-30,Thursday,ny,2021-09-30 13:00:00+00:00,2021-09-30 14:00:00+00:00,bullish,1.27298,1.27153,1.2751549999999998,1.27153,0.0014499999999999513,8.10442170531263,loss,-1.0,sl,0.0,-1.0,sl,False,0,1,0 days 01:00:00,60.100000000000705,False,25.0,56.2,1.5,2021-09-30 13:00:00+00:00,False,1.27278,1.27173,1,daily_mitigation_ob_caused_displacement;daily_mitigation_ob_caused_imbalance;daily_mitigation_ob_flip_zone;daily_mitigation_ob_has_inducement;daily_mitigation_ob_swept_liquidity;daily_mitigation_ob_swept_liquidity_fractal;daily_mitigation_ob_swept_liquidity_fvg;daily_mitigation_ob_swept_liquidity_internal;daily_mitigation_ob_swept_liquidity_previous_candle;daily_mitigation_ob_swept_liquidity_swing;daily_ob_target_caused_displacement;daily_ob_target_caused_imbalance;daily_ob_target_flip_zone;daily_ob_target_has_inducement;daily_ob_target_swept_liquidity;daily_ob_target_swept_liquidity_fractal;daily_ob_target_swept_liquidity_fvg;daily_ob_target_swept_liquidity_internal;daily_ob_target_swept_liquidity_previous_candle;daily_ob_target_swept_liquidity_swing;h1_mitigation_ob_flip_zone;h1_mitigation_ob_swept_liquidity_fractal;h1_mitigation_ob_swept_liquidity_fvg;h1_mitigation_ob_swept_liquidity_internal;h1_mitigation_ob_swept_liquidity_previous_candle;h1_mitigation_ob_swept_liquidity_swing;h1_ob_target_caused_displacement;h1_ob_target_caused_imbalance;h1_ob_target_flip_zone;h1_ob_target_has_inducement;h1_ob_target_swept_liquidity;h1_ob_target_swept_liquidity_fractal;h1_ob_target_swept_liquidity_fvg;h1_ob_target_swept_liquidity_internal;h1_ob_target_swept_liquidity_previous_candle;h1_ob_target_swept_liquidity_swing;h1_ob_target_within_h4_ob;h4_mitigation_ob_caused_displacement;h4_mitigation_ob_caused_imbalance;h4_mitigation_ob_flip_zone;h4_mitigation_ob_has_inducement;h4_mitigation_ob_swept_liquidity;h4_mitigation_ob_swept_liquidity_fractal;h4_mitigation_ob_swept_liquidity_fvg;h4_mitigation_ob_swept_liquidity_internal;h4_mitigation_ob_swept_liquidity_previous_candle;h4_mitigation_ob_swept_liquidity_swing;h4_mitigation_ob_within_daily_ob;h4_ob_target_caused_displacement;h4_ob_target_caused_imbalance;h4_ob_target_flip_zone;h4_ob_target_has_inducement;h4_ob_target_swept_liquidity;h4_ob_target_swept_liquidity_fractal;h4_ob_target_swept_liquidity_fvg;h4_ob_target_swept_liquidity_internal;h4_ob_target_swept_liquidity_previous_candle;h4_ob_target_swept_liquidity_swing;h4_ob_target_within_daily_ob
2021-10-05,Tuesday,london,2021-10-05 06:00:00+00:00,2021-10-05 07:00:00+00:00,bullish,1.26087,1.2601200000000001,1.2619949999999998,1.2601200000000001,0.0007499999999998064,-23.016977542194088,loss,-1.0,sl,0.9733333333337438,-1.0,sl,False,0,1,0 days 01:00:00,1.900000000001345,False,25.0,56.2,1.5,2021-10-05 06:00:00+00:00,False,1.26159,1.26032,1,daily_mitigation_ob_caused_displacement;daily_mitigation_ob_caused_imbalance;daily_mitigation_ob_flip_zone;daily_mitigation_ob_has_inducement;daily_mitigation_ob_swept_liquidity;daily_mitigation_ob_swept_liquidity_fractal;daily_mitigation_ob_swept_liquidity_fvg;daily_mitigation_ob_swept_liquidity_internal;daily_mitigation_ob_swept_liquidity_previous_candle;daily_mitigation_ob_swept_liquidity_swing;daily_ob_target_caused_displacement;daily_ob_target_caused_imbalance;daily_ob_target_flip_zone;daily_ob_target_has_inducement;daily_ob_target_swept_liquidity;daily_ob_target_swept_liquidity_fractal;daily_ob_target_swept_liquidity_fvg;daily_ob_target_swept_liquidity_internal;daily_ob_target_swept_liquidity_previous_candle;daily_ob_target_swept_liquidity_swing;h1_mitigation_ob_flip_zone;h1_mitigation_ob_swept_liquidity_fractal;h1_mitigation_ob_swept_liquidity_fvg;h1_mitigation_ob_swept_liquidity_internal;h1_mitigation_ob_swept_liquidity_previous_candle;h1_mitigation_ob_swept_liquidity_swing;h1_ob_target_flip_zone;h1_ob_target_swept_liquidity_fractal;h1_ob_target_swept_liquidity_fvg;h1_ob_target_swept_liquidity_internal;h1_ob_target_swept_liquidity_previous_candle;h1_ob_target_swept_liquidity_swing;h4_mitigation_ob_caused_displacement;h4_mitigation_ob_caused_imbalance;h4_mitigation_ob_flip_zone;h4_mitigation_ob_has_inducement;h4_mitigation_ob_swept_liquidity;h4_mitigation_ob_swept_liquidity_fractal;h4_mitigation_ob_swept_liquidity_fvg;h4_mitigation_ob_swept_liquidity_internal;h4_mitigation_ob_swept_liquidity_previous_candle;h4_mitigation_ob_swept_liquidity_swing;h4_mitigation_ob_within_daily_ob;h4_ob_target_flip_zone;h4_ob_target_swept_liquidity_fractal;h4_ob_target_swept_liquidity_fvg;h4_ob_target_swept_liquidity_internal;h4_ob_target_swept_liquidity_previous_candle;h4_ob_target_swept_liquidity_swing
2021-10-06,Wednesday,ny,2021-10-06 13:00:00+00:00,2021-10-06 18:00:00+00:00,bullish,1.26321,1.25911,1.2693599999999998,1.25925,0.0040999999999999925,-15.36312447434206,loss,-0.9658536585365782,cut_19h,0.30975609756100164,-0.9658536585365782,cut_19h,False,1,5,0 days 05:00:00,0.0,False,25.0,56.2,1.5,2021-10-06 13:00:00+00:00,False,1.26066,1.25931,1,daily_mitigation_ob_caused_displacement;daily_mitigation_ob_caused_imbalance;daily_mitigation_ob_flip_zone;daily_mitigation_ob_has_inducement;daily_mitigation_ob_swept_liquidity;daily_mitigation_ob_swept_liquidity_fractal;daily_mitigation_ob_swept_liquidity_fvg;daily_mitigation_ob_swept_liquidity_internal;daily_mitigation_ob_swept_liquidity_previous_candle;daily_mitigation_ob_swept_liquidity_swing;daily_ob_target_flip_zone;daily_ob_target_swept_liquidity_fractal;daily_ob_target_swept_liquidity_fvg;daily_ob_target_swept_liquidity_internal;daily_ob_target_swept_liquidity_previous_candle;daily_ob_target_swept_liquidity_swing;h1_mitigation_ob_flip_zone;h1_mitigation_ob_swept_liquidity;h1_mitigation_ob_swept_liquidity_fractal;h1_mitigation_ob_swept_liquidity_fvg;h1_mitigation_ob_swept_liquidity_internal;h1_mitigation_ob_swept_liquidity_swing;h1_ob_target_flip_zone;h1_ob_target_swept_liquidity_fractal;h1_ob_target_swept_liquidity_fvg;h1_ob_target_swept_liquidity_internal;h1_ob_target_swept_liquidity_previous_candle;h1_ob_target_swept_liquidity_swing;h4_mitigation_ob_flip_zone;h4_mitigation_ob_swept_liquidity_fractal;h4_mitigation_ob_swept_liquidity_fvg;h4_mitigation_ob_swept_liquidity_internal;h4_mitigation_ob_swept_liquidity_previous_candle;h4_mitigation_ob_swept_liquidity_swing;h4_ob_target_flip_zone;h4_ob_target_swept_liquidity_fractal;h4_ob_target_swept_liquidity_fvg;h4_ob_target_swept_liquidity_internal;h4_ob_target_swept_liquidity_previous_candle;h4_ob_target_swept_liquidity_swing
2021-10-07,Thursday,london,2021-10-07 08:00:00+00:00,2021-10-07 10:00:00+00:00,bearish,1.25874,1.25943,1.2577049999999999,1.2577049999999999,0.0006900000000000794,-12.199927554618789,win,1.5,tp,10.0,17.710144927534046,friday_close,True,1,2,0 days 02:00:00,0.0,False,25.0,56.2,1.5,2021-10-07 08:00:00+00:00,False,1.25923,1.25833,1,daily_mitigation_ob_caused_displacement;daily_mitigation_ob_caused_imbalance;daily_mitigation_ob_flip_zone;daily_mitigation_ob_has_inducement;daily_mitigation_ob_swept_liquidity;daily_mitigation_ob_swept_liquidity_fractal;daily_mitigation_ob_swept_liquidity_fvg;daily_mitigation_ob_swept_liquidity_internal;daily_mitigation_ob_swept_liquidity_previous_candle;daily_mitigation_ob_swept_liquidity_swing;daily_ob_target_caused_displacement;daily_ob_target_caused_imbalance;daily_ob_target_flip_zone;daily_ob_target_has_inducement;daily_ob_target_swept_liquidity;daily_ob_target_swept_liquidity_fractal;daily_ob_target_swept_liquidity_fvg;daily_ob_target_swept_liquidity_internal;daily_ob_target_swept_liquidity_previous_candle;daily_ob_target_swept_liquidity_swing;h1_mitigation_ob_flip_zone;h1_mitigation_ob_swept_liquidity_fractal;h1_mitigation_ob_swept_liquidity_fvg;h1_mitigation_ob_swept_liquidity_internal;h1_mitigation_ob_swept_liquidity_previous_candle;h1_mitigation_ob_swept_liquidity_swing;h1_ob_target_flip_zone;h1_ob_target_swept_liquidity_fractal;h1_ob_target_swept_liquidity_fvg;h1_ob_target_swept_liquidity_internal;h1_ob_target_swept_liquidity_previous_candle;h1_ob_target_swept_liquidity_swing;h4_mitigation_ob_caused_displacement;h4_mitigation_ob_caused_imbalance;h4_mitigation_ob_flip_zone;h4_mitigation_ob_has_inducement;h4_mitigation_ob_swept_liquidity;h4_mitigation_ob_swept_liquidity_fractal;h4_mitigation_ob_swept_liquidity_fvg;h4_mitigation_ob_swept_liquidity_internal;h4_mitigation_ob_swept_liquidity_previous_candle;h4_mitigation_ob_swept_liquidity_swing;h4_mitigation_ob_within_daily_ob;h4_ob_target_caused_displacement;h4_ob_target_caused_imbalance;h4_ob_target_flip_zone;h4_ob_target_has_inducement;h4_ob_target_swept_liquidity;h4_ob_target_swept_liquidity_fractal;h4_ob_target_swept_liquidity_fvg;h4_ob_target_swept_liquidity_internal;h4_ob_target_swept_liquidity_previous_candle;h4_ob_target_swept_liquidity_swing;h4_ob_target_within_daily_ob
2021-10-08,Friday,ny,2021-10-08 11:00:00+00:00,2021-10-08 12:00:00+00:00,bullish,1.25396,1.25204,1.25684,1.25204,0.0019199999999999218,-12.124162704406315,loss,-1.0,sl,0.01562499999998735,-1.0,sl,False,0,1,0 days 01:00:00,30.700000000001282,False,25.0,56.2,1.5,2021-10-08 11:00:00+00:00,False,1.25345,1.25224,2,daily_mitigation_ob_caused_displacement;daily_mitigation_ob_caused_imbalance;daily_mitigation_ob_flip_zone;daily_mitigation_ob_has_inducement;daily_mitigation_ob_swept_liquidity;daily_mitigation_ob_swept_liquidity_fractal;daily_mitigation_ob_swept_liquidity_fvg;daily_mitigation_ob_swept_liquidity_internal;daily_mitigation_ob_swept_liquidity_previous_candle;daily_mitigation_ob_swept_liquidity_swing;daily_ob_target_caused_displacement;daily_ob_target_caused_imbalance;daily_ob_target_flip_zone;daily_ob_target_has_inducement;daily_ob_target_swept_liquidity;daily_ob_target_swept_liquidity_fractal;daily_ob_target_swept_liquidity_fvg;daily_ob_target_swept_liquidity_internal;daily_ob_target_swept_liquidity_previous_candle;daily_ob_target_swept_liquidity_swing;h1_mitigation_ob_flip_zone;h1_mitigation_ob_swept_liquidity_fractal;h1_mitigation_ob_swept_liquidity_fvg;h1_mitigation_ob_swept_liquidity_internal;h1_mitigation_ob_swept_liquidity_previous_candle;h1_mitigation_ob_swept_liquidity_swing;h1_ob_target_flip_zone;h1_ob_target_swept_liquidity_fractal;h1_ob_target_swept_liquidity_fvg;h1_ob_target_swept_liquidity_internal;h1_ob_target_swept_liquidity_previous_candle;h1_ob_target_swept_liquidity_swing;h4_mitigation_ob_caused_displacement;h4_mitigation_ob_caused_imbalance;h4_mitigation_ob_flip_zone;h4_mitigation_ob_has_inducement;h4_mitigation_ob_swept_liquidity;h4_mitigation_ob_swept_liquidity_fractal;h4_mitigation_ob_swept_liquidity_fvg;h4_mitigation_ob_swept_liquidity_internal;h4_mitigation_ob_swept_liquidity_previous_candle;h4_mitigation_ob_swept_liquidity_swing;h4_mitigation_ob_within_daily_ob;h4_ob_target_flip_zone;h4_ob_target_swept_liquidity;h4_ob_target_swept_liquidity_fractal;h4_ob_target_swept_liquidity_internal;h4_ob_target_swept_liquidity_swing
2021-10-11,Monday,ny,2021-10-11 13:00:00+00:00,2021-10-11 18:00:00+00:00,bearish,1.24577,1.24881,1.2412100000000001,1.24818,0.0030399999999999316,28.181328444418487,loss,-0.7927631578947623,cut_19h,0.3125000000000091,-0.7927631578947623,cut_19h,False,1,5,0 days 05:00:00,0.0,True,25.0,56.2,1.5,2021-10-11 13:00:00+00:00,False,1.24861,1.2473,1,daily_mitigation_ob_caused_displacement;daily_mitigation_ob_caused_imbalance;daily_mitigation_ob_flip_zone;daily_mitigation_ob_has_inducement;daily_mitigation_ob_swept_liquidity;daily_mitigation_ob_swept_liquidity_fractal;daily_mitigation_ob_swept_liquidity_fvg;daily_mitigation_ob_swept_liquidity_internal;daily_mitigation_ob_swept_liquidity_previous_candle;daily_mitigation_ob_swept_liquidity_swing;daily_ob_target_flip_zone;daily_ob_target_swept_liquidity;daily_ob_target_swept_liquidity_fvg;daily_ob_target_swept_liquidity_internal;daily_ob_target_swept_liquidity_previous_candle;daily_ob_target_swept_liquidity_swing;h1_mitigation_ob_flip_zone;h1_mitigation_ob_swept_liquidity_fractal;h1_mitigation_ob_swept_liquidity_fvg;h1_mitigation_ob_swept_liquidity_internal;h1_mitigation_ob_swept_liquidity_previous_candle;h1_mitigation_ob_swept_liquidity_swing;h1_ob_target_flip_zone;h1_ob_target_swept_liquidity;h1_ob_target_swept_liquidity_fvg;h1_ob_target_swept_liquidity_swing;h4_mitigation_ob_flip_zone;h4_mitigation_ob_swept_liquidity_fractal;h4_mitigation_ob_swept_liquidity_fvg;h4_mitigation_ob_swept_liquidity_internal;h4_mitigation_ob_swept_liquidity_previous_candle;h4_mitigation_ob_swept_liquidity_swing;h4_ob_target_flip_zone;h4_ob_target_swept_liquidity;h4_ob_target_swept_liquidity_fractal;h4_ob_target_swept_liquidity_fvg;h4_ob_target_swept_liquidity_previous_candle;h4_ob_target_swept_liquidity_swing
2021-10-12,Tuesday,ny,2021-10-12 13:00:00+00:00,2021-10-12 18:00:00+00:00,bearish,1.24637,1.2493,1.2419749999999998,1.24637,0.002930000000000099,32.95978317426547,breakeven,0.0,be_stop,1.0170648464163419,0.0,be_stop,True,1,5,0 days 05:00:00,2.100000000000435,True,25.0,56.2,1.5,2021-10-12 13:00:00+00:00,False,1.2491,1.24827,1,daily_mitigation_ob_caused_displacement;daily_mitigation_ob_caused_imbalance;daily_mitigation_ob_flip_zone;daily_mitigation_ob_has_inducement;daily_mitigation_ob_swept_liquidity;daily_mitigation_ob_swept_liquidity_fractal;daily_mitigation_ob_swept_liquidity_fvg;daily_mitigation_ob_swept_liquidity_internal;daily_mitigation_ob_swept_liquidity_previous_candle;daily_mitigation_ob_swept_liquidity_swing;daily_ob_target_flip_zone;daily_ob_target_swept_liquidity;daily_ob_target_swept_liquidity_fvg;daily_ob_target_swept_liquidity_internal;daily_ob_target_swept_liquidity_previous_candle;daily_ob_target_swept_liquidity_swing;h1_mitigation_ob_flip_zone;h1_mitigation_ob_swept_liquidity_fractal;h1_mitigation_ob_swept_liquidity_fvg;h1_mitigation_ob_swept_liquidity_internal;h1_mitigation_ob_swept_liquidity_previous_candle;h1_mitigation_ob_swept_liquidity_swing;h1_ob_target_flip_zone;h1_ob_target_swept_liquidity;h1_ob_target_swept_liquidity_fvg;h1_ob_target_swept_liquidity_swing;h4_mitigation_ob_caused_displacement;h4_mitigation_ob_caused_imbalance;h4_mitigation_ob_flip_zone;h4_mitigation_ob_has_inducement;h4_mitigation_ob_swept_liquidity;h4_mitigation_ob_swept_liquidity_fractal;h4_mitigation_ob_swept_liquidity_fvg;h4_mitigation_ob_swept_liquidity_internal;h4_mitigation_ob_swept_liquidity_previous_candle;h4_mitigation_ob_swept_liquidity_swing;h4_mitigation_ob_within_daily_ob;h4_ob_target_flip_zone;h4_ob_target_swept_liquidity;h4_ob_target_swept_liquidity_fractal;h4_ob_target_swept_liquidity_fvg;h4_ob_target_swept_liquidity_previous_candle;h4_ob_target_swept_liquidity_swing
2021-10-13,Wednesday,london,2021-10-13 06:00:00+00:00,2021-10-13 12:00:00+00:00,bearish,1.24536,1.2468299999999999,1.2431550000000002,1.2468299999999999,0.0014699999999998603,40.54485449913376,loss,-1.0,sl,1.3061224489796628,-1.0,sl,False,0,6,0 days 06:00:00,2.300000000001745,True,25.0,56.2,1.5,2021-10-13 06:00:00+00:00,False,1.24663,1.24561,1,daily_mitigation_ob_caused_displacement;daily_mitigation_ob_caused_imbalance;daily_mitigation_ob_flip_zone;daily_mitigation_ob_has_inducement;daily_mitigation_ob_swept_liquidity;daily_mitigation_ob_swept_liquidity_fractal;daily_mitigation_ob_swept_liquidity_fvg;daily_mitigation_ob_swept_liquidity_internal;daily_mitigation_ob_swept_liquidity_previous_candle;daily_mitigation_ob_swept_liquidity_swing;daily_ob_target_caused_displacement;daily_ob_target_caused_imbalance;daily_ob_target_flip_zone;daily_ob_target_has_inducement;daily_ob_target_swept_liquidity;daily_ob_target_swept_liquidity_fractal;daily_ob_target_swept_liquidity_fvg;daily_ob_target_swept_liquidity_internal;daily_ob_target_swept_liquidity_previous_candle;daily_ob_target_swept_liquidity_swing;h1_mitigation_ob_flip_zone;h1_mitigation_ob_swept_liquidity_fractal;h1_mitigation_ob_swept_liquidity_fvg;h1_mitigation_ob_swept_liquidity_internal;h1_mitigation_ob_swept_liquidity_previous_candle;h1_mitigation_ob_swept_liquidity_swing;h1_ob_target_caused_displacement;h1_ob_target_caused_imbalance;h1_ob_target_flip_zone;h1_ob_target_has_inducement;h1_ob_target_swept_liquidity;h1_ob_target_swept_liquidity_fractal;h1_ob_target_swept_liquidity_fvg;h1_ob_target_swept_liquidity_internal;h1_ob_target_swept_liquidity_previous_candle;h1_ob_target_swept_liquidity_swing;h1_ob_target_within_h4_ob;h4_mitigation_ob_caused_displacement;h4_mitigation_ob_caused_imbalance;h4_mitigation_ob_flip_zone;h4_mitigation_ob_has_inducement;h4_mitigation_ob_swept_liquidity;h4_mitigation_ob_swept_liquidity_fractal;h4_mitigation_ob_swept_liquidity_fvg;h4_mitigation_ob_swept_liquidity_internal;h4_mitigation_ob_swept_liquidity_previous_candle;h4_mitigation_ob_swept_liquidity_swing;h4_mitigation_ob_within_daily_ob;h4_ob_target_caused_displacement;h4_ob_target_caused_imbalance;h4_ob_target_flip_zone;h4_ob_target_has_inducement;h4_ob_target_swept_liquidity;h4_ob_target_swept_liquidity_fractal;h4_ob_target_swept_liquidity_fvg;h4_ob_target_swept_liquidity_internal;h4_ob_target_swept_liquidity_previous_candle;h4_ob_target_swept_liquidity_swing;h4_ob_target_within_daily_ob
2021-10-14,Thursday,london,2021-10-14 07:00:00+00:00,2021-10-15 06:00:00+00:00,bearish,1.23989,1.24314,1.235015,1.235015,0.003249999999999975,26.585038114887027,win,1.5,tp,1.9323076923076583,0.399999999999959,friday_close,True,1,23,0 days 23:00:00,0.0,True,25.0,56.2,1.5,2021-10-14 07:00:00+00:00,False,1.24294,1.24212,1,daily_mitigation_ob_caused_displacement;daily_mitigation_ob_caused_imbalance;daily_mitigation_ob_flip_zone;daily_mitigation_ob_has_inducement;daily_mitigation_ob_swept_liquidity;daily_mitigation_ob_swept_liquidity_fractal;daily_mitigation_ob_swept_liquidity_fvg;daily_mitigation_ob_swept_liquidity_internal;daily_mitigation_ob_swept_liquidity_previous_candle;daily_mitigation_ob_swept_liquidity_swing;daily_ob_target_flip_zone;daily_ob_target_swept_liquidity;daily_ob_target_swept_liquidity_fvg;daily_ob_target_swept_liquidity_internal;daily_ob_target_swept_liquidity_previous_candle;daily_ob_target_swept_liquidity_swing;h1_mitigation_ob_flip_zone;h1_mitigation_ob_swept_liquidity_fractal;h1_mitigation_ob_swept_liquidity_fvg;h1_mitigation_ob_swept_liquidity_internal;h1_mitigation_ob_swept_liquidity_previous_candle;h1_mitigation_ob_swept_liquidity_swing;h1_ob_target_flip_zone;h1_ob_target_swept_liquidity_fractal;h1_ob_target_swept_liquidity_fvg;h1_ob_target_swept_liquidity_internal;h1_ob_target_swept_liquidity_previous_candle;h1_ob_target_swept_liquidity_swing;h4_mitigation_ob_caused_displacement;h4_mitigation_ob_caused_imbalance;h4_mitigation_ob_flip_zone;h4_mitigation_ob_has_inducement;h4_mitigation_ob_swept_liquidity;h4_mitigation_ob_swept_liquidity_fractal;h4_mitigation_ob_swept_liquidity_fvg;h4_mitigation_ob_swept_liquidity_internal;h4_mitigation_ob_swept_liquidity_previous_candle;h4_mitigation_ob_swept_liquidity_swing;h4_mitigation_ob_within_daily_ob;h4_ob_target_flip_zone;h4_ob_target_swept_liquidity;h4_ob_target_swept_liquidity_fractal;h4_ob_target_swept_liquidity_fvg;h4_ob_target_swept_liquidity_previous_candle;h4_ob_target_swept_liquidity_swing
2021-10-15,Friday,london,2021-10-15 07:00:00+00:00,2021-10-15 08:00:00+00:00,bullish,1.23408,1.23342,1.2350700000000003,1.2350700000000003,0.000660000000000105,-10.155444388001918,win,1.5,tp,8.515151515150098,6.833333333332268,friday_close,False,0,1,0 days 01:00:00,0.0,False,25.0,56.2,1.5,2021-10-15 07:00:00+00:00,False,1.23459,1.23362,1,daily_mitigation_ob_flip_zone;daily_mitigation_ob_swept_liquidity;daily_mitigation_ob_swept_liquidity_fvg;daily_mitigation_ob_swept_liquidity_internal;daily_mitigation_ob_swept_liquidity_previous_candle;daily_mitigation_ob_swept_liquidity_swing;daily_ob_target_caused_displacement;daily_ob_target_caused_imbalance;daily_ob_target_flip_zone;daily_ob_target_has_inducement;daily_ob_target_swept_liquidity;daily_ob_target_swept_liquidity_fractal;daily_ob_target_swept_liquidity_fvg;daily_ob_target_swept_liquidity_internal;daily_ob_target_swept_liquidity_previous_candle;daily_ob_target_swept_liquidity_swing;h1_mitigation_ob_flip_zone;h1_mitigation_ob_swept_liquidity_fractal;h1_mitigation_ob_swept_liquidity_fvg;h1_mitigation_ob_swept_liquidity_internal;h1_mitigation_ob_swept_liquidity_previous_candle;h1_mitigation_ob_swept_liquidity_swing;h1_ob_target_flip_zone;h1_ob_target_swept_liquidity;h1_ob_target_swept_liquidity_fvg;h1_ob_target_swept_liquidity_internal;h1_ob_target_swept_liquidity_previous_candle;h1_ob_target_swept_liquidity_swing;h4_mitigation_ob_flip_zone;h4_mitigation_ob_swept_liquidity;h4_mitigation_ob_swept_liquidity_fractal;h4_mitigation_ob_swept_liquidity_fvg;h4_mitigation_ob_swept_liquidity_previous_candle;h4_mitigation_ob_swept_liquidity_swing;h4_ob_target_caused_displacement;h4_ob_target_caused_imbalance;h4_ob_target_flip_zone;h4_ob_target_has_inducement;h4_ob_target_swept_liquidity;h4_ob_target_swept_liquidity_fractal;h4_ob_target_swept_liquidity_fvg;h4_ob_target_swept_liquidity_internal;h4_ob_target_swept_liquidity_previous_candle;h4_ob_target_swept_liquidity_swing;h4_ob_target_within_daily_ob
2021-10-19,Tuesday,london,2021-10-19 07:00:00+00:00,2021-10-19 10:00:00+00:00,bullish,1.23337,1.23168,1.235905,1.23168,0.0016899999999999693,-13.609491890527515,loss,-1.0,sl,0.011834319526573576,-1.0,sl,False,0,3,0 days 03:00:00,5.9000000000009045,False,25.0,56.2,1.5,2021-10-19 07:00:00+00:00,False,1.23286,1.23188,1,daily_mitigation_ob_caused_displacement;daily_mitigation_ob_caused_imbalance;daily_mitigation_ob_flip_zone;daily_mitigation_ob_has_inducement;daily_mitigation_ob_swept_liquidity;daily_mitigation_ob_swept_liquidity_fractal;daily_mitigation_ob_swept_liquidity_fvg;daily_mitigation_ob_swept_liquidity_internal;daily_mitigation_ob_swept_liquidity_previous_candle;daily_mitigation_ob_swept_liquidity_swing;daily_ob_target_caused_displacement;daily_ob_target_caused_imbalance;daily_ob_target_flip_zone;daily_ob_target_has_inducement;daily_ob_target_swept_liquidity;daily_ob_target_swept_liquidity_fractal;daily_ob_target_swept_liquidity_fvg;daily_ob_target_swept_liquidity_internal;daily_ob_target_swept_liquidity_previous_candle;daily_ob_target_swept_liquidity_swing;h1_mitigation_ob_flip_zone;h1_mitigation_ob_swept_liquidity_fractal;h1_mitigation_ob_swept_liquidity_fvg;h1_mitigation_ob_swept_liquidity_internal;h1_mitigation_ob_swept_liquidity_previous_candle;h1_mitigation_ob_swept_liquidity_swing;h1_ob_target_flip_zone;h1_ob_target_swept_liquidity_fractal;h1_ob_target_swept_liquidity_fvg;h1_ob_target_swept_liquidity_internal;h1_ob_target_swept_liquidity_previous_candle;h1_ob_target_swept_liquidity_swing;h4_mitigation_ob_caused_displacement;h4_mitigation_ob_caused_imbalance;h4_mitigation_ob_flip_zone;h4_mitigation_ob_has_inducement;h4_mitigation_ob_swept_liquidity;h4_mitigation_ob_swept_liquidity_fractal;h4_mitigation_ob_swept_liquidity_fvg;h4_mitigation_ob_swept_liquidity_internal;h4_mitigation_ob_swept_liquidity_previous_candle;h4_mitigation_ob_swept_liquidity_swing;h4_mitigation_ob_within_daily_ob;h4_ob_target_flip_zone;h4_ob_target_swept_liquidity_fractal;h4_ob_target_swept_liquidity_fvg;h4_ob_target_swept_liquidity_internal;h4_ob_target_swept_liquidity_previous_candle;h4_ob_target_swept_liquidity_swing
2021-10-20,Wednesday,london,2021-10-20 07:00:00+00:00,2021-10-20 14:00:00+00:00,bearish,1.23482,1.23637,1.2324950000000001,1.2324950000000001,0.0015499999999999403,49.21114202266165,win,1.5,tp,3.890322580645298,0.0,be_stop,True,1,7,0 days 07:00:00,5.899999999998684,True,25.0,56.2,1.5,2021-10-20 07:00:00+00:00,False,1.23617,1.23533,1,daily_mitigation_ob_caused_displacement;daily_mitigation_ob_caused_imbalance;daily_mitigation_ob_flip_zone;daily_mitigation_ob_has_inducement;daily_mitigation_ob_swept_liquidity;daily_mitigation_ob_swept_liquidity_fractal;daily_mitigation_ob_swept_liquidity_fvg;daily_mitigation_ob_swept_liquidity_internal;daily_mitigation_ob_swept_liquidity_previous_candle;daily_mitigation_ob_swept_liquidity_swing;daily_ob_target_caused_displacement;daily_ob_target_caused_imbalance;daily_ob_target_flip_zone;daily_ob_target_has_inducement;daily_ob_target_swept_liquidity;daily_ob_target_swept_liquidity_fractal;daily_ob_target_swept_liquidity_fvg;daily_ob_target_swept_liquidity_internal;daily_ob_target_swept_liquidity_previous_candle;daily_ob_target_swept_liquidity_swing;h1_mitigation_ob_flip_zone;h1_mitigation_ob_swept_liquidity_fractal;h1_mitigation_ob_swept_liquidity_fvg;h1_mitigation_ob_swept_liquidity_internal;h1_mitigation_ob_swept_liquidity_previous_candle;h1_mitigation_ob_swept_liquidity_swing;h1_ob_target_caused_displacement;h1_ob_target_caused_imbalance;h1_ob_target_flip_zone;h1_ob_target_has_inducement;h1_ob_target_swept_liquidity;h1_ob_target_swept_liquidity_fractal;h1_ob_target_swept_liquidity_fvg;h1_ob_target_swept_liquidity_internal;h1_ob_target_swept_liquidity_previous_candle;h1_ob_target_swept_liquidity_swing;h1_ob_target_within_h4_ob;h4_mitigation_ob_caused_displacement;h4_mitigation_ob_caused_imbalance;h4_mitigation_ob_flip_zone;h4_mitigation_ob_has_inducement;h4_mitigation_ob_swept_liquidity;h4_mitigation_ob_swept_liquidity_fractal;h4_mitigation_ob_swept_liquidity_fvg;h4_mitigation_ob_swept_liquidity_internal;h4_mitigation_ob_swept_liquidity_previous_candle;h4_mitigation_ob_swept_liquidity_swing;h4_mitigation_ob_within_daily_ob;h4_ob_target_caused_displacement;h4_ob_target_caused_imbalance;h4_ob_target_flip_zone;h4_ob_target_has_inducement;h4_ob_target_swept_liquidity;h4_ob_target_swept_liquidity_fractal;h4_ob_target_swept_liquidity_fvg;h4_ob_target_swept_liquidity_internal;h4_ob_target_swept_liquidity_previous_candle;h4_ob_target_swept_liquidity_swing;h4_ob_target_within_daily_ob
2021-10-21,Thursday,london,2021-10-21 07:00:00+00:00,2021-10-21 13:00:00+00:00,bullish,1.23259,1.23121,1.2346600000000003,1.23121,0.0013800000000001589,-26.560950539444566,loss,-1.0,sl,1.39130434782587,-1.0,sl,False,0,6,0 days 06:00:00,0.09999999999843467,False,25.0,56.2,1.5,2021-10-21 07:00:00+00:00,False,1.2325,1.23141,1,daily_mitigation_ob_caused_displacement;daily_mitigation_ob_caused_imbalance;daily_mitigation_ob_flip_zone;daily_mitigation_ob_has_inducement;daily_mitigation_ob_swept_liquidity;daily_mitigation_ob_swept_liquidity_fractal;daily_mitigation_ob_swept_liquidity_fvg;daily_mitigation_ob_swept_liquidity_internal;daily_mitigation_ob_swept_liquidity_previous_candle;daily_mitigation_ob_swept_liquidity_swing;daily_ob_target_caused_displacement;daily_ob_target_caused_imbalance;daily_ob_target_flip_zone;daily_ob_target_has_inducement;daily_ob_target_swept_liquidity;daily_ob_target_swept_liquidity_fractal;daily_ob_target_swept_liquidity_fvg;daily_ob_target_swept_liquidity_internal;daily_ob_target_swept_liquidity_previous_candle;daily_ob_target_swept_liquidity_swing;h1_mitigation_ob_flip_zone;h1_mitigation_ob_swept_liquidity_fractal;h1_mitigation_ob_swept_liquidity_fvg;h1_mitigation_ob_swept_liquidity_internal;h1_mitigation_ob_swept_liquidity_previous_candle;h1_mitigation_ob_swept_liquidity_swing;h1_ob_target_flip_zone;h1_ob_target_swept_liquidity;h1_ob_target_swept_liquidity_fvg;h1_ob_target_swept_liquidity_internal;h1_ob_target_swept_liquidity_previous_candle;h1_ob_target_swept_liquidity_swing;h4_mitigation_ob_caused_displacement;h4_mitigation_ob_caused_imbalance;h4_mitigation_ob_flip_zone;h4_mitigation_ob_has_inducement;h4_mitigation_ob_swept_liquidity;h4_mitigation_ob_swept_liquidity_fractal;h4_mitigation_ob_swept_liquidity_fvg;h4_mitigation_ob_swept_liquidity_internal;h4_mitigation_ob_swept_liquidity_previous_candle;h4_mitigation_ob_swept_liquidity_swing;h4_mitigation_ob_within_daily_ob;h4_ob_target_flip_zone;h4_ob_target_swept_liquidity;h4_ob_target_swept_liquidity_fractal;h4_ob_target_swept_liquidity_fvg;h4_ob_target_swept_liquidity_internal;h4_ob_target_swept_liquidity_swing
2021-10-22,Friday,ny,2021-10-22 12:00:00+00:00,2021-10-22 14:00:00+00:00,bearish,1.23333,1.23462,1.231395,1.23462,0.0012900000000000134,38.03124366250762,loss,-1.0,sl,0.7054263565891139,-1.0,sl,False,0,2,0 days 02:00:00,9.099999999999664,True,25.0,56.2,1.5,2021-10-22 12:00:00+00:00,False,1.23442,1.23325,1,daily_mitigation_ob_caused_displacement;daily_mitigation_ob_caused_imbalance;daily_mitigation_ob_flip_zone;daily_mitigation_ob_has_inducement;daily_mitigation_ob_swept_liquidity;daily_mitigation_ob_swept_liquidity_fractal;daily_mitigation_ob_swept_liquidity_fvg;daily_mitigation_ob_swept_liquidity_internal;daily_mitigation_ob_swept_liquidity_previous_candle;daily_mitigation_ob_swept_liquidity_swing;daily_ob_target_caused_displacement;daily_ob_target_caused_imbalance;daily_ob_target_flip_zone;daily_ob_target_has_inducement;daily_ob_target_swept_liquidity;daily_ob_target_swept_liquidity_fractal;daily_ob_target_swept_liquidity_fvg;daily_ob_target_swept_liquidity_internal;daily_ob_target_swept_liquidity_previous_candle;daily_ob_target_swept_liquidity_swing;h1_mitigation_ob_flip_zone;h1_mitigation_ob_swept_liquidity;h1_mitigation_ob_swept_liquidity_fractal;h1_mitigation_ob_swept_liquidity_fvg;h1_mitigation_ob_swept_liquidity_internal;h1_mitigation_ob_swept_liquidity_swing;h1_ob_target_caused_displacement;h1_ob_target_caused_imbalance;h1_ob_target_flip_zone;h1_ob_target_has_inducement;h1_ob_target_swept_liquidity;h1_ob_target_swept_liquidity_fractal;h1_ob_target_swept_liquidity_fvg;h1_ob_target_swept_liquidity_internal;h1_ob_target_swept_liquidity_previous_candle;h1_ob_target_swept_liquidity_swing;h1_ob_target_within_h4_ob;h4_mitigation_ob_caused_displacement;h4_mitigation_ob_caused_imbalance;h4_mitigation_ob_flip_zone;h4_mitigation_ob_has_inducement;h4_mitigation_ob_swept_liquidity;h4_mitigation_ob_swept_liquidity_fractal;h4_mitigation_ob_swept_liquidity_fvg;h4_mitigation_ob_swept_liquidity_internal;h4_mitigation_ob_swept_liquidity_previous_candle;h4_mitigation_ob_swept_liquidity_swing;h4_mitigation_ob_within_daily_ob;h4_ob_target_caused_displacement;h4_ob_target_caused_imbalance;h4_ob_target_flip_zone;h4_ob_target_has_inducement;h4_ob_target_swept_liquidity;h4_ob_target_swept_liquidity_fractal;h4_ob_target_swept_liquidity_fvg;h4_ob_target_swept_liquidity_internal;h4_ob_target_swept_liquidity_previous_candle;h4_ob_target_swept_liquidity_swing;h4_ob_target_within_daily_ob
2021-10-26,Tuesday,ny,2021-10-26 12:00:00+00:00,2021-10-26 14:00:00+00:00,bearish,1.23516,1.23768,1.2313800000000001,1.23768,0.0025199999999998557,11.861182522291356,loss,-1.0,sl,0.0674603174603227,-1.0,sl,False,0,2,0 days 02:00:00,5.9000000000009045,False,25.0,56.2,1.5,2021-10-26 12:00:00+00:00,False,1.23748,1.23545,1,daily_mitigation_ob_caused_displacement;daily_mitigation_ob_caused_imbalance;daily_mitigation_ob_flip_zone;daily_mitigation_ob_has_inducement;daily_mitigation_ob_swept_liquidity;daily_mitigation_ob_swept_liquidity_fractal;daily_mitigation_ob_swept_liquidity_fvg;daily_mitigation_ob_swept_liquidity_internal;daily_mitigation_ob_swept_liquidity_previous_candle;daily_mitigation_ob_swept_liquidity_swing;daily_ob_target_caused_displacement;daily_ob_target_caused_imbalance;daily_ob_target_flip_zone;daily_ob_target_has_inducement;daily_ob_target_swept_liquidity;daily_ob_target_swept_liquidity_fractal;daily_ob_target_swept_liquidity_fvg;daily_ob_target_swept_liquidity_internal;daily_ob_target_swept_liquidity_previous_candle;daily_ob_target_swept_liquidity_swing;h1_mitigation_ob_swept_liquidity_fractal;h1_mitigation_ob_swept_liquidity_fvg;h1_mitigation_ob_swept_liquidity_internal;h1_mitigation_ob_swept_liquidity_previous_candle;h1_mitigation_ob_swept_liquidity_swing;h1_ob_target_flip_zone;h1_ob_target_swept_liquidity;h1_ob_target_swept_liquidity_fractal;h1_ob_target_swept_liquidity_fvg;h1_ob_target_swept_liquidity_internal;h1_ob_target_swept_liquidity_swing;h4_mitigation_ob_caused_displacement;h4_mitigation_ob_caused_imbalance;h4_mitigation_ob_flip_zone;h4_mitigation_ob_has_inducement;h4_mitigation_ob_swept_liquidity;h4_mitigation_ob_swept_liquidity_fractal;h4_mitigation_ob_swept_liquidity_fvg;h4_mitigation_ob_swept_liquidity_internal;h4_mitigation_ob_swept_liquidity_previous_candle;h4_mitigation_ob_swept_liquidity_swing;h4_mitigation_ob_within_daily_ob;h4_ob_target_caused_displacement;h4_ob_target_caused_imbalance;h4_ob_target_flip_zone;h4_ob_target_has_inducement;h4_ob_target_swept_liquidity;h4_ob_target_swept_liquidity_fractal;h4_ob_target_swept_liquidity_fvg;h4_ob_target_swept_liquidity_internal;h4_ob_target_swept_liquidity_previous_candle;h4_ob_target_swept_liquidity_swing;h4_ob_target_within_daily_ob
2021-10-28,Thursday,ny,2021-10-28 12:00:00+00:00,2021-10-28 13:00:00+00:00,bearish,1.23679,1.2374,1.235875,1.235875,0.0006099999999999994,24.792953878106914,win,1.5,tp,6.655737704917962,0.0,be_stop,True,1,1,0 days 01:00:00,24.899999999998812,False,25.0,56.2,1.5,2021-10-28 12:00:00+00:00,False,1.2372,1.23644,1,daily_mitigation_ob_caused_displacement;daily_mitigation_ob_caused_imbalance;daily_mitigation_ob_flip_zone;daily_mitigation_ob_has_inducement;daily_mitigation_ob_swept_liquidity;daily_mitigation_ob_swept_liquidity_fractal;daily_mitigation_ob_swept_liquidity_fvg;daily_mitigation_ob_swept_liquidity_internal;daily_mitigation_ob_swept_liquidity_previous_candle;daily_mitigation_ob_swept_liquidity_swing;daily_ob_target_caused_displacement;daily_ob_target_caused_imbalance;daily_ob_target_flip_zone;daily_ob_target_has_inducement;daily_ob_target_swept_liquidity;daily_ob_target_swept_liquidity_fractal;daily_ob_target_swept_liquidity_fvg;daily_ob_target_swept_liquidity_internal;daily_ob_target_swept_liquidity_previous_candle;daily_ob_target_swept_liquidity_swing;h1_mitigation_ob_flip_zone;h1_mitigation_ob_swept_liquidity_fractal;h1_mitigation_ob_swept_liquidity_fvg;h1_mitigation_ob_swept_liquidity_internal;h1_mitigation_ob_swept_liquidity_previous_candle;h1_mitigation_ob_swept_liquidity_swing;h1_ob_target_caused_displacement;h1_ob_target_caused_imbalance;h1_ob_target_flip_zone;h1_ob_target_has_inducement;h1_ob_target_swept_liquidity;h1_ob_target_swept_liquidity_fractal;h1_ob_target_swept_liquidity_fvg;h1_ob_target_swept_liquidity_internal;h1_ob_target_swept_liquidity_previous_candle;h1_ob_target_swept_liquidity_swing;h1_ob_target_within_h4_ob;h4_mitigation_ob_caused_displacement;h4_mitigation_ob_caused_imbalance;h4_mitigation_ob_flip_zone;h4_mitigation_ob_has_inducement;h4_mitigation_ob_swept_liquidity;h4_mitigation_ob_swept_liquidity_fractal;h4_mitigation_ob_swept_liquidity_fvg;h4_mitigation_ob_swept_liquidity_internal;h4_mitigation_ob_swept_liquidity_previous_candle;h4_mitigation_ob_swept_liquidity_swing;h4_mitigation_ob_within_daily_ob;h4_ob_target_caused_displacement;h4_ob_target_caused_imbalance;h4_ob_target_flip_zone;h4_ob_target_has_inducement;h4_ob_target_swept_liquidity;h4_ob_target_swept_liquidity_fractal;h4_ob_target_swept_liquidity_fvg;h4_ob_target_swept_liquidity_internal;h4_ob_target_swept_liquidity_previous_candle;h4_ob_target_swept_liquidity_swing;h4_ob_target_within_daily_ob
2021-11-01,Monday,london,2021-11-01 09:00:00+00:00,2021-11-01 10:00:00+00:00,bullish,1.23801,1.2377,1.2384750000000002,1.2377,0.00031000000000003247,-24.802111488183993,loss,-1.0,sl,0.0,-1.0,sl,False,0,1,0 days 01:00:00,6.200000000000649,False,25.0,56.2,1.5,2021-11-01 09:00:00+00:00,False,1.23891,1.2379,1,daily_mitigation_ob_caused_displacement;daily_mitigation_ob_caused_imbalance;daily_mitigation_ob_flip_zone;daily_mitigation_ob_has_inducement;daily_mitigation_ob_swept_liquidity;daily_mitigation_ob_swept_liquidity_fractal;daily_mitigation_ob_swept_liquidity_fvg;daily_mitigation_ob_swept_liquidity_internal;daily_mitigation_ob_swept_liquidity_previous_candle;daily_mitigation_ob_swept_liquidity_swing;daily_ob_target_caused_displacement;daily_ob_target_caused_imbalance;daily_ob_target_flip_zone;daily_ob_target_has_inducement;daily_ob_target_swept_liquidity;daily_ob_target_swept_liquidity_fractal;daily_ob_target_swept_liquidity_fvg;daily_ob_target_swept_liquidity_internal;daily_ob_target_swept_liquidity_previous_candle;daily_ob_target_swept_liquidity_swing;h1_mitigation_ob_flip_zone;h1_mitigation_ob_swept_liquidity_fractal;h1_mitigation_ob_swept_liquidity_fvg;h1_mitigation_ob_swept_liquidity_internal;h1_mitigation_ob_swept_liquidity_previous_candle;h1_mitigation_ob_swept_liquidity_swing;h1_ob_target_caused_displacement;h1_ob_target_caused_imbalance;h1_ob_target_flip_zone;h1_ob_target_has_inducement;h1_ob_target_swept_liquidity;h1_ob_target_swept_liquidity_fractal;h1_ob_target_swept_liquidity_fvg;h1_ob_target_swept_liquidity_internal;h1_ob_target_swept_liquidity_previous_candle;h1_ob_target_swept_liquidity_swing;h1_ob_target_within_h4_ob;h4_mitigation_ob_caused_displacement;h4_mitigation_ob_caused_imbalance;h4_mitigation_ob_flip_zone;h4_mitigation_ob_has_inducement;h4_mitigation_ob_swept_liquidity;h4_mitigation_ob_swept_liquidity_fractal;h4_mitigation_ob_swept_liquidity_fvg;h4_mitigation_ob_swept_liquidity_internal;h4_mitigation_ob_swept_liquidity_previous_candle;h4_mitigation_ob_swept_liquidity_swing;h4_mitigation_ob_within_daily_ob;h4_ob_target_caused_displacement;h4_ob_target_caused_imbalance;h4_ob_target_flip_zone;h4_ob_target_has_inducement;h4_ob_target_swept_liquidity;h4_ob_target_swept_liquidity_fractal;h4_ob_target_swept_liquidity_fvg;h4_ob_target_swept_liquidity_internal;h4_ob_target_swept_liquidity_previous_candle;h4_ob_target_swept_liquidity_swing;h4_ob_target_within_daily_ob
2021-11-01,Monday,ny,2021-11-01 12:00:00+00:00,2021-11-01 14:00:00+00:00,bearish,1.23798,1.23911,1.2362850000000003,1.23911,0.0011299999999998533,15.303936849924765,loss,-1.0,sl,0.9203539823011389,-1.0,sl,False,0,2,0 days 02:00:00,2.900000000001235,False,25.0,56.2,1.5,2021-11-01 12:00:00+00:00,False,1.23891,1.2379,1,daily_mitigation_ob_caused_displacement;daily_mitigation_ob_caused_imbalance;daily_mitigation_ob_flip_zone;daily_mitigation_ob_has_inducement;daily_mitigation_ob_swept_liquidity;daily_mitigation_ob_swept_liquidity_fractal;daily_mitigation_ob_swept_liquidity_fvg;daily_mitigation_ob_swept_liquidity_internal;daily_mitigation_ob_swept_liquidity_previous_candle;daily_mitigation_ob_swept_liquidity_swing;daily_ob_target_caused_displacement;daily_ob_target_caused_imbalance;daily_ob_target_flip_zone;daily_ob_target_has_inducement;daily_ob_target_swept_liquidity;daily_ob_target_swept_liquidity_fractal;daily_ob_target_swept_liquidity_fvg;daily_ob_target_swept_liquidity_internal;daily_ob_target_swept_liquidity_previous_candle;daily_ob_target_swept_liquidity_swing;h1_mitigation_ob_flip_zone;h1_mitigation_ob_swept_liquidity_fractal;h1_mitigation_ob_swept_liquidity_fvg;h1_mitigation_ob_swept_liquidity_internal;h1_mitigation_ob_swept_liquidity_previous_candle;h1_mitigation_ob_swept_liquidity_swing;h1_ob_target_flip_zone;h1_ob_target_swept_liquidity;h1_ob_target_swept_liquidity_fractal;h1_ob_target_swept_liquidity_internal;h1_ob_target_swept_liquidity_previous_candle;h1_ob_target_swept_liquidity_swing;h4_mitigation_ob_caused_displacement;h4_mitigation_ob_caused_imbalance;h4_mitigation_ob_flip_zone;h4_mitigation_ob_has_inducement;h4_mitigation_ob_swept_liquidity;h4_mitigation_ob_swept_liquidity_fractal;h4_mitigation_ob_swept_liquidity_fvg;h4_mitigation_ob_swept_liquidity_internal;h4_mitigation_ob_swept_liquidity_previous_candle;h4_mitigation_ob_swept_liquidity_swing;h4_mitigation_ob_within_daily_ob;h4_ob_target_caused_displacement;h4_ob_target_caused_imbalance;h4_ob_target_flip_zone;h4_ob_target_has_inducement;h4_ob_target_swept_liquidity;h4_ob_target_swept_liquidity_fractal;h4_ob_target_swept_liquidity_fvg;h4_ob_target_swept_liquidity_internal;h4_ob_target_swept_liquidity_previous_candle;h4_ob_target_swept_liquidity_swing;h4_ob_target_within_daily_ob
2021-11-02,Tuesday,ny,2021-11-02 13:00:00+00:00,2021-11-02 15:00:00+00:00,bullish,1.23996,1.23866,1.2419099999999998,1.2419099999999998,0.0012999999999998568,-13.629863542265028,win,1.5,tp,1.9076923076925467,0.0,be_stop,True,1,2,0 days 02:00:00,1.2999999999996348,False,25.0,56.2,1.5,2021-11-02 13:00:00+00:00,False,1.23968,1.23886,1,daily_mitigation_ob_caused_displacement;daily_mitigation_ob_caused_imbalance;daily_mitigation_ob_flip_zone;daily_mitigation_ob_has_inducement;daily_mitigation_ob_swept_liquidity;daily_mitigation_ob_swept_liquidity_fractal;daily_mitigation_ob_swept_liquidity_fvg;daily_mitigation_ob_swept_liquidity_internal;daily_mitigation_ob_swept_liquidity_previous_candle;daily_mitigation_ob_swept_liquidity_swing;daily_ob_target_caused_displacement;daily_ob_target_caused_imbalance;daily_ob_target_flip_zone;daily_ob_target_has_inducement;daily_ob_target_swept_liquidity;daily_ob_target_swept_liquidity_fractal;daily_ob_target_swept_liquidity_fvg;daily_ob_target_swept_liquidity_internal;daily_ob_target_swept_liquidity_previous_candle;daily_ob_target_swept_liquidity_swing;h1_mitigation_ob_flip_zone;h1_mitigation_ob_swept_liquidity_fractal;h1_mitigation_ob_swept_liquidity_fvg;h1_mitigation_ob_swept_liquidity_internal;h1_mitigation_ob_swept_liquidity_previous_candle;h1_mitigation_ob_swept_liquidity_swing;h1_ob_target_flip_zone;h1_ob_target_swept_liquidity;h1_ob_target_swept_liquidity_fractal;h1_ob_target_swept_liquidity_fvg;h1_ob_target_swept_liquidity_internal;h1_ob_target_swept_liquidity_swing;h4_mitigation_ob_flip_zone;h4_mitigation_ob_swept_liquidity;h4_mitigation_ob_swept_liquidity_fractal;h4_mitigation_ob_swept_liquidity_internal;h4_mitigation_ob_swept_liquidity_previous_candle;h4_mitigation_ob_swept_liquidity_swing;h4_ob_target_flip_zone;h4_ob_target_swept_liquidity_fractal;h4_ob_target_swept_liquidity_fvg;h4_ob_target_swept_liquidity_internal;h4_ob_target_swept_liquidity_previous_candle;h4_ob_target_swept_liquidity_swing
2021-11-04,Thursday,ny,2021-11-04 12:00:00+00:00,2021-11-04 14:00:00+00:00,bearish,1.24276,1.2448,1.2397000000000005,1.2448,0.0020399999999998197,-5.371127271364169,loss,-1.0,sl,0.7794117647059415,-1.0,sl,False,0,2,0 days 02:00:00,6.6000000000010495,False,25.0,56.2,1.5,2021-11-04 11:00:00+00:00,True,1.2446,1.24175,1,daily_mitigation_ob_caused_displacement;daily_mitigation_ob_caused_imbalance;daily_mitigation_ob_flip_zone;daily_mitigation_ob_has_inducement;daily_mitigation_ob_swept_liquidity;daily_mitigation_ob_swept_liquidity_fractal;daily_mitigation_ob_swept_liquidity_fvg;daily_mitigation_ob_swept_liquidity_internal;daily_mitigation_ob_swept_liquidity_previous_candle;daily_mitigation_ob_swept_liquidity_swing;daily_ob_target_caused_displacement;daily_ob_target_caused_imbalance;daily_ob_target_flip_zone;daily_ob_target_has_inducement;daily_ob_target_swept_liquidity;daily_ob_target_swept_liquidity_fractal;daily_ob_target_swept_liquidity_fvg;daily_ob_target_swept_liquidity_internal;daily_ob_target_swept_liquidity_previous_candle;daily_ob_target_swept_liquidity_swing;h1_mitigation_ob_flip_zone;h1_mitigation_ob_swept_liquidity_fractal;h1_mitigation_ob_swept_liquidity_fvg;h1_mitigation_ob_swept_liquidity_internal;h1_mitigation_ob_swept_liquidity_previous_candle;h1_mitigation_ob_swept_liquidity_swing;h1_ob_target_flip_zone;h1_ob_target_swept_liquidity_fractal;h1_ob_target_swept_liquidity_fvg;h1_ob_target_swept_liquidity_internal;h1_ob_target_swept_liquidity_previous_candle;h1_ob_target_swept_liquidity_swing;h4_mitigation_ob_caused_displacement;h4_mitigation_ob_caused_imbalance;h4_mitigation_ob_flip_zone;h4_mitigation_ob_has_inducement;h4_mitigation_ob_swept_liquidity;h4_mitigation_ob_swept_liquidity_fractal;h4_mitigation_ob_swept_liquidity_fvg;h4_mitigation_ob_swept_liquidity_internal;h4_mitigation_ob_swept_liquidity_previous_candle;h4_mitigation_ob_swept_liquidity_swing;h4_mitigation_ob_within_daily_ob;h4_ob_target_caused_displacement;h4_ob_target_caused_imbalance;h4_ob_target_flip_zone;h4_ob_target_has_inducement;h4_ob_target_swept_liquidity;h4_ob_target_swept_liquidity_fractal;h4_ob_target_swept_liquidity_fvg;h4_ob_target_swept_liquidity_internal;h4_ob_target_swept_liquidity_previous_candle;h4_ob_target_swept_liquidity_swing;h4_ob_target_within_daily_ob
2021-11-09,Tuesday,ny,2021-11-09 12:00:00+00:00,2021-11-09 14:00:00+00:00,bearish,1.24397,1.2458799999999999,1.2411050000000001,1.2458799999999999,0.0019099999999998563,14.08258531863382,loss,-1.0,sl,0.26701570680630826,-1.0,sl,False,0,2,0 days 02:00:00,1.7000000000022553,False,25.0,56.2,1.5,2021-11-09 12:00:00+00:00,False,1.24568,1.24385,1,daily_mitigation_ob_caused_displacement;daily_mitigation_ob_caused_imbalance;daily_mitigation_ob_flip_zone;daily_mitigation_ob_has_inducement;daily_mitigation_ob_swept_liquidity;daily_mitigation_ob_swept_liquidity_fractal;daily_mitigation_ob_swept_liquidity_fvg;daily_mitigation_ob_swept_liquidity_internal;daily_mitigation_ob_swept_liquidity_previous_candle;daily_mitigation_ob_swept_liquidity_swing;daily_ob_target_flip_zone;daily_ob_target_swept_liquidity_fractal;daily_ob_target_swept_liquidity_fvg;daily_ob_target_swept_liquidity_internal;daily_ob_target_swept_liquidity_previous_candle;daily_ob_target_swept_liquidity_swing;h1_mitigation_ob_flip_zone;h1_mitigation_ob_swept_liquidity;h1_mitigation_ob_swept_liquidity_fvg;h1_mitigation_ob_swept_liquidity_internal;h1_mitigation_ob_swept_liquidity_previous_candle;h1_mitigation_ob_swept_liquidity_swing;h1_ob_target_flip_zone;h1_ob_target_swept_liquidity;h1_ob_target_swept_liquidity_fractal;h1_ob_target_swept_liquidity_internal;h1_ob_target_swept_liquidity_swing;h4_mitigation_ob_caused_displacement;h4_mitigation_ob_caused_imbalance;h4_mitigation_ob_flip_zone;h4_mitigation_ob_has_inducement;h4_mitigation_ob_swept_liquidity;h4_mitigation_ob_swept_liquidity_fractal;h4_mitigation_ob_swept_liquidity_fvg;h4_mitigation_ob_swept_liquidity_internal;h4_mitigation_ob_swept_liquidity_previous_candle;h4_mitigation_ob_swept_liquidity_swing;h4_mitigation_ob_within_daily_ob;h4_ob_target_flip_zone;h4_ob_target_swept_liquidity_fractal;h4_ob_target_swept_liquidity_fvg;h4_ob_target_swept_liquidity_internal;h4_ob_target_swept_liquidity_previous_candle;h4_ob_target_swept_liquidity_swing
2021-11-10,Wednesday,ny,2021-11-10 12:00:00+00:00,2021-11-10 13:00:00+00:00,bearish,1.24332,1.24471,1.241235,1.24471,0.0013900000000000023,24.28843787404667,loss,-1.0,sl,0.08633093525172501,-1.0,sl,False,0,1,0 days 01:00:00,11.600000000000499,False,25.0,56.2,1.5,2021-11-10 12:00:00+00:00,False,1.24451,1.24382,1,daily_mitigation_ob_caused_displacement;daily_mitigation_ob_caused_imbalance;daily_mitigation_ob_flip_zone;daily_mitigation_ob_has_inducement;daily_mitigation_ob_swept_liquidity;daily_mitigation_ob_swept_liquidity_fractal;daily_mitigation_ob_swept_liquidity_fvg;daily_mitigation_ob_swept_liquidity_internal;daily_mitigation_ob_swept_liquidity_previous_candle;daily_mitigation_ob_swept_liquidity_swing;daily_ob_target_flip_zone;daily_ob_target_swept_liquidity_fractal;daily_ob_target_swept_liquidity_fvg;daily_ob_target_swept_liquidity_internal;daily_ob_target_swept_liquidity_previous_candle;daily_ob_target_swept_liquidity_swing;h1_mitigation_ob_flip_zone;h1_mitigation_ob_swept_liquidity;h1_mitigation_ob_swept_liquidity_fractal;h1_mitigation_ob_swept_liquidity_fvg;h1_mitigation_ob_swept_liquidity_internal;h1_mitigation_ob_swept_liquidity_swing;h1_ob_target_flip_zone;h1_ob_target_swept_liquidity_fractal;h1_ob_target_swept_liquidity_fvg;h1_ob_target_swept_liquidity_internal;h1_ob_target_swept_liquidity_previous_candle;h1_ob_target_swept_liquidity_swing;h4_mitigation_ob_caused_displacement;h4_mitigation_ob_caused_imbalance;h4_mitigation_ob_flip_zone;h4_mitigation_ob_has_inducement;h4_mitigation_ob_swept_liquidity;h4_mitigation_ob_swept_liquidity_fractal;h4_mitigation_ob_swept_liquidity_fvg;h4_mitigation_ob_swept_liquidity_internal;h4_mitigation_ob_swept_liquidity_previous_candle;h4_mitigation_ob_swept_liquidity_swing;h4_mitigation_ob_within_daily_ob;h4_ob_target_flip_zone;h4_ob_target_swept_liquidity_fractal;h4_ob_target_swept_liquidity_fvg;h4_ob_target_swept_liquidity_internal;h4_ob_target_swept_liquidity_previous_candle;h4_ob_target_swept_liquidity_swing
2021-11-10,Wednesday,ny,2021-11-10 14:00:00+00:00,2021-11-10 18:00:00+00:00,bearish,1.23992,1.24741,1.228685,1.24741,0.007489999999999997,22.784082086250578,loss,-1.0,sl,0.03471295060079133,-1.0,sl,False,0,4,0 days 04:00:00,19.800000000000928,False,25.0,56.2,1.5,2021-11-10 14:00:00+00:00,False,1.24721,1.24567,1,daily_mitigation_ob_caused_displacement;daily_mitigation_ob_caused_imbalance;daily_mitigation_ob_flip_zone;daily_mitigation_ob_has_inducement;daily_mitigation_ob_swept_liquidity;daily_mitigation_ob_swept_liquidity_fractal;daily_mitigation_ob_swept_liquidity_fvg;daily_mitigation_ob_swept_liquidity_internal;daily_mitigation_ob_swept_liquidity_previous_candle;daily_mitigation_ob_swept_liquidity_swing;daily_ob_target_flip_zone;daily_ob_target_swept_liquidity_fractal;daily_ob_target_swept_liquidity_fvg;daily_ob_target_swept_liquidity_internal;daily_ob_target_swept_liquidity_previous_candle;daily_ob_target_swept_liquidity_swing;h1_mitigation_ob_flip_zone;h1_mitigation_ob_swept_liquidity_fractal;h1_mitigation_ob_swept_liquidity_fvg;h1_mitigation_ob_swept_liquidity_internal;h1_mitigation_ob_swept_liquidity_previous_candle;h1_mitigation_ob_swept_liquidity_swing;h1_ob_target_flip_zone;h1_ob_target_swept_liquidity_fractal;h1_ob_target_swept_liquidity_fvg;h1_ob_target_swept_liquidity_internal;h1_ob_target_swept_liquidity_previous_candle;h1_ob_target_swept_liquidity_swing;h4_mitigation_ob_caused_displacement;h4_mitigation_ob_caused_imbalance;h4_mitigation_ob_flip_zone;h4_mitigation_ob_has_inducement;h4_mitigation_ob_swept_liquidity;h4_mitigation_ob_swept_liquidity_fractal;h4_mitigation_ob_swept_liquidity_fvg;h4_mitigation_ob_swept_liquidity_internal;h4_mitigation_ob_swept_liquidity_previous_candle;h4_mitigation_ob_swept_liquidity_swing;h4_mitigation_ob_within_daily_ob;h4_ob_target_flip_zone;h4_ob_target_swept_liquidity_fractal;h4_ob_target_swept_liquidity_fvg;h4_ob_target_swept_liquidity_internal;h4_ob_target_swept_liquidity_previous_candle;h4_ob_target_swept_liquidity_swing
2021-11-11,Thursday,london,2021-11-11 09:00:00+00:00,2021-11-11 10:00:00+00:00,bearish,1.25317,1.25542,1.2497949999999998,1.25542,0.0022500000000000853,14.405824623968355,loss,-1.0,sl,0.35111111111102955,-1.0,sl,False,0,1,0 days 01:00:00,16.80000000000126,False,25.0,56.2,1.5,2021-11-11 09:00:00+00:00,False,1.25522,1.25343,1,daily_mitigation_ob_caused_displacement;daily_mitigation_ob_caused_imbalance;daily_mitigation_ob_flip_zone;daily_mitigation_ob_has_inducement;daily_mitigation_ob_swept_liquidity;daily_mitigation_ob_swept_liquidity_fractal;daily_mitigation_ob_swept_liquidity_fvg;daily_mitigation_ob_swept_liquidity_internal;daily_mitigation_ob_swept_liquidity_previous_candle;daily_mitigation_ob_swept_liquidity_swing;daily_ob_target_flip_zone;daily_ob_target_swept_liquidity;daily_ob_target_swept_liquidity_fractal;daily_ob_target_swept_liquidity_fvg;daily_ob_target_swept_liquidity_internal;daily_ob_target_swept_liquidity_swing;h1_mitigation_ob_flip_zone;h1_mitigation_ob_swept_liquidity_fractal;h1_mitigation_ob_swept_liquidity_fvg;h1_mitigation_ob_swept_liquidity_internal;h1_mitigation_ob_swept_liquidity_previous_candle;h1_mitigation_ob_swept_liquidity_swing;h1_ob_target_flip_zone;h1_ob_target_swept_liquidity;h1_ob_target_swept_liquidity_fractal;h1_ob_target_swept_liquidity_internal;h1_ob_target_swept_liquidity_swing;h4_mitigation_ob_flip_zone;h4_mitigation_ob_swept_liquidity_fractal;h4_mitigation_ob_swept_liquidity_fvg;h4_mitigation_ob_swept_liquidity_internal;h4_mitigation_ob_swept_liquidity_previous_candle;h4_mitigation_ob_swept_liquidity_swing;h4_ob_target_flip_zone;h4_ob_target_swept_liquidity;h4_ob_target_swept_liquidity_fvg;h4_ob_target_swept_liquidity_internal;h4_ob_target_swept_liquidity_previous_candle;h4_ob_target_swept_liquidity_swing
2021-11-11,Thursday,ny,2021-11-11 12:00:00+00:00,2021-11-11 14:00:00+00:00,bearish,1.2571,1.25854,1.2549400000000004,1.25854,0.0014399999999998858,17.24127799052179,loss,-1.0,sl,1.0694444444445965,-1.0,sl,False,0,2,0 days 02:00:00,1.7000000000000348,False,25.0,56.2,1.5,2021-11-11 12:00:00+00:00,False,1.25834,1.25715,1,daily_mitigation_ob_caused_displacement;daily_mitigation_ob_caused_imbalance;daily_mitigation_ob_flip_zone;daily_mitigation_ob_has_inducement;daily_mitigation_ob_swept_liquidity;daily_mitigation_ob_swept_liquidity_fractal;daily_mitigation_ob_swept_liquidity_fvg;daily_mitigation_ob_swept_liquidity_internal;daily_mitigation_ob_swept_liquidity_previous_candle;daily_mitigation_ob_swept_liquidity_swing;daily_ob_target_flip_zone;daily_ob_target_swept_liquidity;daily_ob_target_swept_liquidity_fractal;daily_ob_target_swept_liquidity_fvg;daily_ob_target_swept_liquidity_internal;daily_ob_target_swept_liquidity_swing;h1_mitigation_ob_flip_zone;h1_mitigation_ob_swept_liquidity_fractal;h1_mitigation_ob_swept_liquidity_fvg;h1_mitigation_ob_swept_liquidity_internal;h1_mitigation_ob_swept_liquidity_previous_candle;h1_mitigation_ob_swept_liquidity_swing;h1_ob_target_flip_zone;h1_ob_target_swept_liquidity;h1_ob_target_swept_liquidity_fractal;h1_ob_target_swept_liquidity_internal;h1_ob_target_swept_liquidity_swing;h4_mitigation_ob_flip_zone;h4_mitigation_ob_swept_liquidity;h4_mitigation_ob_swept_liquidity_fractal;h4_mitigation_ob_swept_liquidity_internal;h4_mitigation_ob_swept_liquidity_swing;h4_ob_target_caused_displacement;h4_ob_target_caused_imbalance;h4_ob_target_flip_zone;h4_ob_target_has_inducement;h4_ob_target_swept_liquidity;h4_ob_target_swept_liquidity_fractal;h4_ob_target_swept_liquidity_fvg;h4_ob_target_swept_liquidity_internal;h4_ob_target_swept_liquidity_previous_candle;h4_ob_target_swept_liquidity_swing;h4_ob_target_within_daily_ob
2021-11-11,Thursday,ny,2021-11-11 14:00:00+00:00,2021-11-11 17:00:00+00:00,bearish,1.25791,1.25928,1.2558550000000004,1.25928,0.0013699999999998713,14.75452930312701,loss,-1.0,sl,0.40145985401467305,-1.0,sl,False,0,3,0 days 03:00:00,3.1000000000003247,False,25.0,56.2,1.5,2021-11-11 14:00:00+00:00,False,1.25908,1.25825,1,daily_mitigation_ob_caused_displacement;daily_mitigation_ob_caused_imbalance;daily_mitigation_ob_flip_zone;daily_mitigation_ob_has_inducement;daily_mitigation_ob_swept_liquidity;daily_mitigation_ob_swept_liquidity_fractal;daily_mitigation_ob_swept_liquidity_fvg;daily_mitigation_ob_swept_liquidity_internal;daily_mitigation_ob_swept_liquidity_previous_candle;daily_mitigation_ob_swept_liquidity_swing;daily_ob_target_caused_displacement;daily_ob_target_caused_imbalance;daily_ob_target_flip_zone;daily_ob_target_has_inducement;daily_ob_target_swept_liquidity;daily_ob_target_swept_liquidity_fractal;daily_ob_target_swept_liquidity_fvg;daily_ob_target_swept_liquidity_internal;daily_ob_target_swept_liquidity_previous_candle;daily_ob_target_swept_liquidity_swing;h1_mitigation_ob_flip_zone;h1_mitigation_ob_swept_liquidity;h1_mitigation_ob_swept_liquidity_fvg;h1_mitigation_ob_swept_liquidity_internal;h1_mitigation_ob_swept_liquidity_swing;h1_ob_target_flip_zone;h1_ob_target_swept_liquidity;h1_ob_target_swept_liquidity_fractal;h1_ob_target_swept_liquidity_internal;h1_ob_target_swept_liquidity_swing;h4_mitigation_ob_flip_zone;h4_mitigation_ob_swept_liquidity_fractal;h4_mitigation_ob_swept_liquidity_fvg;h4_mitigation_ob_swept_liquidity_internal;h4_mitigation_ob_swept_liquidity_previous_candle;h4_mitigation_ob_swept_liquidity_swing;h4_ob_target_caused_displacement;h4_ob_target_caused_imbalance;h4_ob_target_flip_zone;h4_ob_target_has_inducement;h4_ob_target_swept_liquidity;h4_ob_target_swept_liquidity_fractal;h4_ob_target_swept_liquidity_fvg;h4_ob_target_swept_liquidity_internal;h4_ob_target_swept_liquidity_previous_candle;h4_ob_target_swept_liquidity_swing;h4_ob_target_within_daily_ob
2021-11-15,Monday,ny,2021-11-15 12:00:00+00:00,2021-11-15 14:00:00+00:00,bearish,1.253,1.25374,1.2518899999999995,1.2518899999999995,0.000740000000000185,14.825173924069542,win,1.5,tp,5.108108108106689,0.0,be_stop,True,1,2,0 days 02:00:00,4.700000000001925,False,25.0,56.2,1.5,2021-11-15 12:00:00+00:00,False,1.25354,1.25244,1,daily_mitigation_ob_caused_displacement;daily_mitigation_ob_caused_imbalance;daily_mitigation_ob_flip_zone;daily_mitigation_ob_has_inducement;daily_mitigation_ob_swept_liquidity;daily_mitigation_ob_swept_liquidity_fractal;daily_mitigation_ob_swept_liquidity_fvg;daily_mitigation_ob_swept_liquidity_internal;daily_mitigation_ob_swept_liquidity_previous_candle;daily_mitigation_ob_swept_liquidity_swing;daily_ob_target_caused_displacement;daily_ob_target_caused_imbalance;daily_ob_target_flip_zone;daily_ob_target_has_inducement;daily_ob_target_swept_liquidity;daily_ob_target_swept_liquidity_fractal;daily_ob_target_swept_liquidity_fvg;daily_ob_target_swept_liquidity_internal;daily_ob_target_swept_liquidity_previous_candle;daily_ob_target_swept_liquidity_swing;h1_mitigation_ob_flip_zone;h1_mitigation_ob_swept_liquidity_fractal;h1_mitigation_ob_swept_liquidity_fvg;h1_mitigation_ob_swept_liquidity_internal;h1_mitigation_ob_swept_liquidity_previous_candle;h1_mitigation_ob_swept_liquidity_swing;h1_ob_target_flip_zone;h1_ob_target_swept_liquidity;h1_ob_target_swept_liquidity_fractal;h1_ob_target_swept_liquidity_internal;h1_ob_target_swept_liquidity_swing;h4_mitigation_ob_caused_displacement;h4_mitigation_ob_caused_imbalance;h4_mitigation_ob_flip_zone;h4_mitigation_ob_has_inducement;h4_mitigation_ob_swept_liquidity;h4_mitigation_ob_swept_liquidity_fractal;h4_mitigation_ob_swept_liquidity_fvg;h4_mitigation_ob_swept_liquidity_internal;h4_mitigation_ob_swept_liquidity_previous_candle;h4_mitigation_ob_swept_liquidity_swing;h4_mitigation_ob_within_daily_ob;h4_ob_target_caused_displacement;h4_ob_target_caused_imbalance;h4_ob_target_flip_zone;h4_ob_target_has_inducement;h4_ob_target_swept_liquidity;h4_ob_target_swept_liquidity_fractal;h4_ob_target_swept_liquidity_fvg;h4_ob_target_swept_liquidity_internal;h4_ob_target_swept_liquidity_previous_candle;h4_ob_target_swept_liquidity_swing;h4_ob_target_within_daily_ob
2021-11-16,Tuesday,ny,2021-11-16 13:00:00+00:00,2021-11-16 16:00:00+00:00,bearish,1.25308,1.25563,1.2492549999999998,1.25563,0.0025500000000000522,21.7511716702914,loss,-1.0,sl,0.0,-1.0,sl,False,0,3,0 days 03:00:00,6.900000000000794,False,25.0,56.2,1.5,2021-11-16 13:00:00+00:00,False,1.25543,1.25437,1,daily_mitigation_ob_caused_displacement;daily_mitigation_ob_caused_imbalance;daily_mitigation_ob_flip_zone;daily_mitigation_ob_has_inducement;daily_mitigation_ob_swept_liquidity;daily_mitigation_ob_swept_liquidity_fractal;daily_mitigation_ob_swept_liquidity_fvg;daily_mitigation_ob_swept_liquidity_internal;daily_mitigation_ob_swept_liquidity_previous_candle;daily_mitigation_ob_swept_liquidity_swing;daily_ob_target_caused_displacement;daily_ob_target_caused_imbalance;daily_ob_target_flip_zone;daily_ob_target_has_inducement;daily_ob_target_swept_liquidity;daily_ob_target_swept_liquidity_fractal;daily_ob_target_swept_liquidity_fvg;daily_ob_target_swept_liquidity_internal;daily_ob_target_swept_liquidity_previous_candle;daily_ob_target_swept_liquidity_swing;h1_mitigation_ob_flip_zone;h1_mitigation_ob_swept_liquidity_fractal;h1_mitigation_ob_swept_liquidity_fvg;h1_mitigation_ob_swept_liquidity_internal;h1_mitigation_ob_swept_liquidity_previous_candle;h1_mitigation_ob_swept_liquidity_swing;h1_ob_target_flip_zone;h1_ob_target_swept_liquidity_fractal;h1_ob_target_swept_liquidity_fvg;h1_ob_target_swept_liquidity_internal;h1_ob_target_swept_liquidity_previous_candle;h1_ob_target_swept_liquidity_swing;h4_mitigation_ob_caused_displacement;h4_mitigation_ob_caused_imbalance;h4_mitigation_ob_flip_zone;h4_mitigation_ob_has_inducement;h4_mitigation_ob_swept_liquidity;h4_mitigation_ob_swept_liquidity_fractal;h4_mitigation_ob_swept_liquidity_fvg;h4_mitigation_ob_swept_liquidity_internal;h4_mitigation_ob_swept_liquidity_previous_candle;h4_mitigation_ob_swept_liquidity_swing;h4_mitigation_ob_within_daily_ob;h4_ob_target_flip_zone;h4_ob_target_swept_liquidity;h4_ob_target_swept_liquidity_fvg;h4_ob_target_swept_liquidity_internal;h4_ob_target_swept_liquidity_previous_candle;h4_ob_target_swept_liquidity_swing
2021-11-16,Tuesday,ny,2021-11-16 14:00:00+00:00,2021-11-17 07:00:00+00:00,bullish,1.25479,1.25119,1.2601900000000001,1.25479,0.0036000000000000476,-12.079572714648462,breakeven,0.0,be_stop,1.058333333333283,0.0,be_stop,True,1,17,0 days 17:00:00,6.300000000001305,False,25.0,56.2,1.5,2021-11-16 14:00:00+00:00,False,1.25237,1.25139,1,daily_mitigation_ob_caused_displacement;daily_mitigation_ob_caused_imbalance;daily_mitigation_ob_flip_zone;daily_mitigation_ob_has_inducement;daily_mitigation_ob_swept_liquidity;daily_mitigation_ob_swept_liquidity_fractal;daily_mitigation_ob_swept_liquidity_fvg;daily_mitigation_ob_swept_liquidity_internal;daily_mitigation_ob_swept_liquidity_previous_candle;daily_mitigation_ob_swept_liquidity_swing;daily_ob_target_flip_zone;daily_ob_target_swept_liquidity;daily_ob_target_swept_liquidity_fractal;daily_ob_target_swept_liquidity_fvg;daily_ob_target_swept_liquidity_internal;daily_ob_target_swept_liquidity_swing;h1_mitigation_ob_flip_zone;h1_mitigation_ob_swept_liquidity_fractal;h1_mitigation_ob_swept_liquidity_fvg;h1_mitigation_ob_swept_liquidity_internal;h1_mitigation_ob_swept_liquidity_previous_candle;h1_mitigation_ob_swept_liquidity_swing;h1_ob_target_flip_zone;h1_ob_target_swept_liquidity;h1_ob_target_swept_liquidity_fractal;h1_ob_target_swept_liquidity_internal;h1_ob_target_swept_liquidity_swing;h4_mitigation_ob_caused_displacement;h4_mitigation_ob_caused_imbalance;h4_mitigation_ob_flip_zone;h4_mitigation_ob_has_inducement;h4_mitigation_ob_swept_liquidity;h4_mitigation_ob_swept_liquidity_fractal;h4_mitigation_ob_swept_liquidity_fvg;h4_mitigation_ob_swept_liquidity_internal;h4_mitigation_ob_swept_liquidity_previous_candle;h4_mitigation_ob_swept_liquidity_swing;h4_mitigation_ob_within_daily_ob;h4_ob_target_flip_zone;h4_ob_target_swept_liquidity_fractal;h4_ob_target_swept_liquidity_fvg;h4_ob_target_swept_liquidity_internal;h4_ob_target_swept_liquidity_previous_candle;h4_ob_target_swept_liquidity_swing
2021-11-17,Wednesday,london,2021-11-17 08:00:00+00:00,2021-11-17 09:00:00+00:00,bearish,1.25442,1.25663,1.2511050000000004,1.25663,0.0022099999999998232,7.025906051169809,loss,-1.0,sl,0.009049773755716119,-1.0,sl,False,0,1,0 days 01:00:00,2.60000000000149,False,25.0,56.2,1.5,2021-11-17 08:00:00+00:00,False,1.25643,1.25578,1,daily_mitigation_ob_caused_displacement;daily_mitigation_ob_caused_imbalance;daily_mitigation_ob_flip_zone;daily_mitigation_ob_has_inducement;daily_mitigation_ob_swept_liquidity;daily_mitigation_ob_swept_liquidity_fractal;daily_mitigation_ob_swept_liquidity_fvg;daily_mitigation_ob_swept_liquidity_internal;daily_mitigation_ob_swept_liquidity_previous_candle;daily_mitigation_ob_swept_liquidity_swing;daily_ob_target_caused_displacement;daily_ob_target_caused_imbalance;daily_ob_target_flip_zone;daily_ob_target_has_inducement;daily_ob_target_swept_liquidity;daily_ob_target_swept_liquidity_fractal;daily_ob_target_swept_liquidity_fvg;daily_ob_target_swept_liquidity_internal;daily_ob_target_swept_liquidity_previous_candle;daily_ob_target_swept_liquidity_swing;h1_mitigation_ob_flip_zone;h1_mitigation_ob_swept_liquidity_fractal;h1_mitigation_ob_swept_liquidity_fvg;h1_mitigation_ob_swept_liquidity_internal;h1_mitigation_ob_swept_liquidity_previous_candle;h1_mitigation_ob_swept_liquidity_swing;h1_ob_target_flip_zone;h1_ob_target_swept_liquidity_fractal;h1_ob_target_swept_liquidity_fvg;h1_ob_target_swept_liquidity_internal;h1_ob_target_swept_liquidity_previous_candle;h1_ob_target_swept_liquidity_swing;h4_mitigation_ob_caused_displacement;h4_mitigation_ob_caused_imbalance;h4_mitigation_ob_flip_zone;h4_mitigation_ob_has_inducement;h4_mitigation_ob_swept_liquidity;h4_mitigation_ob_swept_liquidity_fractal;h4_mitigation_ob_swept_liquidity_fvg;h4_mitigation_ob_swept_liquidity_internal;h4_mitigation_ob_swept_liquidity_previous_candle;h4_mitigation_ob_swept_liquidity_swing;h4_mitigation_ob_within_daily_ob;h4_ob_target_flip_zone;h4_ob_target_swept_liquidity;h4_ob_target_swept_liquidity_fvg;h4_ob_target_swept_liquidity_internal;h4_ob_target_swept_liquidity_swing
2021-11-22,Monday,ny,2021-11-22 12:00:00+00:00,2021-11-22 14:00:00+00:00,bearish,1.26345,1.2649299999999999,1.26123,1.2649299999999999,0.0014799999999999258,3.6177822364500427,loss,-1.0,sl,0.11486486486487298,-1.0,sl,False,0,2,0 days 02:00:00,32.90000000000015,False,25.0,56.2,1.5,2021-11-22 12:00:00+00:00,False,1.26473,1.26358,1,daily_mitigation_ob_flip_zone;daily_mitigation_ob_swept_liquidity;daily_mitigation_ob_swept_liquidity_fractal;daily_mitigation_ob_swept_liquidity_fvg;daily_mitigation_ob_swept_liquidity_internal;daily_mitigation_ob_swept_liquidity_swing;daily_ob_target_caused_displacement;daily_ob_target_caused_imbalance;daily_ob_target_flip_zone;daily_ob_target_has_inducement;daily_ob_target_swept_liquidity;daily_ob_target_swept_liquidity_fractal;daily_ob_target_swept_liquidity_fvg;daily_ob_target_swept_liquidity_internal;daily_ob_target_swept_liquidity_previous_candle;daily_ob_target_swept_liquidity_swing;h1_mitigation_ob_flip_zone;h1_mitigation_ob_swept_liquidity_fractal;h1_mitigation_ob_swept_liquidity_fvg;h1_mitigation_ob_swept_liquidity_internal;h1_mitigation_ob_swept_liquidity_previous_candle;h1_mitigation_ob_swept_liquidity_swing;h1_ob_target_flip_zone;h1_ob_target_swept_liquidity;h1_ob_target_swept_liquidity_internal;h1_ob_target_swept_liquidity_previous_candle;h1_ob_target_swept_liquidity_swing;h4_mitigation_ob_caused_displacement;h4_mitigation_ob_caused_imbalance;h4_mitigation_ob_flip_zone;h4_mitigation_ob_has_inducement;h4_mitigation_ob_swept_liquidity;h4_mitigation_ob_swept_liquidity_fractal;h4_mitigation_ob_swept_liquidity_fvg;h4_mitigation_ob_swept_liquidity_internal;h4_mitigation_ob_swept_liquidity_previous_candle;h4_mitigation_ob_swept_liquidity_swing;h4_mitigation_ob_within_daily_ob;h4_ob_target_flip_zone;h4_ob_target_swept_liquidity;h4_ob_target_swept_liquidity_internal;h4_ob_target_swept_liquidity_swing
2021-11-23,Tuesday,london,2021-11-23 07:00:00+00:00,2021-11-23 08:00:00+00:00,bearish,1.2715,1.27254,1.26994,1.27254,0.0010399999999999299,14.574873192584429,loss,-1.0,sl,0.0,-1.0,sl,False,0,1,0 days 01:00:00,16.00000000000046,False,25.0,56.2,1.5,2021-11-23 06:00:00+00:00,True,1.27234,1.27125,1,daily_mitigation_ob_flip_zone;daily_mitigation_ob_swept_liquidity_fractal;daily_mitigation_ob_swept_liquidity_fvg;daily_mitigation_ob_swept_liquidity_internal;daily_mitigation_ob_swept_liquidity_previous_candle;daily_mitigation_ob_swept_liquidity_swing;daily_ob_target_caused_displacement;daily_ob_target_caused_imbalance;daily_ob_target_flip_zone;daily_ob_target_has_inducement;daily_ob_target_swept_liquidity;daily_ob_target_swept_liquidity_fractal;daily_ob_target_swept_liquidity_fvg;daily_ob_target_swept_liquidity_internal;daily_ob_target_swept_liquidity_previous_candle;daily_ob_target_swept_liquidity_swing;h1_mitigation_ob_flip_zone;h1_mitigation_ob_swept_liquidity;h1_mitigation_ob_swept_liquidity_fractal;h1_mitigation_ob_swept_liquidity_fvg;h1_mitigation_ob_swept_liquidity_internal;h1_mitigation_ob_swept_liquidity_swing;h1_ob_target_flip_zone;h1_ob_target_swept_liquidity_fractal;h1_ob_target_swept_liquidity_fvg;h1_ob_target_swept_liquidity_internal;h1_ob_target_swept_liquidity_previous_candle;h1_ob_target_swept_liquidity_swing;h4_mitigation_ob_caused_displacement;h4_mitigation_ob_caused_imbalance;h4_mitigation_ob_flip_zone;h4_mitigation_ob_has_inducement;h4_mitigation_ob_swept_liquidity;h4_mitigation_ob_swept_liquidity_fractal;h4_mitigation_ob_swept_liquidity_fvg;h4_mitigation_ob_swept_liquidity_internal;h4_mitigation_ob_swept_liquidity_previous_candle;h4_mitigation_ob_swept_liquidity_swing;h4_mitigation_ob_within_daily_ob;h4_ob_target_caused_displacement;h4_ob_target_caused_imbalance;h4_ob_target_flip_zone;h4_ob_target_has_inducement;h4_ob_target_swept_liquidity;h4_ob_target_swept_liquidity_fractal;h4_ob_target_swept_liquidity_fvg;h4_ob_target_swept_liquidity_internal;h4_ob_target_swept_liquidity_previous_candle;h4_ob_target_swept_liquidity_swing;h4_ob_target_within_daily_ob
2021-11-24,Wednesday,ny,2021-11-24 14:00:00+00:00,2021-11-25 07:00:00+00:00,bearish,1.26915,1.27221,1.26456,1.26456,0.0030600000000000627,11.488090921160158,win,1.5,tp,1.6797385620914436,0.0,be_stop,True,2,17,0 days 17:00:00,14.300000000000423,False,25.0,56.2,1.5,2021-11-24 14:00:00+00:00,False,1.27201,1.27079,1,daily_mitigation_ob_caused_displacement;daily_mitigation_ob_caused_imbalance;daily_mitigation_ob_flip_zone;daily_mitigation_ob_has_inducement;daily_mitigation_ob_swept_liquidity;daily_mitigation_ob_swept_liquidity_fractal;daily_mitigation_ob_swept_liquidity_fvg;daily_mitigation_ob_swept_liquidity_internal;daily_mitigation_ob_swept_liquidity_previous_candle;daily_mitigation_ob_swept_liquidity_swing;daily_ob_target_flip_zone;daily_ob_target_swept_liquidity;daily_ob_target_swept_liquidity_fractal;daily_ob_target_swept_liquidity_internal;daily_ob_target_swept_liquidity_previous_candle;daily_ob_target_swept_liquidity_swing;h1_mitigation_ob_flip_zone;h1_mitigation_ob_swept_liquidity_fractal;h1_mitigation_ob_swept_liquidity_fvg;h1_mitigation_ob_swept_liquidity_internal;h1_mitigation_ob_swept_liquidity_previous_candle;h1_mitigation_ob_swept_liquidity_swing;h1_ob_target_flip_zone;h1_ob_target_swept_liquidity_fractal;h1_ob_target_swept_liquidity_fvg;h1_ob_target_swept_liquidity_internal;h1_ob_target_swept_liquidity_previous_candle;h1_ob_target_swept_liquidity_swing;h4_mitigation_ob_caused_displacement;h4_mitigation_ob_caused_imbalance;h4_mitigation_ob_flip_zone;h4_mitigation_ob_has_inducement;h4_mitigation_ob_swept_liquidity;h4_mitigation_ob_swept_liquidity_fractal;h4_mitigation_ob_swept_liquidity_fvg;h4_mitigation_ob_swept_liquidity_internal;h4_mitigation_ob_swept_liquidity_previous_candle;h4_mitigation_ob_swept_liquidity_swing;h4_mitigation_ob_within_daily_ob;h4_ob_target_flip_zone;h4_ob_target_swept_liquidity;h4_ob_target_swept_liquidity_fractal;h4_ob_target_swept_liquidity_fvg;h4_ob_target_swept_liquidity_internal;h4_ob_target_swept_liquidity_swing
2021-11-25,Thursday,london,2021-11-25 07:00:00+00:00,2021-11-25 09:00:00+00:00,bullish,1.26414,1.26338,1.2652800000000002,1.2652800000000002,0.0007600000000000939,8.820193300129636,win,1.5,tp,10.0,14.868421052629564,friday_close,True,1,2,0 days 02:00:00,0.0,False,25.0,56.2,1.5,2021-11-25 07:00:00+00:00,False,1.26473,1.26358,1,daily_mitigation_ob_caused_displacement;daily_mitigation_ob_caused_imbalance;daily_mitigation_ob_flip_zone;daily_mitigation_ob_has_inducement;daily_mitigation_ob_swept_liquidity;daily_mitigation_ob_swept_liquidity_fractal;daily_mitigation_ob_swept_liquidity_fvg;daily_mitigation_ob_swept_liquidity_internal;daily_mitigation_ob_swept_liquidity_previous_candle;daily_mitigation_ob_swept_liquidity_swing;daily_ob_target_caused_displacement;daily_ob_target_caused_imbalance;daily_ob_target_flip_zone;daily_ob_target_has_inducement;daily_ob_target_swept_liquidity;daily_ob_target_swept_liquidity_fractal;daily_ob_target_swept_liquidity_fvg;daily_ob_target_swept_liquidity_internal;daily_ob_target_swept_liquidity_previous_candle;daily_ob_target_swept_liquidity_swing;h1_mitigation_ob_flip_zone;h1_mitigation_ob_swept_liquidity;h1_mitigation_ob_swept_liquidity_fvg;h1_mitigation_ob_swept_liquidity_internal;h1_mitigation_ob_swept_liquidity_swing;h1_ob_target_flip_zone;h1_ob_target_swept_liquidity;h1_ob_target_swept_liquidity_fvg;h1_ob_target_swept_liquidity_internal;h1_ob_target_swept_liquidity_swing;h4_mitigation_ob_flip_zone;h4_mitigation_ob_swept_liquidity;h4_mitigation_ob_swept_liquidity_fractal;h4_mitigation_ob_swept_liquidity_fvg;h4_mitigation_ob_swept_liquidity_internal;h4_mitigation_ob_swept_liquidity_swing;h4_ob_target_flip_zone;h4_ob_target_swept_liquidity;h4_ob_target_swept_liquidity_fractal;h4_ob_target_swept_liquidity_fvg;h4_ob_target_swept_liquidity_internal;h4_ob_target_swept_liquidity_swing
2021-11-29,Monday,london,2021-11-29 07:00:00+00:00,2021-11-29 15:00:00+00:00,bearish,1.27338,1.2779,1.2666,1.2779,0.0045200000000000795,-8.618357400949584,loss,-1.0,sl,0.1283185840707997,-1.0,sl,False,0,8,0 days 08:00:00,14.000000000000679,False,25.0,56.2,1.5,2021-11-29 07:00:00+00:00,False,1.2777,1.27543,1,daily_mitigation_ob_caused_displacement;daily_mitigation_ob_caused_imbalance;daily_mitigation_ob_flip_zone;daily_mitigation_ob_has_inducement;daily_mitigation_ob_swept_liquidity;daily_mitigation_ob_swept_liquidity_fractal;daily_mitigation_ob_swept_liquidity_fvg;daily_mitigation_ob_swept_liquidity_internal;daily_mitigation_ob_swept_liquidity_previous_candle;daily_mitigation_ob_swept_liquidity_swing;daily_ob_target_flip_zone;daily_ob_target_swept_liquidity;daily_ob_target_swept_liquidity_fractal;daily_ob_target_swept_liquidity_fvg;daily_ob_target_swept_liquidity_internal;daily_ob_target_swept_liquidity_swing;h1_mitigation_ob_flip_zone;h1_mitigation_ob_swept_liquidity_fractal;h1_mitigation_ob_swept_liquidity_fvg;h1_mitigation_ob_swept_liquidity_internal;h1_mitigation_ob_swept_liquidity_previous_candle;h1_mitigation_ob_swept_liquidity_swing;h1_ob_target_flip_zone;h1_ob_target_swept_liquidity;h1_ob_target_swept_liquidity_fvg;h1_ob_target_swept_liquidity_internal;h1_ob_target_swept_liquidity_previous_candle;h1_ob_target_swept_liquidity_swing;h4_mitigation_ob_caused_displacement;h4_mitigation_ob_caused_imbalance;h4_mitigation_ob_flip_zone;h4_mitigation_ob_has_inducement;h4_mitigation_ob_swept_liquidity;h4_mitigation_ob_swept_liquidity_fractal;h4_mitigation_ob_swept_liquidity_fvg;h4_mitigation_ob_swept_liquidity_internal;h4_mitigation_ob_swept_liquidity_previous_candle;h4_mitigation_ob_swept_liquidity_swing;h4_mitigation_ob_within_daily_ob;h4_ob_target_flip_zone;h4_ob_target_swept_liquidity;h4_ob_target_swept_liquidity_fvg;h4_ob_target_swept_liquidity_internal;h4_ob_target_swept_liquidity_previous_candle;h4_ob_target_swept_liquidity_swing
2021-11-29,Monday,london,2021-11-29 09:00:00+00:00,2021-11-29 15:00:00+00:00,bearish,1.27441,1.2779,1.2691750000000002,1.2779,0.003489999999999993,-11.93538924409863,loss,-1.0,sl,0.46131805157596406,-1.0,sl,False,0,6,0 days 06:00:00,14.000000000000679,False,25.0,56.2,1.5,2021-11-29 09:00:00+00:00,False,1.2777,1.27543,2,daily_mitigation_ob_caused_displacement;daily_mitigation_ob_caused_imbalance;daily_mitigation_ob_flip_zone;daily_mitigation_ob_has_inducement;daily_mitigation_ob_swept_liquidity;daily_mitigation_ob_swept_liquidity_fractal;daily_mitigation_ob_swept_liquidity_fvg;daily_mitigation_ob_swept_liquidity_internal;daily_mitigation_ob_swept_liquidity_previous_candle;daily_mitigation_ob_swept_liquidity_swing;daily_ob_target_flip_zone;daily_ob_target_swept_liquidity;daily_ob_target_swept_liquidity_fractal;daily_ob_target_swept_liquidity_fvg;daily_ob_target_swept_liquidity_internal;daily_ob_target_swept_liquidity_swing;h1_mitigation_ob_flip_zone;h1_mitigation_ob_swept_liquidity_fractal;h1_mitigation_ob_swept_liquidity_fvg;h1_mitigation_ob_swept_liquidity_internal;h1_mitigation_ob_swept_liquidity_previous_candle;h1_mitigation_ob_swept_liquidity_swing;h1_ob_target_flip_zone;h1_ob_target_swept_liquidity;h1_ob_target_swept_liquidity_fvg;h1_ob_target_swept_liquidity_internal;h1_ob_target_swept_liquidity_previous_candle;h1_ob_target_swept_liquidity_swing;h4_mitigation_ob_caused_displacement;h4_mitigation_ob_caused_imbalance;h4_mitigation_ob_flip_zone;h4_mitigation_ob_has_inducement;h4_mitigation_ob_swept_liquidity;h4_mitigation_ob_swept_liquidity_fractal;h4_mitigation_ob_swept_liquidity_fvg;h4_mitigation_ob_swept_liquidity_internal;h4_mitigation_ob_swept_liquidity_previous_candle;h4_mitigation_ob_swept_liquidity_swing;h4_mitigation_ob_within_daily_ob;h4_ob_target_flip_zone;h4_ob_target_swept_liquidity;h4_ob_target_swept_liquidity_fvg;h4_ob_target_swept_liquidity_internal;h4_ob_target_swept_liquidity_previous_candle;h4_ob_target_swept_liquidity_swing
2021-11-30,Tuesday,ny,2021-11-30 12:00:00+00:00,2021-11-30 15:00:00+00:00,bullish,1.27774,1.27501,1.2818350000000003,1.2818350000000003,0.0027300000000001212,9.988373063854556,win,1.5,tp,2.1721611721610725,0.0,be_stop,True,1,3,0 days 03:00:00,6.00000000000156,False,25.0,56.2,1.5,2021-11-30 12:00:00+00:00,False,1.27697,1.27521,1,daily_mitigation_ob_caused_displacement;daily_mitigation_ob_caused_imbalance;daily_mitigation_ob_flip_zone;daily_mitigation_ob_has_inducement;daily_mitigation_ob_swept_liquidity;daily_mitigation_ob_swept_liquidity_fractal;daily_mitigation_ob_swept_liquidity_fvg;daily_mitigation_ob_swept_liquidity_internal;daily_mitigation_ob_swept_liquidity_previous_candle;daily_mitigation_ob_swept_liquidity_swing;daily_ob_target_caused_displacement;daily_ob_target_caused_imbalance;daily_ob_target_flip_zone;daily_ob_target_has_inducement;daily_ob_target_swept_liquidity;daily_ob_target_swept_liquidity_fractal;daily_ob_target_swept_liquidity_fvg;daily_ob_target_swept_liquidity_internal;daily_ob_target_swept_liquidity_previous_candle;daily_ob_target_swept_liquidity_swing;h1_mitigation_ob_flip_zone;h1_mitigation_ob_swept_liquidity;h1_mitigation_ob_swept_liquidity_fractal;h1_mitigation_ob_swept_liquidity_internal;h1_mitigation_ob_swept_liquidity_previous_candle;h1_mitigation_ob_swept_liquidity_swing;h1_ob_target_caused_displacement;h1_ob_target_caused_imbalance;h1_ob_target_flip_zone;h1_ob_target_has_inducement;h1_ob_target_swept_liquidity;h1_ob_target_swept_liquidity_fractal;h1_ob_target_swept_liquidity_fvg;h1_ob_target_swept_liquidity_internal;h1_ob_target_swept_liquidity_previous_candle;h1_ob_target_swept_liquidity_swing;h1_ob_target_within_h4_ob;h4_mitigation_ob_caused_displacement;h4_mitigation_ob_caused_imbalance;h4_mitigation_ob_flip_zone;h4_mitigation_ob_has_inducement;h4_mitigation_ob_swept_liquidity;h4_mitigation_ob_swept_liquidity_fractal;h4_mitigation_ob_swept_liquidity_fvg;h4_mitigation_ob_swept_liquidity_internal;h4_mitigation_ob_swept_liquidity_previous_candle;h4_mitigation_ob_swept_liquidity_swing;h4_mitigation_ob_within_daily_ob;h4_ob_target_caused_displacement;h4_ob_target_caused_imbalance;h4_ob_target_flip_zone;h4_ob_target_has_inducement;h4_ob_target_swept_liquidity;h4_ob_target_swept_liquidity_fractal;h4_ob_target_swept_liquidity_fvg;h4_ob_target_swept_liquidity_internal;h4_ob_target_swept_liquidity_previous_candle;h4_ob_target_swept_liquidity_swing;h4_ob_target_within_daily_ob
2021-12-01,Wednesday,london,2021-12-01 09:00:00+00:00,2021-12-01 19:00:00+00:00,bearish,1.27434,1.28352,1.26057,1.28057,0.009179999999999966,-5.676461152035945,loss,-0.6786492374727648,cut_19h,0.3376906318082913,-0.6786492374727648,cut_19h,False,1,10,0 days 10:00:00,0.0,False,25.0,56.2,1.5,2021-12-01 09:00:00+00:00,False,1.28332,1.27715,1,daily_mitigation_ob_caused_displacement;daily_mitigation_ob_caused_imbalance;daily_mitigation_ob_flip_zone;daily_mitigation_ob_has_inducement;daily_mitigation_ob_swept_liquidity;daily_mitigation_ob_swept_liquidity_fractal;daily_mitigation_ob_swept_liquidity_fvg;daily_mitigation_ob_swept_liquidity_internal;daily_mitigation_ob_swept_liquidity_previous_candle;daily_mitigation_ob_swept_liquidity_swing;daily_ob_target_flip_zone;daily_ob_target_swept_liquidity;daily_ob_target_swept_liquidity_fractal;daily_ob_target_swept_liquidity_fvg;daily_ob_target_swept_liquidity_internal;daily_ob_target_swept_liquidity_swing;h1_mitigation_ob_flip_zone;h1_mitigation_ob_swept_liquidity_fractal;h1_mitigation_ob_swept_liquidity_fvg;h1_mitigation_ob_swept_liquidity_internal;h1_mitigation_ob_swept_liquidity_previous_candle;h1_mitigation_ob_swept_liquidity_swing;h1_ob_target_flip_zone;h1_ob_target_swept_liquidity;h1_ob_target_swept_liquidity_fvg;h1_ob_target_swept_liquidity_internal;h1_ob_target_swept_liquidity_previous_candle;h1_ob_target_swept_liquidity_swing;h4_mitigation_ob_caused_displacement;h4_mitigation_ob_caused_imbalance;h4_mitigation_ob_flip_zone;h4_mitigation_ob_has_inducement;h4_mitigation_ob_swept_liquidity;h4_mitigation_ob_swept_liquidity_fractal;h4_mitigation_ob_swept_liquidity_fvg;h4_mitigation_ob_swept_liquidity_internal;h4_mitigation_ob_swept_liquidity_previous_candle;h4_mitigation_ob_swept_liquidity_swing;h4_mitigation_ob_within_daily_ob;h4_ob_target_flip_zone;h4_ob_target_swept_liquidity;h4_ob_target_swept_liquidity_fvg;h4_ob_target_swept_liquidity_internal;h4_ob_target_swept_liquidity_previous_candle;h4_ob_target_swept_liquidity_swing
2021-12-02,Thursday,london,2021-12-02 09:00:00+00:00,2021-12-02 12:00:00+00:00,bearish,1.27832,1.2813999999999999,1.2736999999999998,1.2813999999999999,0.0030799999999999716,-3.414902340566673,loss,-1.0,sl,0.038961038961006195,-1.0,sl,False,0,3,0 days 03:00:00,14.800000000001479,False,25.0,56.2,1.5,2021-12-02 09:00:00+00:00,False,1.2812,1.27998,1,daily_mitigation_ob_caused_displacement;daily_mitigation_ob_caused_imbalance;daily_mitigation_ob_flip_zone;daily_mitigation_ob_has_inducement;daily_mitigation_ob_swept_liquidity;daily_mitigation_ob_swept_liquidity_fractal;daily_mitigation_ob_swept_liquidity_fvg;daily_mitigation_ob_swept_liquidity_internal;daily_mitigation_ob_swept_liquidity_previous_candle;daily_mitigation_ob_swept_liquidity_swing;daily_ob_target_flip_zone;daily_ob_target_swept_liquidity_fractal;daily_ob_target_swept_liquidity_fvg;daily_ob_target_swept_liquidity_internal;daily_ob_target_swept_liquidity_previous_candle;daily_ob_target_swept_liquidity_swing;h1_mitigation_ob_flip_zone;h1_mitigation_ob_swept_liquidity;h1_mitigation_ob_swept_liquidity_fractal;h1_mitigation_ob_swept_liquidity_fvg;h1_mitigation_ob_swept_liquidity_internal;h1_mitigation_ob_swept_liquidity_swing;h1_ob_target_flip_zone;h1_ob_target_swept_liquidity;h1_ob_target_swept_liquidity_fractal;h1_ob_target_swept_liquidity_fvg;h1_ob_target_swept_liquidity_internal;h1_ob_target_swept_liquidity_swing;h4_mitigation_ob_caused_displacement;h4_mitigation_ob_caused_imbalance;h4_mitigation_ob_flip_zone;h4_mitigation_ob_has_inducement;h4_mitigation_ob_swept_liquidity;h4_mitigation_ob_swept_liquidity_fractal;h4_mitigation_ob_swept_liquidity_fvg;h4_mitigation_ob_swept_liquidity_internal;h4_mitigation_ob_swept_liquidity_previous_candle;h4_mitigation_ob_swept_liquidity_swing;h4_mitigation_ob_within_daily_ob;h4_ob_target_flip_zone;h4_ob_target_swept_liquidity;h4_ob_target_swept_liquidity_fvg;h4_ob_target_swept_liquidity_internal;h4_ob_target_swept_liquidity_previous_candle;h4_ob_target_swept_liquidity_swing
2021-12-10,Friday,ny,2021-12-10 13:00:00+00:00,2021-12-10 14:00:00+00:00,bearish,1.26938,1.27246,1.2647599999999999,1.27246,0.0030799999999999716,20.385502744144418,loss,-1.0,sl,0.13636363636359378,-1.0,sl,False,0,1,0 days 01:00:00,14.300000000000423,False,25.0,56.2,1.5,2021-12-10 13:00:00+00:00,False,1.27226,1.27129,1,daily_mitigation_ob_caused_displacement;daily_mitigation_ob_caused_imbalance;daily_mitigation_ob_flip_zone;daily_mitigation_ob_has_inducement;daily_mitigation_ob_swept_liquidity;daily_mitigation_ob_swept_liquidity_fractal;daily_mitigation_ob_swept_liquidity_fvg;daily_mitigation_ob_swept_liquidity_internal;daily_mitigation_ob_swept_liquidity_previous_candle;daily_mitigation_ob_swept_liquidity_swing;daily_ob_target_flip_zone;daily_ob_target_swept_liquidity;daily_ob_target_swept_liquidity_fractal;daily_ob_target_swept_liquidity_internal;daily_ob_target_swept_liquidity_previous_candle;daily_ob_target_swept_liquidity_swing;h1_mitigation_ob_flip_zone;h1_mitigation_ob_swept_liquidity;h1_mitigation_ob_swept_liquidity_fractal;h1_mitigation_ob_swept_liquidity_fvg;h1_mitigation_ob_swept_liquidity_internal;h1_mitigation_ob_swept_liquidity_swing;h1_ob_target_flip_zone;h1_ob_target_swept_liquidity;h1_ob_target_swept_liquidity_fractal;h1_ob_target_swept_liquidity_fvg;h1_ob_target_swept_liquidity_internal;h1_ob_target_swept_liquidity_swing;h4_mitigation_ob_caused_displacement;h4_mitigation_ob_caused_imbalance;h4_mitigation_ob_flip_zone;h4_mitigation_ob_has_inducement;h4_mitigation_ob_swept_liquidity;h4_mitigation_ob_swept_liquidity_fractal;h4_mitigation_ob_swept_liquidity_fvg;h4_mitigation_ob_swept_liquidity_internal;h4_mitigation_ob_swept_liquidity_previous_candle;h4_mitigation_ob_swept_liquidity_swing;h4_mitigation_ob_within_daily_ob;h4_ob_target_flip_zone;h4_ob_target_swept_liquidity_fractal;h4_ob_target_swept_liquidity_fvg;h4_ob_target_swept_liquidity_internal;h4_ob_target_swept_liquidity_previous_candle;h4_ob_target_swept_liquidity_swing
2021-12-17,Friday,london,2021-12-17 07:00:00+00:00,2021-12-17 11:00:00+00:00,bullish,1.27898,1.27759,1.281065,1.281065,0.0013900000000000023,13.627259106106424,win,1.5,tp,5.517985611510829,5.453237410071876,friday_close,False,0,4,0 days 04:00:00,0.0,False,25.0,56.2,1.5,2021-12-17 07:00:00+00:00,False,1.27906,1.27779,1,daily_mitigation_ob_caused_displacement;daily_mitigation_ob_caused_imbalance;daily_mitigation_ob_flip_zone;daily_mitigation_ob_has_inducement;daily_mitigation_ob_swept_liquidity;daily_mitigation_ob_swept_liquidity_fractal;daily_mitigation_ob_swept_liquidity_fvg;daily_mitigation_ob_swept_liquidity_internal;daily_mitigation_ob_swept_liquidity_previous_candle;daily_mitigation_ob_swept_liquidity_swing;daily_ob_target_caused_displacement;daily_ob_target_caused_imbalance;daily_ob_target_flip_zone;daily_ob_target_has_inducement;daily_ob_target_swept_liquidity;daily_ob_target_swept_liquidity_fractal;daily_ob_target_swept_liquidity_fvg;daily_ob_target_swept_liquidity_internal;daily_ob_target_swept_liquidity_previous_candle;daily_ob_target_swept_liquidity_swing;h1_mitigation_ob_flip_zone;h1_mitigation_ob_swept_liquidity_fractal;h1_mitigation_ob_swept_liquidity_fvg;h1_mitigation_ob_swept_liquidity_internal;h1_mitigation_ob_swept_liquidity_previous_candle;h1_mitigation_ob_swept_liquidity_swing;h1_ob_target_flip_zone;h1_ob_target_swept_liquidity;h1_ob_target_swept_liquidity_fractal;h1_ob_target_swept_liquidity_fvg;h1_ob_target_swept_liquidity_internal;h1_ob_target_swept_liquidity_swing;h4_mitigation_ob_caused_displacement;h4_mitigation_ob_caused_imbalance;h4_mitigation_ob_flip_zone;h4_mitigation_ob_has_inducement;h4_mitigation_ob_swept_liquidity;h4_mitigation_ob_swept_liquidity_fractal;h4_mitigation_ob_swept_liquidity_fvg;h4_mitigation_ob_swept_liquidity_internal;h4_mitigation_ob_swept_liquidity_previous_candle;h4_mitigation_ob_swept_liquidity_swing;h4_mitigation_ob_within_daily_ob;h4_ob_target_caused_displacement;h4_ob_target_caused_imbalance;h4_ob_target_flip_zone;h4_ob_target_has_inducement;h4_ob_target_swept_liquidity;h4_ob_target_swept_liquidity_fractal;h4_ob_target_swept_liquidity_fvg;h4_ob_target_swept_liquidity_internal;h4_ob_target_swept_liquidity_previous_candle;h4_ob_target_swept_liquidity_swing;h4_ob_target_within_daily_ob
2021-12-20,Monday,london,2021-12-20 07:00:00+00:00,2021-12-20 15:00:00+00:00,bullish,1.29179,1.28905,1.2959,1.2959,0.0027399999999999647,10.46725968377319,win,1.5,tp,1.6569343065693602,0.0,be_stop,True,1,8,0 days 08:00:00,4.8000000000003595,False,25.0,56.2,1.5,2021-12-20 06:00:00+00:00,True,1.29051,1.28925,1,daily_mitigation_ob_caused_displacement;daily_mitigation_ob_caused_imbalance;daily_mitigation_ob_flip_zone;daily_mitigation_ob_has_inducement;daily_mitigation_ob_swept_liquidity;daily_mitigation_ob_swept_liquidity_fractal;daily_mitigation_ob_swept_liquidity_fvg;daily_mitigation_ob_swept_liquidity_internal;daily_mitigation_ob_swept_liquidity_previous_candle;daily_mitigation_ob_swept_liquidity_swing;daily_ob_target_flip_zone;daily_ob_target_swept_liquidity;daily_ob_target_swept_liquidity_fractal;daily_ob_target_swept_liquidity_fvg;daily_ob_target_swept_liquidity_internal;daily_ob_target_swept_liquidity_swing;h1_mitigation_ob_flip_zone;h1_mitigation_ob_swept_liquidity_fractal;h1_mitigation_ob_swept_liquidity_fvg;h1_mitigation_ob_swept_liquidity_internal;h1_mitigation_ob_swept_liquidity_previous_candle;h1_mitigation_ob_swept_liquidity_swing;h1_ob_target_flip_zone;h1_ob_target_swept_liquidity;h1_ob_target_swept_liquidity_fractal;h1_ob_target_swept_liquidity_fvg;h1_ob_target_swept_liquidity_internal;h1_ob_target_swept_liquidity_swing;h4_mitigation_ob_caused_displacement;h4_mitigation_ob_caused_imbalance;h4_mitigation_ob_flip_zone;h4_mitigation_ob_has_inducement;h4_mitigation_ob_swept_liquidity;h4_mitigation_ob_swept_liquidity_fractal;h4_mitigation_ob_swept_liquidity_fvg;h4_mitigation_ob_swept_liquidity_internal;h4_mitigation_ob_swept_liquidity_previous_candle;h4_mitigation_ob_swept_liquidity_swing;h4_mitigation_ob_within_daily_ob;h4_ob_target_flip_zone;h4_ob_target_swept_liquidity;h4_ob_target_swept_liquidity_fvg;h4_ob_target_swept_liquidity_internal;h4_ob_target_swept_liquidity_previous_candle;h4_ob_target_swept_liquidity_swing
2021-12-22,Wednesday,ny,2021-12-22 13:00:00+00:00,2021-12-22 14:00:00+00:00,bearish,1.29101,1.29203,1.28948,1.28948,0.0010200000000000209,-5.070780839516371,win,1.5,tp,10.0,9.75490196078402,friday_close,True,2,1,0 days 01:00:00,0.0,False,25.0,56.2,1.5,2021-12-22 13:00:00+00:00,False,1.29183,1.2908,1,daily_mitigation_ob_caused_displacement;daily_mitigation_ob_caused_imbalance;daily_mitigation_ob_flip_zone;daily_mitigation_ob_has_inducement;daily_mitigation_ob_swept_liquidity;daily_mitigation_ob_swept_liquidity_fractal;daily_mitigation_ob_swept_liquidity_fvg;daily_mitigation_ob_swept_liquidity_internal;daily_mitigation_ob_swept_liquidity_previous_candle;daily_mitigation_ob_swept_liquidity_swing;daily_ob_target_caused_displacement;daily_ob_target_caused_imbalance;daily_ob_target_flip_zone;daily_ob_target_has_inducement;daily_ob_target_swept_liquidity;daily_ob_target_swept_liquidity_fractal;daily_ob_target_swept_liquidity_fvg;daily_ob_target_swept_liquidity_internal;daily_ob_target_swept_liquidity_previous_candle;daily_ob_target_swept_liquidity_swing;h1_mitigation_ob_flip_zone;h1_mitigation_ob_swept_liquidity_fractal;h1_mitigation_ob_swept_liquidity_fvg;h1_mitigation_ob_swept_liquidity_internal;h1_mitigation_ob_swept_liquidity_previous_candle;h1_mitigation_ob_swept_liquidity_swing;h1_ob_target_flip_zone;h1_ob_target_swept_liquidity_fractal;h1_ob_target_swept_liquidity_fvg;h1_ob_target_swept_liquidity_internal;h1_ob_target_swept_liquidity_previous_candle;h1_ob_target_swept_liquidity_swing;h4_mitigation_ob_caused_displacement;h4_mitigation_ob_caused_imbalance;h4_mitigation_ob_flip_zone;h4_mitigation_ob_has_inducement;h4_mitigation_ob_swept_liquidity;h4_mitigation_ob_swept_liquidity_fractal;h4_mitigation_ob_swept_liquidity_fvg;h4_mitigation_ob_swept_liquidity_internal;h4_mitigation_ob_swept_liquidity_previous_candle;h4_mitigation_ob_swept_liquidity_swing;h4_mitigation_ob_within_daily_ob;h4_ob_target_flip_zone;h4_ob_target_swept_liquidity_fractal;h4_ob_target_swept_liquidity_fvg;h4_ob_target_swept_liquidity_internal;h4_ob_target_swept_liquidity_previous_candle;h4_ob_target_swept_liquidity_swing
2021-12-23,Thursday,ny,2021-12-23 14:00:00+00:00,2021-12-23 15:00:00+00:00,bearish,1.28322,1.28422,1.2817200000000002,1.2817200000000002,0.0009999999999998899,2.4472108726009614,win,1.5,tp,3.4600000000003996,0.0,be_stop,True,1,1,0 days 01:00:00,2.100000000000435,False,25.0,56.2,1.5,2021-12-23 14:00:00+00:00,False,1.28402,1.28336,1,daily_mitigation_ob_caused_displacement;daily_mitigation_ob_caused_imbalance;daily_mitigation_ob_flip_zone;daily_mitigation_ob_has_inducement;daily_mitigation_ob_swept_liquidity;daily_mitigation_ob_swept_liquidity_fractal;daily_mitigation_ob_swept_liquidity_fvg;daily_mitigation_ob_swept_liquidity_internal;daily_mitigation_ob_swept_liquidity_previous_candle;daily_mitigation_ob_swept_liquidity_swing;daily_ob_target_caused_displacement;daily_ob_target_caused_imbalance;daily_ob_target_flip_zone;daily_ob_target_has_inducement;daily_ob_target_swept_liquidity;daily_ob_target_swept_liquidity_fractal;daily_ob_target_swept_liquidity_fvg;daily_ob_target_swept_liquidity_internal;daily_ob_target_swept_liquidity_previous_candle;daily_ob_target_swept_liquidity_swing;h1_mitigation_ob_flip_zone;h1_mitigation_ob_swept_liquidity_fractal;h1_mitigation_ob_swept_liquidity_fvg;h1_mitigation_ob_swept_liquidity_internal;h1_mitigation_ob_swept_liquidity_previous_candle;h1_mitigation_ob_swept_liquidity_swing;h1_ob_target_flip_zone;h1_ob_target_swept_liquidity_fractal;h1_ob_target_swept_liquidity_fvg;h1_ob_target_swept_liquidity_internal;h1_ob_target_swept_liquidity_previous_candle;h1_ob_target_swept_liquidity_swing;h4_mitigation_ob_caused_displacement;h4_mitigation_ob_caused_imbalance;h4_mitigation_ob_flip_zone;h4_mitigation_ob_has_inducement;h4_mitigation_ob_swept_liquidity;h4_mitigation_ob_swept_liquidity_fractal;h4_mitigation_ob_swept_liquidity_fvg;h4_mitigation_ob_swept_liquidity_internal;h4_mitigation_ob_swept_liquidity_previous_candle;h4_mitigation_ob_swept_liquidity_swing;h4_mitigation_ob_within_daily_ob;h4_ob_target_caused_displacement;h4_ob_target_caused_imbalance;h4_ob_target_flip_zone;h4_ob_target_has_inducement;h4_ob_target_swept_liquidity;h4_ob_target_swept_liquidity_fractal;h4_ob_target_swept_liquidity_fvg;h4_ob_target_swept_liquidity_internal;h4_ob_target_swept_liquidity_previous_candle;h4_ob_target_swept_liquidity_swing;h4_ob_target_within_daily_ob
2021-12-24,Friday,ny,2021-12-24 12:00:00+00:00,2021-12-24 19:00:00+00:00,bullish,1.28121,1.27612,1.288845,1.28106,0.005090000000000039,33.89064792196218,loss,-0.02946954813357,friday_close,0.1787819253438034,-0.02946954813357,friday_close,False,0,7,0 days 07:00:00,0.0,True,25.0,56.2,1.5,2021-12-24 11:00:00+00:00,True,1.27969,1.27632,1,daily_mitigation_ob_caused_displacement;daily_mitigation_ob_caused_imbalance;daily_mitigation_ob_flip_zone;daily_mitigation_ob_has_inducement;daily_mitigation_ob_swept_liquidity;daily_mitigation_ob_swept_liquidity_fractal;daily_mitigation_ob_swept_liquidity_fvg;daily_mitigation_ob_swept_liquidity_internal;daily_mitigation_ob_swept_liquidity_previous_candle;daily_mitigation_ob_swept_liquidity_swing;daily_ob_target_flip_zone;daily_ob_target_swept_liquidity;daily_ob_target_swept_liquidity_fractal;daily_ob_target_swept_liquidity_fvg;daily_ob_target_swept_liquidity_internal;daily_ob_target_swept_liquidity_swing;h1_mitigation_ob_flip_zone;h1_mitigation_ob_swept_liquidity;h1_mitigation_ob_swept_liquidity_fractal;h1_mitigation_ob_swept_liquidity_fvg;h1_mitigation_ob_swept_liquidity_internal;h1_mitigation_ob_swept_liquidity_swing;h1_ob_target_flip_zone;h1_ob_target_swept_liquidity;h1_ob_target_swept_liquidity_fractal;h1_ob_target_swept_liquidity_fvg;h1_ob_target_swept_liquidity_internal;h1_ob_target_swept_liquidity_swing;h4_mitigation_ob_caused_displacement;h4_mitigation_ob_caused_imbalance;h4_mitigation_ob_flip_zone;h4_mitigation_ob_has_inducement;h4_mitigation_ob_swept_liquidity;h4_mitigation_ob_swept_liquidity_fractal;h4_mitigation_ob_swept_liquidity_fvg;h4_mitigation_ob_swept_liquidity_internal;h4_mitigation_ob_swept_liquidity_previous_candle;h4_mitigation_ob_swept_liquidity_swing;h4_mitigation_ob_within_daily_ob;h4_ob_target_flip_zone;h4_ob_target_swept_liquidity;h4_ob_target_swept_liquidity_fvg;h4_ob_target_swept_liquidity_internal;h4_ob_target_swept_liquidity_previous_candle;h4_ob_target_swept_liquidity_swing
2021-12-27,Monday,london,2021-12-27 07:00:00+00:00,2021-12-27 09:00:00+00:00,bearish,1.28185,1.28305,1.2800499999999997,1.28305,0.0012000000000000899,22.77884041515965,loss,-1.0,sl,0.1916666666666127,-1.0,sl,False,0,2,0 days 02:00:00,1.40000000000029,False,25.0,56.2,1.5,2021-12-27 07:00:00+00:00,False,1.28285,1.2822,2,daily_mitigation_ob_caused_displacement;daily_mitigation_ob_caused_imbalance;daily_mitigation_ob_flip_zone;daily_mitigation_ob_has_inducement;daily_mitigation_ob_swept_liquidity;daily_mitigation_ob_swept_liquidity_fractal;daily_mitigation_ob_swept_liquidity_fvg;daily_mitigation_ob_swept_liquidity_internal;daily_mitigation_ob_swept_liquidity_previous_candle;daily_mitigation_ob_swept_liquidity_swing;daily_ob_target_caused_displacement;daily_ob_target_caused_imbalance;daily_ob_target_flip_zone;daily_ob_target_has_inducement;daily_ob_target_swept_liquidity;daily_ob_target_swept_liquidity_fractal;daily_ob_target_swept_liquidity_fvg;daily_ob_target_swept_liquidity_internal;daily_ob_target_swept_liquidity_previous_candle;daily_ob_target_swept_liquidity_swing;h1_mitigation_ob_flip_zone;h1_mitigation_ob_swept_liquidity;h1_mitigation_ob_swept_liquidity_fractal;h1_mitigation_ob_swept_liquidity_fvg;h1_mitigation_ob_swept_liquidity_internal;h1_mitigation_ob_swept_liquidity_swing;h1_ob_target_caused_displacement;h1_ob_target_caused_imbalance;h1_ob_target_flip_zone;h1_ob_target_has_inducement;h1_ob_target_swept_liquidity;h1_ob_target_swept_liquidity_fractal;h1_ob_target_swept_liquidity_fvg;h1_ob_target_swept_liquidity_internal;h1_ob_target_swept_liquidity_previous_candle;h1_ob_target_swept_liquidity_swing;h1_ob_target_within_h4_ob;h4_mitigation_ob_caused_displacement;h4_mitigation_ob_caused_imbalance;h4_mitigation_ob_flip_zone;h4_mitigation_ob_has_inducement;h4_mitigation_ob_swept_liquidity;h4_mitigation_ob_swept_liquidity_fractal;h4_mitigation_ob_swept_liquidity_fvg;h4_mitigation_ob_swept_liquidity_internal;h4_mitigation_ob_swept_liquidity_previous_candle;h4_mitigation_ob_swept_liquidity_swing;h4_mitigation_ob_within_daily_ob;h4_ob_target_caused_displacement;h4_ob_target_caused_imbalance;h4_ob_target_flip_zone;h4_ob_target_has_inducement;h4_ob_target_swept_liquidity;h4_ob_target_swept_liquidity_fractal;h4_ob_target_swept_liquidity_fvg;h4_ob_target_swept_liquidity_internal;h4_ob_target_swept_liquidity_previous_candle;h4_ob_target_swept_liquidity_swing;h4_ob_target_within_daily_ob
2021-12-30,Thursday,london,2021-12-30 07:00:00+00:00,2021-12-30 11:00:00+00:00,bearish,1.28018,1.28148,1.2782300000000002,1.2782300000000002,0.0012999999999998568,-1.8840633949697434,win,1.5,tp,10.0,12.92307692307846,friday_close,True,1,4,0 days 04:00:00,0.0,False,25.0,56.2,1.5,2021-12-30 06:00:00+00:00,True,1.28128,1.28016,1,daily_mitigation_ob_caused_displacement;daily_mitigation_ob_caused_imbalance;daily_mitigation_ob_flip_zone;daily_mitigation_ob_has_inducement;daily_mitigation_ob_swept_liquidity;daily_mitigation_ob_swept_liquidity_fractal;daily_mitigation_ob_swept_liquidity_fvg;daily_mitigation_ob_swept_liquidity_internal;daily_mitigation_ob_swept_liquidity_previous_candle;daily_mitigation_ob_swept_liquidity_swing;daily_ob_target_flip_zone;daily_ob_target_swept_liquidity;daily_ob_target_swept_liquidity_fractal;daily_ob_target_swept_liquidity_internal;daily_ob_target_swept_liquidity_previous_candle;daily_ob_target_swept_liquidity_swing;h1_mitigation_ob_flip_zone;h1_mitigation_ob_swept_liquidity_fractal;h1_mitigation_ob_swept_liquidity_fvg;h1_mitigation_ob_swept_liquidity_internal;h1_mitigation_ob_swept_liquidity_previous_candle;h1_mitigation_ob_swept_liquidity_swing;h1_ob_target_caused_displacement;h1_ob_target_caused_imbalance;h1_ob_target_flip_zone;h1_ob_target_has_inducement;h1_ob_target_swept_liquidity;h1_ob_target_swept_liquidity_fractal;h1_ob_target_swept_liquidity_fvg;h1_ob_target_swept_liquidity_internal;h1_ob_target_swept_liquidity_previous_candle;h1_ob_target_swept_liquidity_swing;h1_ob_target_within_h4_ob;h4_mitigation_ob_caused_displacement;h4_mitigation_ob_caused_imbalance;h4_mitigation_ob_flip_zone;h4_mitigation_ob_has_inducement;h4_mitigation_ob_swept_liquidity;h4_mitigation_ob_swept_liquidity_fractal;h4_mitigation_ob_swept_liquidity_fvg;h4_mitigation_ob_swept_liquidity_internal;h4_mitigation_ob_swept_liquidity_previous_candle;h4_mitigation_ob_swept_liquidity_swing;h4_mitigation_ob_within_daily_ob;h4_ob_target_flip_zone;h4_ob_target_swept_liquidity_fractal;h4_ob_target_swept_liquidity_fvg;h4_ob_target_swept_liquidity_internal;h4_ob_target_swept_liquidity_previous_candle;h4_ob_target_swept_liquidity_swing
2021-12-31,Friday,london,2021-12-31 07:00:00+00:00,2021-12-31 12:00:00+00:00,bullish,1.27329,1.27135,1.2762000000000002,1.27135,0.0019400000000000528,11.857023448233882,loss,-1.0,sl,0.4742268041237149,-1.0,sl,False,0,5,0 days 05:00:00,3.8000000000004697,False,25.0,56.2,1.5,2021-12-31 07:00:00+00:00,False,1.27232,1.27155,1,daily_mitigation_ob_flip_zone;daily_mitigation_ob_swept_liquidity;daily_mitigation_ob_swept_liquidity_fractal;daily_mitigation_ob_swept_liquidity_internal;daily_mitigation_ob_swept_liquidity_previous_candle;daily_mitigation_ob_swept_liquidity_swing;daily_ob_target_flip_zone;daily_ob_target_swept_liquidity;daily_ob_target_swept_liquidity_fractal;daily_ob_target_swept_liquidity_fvg;daily_ob_target_swept_liquidity_internal;daily_ob_target_swept_liquidity_swing;h1_mitigation_ob_flip_zone;h1_mitigation_ob_swept_liquidity_fractal;h1_mitigation_ob_swept_liquidity_fvg;h1_mitigation_ob_swept_liquidity_internal;h1_mitigation_ob_swept_liquidity_previous_candle;h1_mitigation_ob_swept_liquidity_swing;h1_ob_target_flip_zone;h1_ob_target_swept_liquidity;h1_ob_target_swept_liquidity_fractal;h1_ob_target_swept_liquidity_internal;h1_ob_target_swept_liquidity_previous_candle;h1_ob_target_swept_liquidity_swing;h4_mitigation_ob_flip_zone;h4_mitigation_ob_swept_liquidity_fractal;h4_mitigation_ob_swept_liquidity_fvg;h4_mitigation_ob_swept_liquidity_internal;h4_mitigation_ob_swept_liquidity_previous_candle;h4_mitigation_ob_swept_liquidity_swing;h4_ob_target_flip_zone;h4_ob_target_swept_liquidity_fractal;h4_ob_target_swept_liquidity_fvg;h4_ob_target_swept_liquidity_internal;h4_ob_target_swept_liquidity_previous_candle;h4_ob_target_swept_liquidity_swing
2021-12-31,Friday,ny,2021-12-31 12:00:00+00:00,2021-12-31 14:00:00+00:00,bearish,1.27169,1.2737,1.268675,1.268675,0.0020100000000000673,6.64197826409639,win,1.5,tp,4.8159203980097445,4.134328358208837,friday_close,False,0,2,0 days 02:00:00,0.0,False,25.0,56.2,1.5,2021-12-31 11:00:00+00:00,True,1.2735,1.27259,1,daily_mitigation_ob_caused_displacement;daily_mitigation_ob_caused_imbalance;daily_mitigation_ob_flip_zone;daily_mitigation_ob_has_inducement;daily_mitigation_ob_swept_liquidity;daily_mitigation_ob_swept_liquidity_fractal;daily_mitigation_ob_swept_liquidity_fvg;daily_mitigation_ob_swept_liquidity_internal;daily_mitigation_ob_swept_liquidity_previous_candle;daily_mitigation_ob_swept_liquidity_swing;daily_ob_target_caused_displacement;daily_ob_target_caused_imbalance;daily_ob_target_flip_zone;daily_ob_target_has_inducement;daily_ob_target_swept_liquidity;daily_ob_target_swept_liquidity_fractal;daily_ob_target_swept_liquidity_fvg;daily_ob_target_swept_liquidity_internal;daily_ob_target_swept_liquidity_previous_candle;daily_ob_target_swept_liquidity_swing;h1_mitigation_ob_flip_zone;h1_mitigation_ob_swept_liquidity_fractal;h1_mitigation_ob_swept_liquidity_fvg;h1_mitigation_ob_swept_liquidity_internal;h1_mitigation_ob_swept_liquidity_previous_candle;h1_mitigation_ob_swept_liquidity_swing;h1_ob_target_flip_zone;h1_ob_target_swept_liquidity;h1_ob_target_swept_liquidity_fractal;h1_ob_target_swept_liquidity_fvg;h1_ob_target_swept_liquidity_internal;h1_ob_target_swept_liquidity_swing;h4_mitigation_ob_caused_displacement;h4_mitigation_ob_caused_imbalance;h4_mitigation_ob_flip_zone;h4_mitigation_ob_has_inducement;h4_mitigation_ob_swept_liquidity;h4_mitigation_ob_swept_liquidity_fractal;h4_mitigation_ob_swept_liquidity_fvg;h4_mitigation_ob_swept_liquidity_internal;h4_mitigation_ob_swept_liquidity_previous_candle;h4_mitigation_ob_swept_liquidity_swing;h4_mitigation_ob_within_daily_ob;h4_ob_target_flip_zone;h4_ob_target_swept_liquidity_fractal;h4_ob_target_swept_liquidity_fvg;h4_ob_target_swept_liquidity_internal;h4_ob_target_swept_liquidity_previous_candle;h4_ob_target_swept_liquidity_swing
2021-12-31,Friday,ny,2021-12-31 13:00:00+00:00,2021-12-31 15:00:00+00:00,bearish,1.2704,1.27506,1.26341,1.26341,0.0046600000000001085,17.301332520440052,win,1.5,tp,1.8004291845492923,1.5064377682403138,friday_close,False,0,2,0 days 02:00:00,0.0,False,25.0,56.2,1.5,2021-12-31 13:00:00+00:00,False,1.27486,1.27394,1,daily_mitigation_ob_caused_displacement;daily_mitigation_ob_caused_imbalance;daily_mitigation_ob_flip_zone;daily_mitigation_ob_has_inducement;daily_mitigation_ob_swept_liquidity;daily_mitigation_ob_swept_liquidity_fractal;daily_mitigation_ob_swept_liquidity_fvg;daily_mitigation_ob_swept_liquidity_internal;daily_mitigation_ob_swept_liquidity_previous_candle;daily_mitigation_ob_swept_liquidity_swing;daily_ob_target_flip_zone;daily_ob_target_swept_liquidity;daily_ob_target_swept_liquidity_fractal;daily_ob_target_swept_liquidity_internal;daily_ob_target_swept_liquidity_previous_candle;daily_ob_target_swept_liquidity_swing;h1_mitigation_ob_flip_zone;h1_mitigation_ob_swept_liquidity;h1_mitigation_ob_swept_liquidity_fractal;h1_mitigation_ob_swept_liquidity_internal;h1_mitigation_ob_swept_liquidity_previous_candle;h1_mitigation_ob_swept_liquidity_swing;h1_ob_target_flip_zone;h1_ob_target_swept_liquidity;h1_ob_target_swept_liquidity_fractal;h1_ob_target_swept_liquidity_fvg;h1_ob_target_swept_liquidity_internal;h1_ob_target_swept_liquidity_swing;h4_mitigation_ob_caused_displacement;h4_mitigation_ob_caused_imbalance;h4_mitigation_ob_flip_zone;h4_mitigation_ob_has_inducement;h4_mitigation_ob_swept_liquidity;h4_mitigation_ob_swept_liquidity_fractal;h4_mitigation_ob_swept_liquidity_fvg;h4_mitigation_ob_swept_liquidity_internal;h4_mitigation_ob_swept_liquidity_previous_candle;h4_mitigation_ob_swept_liquidity_swing;h4_mitigation_ob_within_daily_ob;h4_ob_target_flip_zone;h4_ob_target_swept_liquidity_fractal;h4_ob_target_swept_liquidity_fvg;h4_ob_target_swept_liquidity_internal;h4_ob_target_swept_liquidity_previous_candle;h4_ob_target_swept_liquidity_swing
